{"corpusName":"oup","author":[{"name":"DONALD W. MACARDLE"}],"articleId":["XXVII.3.156"],"arkIstex":"ark:/67375/HXZ-NR990SF9-2","language":["eng"],"originalGenre":["research-article"],"qualityIndicators":{"score":5.05,"pdfWordCount":9973,"pdfCharCount":51827,"pdfVersion":1.3,"pdfPageCount":19,"pdfPageSize":"464 x 804 pts","pdfWordsPerPage":525,"pdfText":true,"refBibsNative":false,"abstractWordCount":0,"abstractCharCount":0,"keywordCount":0},"title":"A CHECK-LIST OF BEETHOVEN'S CHAMBER MUSIC—III","refBibs":[{"host":{"title":"Thematisches Verzeichnis der Streich-und Klavier- Trios, Quartette und Quintette von Haydn, Beethoven und Schumann Aubell : Die Flote in der Kammermusik","publicationDate":"1889-03-05","author":[{"name":"Const Albrecht"}]}},{"host":{"title":"Beethovens letzte filnf Streichquartette. 1890. Basevi, Abramo : I quartetti Op","author":[{"name":"K Bargheer"}]}},{"host":{"title":"Analyse des 17 Quatuors de Beethoven, n.d. Dunhill, Thomas F. : Chamber Music","publicationDate":"1890","author":[{"name":"P Coindreau"}]}},{"host":{"title":"Analisi formale ed estetica","publicationDate":"1933","author":[{"name":"Romolo Giraldi"}]}},{"host":{"title":"The Well-Tempered String Quartet","publicationDate":"1938","author":[{"name":"Ernst Heimeran"},{"name":"Bruno Aulich"}]}},{"host":{"title":"Technique d'interpretation . . . applique aux sonates pour piano et violon de Beethoven","publicationDate":"1937","author":[{"name":"M Herwegh"}]}},{"title":"Die Kammermusik","author":[{"name":"H Mersmann"}],"publicationDate":"1930","host":{"title":"Band II : Beethoven","publicationDate":"1930","author":[]}},{"host":{"title":"Handbook to Beethoven's Sonatas for Violin and Pianoforte","publicationDate":"1911","author":[{"name":"S Midgley"}]}},{"author":[{"name":"Theodor Miiller-Reuter"}],"publicationDate":"1909","host":{"title":"Lexikon der deutschen Konzertliteratur— Nachtrag zu Band 1. 1921. New Friends of Music Program Book 1938—39","publicationDate":"1909","author":[]}},{"host":{"title":"Wanderung durch Beethovens Streichquartette Rupertus, Otto : Erlauterung zu Beethovens Violinsonaten Saint-Foix","publicationDate":"1915","author":[{"name":"Fr Reitz"}]}},{"author":[{"name":"Eugene Sauzay"}],"publicationDate":"1884","host":{"title":"Etudes sur le Quatuor","publicationDate":"1884","author":[]}},{"host":{"title":"Les sonates de Beethoven per a piano i per a piano i violi","publicationDate":"1927","author":[{"name":"B Selva"}]}},{"title":"Chronologisches Verzeichniss der Werke to Ludwig van Beethoven's. 1865. ibid Ludwig van Beethovens Leben (translated into German by Hermann Deiters and revised by Hugo Riemann). 5 vols. in various editions","author":[{"name":"Arthur-Thayer Shepherd"},{"name":"Alexander,W "}],"publicationDate":"1935","host":{"title":"The String Quartets of Ludwig van Beethoven Valetta, Ippolito : I quartetti di Beethoven. 1905. (various authors) : \" Musikfiihrer\" have been published","publicationDate":"1935","author":[]}},{"host":{"title":"Beethovens Cis-moll Quartett (Programme) PERIODICAL ARTICLES The source of most of these listings is indicated in the first part of this Bibliography under the entry \" Kastner.\" Others were added from the general bibliography in Cobbett. Except as omitted through oversight, periodical articles referred to in the Check","publicationDate":"1885","author":[{"name":"Richard Wagner"}]}},{"host":{"title":"Any errors which might have appeared in these sources have been passed on, but the compiler has doubtless proved capable of adding to them","author":[]}},{"author":[],"host":{"title":"Stoepsal : Beethoven et ses Quatuors (Gazette musicale de Paris","author":[]}},{"author":[],"host":{"title":"Anon : Beethoven und sein letztes Quartett (Argus [Hamburg]","author":[],"volume":"1838","issue":"322ff"}},{"author":[{"name":"F,F Weber"}],"host":{"title":"Beethovens Letzte Quartette (Anregung fur Kunst, Leben und Wissenschaft [Leipzig] 1861","author":[]}},{"host":{"author":[{"name":"Selmar Bagge"},{"name":"E-Moll Quartett Beethovens"},{"name":" Op"}]}},{"host":{"title":"Beethovens letzte Quartette (Deutsche Musik-Zeitung","author":[{"name":"Selmar Bagge"}]}},{"author":[{"name":"Theodor Helm"}],"host":{"title":"Beethovens Streichquartette (Musikalisches Wochenblatt","author":[]}},{"author":[{"name":"Max Beer"},{"name":" Josef"}],"publicationDate":"1885-10-10","host":{"title":"Beethovens Streichquartette (Deutsche Zeitung","publicationDate":"1885-10-10","author":[]}},{"author":[{"name":"Wilhelm Altmann"}],"publicationDate":"1902","host":{"title":"Beethovens Streichquintett, Op. 4 (Die Musik","publicationDate":"1902","author":[],"pages":{"first":"1097"}}},{"host":{"author":[{"name":"Alfred Kalischer"}],"pages":{"first":"431"}}},{"author":[{"name":"Theodor,Von Frimmel"}],"host":{"title":"Beethovens C-dur Quintett","author":[],"pages":{"first":"088"}}},{"author":[{"name":"Karl Waack"},{"name":"F-Dur-Streichquartett Beethovens"},{"name":" Op"}],"publicationDate":"1904","host":{"title":"seiner ursprunglichen Fassung. (Die Musi 5","publicationDate":"1904","author":[],"pages":{"first":"418"}}},{"author":[{"name":"Eva Siegfried"}],"publicationDate":"1905","host":{"title":"Das Scherzando vivace in Beethovens Es-dur Quartett","publicationDate":"1905","author":[],"pages":{"first":"33"}}},{"host":{"title":"Ein vergessenes Streichquartett Beethovens (Die Musik 5","publicationDate":"1905","author":[{"name":"Wilhelm Altmann"}],"pages":{"first":"250"}}},{"author":[{"name":"Friedrich Spiro"}],"publicationDate":"1993-02-02","host":{"title":"Signale fur die musikalische Welt","publicationDate":"1993-02-02","author":[]}},{"host":{"title":"Notes on the 15th Quartet of Beethoven (Courrier musical","publicationDate":"1906-12-15","author":[{"name":"G Lekeu"}]}},{"author":[{"name":"Max Kalbeck"}],"publicationDate":"1907-03-09","host":{"title":"Beethovens Quartette (Neues Wiener Tagblatt","publicationDate":"1907-03-09","author":[]}},{"author":[{"name":"Hugo Riemann"}],"host":{"title":"Beethovens Modlinger Tanze vom Jahre 1819","author":[]}},{"author":[{"name":"Die Musik"}],"publicationDate":"1902","host":{"title":"II III","publicationDate":"1902","author":[],"volume":"2","issue":"4","pages":{"first":"12","last":"12"}}},{"author":[],"publicationDate":"1909","host":{"title":"IX","publicationDate":"1909","author":[],"volume":"14","issue":"11","pages":{"first":"13","last":"7"}}},{"host":{"title":"Die ersten AufRihrungen von Beethovens Es-dur Quartett Op. 127 im Fruhling 1825 (Die Musik g","publicationDate":"1910","author":[{"name":"Alfred Ebert"}],"pages":{"first":"42","last":"90"}}},{"host":{"title":"Georges de : (Guide musical","publicationDate":"1910-12-25","author":[{"name":"T Wyzewa"},{"name":" Saint-Foix"}]}},{"host":{"title":"Une oeuvre inconnue de Beethoven pour mandoline et piano (Revue musicale [Soc. Int. de Musique","publicationDate":"1912","author":[{"name":"Arthur Chitz"}],"pages":{"first":"24"}}},{"host":{"title":"Beethovens Violinsonaten (zu ihrer chronologischen Vorfiihrung im Rentemannsaal) (Neue Zuricher Zeitung","publicationDate":"1919-10","author":[{"name":"Florizel,V Reuter"}]}},{"author":[{"name":"A Orel"}],"publicationDate":"1920","host":{"title":"Das ' Air autrichien' in Beethovens Op. 105","publicationDate":"1920","author":[],"pages":{"first":"638"}}},{"author":[{"name":"Wilhelm Altmann"}],"publicationDate":"1920","host":{"title":"Beethovens Umarbeitung seines Streichtrio Op. 3 zu einem Klaviertrio","publicationDate":"1920","author":[],"pages":{"first":"129"}}},{"host":{"title":"Beethovens Cis-moll-Quartett, eine Formstudie (Der Merker","publicationDate":"0269","author":[{"name":"Carl Prohaska"}]}},{"author":[{"name":"Wilhelm Altmann"}],"publicationDate":"1920","host":{"title":"Zu Beethovens Streichquintett Op","publicationDate":"1920","author":[],"pages":{"first":"745"}}},{"host":{"title":"Beethovens letzte Quartette (Signale fur die musikalische- Welt","publicationDate":"1920-11-24","author":[{"name":"James Simon"}]}},{"title":"Notes on the String Quartets (Monthly Musical Record 50 ti9 20 ] !93)- Orel, Alfred : Beethovens Oktett Op. 103 und seine","author":[{"name":"F Niecks"}],"host":{"title":"Bearbeitung als Quintett Op","author":[],"volume":"4"}},{"author":[{"name":"R Seiller"}],"publicationDate":"1920-12-20","host":{"title":"Beethoven als Kammermusiker (N. fr. Presse","publicationDate":"1920-12-20","author":[]}},{"author":[{"name":"James Simon"}],"publicationDate":"1920","host":{"title":"Beethovens letzte Quartette","publicationDate":"1920","author":[]}},{"author":[{"name":"Georges Saint-Foix"},{"name":" De"}],"publicationDate":"1920","host":{"title":"Mozart and the young Beethoven (Musical Quarterly 6","publicationDate":"1920","author":[],"pages":{"first":"85"}}},{"host":{"title":"Nouvelle contribution a l'etude des oeuvres inconnues de la jeunesse de Beethoven. (Riv. mus. ital","author":[{"name":"Georges Saint-Foix"},{"name":" De"}],"pages":{"first":"30"}}},{"host":{"title":"Beethoven e le sue cinque Sonate per violoncello (Riv. mus. ital","publicationDate":"0202","author":[{"name":"E Albini"}],"pages":{"first":"30"}}},{"title":"Eine Skizze zum 2","author":[{"name":"A Schmitz"}],"publicationDate":"1923","host":{"title":"Satz von Beethovens Streichquartett Op.Ztschr. f. Musikwissenschaft","publicationDate":"1923","author":[],"volume":"132","issue":"6","pages":{"first":"659"}}},{"host":{"title":"Beethoven zu seinem opus 127","author":[{"name":"H Schenker"}]}},{"title":"Eine unbekannte Skizze zum B-dur-Trio Op. 97 (Faks","author":[{"name":"A Schmitz"}],"host":{"title":"Musik","author":[],"volume":"16","issue":"3"}},{"host":{"title":"Beethovens letzte Quartette (Turmer 27","author":[{"name":"K Huschke"}],"pages":{"first":"70"}}},{"host":{"title":"Music for Two Flutes without Bass (Music & Letters 6","publicationDate":"1925","author":[{"name":"L Fleury"}],"pages":{"first":"117"}}},{"author":[{"name":"M Pincherle"}],"publicationDate":"1995-09","host":{"title":"Les Quatuors de Beethoven","publicationDate":"1995-09","author":[]}},{"author":[{"name":"B Selva"}],"publicationDate":"1926-09","host":{"title":"Les sonates","publicationDate":"1926-09","author":[]}},{"author":[],"host":{"title":"Anon : Beethoven and Chamber Music (Musical Courier^","author":[],"issue":"9"}},{"host":{"title":"De Violoncelsonaten (Symphonia 10, 131)","author":[{"name":"L Boer"}]}},{"host":{"title":"Le Sonate per pianoforte e violino di Ludwig van Beethoven (Vita mus. ital","publicationDate":"1927","author":[{"name":"A Bonaventura"}]}},{"host":{"title":"Les Quatuors a conies (Courrier musical","author":[{"name":"L Capet"}]}},{"host":{"title":"De Strijkkwartetten (Symphonia 10, 124)","author":[{"name":"L Conturier"}]}},{"title":"Some thoughts on the string quartets of","author":[{"name":"T,F Dunhill"}],"publicationDate":"1927","host":{"title":"Beethoven (Musical Times","publicationDate":"1927","author":[],"volume":"68","issue":"113"}},{"title":"Beethoven's Opus 3 an ' Envoi de Vienne","author":[{"name":"Carl Engel"}],"publicationDate":"1927","host":{"title":"Musical Quarterly","publicationDate":"1927","author":[],"volume":"13"}},{"author":[{"name":"M Herwegh"}],"publicationDate":"1927-01","host":{"title":"Les Sonates pour piano et violin de Beethoven (Monde musical","publicationDate":"1927-01","author":[]}},{"host":{"title":"Die grosse B-dur-Fuge Op. 133 (Berliner. Lok. Anz","publicationDate":"1927-03-26","author":[{"name":"K Klingler"}]}},{"author":[{"name":"J,C Manifarges"}],"host":{"title":"Symphonia","author":[],"volume":"70","pages":{"first":"129"}}},{"author":[{"name":"Georges Saint-Foix"},{"name":" De"}],"publicationDate":"1927-02","host":{"title":"Beethoven et la collection Artaria","publicationDate":"1927-02","author":[],"pages":{"first":"1"}}},{"host":{"title":"Une nouvelle revelation de la jeunesse de Beethoven (Revue musicale","publicationDate":"1927-04","author":[{"name":"Georges Saint-Foix"},{"name":" De"}],"pages":{"first":"28"}}},{"title":"Some notes on Beethoven's string quartets","author":[{"name":"Felix White"}],"publicationDate":"1927-01","host":{"title":"Chesterian","publicationDate":"1927-01","author":[],"volume":"8","issue":"60","pages":{"first":"60"}}},{"title":"Alex : The Kreutzer Sonata","author":[{"name":"Brent-Smith "}],"host":{"title":"Musical Mirror and Fanfare","author":[],"volume":"11","issue":"10"}},{"host":{"title":"Beethoven's Sonatas for Piano and Violin (Overtones *","author":[{"name":"B Goldowsky"}]}},{"title":"Beethovens Grosse Fuge Op","author":[{"name":"H Scherchen"}],"publicationDate":"1928","host":{"title":"Die Musik","publicationDate":"1928","author":[],"volume":"133","issue":"20"}},{"author":[{"name":"J Watson"},{"name":" Arthur"}],"publicationDate":"1800","host":{"title":"Mozart and the Viola","publicationDate":"1800","author":[],"pages":{"first":"94"}}},{"host":{"title":"The Grosse Fuge, an analysis (Music & Letters 12","publicationDate":"1931","author":[{"name":"Sidney Grew"}]}},{"host":{"title":"Beethoven's ' Grosse Fuge' (Musical Quarterly 17 [I93 1 ! 497)- Landormy : Le Trio a PArchiduc","author":[{"name":"Sidney Grew"}]}},{"title":"Warum die Grosse Fuge ? (Allgem","author":[{"name":"L Misch"}],"host":{"title":"Musikztg","author":[],"volume":"59","issue":"5"}},{"author":[{"name":"W Schmid"}],"publicationDate":"0396","host":{"title":"Interpretation von Beethovens Streichquartetten","publicationDate":"0396","author":[]}},{"host":{"title":"Beethovens Streichquartette","author":[{"name":"H Unger"}]}},{"author":[{"name":"Joseph Miiller-Blattau"}],"publicationDate":"1933","host":{"title":"Beethoven und die Variation","publicationDate":"1933","author":[]}},{"host":{"title":"Bearbeitungen einiger Werke seitens des Komponisten (Die Musik 26","publicationDate":"1934","author":[{"name":"Wilhelm Altmann"}],"pages":{"first":"350"}}},{"host":{"title":"Le 15' Quatuor (Op. 132) de Beethoven (Revue musicale 15","publicationDate":"0197","author":[{"name":"Y Lacroix-Novaro"}]}},{"author":[{"name":"Stephan: Kleine Ley"},{"name":" Beethoveniana"}],"host":{"title":"Neues Beethoven-Jahrbuch","author":[],"volume":"6","issue":"935"}},{"author":[{"name":"Willy Hess"}],"publicationDate":"1935","host":{"title":"Der Erstdruck von Beethovens Flotensonate","publicationDate":"1935","author":[]}},{"host":{"title":"Stichfehler und fragl Stellen bei Beethoven in Ouverturen und die Cellosonate Op","publicationDate":"1935","author":[{"name":"M Unger"}],"pages":{"first":"69","last":"102"}}},{"author":[{"name":"Friedrich Munter"}],"publicationDate":"1935","host":{"title":"Beethovens Bearbeitungen eigener Werke","publicationDate":"1935","author":[]}},{"title":"Welche Werke Beethovens fehlen in der Breitkopf & Hartelschen Gesamtausgabe ?","author":[{"name":"R Petzoldt"}],"host":{"title":"Beethoven als Bearbeiter eigener Werke (Allgem. Musikztg","author":[],"volume":"6","pages":{"first":"3","last":"93"}}},{"host":{"title":"Werke 29 oder 31 ? (Die Musik30","publicationDate":"1937","author":[{"name":"Carl Heizen"}],"pages":{"first":"44"}}},{"title":"Beethoven's Debt to Mozart","author":[{"name":"J Watson"},{"name":" Arthur"}],"host":{"title":"Music & Letters","author":[],"volume":"18"}},{"host":{"title":"Die hervorragendsten Violinsonaten (Geigenspiel- Rundschau 1937, Nos","author":[{"name":"Fl,V Reuter"}],"pages":{"first":"21","last":"22"}}},{"title":"Urauffuhrung des zweiten Trios zum Scherzo des Streichtrios G-dur Op","author":[{"name":"A Schmitz"}],"publicationDate":"1937","host":{"title":"Allgem. Musikztg","publicationDate":"1937","author":[],"volume":"64","issue":"1","pages":{"first":"699"}}},{"host":{"title":"Beethovens Kreutzersonate (Geigenspiel-Rundschau 26","publicationDate":"1938","author":[{"name":"H Fohr"}]}},{"host":{"title":"Zufall oder Absicht ? B-A-C-H im 2 Satze des E-moll Quartett Op","publicationDate":"1374","author":[{"name":"P Neubert"}],"pages":{"first":"59","last":"2"}}}],"genre":["research-article"],"host":{"title":"Music and Letters","language":["unknown"],"issn":["0027-4224"],"eissn":["1477-4631"],"publisherId":["musicj"],"volume":"XXVII","issue":"3","pages":{"first":"156","last":"174"},"genre":["journal"],"subject":[{"value":"Articles"}]},"namedEntities":{"unitex":{"date":["1802","1799","November or December of 1830","1829","1831","1795","1946","1803","1819","1810","1920","1796","1907","1826","1855","1895","1925","1792","1862","1809","1811","1800","1797","1827","1926","1795 or 1796","1801","1830s","1798","1841","1828","1830","1817","1900","1927","1846","1794","1945"],"geogName":[],"orgName":["Pf and Wind Instruments Op","National Airs","National Gallery Concerts","Wind Instruments","National Gallery"],"orgName_funder":[],"orgName_provider":[],"persName":["Henri Martineau","Tovey","N. Galitsin","Esterhazy","Donald Tovey","Robert Haven","Solo von Beethoven","See","Lucky London","Walter Willson","J. Arthur","Quintet","Max Josef","Hilda Andrews","Theodor Frimmel","M. D. Calvocoressi","Schwartzenberg","Henry Edward","A. E. Fischer","Stendhal","Wellwisher","La Chartreuse","Marion M. Beethoven","Henri Beyle","Edwin Evans","Phillip Losch","Ludwig van Beethoven","Ernest Newman","Alexander Wheelock","S. L. Clemens","Time Concerts","Hugo Riemann","M. M. Bozman","de Parme","Richard Aldrich","Goodwill","Hermann Deiters","Op","Reger","Victor A. Cams","Donald Francis"],"placeName":["Leipzig","Berlin","Bonn","Foix","London","Vienna","Leoben","York","France"],"ref_url":[],"ref_bibl":["October 1802","[1931]","[1929]","January 1813","September 1807","[1946]","[1941]","July 1802","[1928]","June 1832","December 1802","February 1819","[1945]","[1938]","[1933]","Gneixendorf, October-November 1826","March 1801","February 1797","[1904]","[1943]","April 1805"],"bibl":[]}},"ark":["ark:/67375/HXZ-NR990SF9-2"],"categories":{"wos":[],"scienceMetrix":["1 - arts & humanities","2 - visual & performing arts","3 - music"],"scopus":["1 - Social Sciences","2 - Arts and Humanities","3 - Music"]},"publicationDate":"1946","copyrightDate":"1946","enrichments":{"type":["multicat","refBibs","unitex"]},"doi":["10.1093/ml/XXVII.3.156"],"_id":"F5DF2AABE7D2BB52D666C6118ECFD76188E4FE50"}