{"corpusName":"oup","keywords":{"teeft":["schindler","conversation book","liszt","breuning","anton schindler","karl holz","musical quarterly","george smart","ninth symphony","long time","beethoven relic","niederrheinische musikzeitung","private lesson","beethoven biography","true fact","many year","prussian library","beethoven paper","beethoven festival","anton","beethoven"]},"author":[{"name":"ERWIN DOERNBERG"}],"articleId":["LI.2.373"],"arkIstex":"ark:/67375/HXZ-JGFX16LT-0","language":["eng"],"originalGenre":["research-article"],"qualityIndicators":{"score":5.05,"pdfWordCount":5699,"pdfCharCount":29880,"pdfVersion":1.3,"pdfPageCount":14,"pdfPageSize":"443.52 x 673.2 pts","pdfWordsPerPage":407,"pdfText":true,"refBibsNative":false,"abstractWordCount":0,"abstractCharCount":0,"keywordCount":0},"title":"ANTON SCHINDLER","genre":["research-article"],"host":{"title":"The Musical Quarterly","language":["unknown"],"issn":["0027-4631"],"eissn":["1741-8399"],"publisherId":["musqtl"],"volume":"LI","issue":"2","pages":{"first":"373","last":"386"},"genre":["journal"],"subject":[{"value":"Articles"}]},"namedEntities":{"unitex":{"date":["1829","1820","1825","1814","1843","1819","1861","1815","1965","1849","1840","1880","1827","1845","1823","1839","1841","month of July 1863","1835","1824"],"geogName":[],"orgName":["Congress"],"orgName_funder":[],"orgName_provider":[],"persName":["Karl Holz","Anton Schindler","Paris","Franz Liszt","Oliva","Hansemann","Heine","Franz Artaria","Sultan Beethoven","C.L.E. Cox","Ferdinand Kessler","E. Hueffer","Schindler","Ferdinand Ries","Charles Neate","Franz Wiillner","London","A. F. Schindler"],"placeName":["Leipzig","Berlin","Paris","Germany","Bonn","Austria","Hetzendorf","Prague","Vienna","Aachen","Frankfurt","Bernsdorf"],"ref_url":[],"ref_bibl":["March 1855","February 1823"],"bibl":[]}},"ark":["ark:/67375/HXZ-JGFX16LT-0"],"categories":{"wos":[],"scienceMetrix":["1 - arts & humanities","2 - visual & performing arts","3 - music"],"scopus":["1 - Social Sciences","2 - Arts and Humanities","3 - Music"]},"publicationDate":"1965","copyrightDate":"1965","enrichments":{"type":["multicat","refBibs","teeft","unitex"]},"doi":["10.1093/mq/LI.2.373"],"_id":"63ED57569B4AECB0EEFF44DE33FDB6A42D9A68FE"}