{"corpusName":"oup","keywords":{"teeft":["dahlhaus","opera composer","eighteenth century","melodic phrase","nineteenth century","modern music","remarkable book","california press","chief theme","beethoven tradition","cambridge university press","fundamental division","optra comique","grand design"]},"author":[{"name":"George Martin"}],"articleId":["7.2.129"],"arkIstex":"ark:/67375/HXZ-2JRWBD7W-0","language":["eng"],"originalGenre":["book-review"],"qualityIndicators":{"score":2.661,"pdfWordCount":2611,"pdfCharCount":14682,"pdfVersion":1.2,"pdfPageCount":6,"pdfPageSize":"500 x 725 pts","pdfWordsPerPage":435,"pdfText":true,"refBibsNative":false,"abstractWordCount":0,"abstractCharCount":0,"keywordCount":0},"title":"Books","genre":["book-reviews"],"host":{"title":"The Opera Quarterly","language":["unknown"],"issn":["0736-0053"],"eissn":["1476-2870"],"publisherId":["operaq"],"volume":"7","issue":"2","pages":{"first":"129","last":"134"},"genre":["journal"],"subject":[{"value":"REVIEWS OF BOOKS"}]},"namedEntities":{"unitex":{"date":["in the eighteenth century","eighteenth century","1930","the nineteenth century","1907","1826","Nineteenth Century","1950","1990"],"geogName":[],"orgName":[],"orgName_funder":[],"orgName_provider":[],"persName":["Richard Strauss","Symphonists","Because","Eugene Scribe","Arnold Schoenberg","Richard Wagner","Carl Dahlhaus","Dahlhaus","Martin"],"placeName":["St. Matthew","Los Angeles","Berkeley","Corinth"],"ref_url":[],"ref_bibl":["Berkeley and Los Angeles: University of California Press, 1980","University of California Press, 1989","Cambridge: Cambridge University Press, 1979","Cambridge: Cambridge University Press, 1983"],"bibl":[]}},"ark":["ark:/67375/HXZ-2JRWBD7W-0"],"categories":{"wos":[],"scienceMetrix":[],"scopus":["1 - Social Sciences","2 - Arts and Humanities","3 - Music"]},"publicationDate":"1990","copyrightDate":"1990","enrichments":{"type":["multicat","refBibs","teeft","unitex"]},"doi":["10.1093/oq/7.2.129"],"_id":"90F3B81FCBDEDB78778CF45E557D5E89C197E5B9"}