{"corpusName":"oup","keywords":{"teeft":["rumph","late work","eroica","political romanticism","monarchy","ninth symphony","late style","wellington sieg","cello sonata","heiliger dankgesang","similar change","piano sonata","political movement","late quartet","subject matter","stephen rumph","improvisatory transition","romanticism"]},"author":[{"name":"Barry Cooper"}],"arkIstex":"ark:/67375/HXZ-K141DHJK-K","language":["eng"],"originalGenre":["other"],"qualityIndicators":{"score":4.233,"pdfWordCount":2183,"pdfCharCount":13325,"pdfVersion":1.6,"pdfPageCount":3,"pdfPageSize":"479 x 697 pts","pdfWordsPerPage":728,"pdfText":true,"refBibsNative":false,"abstractWordCount":0,"abstractCharCount":0,"keywordCount":0},"title":"Beethoven after Napoleon: Political Romanticism in the Late Works. By Stephen Rumph. pp. ix + 295. (University of California Press, Berkeley, Los Angeles, and London, 2004, £29.95. ISBN 0-520-23855-9.)","genre":["other"],"host":{"title":"Music and Letters","language":["unknown"],"issn":["0027-4224"],"eissn":["1477-4631"],"publisherId":["musicj"],"volume":"86","issue":"4","pages":{"first":"636","last":"638"},"genre":["journal"]},"namedEntities":{"unitex":{"date":["1802","1820","eighteenth century","2005","1814","1821","1815","1820s","1809"],"geogName":[],"orgName":[],"orgName_funder":[],"orgName_provider":[],"persName":["William Kinderman","Danilo Villa","Stephen Rumph","Andrea Fabiano","Carl Schmitt","Karen Henson","Gérard Loubinoux","Gilles de Van","Anik Devriès-Lesure","Ludwig van Beethoven","To","Edmund Burke","François Lévy","Hervé Lacombe","Steven Huebner","Damien Colas"],"placeName":["Munich","Belfast","Los Angeles","Leeds","Vienna","Liverpool","Berkeley","France"],"ref_url":[],"ref_bibl":[],"bibl":[]}},"ark":["ark:/67375/HXZ-K141DHJK-K"],"categories":{"wos":[],"scienceMetrix":["1 - arts & humanities","2 - visual & performing arts","3 - music"],"scopus":["1 - Social Sciences","2 - Arts and Humanities","3 - Music"]},"publicationDate":"2005","copyrightDate":"2005","enrichments":{"type":["multicat","refBibs","teeft","unitex"]},"doi":["10.1093/ml/gci113"],"_id":"5D1B266C5F817FABE38F55B104233A47AF72C757"}