{"corpusName":"oup","keywords":{"teeft":["liszt","jahn","nicht","meine","unknown letter","musical quarterly","franz liszt","word illegible","weber","baroness helene","first performance","baron vesque","first time","beethoven biography","carl maria"]},"author":[{"name":"ROBERT HERNRIED"}],"articleId":["XXXII.4.537"],"arkIstex":"ark:/67375/HXZ-4D20QC79-W","language":["eng"],"originalGenre":["research-article"],"qualityIndicators":{"score":3.211,"pdfWordCount":3161,"pdfCharCount":17344,"pdfVersion":1.3,"pdfPageCount":8,"pdfPageSize":"457 x 666 pts","pdfWordsPerPage":395,"pdfText":true,"refBibsNative":false,"abstractWordCount":0,"abstractCharCount":0,"keywordCount":0},"title":"DISCOVERIES IN VIENNA","genre":["research-article"],"host":{"title":"The Musical Quarterly","language":["unknown"],"issn":["0027-4631"],"eissn":["1741-8399"],"publisherId":["musqtl"],"volume":"XXXII","issue":"4","pages":{"first":"537","last":"544"},"genre":["journal"],"subject":[{"value":"Articles"}]},"namedEntities":{"unitex":{"date":["1887","1946","1821","the 20th century","1779","1822","1823","1801","1868"],"geogName":[],"orgName":[],"orgName_funder":[],"orgName_provider":[],"persName":["Hector Berlioz","Peter Cornelius","M. Weber","Anton Schindler","J. Hoven","Franz Liszt","Liszt","Susan Adjunct","Simon Sechter","Johann Vesque","Otto Jahn","Carl Maria","Franz Schubert","Max Maria","Stefan George","Hugo Wolf","Michael Vogl","Heinrich Heine","Clara Schumann","Joseph Haydn","Carl Loewe","Gustav Freytag","C. M. Weber","Court Theater","The","Ferdinand Hiller","Giacomo Meyerbeer","Johannes Brahms","J. S. Bach","Anton Bruckner","Felix Mendelssohn","Hermann Goetz","Peter Raabe","Alexander Wheelock","Helene Vesque","Thadd","Hartenstein","F. Liszt","Otto Nicolai","Thaddaus","Francesco Geminiani","Jahn","Vesque","Baroness"],"placeName":["Dresden","Munich","Austria","London","Vienna","Weimar","Auch","Salzburg","Belgium"],"ref_url":[],"ref_bibl":["October 25, 1823"],"bibl":[]}},"ark":["ark:/67375/HXZ-4D20QC79-W"],"categories":{"wos":[],"scienceMetrix":["1 - arts & humanities","2 - visual & performing arts","3 - music"],"scopus":["1 - Social Sciences","2 - Arts and Humanities","3 - Music"]},"publicationDate":"1946","copyrightDate":"1946","enrichments":{"type":["multicat","refBibs","teeft","unitex"]},"doi":["10.1093/mq/XXXII.4.537"],"_id":"66F0CFCEBD6AE460C690E8A5DC2BBF8E20FB822F"}