{"corpusName":"oup","keywords":{"teeft":["pianoforte","musical imagination","violin concerto","handel","berlioz","slow movement","actual performance","full score","least resistance","reading literature","beethoven concerto","early experience","nineteenth century","great music","musical education","noisy key","such passage","classical music","orthodox rule","orthodox training","imaginative power","such people","conscientious teacher","whole training","chamber music","orchestral music","vivid impression","plagal cadence","railway journey","pianoforte score","musical scholarship","solo violin","critical edition","kitchen department","wind instrument","string tone","musical sense","armchair reading","slow tempo","orchestral"]},"author":[{"name":"DONALD FRANCIS TOVEY"}],"articleId":["XVII.4.337"],"arkIstex":"ark:/67375/HXZ-DW4H1P96-0","language":["eng"],"originalGenre":["research-article"],"qualityIndicators":{"score":5.05,"pdfWordCount":8607,"pdfCharCount":45579,"pdfVersion":1.3,"pdfPageCount":20,"pdfPageSize":"617 x 800 pts","pdfWordsPerPage":430,"pdfText":true,"refBibsNative":false,"abstractWordCount":0,"abstractCharCount":0,"keywordCount":0},"title":"THE TRAINING OF THE MUSICAL IMAGINATION","genre":["research-article"],"host":{"title":"Music and Letters","language":["unknown"],"issn":["0027-4224"],"eissn":["1477-4631"],"publisherId":["musicj"],"volume":"XVII","issue":"4","pages":{"first":"337","last":"356"},"genre":["journal"],"subject":[{"value":"Articles"}]},"namedEntities":{"unitex":{"date":["the nineteenth century","1936","1889","nineteenth century","1886"],"geogName":[],"orgName":[],"orgName_funder":[],"orgName_provider":[],"persName":["Paris Conservatoire","Adelaide Proctor","Samuel Butler","Lady Hall","Wotton","Clara Schumann","Walter Bagehot","Belloc","Charles Hall","E. M. Forster","Forsyth","Cecil"],"placeName":["Stanford","Halle","Windsor","London","St. James","Palestrina"],"ref_url":[],"ref_bibl":[],"bibl":[]}},"ark":["ark:/67375/HXZ-DW4H1P96-0"],"categories":{"wos":[],"scienceMetrix":["1 - arts & humanities","2 - visual & performing arts","3 - music"],"scopus":["1 - Social Sciences","2 - Arts and Humanities","3 - Music"]},"publicationDate":"1936","copyrightDate":"1936","enrichments":{"type":["multicat","refBibs","teeft","unitex"]},"doi":["10.1093/ml/XVII.4.337"],"_id":"CF1480CEC6D0D678ECEEC842AF91CF9241B984D5"}