{"corpusName":"oup","keywords":{"teeft":["strong note","weak note","tierce","tonic","tune","other hand","musical scale","other word","hypate highest","weak word","middle note","whole tone scale","highest note","ninth symphony","other thing","strong tune","slow movement","in part","central fire","same time","drone","famous parody","difficult thing","pig many","gottfried weber","theorie tonsetzkunst","alfred conversation","persuasive quality","rule strong","weak weak","first idea","title observation","scotch tune","florid song","whole course","restful note","tonic solfa people","languid character","particular tune","unconscious tune","third literary","conscious tune","more point","ingenious piece","swing round","invisible string","different length","inaudible note","celestial harp","subsequent greek theory interest tfnly specialist","chaldsean order","harp note","scale order","attentive observation","best singer","tofindsuch respectable antiquity","late stage","large part","contra strong","musical technicality","compact whole","further question","exciting song","solitary golf player","booming instrument","rimsky korsakov","bassoon player","letter composer","musical composition","drone bass set","sparkling point","practical purpose","history book","wonderful moment","musical sense","whole movement","bass move","imaginable meaning","vital bass","ancient treatise","nothing curious","aitmata eeuenica","drone business","offenbach tone","small orbit","bass theme","right hand","successive note","diatonic note","chromatic note","fine piece","cathfidrale engloutie","minor dawn","such detail","nothing smaller","good acoustical reason","intelligible sentence","string player","good bass","true major third","superposed third","others melodic","superposed tierce","identical interval","perfect fifth","up third","other chord","ieal factor","true tierce","diatonic scale","whole history","other triad","stronger scale","greater freedom","good accompaniment","solo voice","present organ","well cathedral organ","english translation","major ninth","true instance","undeniable euphony","such combination","common chord","debussy passim","london symphony","minor third","pythagorean third","equal temperament","harmonic feeling","heart treasure","other part","jumpy sort","various way","little ordnance","rigorous plan","letter foremost","subtler instance","good instance","communal song","more mature","sixth bar","more satisfactory","bass move more","white note","same order","meine konigin","first symphony","second phrase","actual note","english morris tune","whole strain","english interval","chiasmus cuurrv","correct noblest","comma nfter","piano concerto","simple instance","brighton camp","morris tune","first strain","infectious merriment","anapsestic movement","contrapuntal hint","tune definition","second aspect","development sectiont","abiding pleasure","veil something","article tune","scansion stress","mountain lake","successive moment","weak tune","vulgar tune","higher concord","andaman island","minor symphony","balancing convergence","characteristic drop","original drop","beautiful theory","amazing thing","simple scale","sunny phrase","major violin concerto","point people","intelligible point","good deal","sentient being","inmost nature","political economy","imperfect view","subsequent departure","little cluster","same purpose","stationary first subject","waldstein act","becond subject","henry hadow","modern music","great labour","normal motion","other motion","motive power","much enlightenment","different writer","different sense","ordinary english parlance","poetical term","metrical variety","ueber alien gipfeln","cello solo","metrical uniformity","merry widow waltz","technical sense","prose rhythm","poetical rhythm","general sense","letter harmony tune","strong bass","simultaneous melody","mating season","more exciting","concurrent line","part increase","feeling decrease","last long","mutual rivalry","main factor","several degree steffani","other element","melodic balance","rhythmic distribution","technical meaning","many tiny indication","general conception","easy thing","supplementary motion","salient point","certain future point","sympathetic line","splendid material","sincere thing","work lnight","technical point","something personal","piano duet","pianoplayer arrangement lack warmth","average audience","yolo player half","dozen time","perfunctory applause","sincere work","music paper","work keats","grey tile","fresh face","tidy disorder","muddy path","such glib word","work matter","less sirnificant affair","obvious element","different movement","fllin trio finali correct semiquaver","total effect","wolf refined","brahms tune","exact fall","highest form","true purpose","elective affinity","creative melody","moment closer","substantive harmony","work move","others weak","greater mass","capital letter","good thing","grave objection","ambitious title","more ambitious subject","worse crime","effete thing","delphic fragment","larger sphere","same fear","beautiful fancy","chaldeean astronomical theory","greek time","move round","second view","nicomachus mark","greek word","other people","eacli planet","complete revolution","ideal example","greek music","neighbouring tetrachords","natural word","such word","sense nicomachus","piero francesco tosi","nete lowest","strong word","octave scale","opposite feeling","maori view","majority aristoxenvs","lowest string outwards","plausible explanation","lowest string","same page","greek literature","lowest note","musical nomenclature","particular form","astronomical reasoning","practical result","more myth","supply detail","jike manner smile","human creature","better music","profitable investment","third entry"]},"author":[{"name":"A. H. FOX STRANGWAYS"}],"articleId":["III.1.90"],"arkIstex":"ark:/67375/HXZ-W3HBJBD8-G","language":["eng"],"originalGenre":["research-article"],"qualityIndicators":{"score":5.05,"pdfWordCount":6963,"pdfCharCount":34453,"pdfVersion":1.3,"pdfPageCount":20,"pdfPageSize":"476 x 700 pts","pdfWordsPerPage":348,"pdfText":true,"refBibsNative":false,"abstractWordCount":0,"abstractCharCount":0,"keywordCount":0},"title":"TUNE","genre":["research-article"],"host":{"title":"Music and Letters","language":["unknown"],"issn":["0027-4224"],"eissn":["1477-4631"],"publisherId":["musicj"],"volume":"III","issue":"1","pages":{"first":"90","last":"109"},"genre":["journal"],"subject":[{"value":"Articles"}]},"namedEntities":{"unitex":{"date":["1872","1891","1922"],"geogName":[],"orgName":[],"orgName_funder":[],"orgName_provider":[],"persName":["Pater","La Cathfidrale","Henry Hadow","C. Brahms","Merry Widow","London Symphony","Alfred Jingle","Beethoven","A. H. Fox","Mozart"],"placeName":["Norwich","Wales","Brighton","Glinka"],"ref_url":[],"ref_bibl":[],"bibl":[]}},"ark":["ark:/67375/HXZ-W3HBJBD8-G"],"categories":{"wos":[],"scienceMetrix":["1 - arts & humanities","2 - visual & performing arts","3 - music"],"scopus":["1 - Social Sciences","2 - Arts and Humanities","3 - Music"]},"publicationDate":"1922","copyrightDate":"1922","enrichments":{"type":["multicat","refBibs","teeft","unitex"]},"doi":["10.1093/ml/III.1.90"],"_id":"E0099740AE5D031857821FD851567D2B336863B6"}