{"corpusName":"oup","keywords":{"teeft":["wagnerian","equal term","practise","modern opera","prince igor","gordon craig","musical quarterly","parsifal","modern tendency","other hand","scenic artist","wagnerian system","normal musician","plastic side","prose work","craig","plastic appeal","symphonic poem","little more","perfect appeal","supreme magic","mere fact","strict logic","many way","dramatic poet","several art","absolute music","common sense","twin appeal","professor reinhardt","significant gesture","significant music","king dodon","musical appeal","independent appeal","modern practise","particular case","dramatic poetry","magic flute","concert room"]},"author":[{"name":"JOHN PALMER"}],"articleId":["II.2.314"],"arkIstex":"ark:/67375/HXZ-7GD67ZDK-6","language":["eng"],"originalGenre":["research-article"],"qualityIndicators":{"score":5.05,"pdfWordCount":6922,"pdfCharCount":36894,"pdfVersion":1.3,"pdfPageCount":17,"pdfPageSize":"618 x 798 pts","pdfWordsPerPage":407,"pdfText":true,"refBibsNative":false,"abstractWordCount":0,"abstractCharCount":0,"keywordCount":0},"title":"GESTURE AND SCENERY IN MODERN OPERA","genre":["research-article"],"host":{"title":"The Musical Quarterly","language":["unknown"],"issn":["0027-4631"],"eissn":["1741-8399"],"publisherId":["musqtl"],"volume":"II","issue":"2","pages":{"first":"314","last":"330"},"genre":["journal"],"subject":[{"value":"Articles"}]},"namedEntities":{"unitex":{"date":["nineteenth century","1916"],"geogName":[],"orgName":[],"orgName_funder":[],"orgName_provider":[],"persName":["Richard Strauss","Professor Reinhardt","Granville Barker","Henry Irving","Herbert Tree","M. Basile","History","Gordon Craig","Beethoven","Igor","Craig","M. Bolm","Michael Angelo","King Dodon","M. Adolf","M. Nijinski"],"placeName":["Petrograd","Moscow","London","Europe","Bayreuth"],"ref_url":[],"ref_bibl":[],"bibl":[]}},"ark":["ark:/67375/HXZ-7GD67ZDK-6"],"categories":{"wos":[],"scienceMetrix":["1 - arts & humanities","2 - visual & performing arts","3 - music"],"scopus":["1 - Social Sciences","2 - Arts and Humanities","3 - Music"]},"publicationDate":"1916","copyrightDate":"1916","enrichments":{"type":["multicat","refBibs","teeft","unitex"]},"doi":["10.1093/mq/II.2.314"],"_id":"0412B0CA611021731F27354651687D35543860FA"}