{"corpusName":"sage","keywords":{"teeft":["interactive","discware","software","cdrom","hypermedia","hypercard","string quartet","audio","compact disc","interactive instruction","german requiem","warnernew media","high school","order information","macintosh computer","macintosh","midi"]},"author":[{"name":"William R. Higgins","affiliations":["Professor of music at Messiah College in Grantham, Pennsylvania."]}],"articleId":["10.2307_3398270"],"arkIstex":"ark:/67375/M70-116WP8DN-9","language":["eng"],"originalGenre":["other"],"qualityIndicators":{"score":3.301,"pdfWordCount":1289,"pdfCharCount":9920,"pdfVersion":1.6,"pdfPageCount":3,"pdfPageSize":"594 x 879 pts","refBibsNative":false,"abstractWordCount":1,"abstractCharCount":0,"keywordCount":0},"title":"Technology for Teaching","genre":["other"],"host":{"title":"Music Educators Journal","language":["unknown"],"issn":["0027-4321"],"eissn":["1945-0087"],"publisherId":["MEJ"],"volume":"78","issue":"2","pages":{"first":"71","last":"73"},"genre":["journal"]},"namedEntities":{"unitex":{"date":["1983","1991"],"geogName":[],"orgName":["Nicholls State University"],"orgName_funder":[],"orgName_provider":[],"persName":["Henry Drive","Maya Computer","K. Hooper","Robert W. Placek","Apple Computer","James C. Fields","Ludwig van Beethoven","Olive Avenue","David Doerksen","LA Thibodaux"],"placeName":["San Diego","Santa Clara","Santa Monica","Burbank","Redmond","CA","WA"],"ref_url":[],"ref_bibl":[],"bibl":[]}},"ark":["ark:/67375/M70-116WP8DN-9"],"publicationDate":"1991","copyrightDate":"1991","enrichments":{"type":["refBibs","teeft","unitex"]},"doi":["10.2307/3398270"],"_id":"C679DEE2926AC54884ACBF281ACCBCF0D6163489"}