{"corpusName":"oup","keywords":{"teeft":["frisch","reger","historicist modernism","historicist","busoni","ferne klang","modernism","chorale","slow movement","fourth symphony","oratorio","forest scene","early work","last movement","bach","general issue","arnold schoenberg","visual art","musical style","piano concerto","musical technique","oratorio libretto","organ suite","musical language","chorale melody","walter frisch","fantasia contrappuntistica","late beethoven","fifth symphony","second movement","gustav mahler","musical past","wagner reference","libretto"]},"author":[{"name":"Nick Chadwick"}],"articleId":["gcl054"],"arkIstex":"ark:/67375/HXZ-XRQL0GQN-J","language":["eng"],"originalGenre":["book-review"],"qualityIndicators":{"score":6.656,"pdfWordCount":4606,"pdfCharCount":26801,"pdfVersion":1.6,"pdfPageCount":6,"pdfPageSize":"479 x 697 pts","pdfWordsPerPage":768,"pdfText":true,"refBibsNative":false,"abstractWordCount":0,"abstractCharCount":0,"keywordCount":0},"title":"German Modernism: Music and the Arts. By Walter Frisch. pp. x + 322. (University of California Press, Berkeley and Los Angeles, 2005, £29.95. ISBN 0-520-24301-3.)","genre":["book-reviews"],"host":{"title":"Music and Letters","language":["unknown"],"issn":["0027-4224"],"eissn":["1477-4631"],"publisherId":["musicj"],"volume":"87","issue":"4","pages":{"first":"658","last":"663"},"genre":["journal"],"subject":[{"value":"Reviews of Books"}]},"namedEntities":{"unitex":{"date":["1880s","1920s","2006","the nineteenth century","1890s","1930s","1706","1798"],"geogName":[],"orgName":[],"orgName_funder":[],"orgName_provider":[],"persName":["Christian Speck","Ferdinando Paers","A. Castagné","M. Chalon","August Endell","Jean Nicolas","Nietzsche","German Modernism","Ulrike Kienzle","Stephen Hefling","Walter Frisch","Peter Marcellin","Arnold Schoenberg","La Grange","La Cathédrale","Karl Henckell","German Lieder","Mona Lisa","de Chapelle","Luigi Ficieno","P. Florençon","Thomas Mann","German Romantics","Stephen E. Hefling","E. T. A. Hoffmann","Ferdinando Paer","Franz Schrekers","Bahr","S. Alessio","Gustav Mahler","Manfred Angerer","George Fox","Carlo Annibale","Pfitzner","Giovanni Bicilli","Nuremberg","Sebastiano Baldini","Reger","Frisch"],"placeName":["Foggia","Germany","Warsaw","Los Angeles","Vienna","Berkeley","Rome","Hildesheim","Palestrina"],"ref_url":[],"ref_bibl":["Schliengen, 1998","Dresden, 1804","Oxford, 1999","Castelnau-le-Lez, 2001","Berkeley and Los Angeles, 1993","Vienna, 1801","Cambridge, 1997"],"bibl":[]}},"ark":["ark:/67375/HXZ-XRQL0GQN-J"],"categories":{"wos":[],"scienceMetrix":["1 - arts & humanities","2 - visual & performing arts","3 - music"],"scopus":["1 - Social Sciences","2 - Arts and Humanities","3 - Music"]},"publicationDate":"2006","copyrightDate":"2006","enrichments":{"type":["multicat","refBibs","teeft","unitex"]},"doi":["10.1093/ml/gcl054"],"_id":"9F5B1CD1FD8C930DA4192BABBC9D6B4F8935E959"}