{"corpusName":"oup","keywords":{"teeft":["minuet","ldndler","branle","countrified","country dance","arbeau","deutsche","poitou","sachs","other hand","main section","scherzo","waltz","eighteenth century","piano sonata","mozart","serenade","second part","triple time","good society","trio","viennese","classical minuet","courtly dance","country folk","major symphony","major quartet","nineteenth century","first section","separate dance","second minuet","sixteenth century","courtly","rustic","major sonata","third french suite","minor symphony","striking contrast","middle class","typical ldndler","second half","major wind serenade","older suite","third minuet","same movement","musical entertainment","professional composition","same thing","minuet movement","elder johann strauss","orchestral minuet","popular music","court ball","up class","lower order","dance music","viennese court","sonata form","string quartet","different class","encyclopaedia britannica","professional music","older type","triple measure","scherzo manner","trio section","duple time","major piano sonata","haydn","aristocratic"]},"author":[{"name":"ERIC BLOM"}],"articleId":["XXII.2.162"],"arkIstex":"ark:/67375/HXZ-MPLHQWGV-9","language":["eng"],"originalGenre":["research-article"],"qualityIndicators":{"score":6.383,"pdfWordCount":7837,"pdfCharCount":41194,"pdfVersion":1.5,"pdfPageCount":19,"pdfPageSize":"625 x 804 pts","pdfWordsPerPage":412,"pdfText":true,"refBibsNative":false,"abstractWordCount":0,"abstractCharCount":0,"keywordCount":0},"title":"THE MINUET-TRIO","refBibs":[{"host":{"author":[{"name":"< "},{"name":"Ernest Qosson"}]}},{"author":[],"publicationDate":"1936","host":{"title":"The Fleming in Beethoven ', by Muriel Fuller","publicationDate":"1936","author":[]}}],"genre":["research-article"],"host":{"title":"Music and Letters","language":["unknown"],"issn":["0027-4224"],"eissn":["1477-4631"],"publisherId":["musicj"],"volume":"XXII","issue":"2","pages":{"first":"162","last":"180"},"genre":["journal"],"subject":[{"value":"Articles"}]},"namedEntities":{"unitex":{"date":["1788","1941","in the eighteenth century","eighteenth century","the seventeenth century","the 16th century","in the sixteenth century","the nineteenth century","1664","1815","in the nineteenth century","1650","1828","1787","the eighteenth century","the sixteenth century"],"geogName":["Ill"],"orgName":[],"orgName_funder":[],"orgName_provider":[],"persName":["Gyrowetz","Richard Strauss","Arbeau","Leslie Bridgewater","Deutsche","W. A. Mozart","Hermann Abert","Johann Caspar","Hugh Mellor","Oscar Bie","Haydn","La Reine","Johann Strauss","Alfred Einstein","Muriel Fuller","Don Giovanni","Curt Sachs","Edmund H. Fellowes","Cyril W. Beaumont","Don Juan","Beethoven","Johann Schobert","Peter Warlock","Eybler","Symphony","Quartet","Albert Cxerwiruki","Ernest Qosson","Hummel","Sonata","Mozart","H. H. Wintersgill","Divertimento"],"placeName":["Leipzig","Austria","Brussels","Rome","France","Spain","Salzburg"],"ref_url":[],"ref_bibl":["Leipzig, 1717","Milford, London, 1937","Naples, 1728","Beaumont, London, 1933","Danzig, 1678","Oxford University Press, 1936","January 1936","Mellor, London, 1933","Parma, 1803"],"bibl":[]}},"ark":["ark:/67375/HXZ-MPLHQWGV-9"],"categories":{"wos":[],"scienceMetrix":["1 - arts & humanities","2 - visual & performing arts","3 - music"],"scopus":["1 - Social Sciences","2 - Arts and Humanities","3 - Music"]},"publicationDate":"1941","copyrightDate":"1941","enrichments":{"type":["multicat","refBibs","teeft","unitex"]},"doi":["10.1093/ml/XXII.2.162"],"_id":"8911A80F3BD5C23218A54BCE6FE65A18526134D3"}