{"corpusName":"oup","keywords":{"teeft":["string quartet","instrumental composer","song composer","schubert","instrumental music","musical quarterly","chamber music","sonata form","deutsch","gretchen","earliest work","german edition","first movement","full orchestra","instrumental work","franz schubert","piano sonata","instrumental composition","otto erich deutsch","deutsch entry","greatest work","william newman","total output","last year","early work","master composer","documentary biography","thematic material","greatest interest","first entry","deutsch catalogue","solo song","instrumental form","such work","many year","sonata structure","quartet","instrumental"]},"author":[{"name":"WALTER GRAY"}],"articleId":["LXIV.4.483"],"arkIstex":"ark:/67375/HXZ-D55HZB09-4","language":["eng"],"originalGenre":["research-article"],"qualityIndicators":{"score":4.781,"pdfWordCount":4731,"pdfCharCount":25967,"pdfVersion":1.2,"pdfPageCount":12,"pdfPageSize":"434 x 669 pts","pdfWordsPerPage":394,"pdfText":true,"refBibsNative":false,"abstractWordCount":0,"abstractCharCount":0,"keywordCount":0},"title":"Schubert The Instrumental Composer","refBibs":[],"genre":["research-article"],"host":{"title":"The Musical Quarterly","language":["unknown"],"issn":["0027-4631"],"eissn":["1741-8399"],"publisherId":["musqtl"],"volume":"LXIV","issue":"4","pages":{"first":"483","last":"494"},"genre":["journal"],"subject":[{"value":"Articles"}]},"namedEntities":{"unitex":{"date":["1813","1829","1825","1814","1808","1850","the nineteenth century","1826","1811","1840","nineteenth century","the 18th and 19th Centuries","1839","1978","1897"],"geogName":[],"orgName":[],"orgName_funder":[],"orgName_provider":[],"persName":["Oliver Strunk","Leopold von Sonnleithner","Eduard von Baucrnfeld","John Nowell","Franz Schubert","Josef von Spaun","Leopold von Sonnleithnc","Otto Erich","Schubert","Quintet","Ferdinand Schubert","Ferdinand Lukas","Alfred Einstein","Gisela Spieserkotter","Eric Blom","Beethoven","Rosamond Ley","Symphonies","Antonio Salieri","Alfred Orel","Hans Gal","C. Unverdffentlichte","Quartet","Sonata","Spaun","Musical","Heinrich Kreissle","William Newman","String"],"placeName":["Frankfort","Vienna","York"],"ref_url":[],"ref_bibl":["[1829]","American Musicological Society, 1941","January, 1971","complete work, 1850"],"bibl":[]}},"ark":["ark:/67375/HXZ-D55HZB09-4"],"categories":{"wos":[],"scienceMetrix":["1 - arts & humanities","2 - visual & performing arts","3 - music"],"scopus":["1 - Social Sciences","2 - Arts and Humanities","3 - Music"]},"publicationDate":"1978","copyrightDate":"1978","enrichments":{"type":["multicat","refBibs","teeft","unitex"]},"doi":["10.1093/mq/LXIV.4.483"],"_id":"A3D24C70DCBF722498C3DC6BD8614E6FB16CFDCA"}