{"corpusName":"oup","keywords":{"teeft":["fidelio","musical quarterly","faust","successful opera","little world","second book","operatic subject","musical investiture","considerable period","lyric stage","second part","first part","beethoven","goethe"]},"author":[{"name":"OSCAR THOMPSON"}],"articleId":["X.1.13"],"arkIstex":"ark:/67375/HXZ-HJKLBW4V-2","language":["eng"],"originalGenre":["research-article"],"qualityIndicators":{"score":2.851,"pdfWordCount":2801,"pdfCharCount":15770,"pdfVersion":1.2,"pdfPageCount":8,"pdfPageSize":"445 x 669 pts","pdfWordsPerPage":350,"pdfText":true,"refBibsNative":false,"abstractWordCount":0,"abstractCharCount":0,"keywordCount":0},"title":"IF BEETHOVEN HAD WRITTEN “FAUST”","genre":["research-article"],"host":{"title":"The Musical Quarterly","language":["unknown"],"issn":["0027-4631"],"eissn":["1741-8399"],"publisherId":["musqtl"],"volume":"X","issue":"1","pages":{"first":"13","last":"20"},"genre":["journal"],"subject":[{"value":"Articles"}]},"namedEntities":{"unitex":{"date":["1813","1831","1807","1924","1808","1815","from the sixteenth century","1811","1827","1812","1828"],"geogName":[],"orgName":[],"orgName_funder":[],"orgName_provider":[],"persName":["Richard Strauss","Rudolph von Berge","Konrad Mudt","Riemann","Bayard Taylor","Till Eulenspiegel","Theodor Korner","Beethoven","Ludwig Rellstab"],"placeName":["Germany","Jerusalem","Vienna"],"ref_url":[],"ref_bibl":[],"bibl":[]}},"ark":["ark:/67375/HXZ-HJKLBW4V-2"],"categories":{"wos":[],"scienceMetrix":["1 - arts & humanities","2 - visual & performing arts","3 - music"],"scopus":["1 - Social Sciences","2 - Arts and Humanities","3 - Music"]},"publicationDate":"1924","copyrightDate":"1924","enrichments":{"type":["multicat","refBibs","teeft","unitex"]},"doi":["10.1093/mq/X.1.13"],"_id":"4CE799258D164244BDC213E3281D2E7F02A89B65"}