{"corpusName":"oup","keywords":{"teeft":["instrumental music","musical time","story line","late quartet","general public","beethoven symphony","musical logic","fifth symphony","sonata form","late music","ninth symphony","popular culture","beethoven","musical term","undiminished power","compositional device","uninterrupted criticism","unique popularity","plausible answer","uncanny connection","scholarship beethoven","formal procedure","compelling subject","scholarly inquiry","visual narrative","various fanciful effort","link music","many plausible effort","paul bekker","advance access publication january","musical quarterly","oxford university press","musical quarterly condescending","nonspecialist reading public","performance practice","baton beethoven","wagnerian ethos","scholar such","owen jander","particular narrative structure beethoven","successful effort concern","orpheus legend","fourth piano concerto","title such","good reason","certain work","ambivalent attitude","musical aesthetic","descriptive title","great length","traditional tone painting","proper object","subjective response","external reality","reductive separation","program music","absolute music","credit wagner","wide audience","harmonic color","orchestral sonority","musical syntax","rhetoric more comprehensible","visual metaphor","opening movement","dramatic argument","piano sonata","scenic element","collective attention","complex case","second half","nineteenth century","explicit program","many academic","amateur circle","intense admiration","late romanticism","audible transparency","formal inventiveness","late beethoven work","musical modernism","second viennese school","late beethoven","wide range","concert repertory","concert canon","leon botstein","persuasive appropriation","period instrument movement","creditable effort","orchestral performance","decisive shift","period instrument","romantic interpretation","particular source","negative reaction","heinrich schenker","massive monograph","performance approach","illiterate public","performance strategy","coherent dramatic","spiritual narrative debased","true nature","inherent logic","commonplace rejection","nonmusical meaning","thomas doctor faustus","bourgeois respectability","bizarre behavior","uncompromising personality","ideal model","apparent failure","true creative","romantic conceit","narrative intent","musical quarterly movie","copying beethoven","modern scholarship","social ambition","other trait","outsider pale","iconic painting","caspar david friedrich","vast expanse","public imagination","revisionist scholarship","sketch study","second world","performance history","revelatory less","closer scrutiny","special issue","twentieth century","latter group point","beethoven reception","closer intersection","massive beethoven sculpture","olympian portrait","opulent stone","secession exhibit","gustav klimt","major cultural event","ongoing cottage industry","beethoven scholarship","major shift","daunting profundity","philosophical musing","undiscovered archival material","musical structure","current performance habit","more expansive","free reading","persuasive manner","untutored listener","compelling story","music appeal","emotional imagination","little connection","authorial intentionality","particular cultural inheritance","unusual concert","bard conservatory orchestra","male inmate","york correctional facility","orchestra performance","york state","richard strauss","much spontaneous response","whole story","opening bar","entire work","larger historical"]},"author":[{"name":"Leon Botstein","affiliations":["E-mail: zedlache@bard.edu"]}],"articleId":["gdq023"],"arkIstex":"ark:/67375/HXZ-TPTGJL68-V","language":["eng"],"originalGenre":["other"],"qualityIndicators":{"score":3.185,"pdfWordCount":1802,"pdfCharCount":10997,"pdfVersion":1.5,"pdfPageCount":5,"pdfPageSize":"504 x 720 pts","pdfWordsPerPage":360,"pdfText":true,"refBibsNative":false,"abstractWordCount":0,"abstractCharCount":0,"keywordCount":0},"title":"Why Beethoven?","genre":["other"],"host":{"title":"The Musical Quarterly","language":["unknown"],"issn":["0027-4631"],"eissn":["1741-8399"],"publisherId":["musqtl"],"volume":"93","issue":"3-4","pages":{"first":"361","last":"365"},"genre":["journal"]},"namedEntities":{"unitex":{"date":["2009","the nineteenth century","2011-01-03","1820s","in the twentieth century"],"geogName":[],"orgName":[],"orgName_funder":[],"orgName_provider":[],"persName":["Richard Strauss","Heinrich Schenker","Paul Bekker","Thomas Mann","Max Klinger","David Friedrich","Gustav Klimt"],"placeName":["Vienna","York"],"ref_url":[],"ref_bibl":["October 2010"],"bibl":[]}},"ark":["ark:/67375/HXZ-TPTGJL68-V"],"categories":{"wos":[],"scienceMetrix":["1 - arts & humanities","2 - visual & performing arts","3 - music"],"scopus":["1 - Social Sciences","2 - Arts and Humanities","3 - Music"]},"publicationDate":"2010","copyrightDate":"2011","enrichments":{"type":["multicat","refBibs","teeft","unitex"]},"doi":["10.1093/musqtl/gdq023"],"_id":"0CA7AA1336B6DA21FA3859E4C930F38AA85A8138"}