{"corpusName":"oup","keywords":{"teeft":["cyclic","coda","nale","frage","thematic","proust","gure","trans","guration","wahr","thing past","fugato","nally","marcel proust","mendelssohn","reprise","slow movement","cyclic form","second subject","subdominant","ongoing","cambridge university press","oxford university press","studien","musical quarterly","cyclicism","fugal","intermezzo","second movement","temporality","kohlhase","charles rosen","quartet","recitative","bergson","main theme","felix mendelssohn bartholdy","second theme","second half","musical form","third movement","piano sonata","thematic strand","han kohlhase","cyclic procedure","late beethoven","ongoing development","douglas seaton","whole work","other word","nineteenth century","marcel","remembrance","cyclical","grace note","friedhelm krummacher","multilevel cyclic structure","in movement","cesar franck","laaber verlag","expressive implication","romantic generation","entire work","psychological journey","bar present","individual movement","thematic substance","first symphony","opening adagio","opening movement","adagio","variant","material object","thematic variant","first subject","internal movement","successful resolution","expressive quality","minor scale","thematic idea","musical process","internal thematic","emotional world","other variant","main course","different theme","individual identity","aesthetic layer","musical quarterly example","principal segment","second segment","tail segment","last movement","recitative opening","more complex","partial synthesis","fugato subject","initial problem","immanent process","time signature","marxian programmatic music","ideal world","same world","thematic technique","musical language","emotional journey","opening bar","home tonality","last bar","audible experience","reinhart koselleck","cyclic work","subjective condition","thematic process","temp perdu","internal link","clear recollection","clive brown","sebastian hensel","adagio introduction","cyclic frame","fugitive experience","anne henry","early quartet","authorial intention","john michael cooper","jonathan kramer","california press","music letter","different movement","harper collins","instrumental music","cyclic integration","felix mendelssohn","musical history","ludwig finscher","pure reason","multiple time","late quartet","strukturelle parallelen","seine zeit","christian martin schmidt","late work","penguin book","harvard university press","cyclic principle","spate beethoven","christopher reynolds","early work","poetic content","princeton university press","henri bergson","george allen","instrumental work","terence kilmartin","jean santeuil","rosen","quarterly","strand","quotation"]},"author":[{"name":"Benedict Taylor","affiliations":["E-mail: bt@alumni.princeton.edu"]}],"articleId":["gdp025"],"arkIstex":"ark:/67375/HXZ-MHS58M1F-8","language":["eng"],"originalGenre":["research-article"],"qualityIndicators":{"refBibsNative":false,"abstractWordCount":0,"abstractCharCount":0,"keywordCount":0,"score":6.383,"pdfWordCount":16090,"pdfCharCount":93148,"pdfVersion":1.5,"pdfPageCount":45,"pdfPageSize":"504 x 720 pts","pdfWordsPerPage":358,"pdfText":true},"title":"Cyclic Form, Time, and Memory in Mendelssohn's A-Minor Quartet, Op. 13","genre":["research-article"],"host":{"title":"The Musical Quarterly","language":["unknown"],"issn":["0027-4631"],"eissn":["1741-8399"],"publisherId":["musqtl"],"volume":"93","issue":"1","pages":{"first":"45","last":"89"},"genre":["journal"]},"namedEntities":{"unitex":{"date":["in the nineteenth and twentieth centuries","2010-02-01","in the 19th century","twentieth century","1820s","in the nineteenth century","nineteenth century","1830s"],"geogName":[],"orgName":["Princeton University","Germany, and the United States","Harvard University","Oxford University","Humboldt University","Humboldt Research Fellow","Yale University"],"orgName_funder":[],"orgName_provider":[],"persName":["John Passion","Johann Heinrich","Richard Strauss","Grace","Douglass Seaton","Karol Berger","James Garratt","Terence Kilmartin","Adolf F. Dahlgren","Co","Carolyn Abbate","Arthur Mitchell","Henry G. Bohn","Ludwig Finscher","Judith Silber","G. Droysen","William S. Palmer","Christian Martin","Thomas Grey","Harold Bloom","John Weightman","J. M. Dent","Jonathan Kramer","Philip Radcliffe","Koselleck","Immanuel Kant","Florian Cajori","James Webster","Friedrich Bassenger","E. Katzbichler","M. de Charlus","Andrew Motte","Felix Mendelssohn-Bartholdy","Friedrich Schlegel","A. B. Marx","Joseph Kerman","Ingrid Wassenaar","Charles Rosen","Adolf Lindblad","Scott Burnham","Marcel Proust","Derrick Puffett","Jean Santeuil","Nicholas Cook","Nancy M. Paul","Gustav Mahlers","German Music","Warren Darcy","Martin Schmidt","Henry Holt","Hans Keller","Greg Vitercik","Klaus Hinrich","Works","Thomas Schmidt-Beste","Carl Mendelssohn","Ian Bent","Wulf Konold","Cesar Franck","Isaac Newton","William Austin","Peter Rummenholler","Proustian","Doreen Weightman","Gustav Droysen","Hermann Mendelssohn","Diana Deutsch","Peter Heath","K. F. Reinhard","W. Voss","Anthony Newcomb","Larry Todd","Nicholas Marston","A. Phillips","Johann Gustav","Carl Dahlhaus","Felix Mendelssohn","H. Voss","J. N. Voss","Gottlieb Herder","Hans Kohlhase","Adolf Fredrik","Michael Cooper","Eric Clarke","Time Regained","Henri Bergson","Peter Ward","Walter Pater","Jean-Jacques Nattiez","F. W. J. von Schelling","Daniel Chua","Quartet","Felix Mendelssohn-Bartholdys","Julie D. Prandi","Anne Henry","Philip Kolb","Hans Hubert","Allen W. Wood","Ellen J. Millington","Thomas Ott","George Allen","James Buhler","Christopher Reynolds","Frank L. Pogson","James Hepokoski","Mathias Thomas","Donald Mintz","Heinz von Loesch","Michael Steinberg","Op","B. Behr","C. K. Scott","Keith Tribe","D. Kern","Marc-Andre Souchay","C. W. Bottiger","W. W. Norton","Paul Guyer","Marie Scheikevitch","Claude Levi","An Essay"],"placeName":["Leipzig","Philadelphia","San Diego","Munich","Newark","CT","Britain","CA","York","MA","Cambridge","New Haven","Auch","PA"],"ref_url":[],"ref_bibl":["New York: Harper & Row, 1969","Charlottesville: University of Virginia Press, 1978","New York: Schirmer, 1988","London: Oswald Wolff, 1976","Stuttgart: M & P Verlag fur ¨ Wissenschaft und Forschung, 1996","Cambridge: Cambridge University Press, 1982","Berlin: Aufbau-Verlag, 1955","Cambridge: Cambridge University Press, 1993","Stockholm: Albert Bonnier, 1913","Harmondsworth: Penguin Books, 1985","New York: Oxford University Press, 1973","Cambridge: Cambridge University Press, 1998","Oxford: Oxford University Press, 1990","Paris: Klincksieck, 1981","Munich: Wilhelm Fink Verlag, 1978","Cambridge: Cambridge University Press, 1992","Augsburg: Wissner, 1996","Wilhelmshaven: Heinrichshofen, 1980","Gordon and Breach, 1992","Kassel and Stuttgart: Barenreiter Verlag, 1998","London: Hogarth Press, 1984","Gottingen: Hubert, 1972","Berkeley and Los Angeles: University of California Press, 2007","Cambridge: Cambridge University Press, 1991","Berlin: Studio, 2000","London: Harper Collins, 1992","Cambridge: Cambridge University Press, 1996","September 1827","London: George Allen and Unwin, 1911","New York: Oxford University Press, 2006","New York: Schirmer, 1996","Laaber: Laaber Verlag, 1990","Cornell University, 1960","Laaber: Laaber Verlag, 1984","University of Cambridge, 2006","Cambridge: Cambridge University Press, 1989","London: Harper Collins, 1996","New York: Oxford University Press, 1975","Berkeley: University of California Press, 1962","Oxford: Oxford University Press, 1975","Laaber: Laaber Verlag, 1983","Oxford: Oxford University Press, 1986","Harmondsworth: Penguin Books, 1981"],"bibl":[]}},"ark":["ark:/67375/HXZ-MHS58M1F-8"],"categories":{"wos":[],"scienceMetrix":["1 - arts & humanities","2 - visual & performing arts","3 - music"],"scopus":["1 - Social Sciences","2 - Arts and Humanities","3 - Music"]},"publicationDate":"2010","copyrightDate":"2010","enrichments":{"type":["multicat","refBibs","teeft","unitex"]},"doi":["10.1093/musqtl/gdp025"],"_id":"C7781D5875B7745B713ED54DCBA0C3B0A7B154A5"}