{"corpusName":"oup","keywords":{"teeft":["malines","cornelius","antwerp","kapellmeister","aerde","liege","same time","archive","fischer","grandfather beethoven","musical quarterly","johann","court painter","beethoven family","eighteenth century","beethoven"]},"author":[{"name":"ERNEST CLOSSON","affiliations":["Brussels"]}],"articleId":["XIX.4.367"],"arkIstex":"ark:/67375/HXZ-10W79S0K-5","language":["eng"],"originalGenre":["research-article"],"qualityIndicators":{"score":2.279,"pdfWordCount":2229,"pdfCharCount":12397,"pdfVersion":1.3,"pdfPageCount":8,"pdfPageSize":"470 x 703 pts","pdfWordsPerPage":279,"pdfText":true,"refBibsNative":false,"abstractWordCount":0,"abstractCharCount":0,"keywordCount":0},"title":"GRANDFATHER BEETHOVEN","genre":["research-article"],"host":{"title":"The Musical Quarterly","language":["unknown"],"issn":["0027-4631"],"eissn":["1741-8399"],"publisherId":["musqtl"],"volume":"XIX","issue":"4","pages":{"first":"367","last":"373"},"genre":["journal"],"subject":[{"value":"Articles"}]},"namedEntities":{"unitex":{"date":["1708","1860","eighteenth century","1733","1767","1712","1933","1731","1787","1927","1684","the seventeenth and eighteenth centuries"],"geogName":[],"orgName":[],"orgName_funder":[],"orgName_provider":[],"persName":["van Aerde","Van Aerde","A. Pols","Leon de Burbure","Bach","Maria Magdalena","Michael van Beethoven","Louis van Beethoven","Cipriano de Rore","Wegeler","Johann van Beethoven","Ludwig","Gustave Reese","Maria Poll","R. van Aerde","Josepha Poll","Malines","Philippe de Monte"],"placeName":["Germany","Munich","Antwerp","Bonn","Austria","Brussels","Vienna","Spain","Liege","Belgium","Netherlands"],"ref_url":[],"ref_bibl":["After the oil-painting by Radons, 1712"],"bibl":[]}},"ark":["ark:/67375/HXZ-10W79S0K-5"],"categories":{"wos":[],"scienceMetrix":["1 - arts & humanities","2 - visual & performing arts","3 - music"],"scopus":["1 - Social Sciences","2 - Arts and Humanities","3 - Music"]},"publicationDate":"1933","copyrightDate":"1933","enrichments":{"type":["multicat","refBibs","teeft","unitex"]},"doi":["10.1093/mq/XIX.4.367"],"_id":"F518D59D3050B1B502E6E89ACBD9E894A4EC407E"}