{"corpusName":"oup","keywords":{"teeft":["antonie","karl josef","beethoven forum","brentano","music letter","platonic lover","antonie brentano","immortal beloved","folksong setting","lund","total lack","barry cooper","william meredith","immortal beloved letter","other explanation","beethoven compendium","second edition","karl illness","storrs conference","josef","franz"]},"author":[{"name":"SUSAN LUND","affiliations":["Old Hall House, Little Lane, Melbourn, Royston, Herts. SG8 6BU"]}],"articleId":["78.3.476b"],"arkIstex":"ark:/67375/HXZ-756MMFCF-9","language":["eng"],"originalGenre":["letter"],"qualityIndicators":{"score":2.148,"pdfWordCount":2098,"pdfCharCount":11513,"pdfVersion":1.2,"pdfPageCount":3,"pdfPageSize":"458 x 703 pts","pdfWordsPerPage":699,"pdfText":true,"refBibsNative":false,"abstractWordCount":0,"abstractCharCount":0,"keywordCount":0},"title":"Barry Cooper replies:","genre":["article"],"host":{"title":"Music and Letters","language":["unknown"],"issn":["0227-4224"],"eissn":["1477-4631"],"publisherId":["musicj"],"volume":"78","issue":"3","pages":{"first":"476-b","last":"478"},"genre":["journal"],"subject":[{"value":"CORRESPONDENCE"}]},"ark":["ark:/67375/HXZ-756MMFCF-9"],"publicationDate":"1997","copyrightDate":"1997","enrichments":{"type":["refBibs","teeft"]},"doi":["10.1093/ml/78.3.476-b"],"_id":"E2BEB216859B95A36CAE99FD94A398F94C294A73"}