{"corpusName":"sage","keywords":{"teeft":["synthesizer","music educators","musicord publications","charles ives","tone production","grace hawthorne","revolutionary ideas","prospective teachers","tuneful varieties","popular demand","good collection","radio tunes","chord symbols","georges bermont books","david hirschberg selections","outstanding composers","technical studies","keyboard facility","good teaching","david hirschberg","books hand","ideal library","nearest dealer","free catalogue","staten island","newsletters teaching guide jane beethoven carmanmoore","extra newsletters","subscription period","orderpipeline today","silverburdett company","important difference","rough handling","paper wrappers","cardboard cartons","mail copies","bulk shipments","such economy steps","other sorts","editorial quality","sufficient number","special issues","recent ones","ethnic music","open education","outstanding collection","right choices","mailing alterations","professional journal","second symphony","excellent vehicle","american paintings","edward hopper","norman rockwell","grant wood","andrew wyeth","archibald possibilities","grandma moses","thomas statue","capitol dome","thanksgiving turkey","simultaneous presentation","aural information","linda mankin assistant professor","music foothill college","altos hills","california comments","gary spellissey","excellent article","music educator","many clinics","several educators","progressive teachers music","good percussion section","collins bandmaster","spellissey quotes","definite method","band directors","nondrumming teachers","handling music","school systems need","college band","young player","past years","teaching percussionists","best roll","practical roll","study period","roll sound","basic studies","same time","buzz rolls","first lesson","rudimental strokes","music organization","proper development","level task","considerable wrist control","acceptable roll sound","early school music performance groups","roll development","important point","rhythmic values","final step","other instrumentalists","finest music","daily exercise","complete command","music pottstown","playable arrangements","poignant facets","young people","original classics","young person","british subject","happy blend","courtly dance","comic elegance","instrumental parts","local music store","trigon music preview copy","trigon music","school letterhead","hayes street nashville","true interpretation","synthesizer everything","understanding synthesizers","simple instrument","precise control","electroic usic aboratories","infinite number","exciting instrument","free copy","percussion education","former percussionist","careless mistake","spellisseywas tryingto","single roll","welcome extension","music split warren","prince november","authentic editing","high schools"]},"author":[{"name":"Myron D. Collins","affiliations":["Bandmaster San Diego Military Academy Del Mar, California"]},{"name":"William J. Schinstine","affiliations":["S & S School of Music Pottstown, Pennsylvania"]}],"articleId":["10.1177_002743217506100601"],"arkIstex":"ark:/67375/M70-H72KZQNX-9","language":["eng"],"originalGenre":["other"],"qualityIndicators":{"score":3.518,"pdfWordCount":1506,"pdfCharCount":9470,"pdfVersion":1.6,"pdfPageCount":2,"pdfPageSize":"612 x 861 pts","refBibsNative":false,"abstractWordCount":1,"abstractCharCount":0,"keywordCount":0},"title":"Comments on Rolllllllllll","genre":["other"],"host":{"title":"Music Educators Journal","language":["unknown"],"issn":["0027-4321"],"eissn":["1945-0087"],"publisherId":["MEJ"],"volume":"61","issue":"6","pages":{"first":"18","last":"22"},"genre":["journal"]},"namedEntities":{"unitex":{"date":["1974","1975","in the 18th, 19th and 20th centuries"],"geogName":[],"orgName":["Music Foothill College Los Altos Hills, California Comments on Rolllllllllll I"],"orgName_funder":[],"orgName_provider":[],"persName":["Norman Rockwell","Professor","Warren F. Prince","Gary Spellissey","Grant Wood","Buryl Red","Jane Beethoven","J. Spellissey","Andrew Wyeth","Archibald Willard","Grace Hawthorne","H.Vernon","Charles Ives","Schinstine","Thomas Crawford","Reginald Catches","Edward Hopper"],"placeName":["San Diego","Paris","Columbia","Gary","Turkey","Nashville","American","Pottstown"],"ref_url":[],"ref_bibl":[],"bibl":[]}},"ark":["ark:/67375/M70-H72KZQNX-9"],"publicationDate":"1975","copyrightDate":"1975","enrichments":{"type":["refBibs","teeft","unitex"]},"doi":["10.1177/002743217506100601"],"_id":"A02B9CD62D0623A2DAAE8D42954CD95711C4CC51"}