{"corpusName":"oup","keywords":{"teeft":["alle","fidelio","sich","welche","oper","haben","euch","alles","werk","nicht","good people","beethoven document","ware","weber"]},"author":[{"name":"WILLI REICH"}],"articleId":["XXVII.4.248"],"arkIstex":"ark:/67375/HXZ-1PH5QDQ8-6","language":["eng"],"originalGenre":["research-article"],"qualityIndicators":{"score":2.096,"pdfWordCount":2046,"pdfCharCount":10737,"pdfVersion":1.3,"pdfPageCount":3,"pdfPageSize":"626 x 810 pts","pdfWordsPerPage":682,"pdfText":true,"refBibsNative":false,"abstractWordCount":0,"abstractCharCount":0,"keywordCount":0},"title":"A FORGOTTEN BEETHOVEN DOCUMENT","genre":["research-article"],"host":{"title":"Music and Letters","language":["unknown"],"issn":["0027-4224"],"eissn":["1477-4631"],"publisherId":["musicj"],"volume":"XXVII","issue":"4","pages":{"first":"248","last":"250"},"genre":["journal"],"subject":[{"value":"Articles"}]},"namedEntities":{"unitex":{"date":["1946","1792","1892"],"geogName":[],"orgName":[],"orgName_funder":[],"orgName_provider":[],"persName":["Ludwig Achim","Theodor Frimmel","Anna Milder-Hauptmann","Oswald Schrenk","Beethoven","Julius Kapp","Adolf Weissmann","German Philistinism","Schultz"],"placeName":["Leipzig","Berlin","Vienna","Auch","St. Vitus"],"ref_url":[],"ref_bibl":[],"bibl":[]}},"ark":["ark:/67375/HXZ-1PH5QDQ8-6"],"categories":{"wos":[],"scienceMetrix":["1 - arts & humanities","2 - visual & performing arts","3 - music"],"scopus":["1 - Social Sciences","2 - Arts and Humanities","3 - Music"]},"publicationDate":"1946","copyrightDate":"1946","enrichments":{"type":["multicat","refBibs","teeft","unitex"]},"doi":["10.1093/ml/XXVII.4.248"],"_id":"088889527AA12DA0C14ED5C8AD35FC04C363EC45"}