{"corpusName":"cambridge","author":[{"name":"Michael Graubart"}],"arkIstex":"ark:/67375/6GQ-N3394SGM-T","language":["eng"],"originalGenre":["research-article"],"abstract":"What are twelve-note rows really for? ‘…I don't need to use serialism to…achieve a unity between the motifs’ says David Matthews in his interview with Mark Doran (Tempo, Vol. 57, No. 223, January 2003, p.11); and most composers would say the same. After all, the motifs and themes of the first movement of Schubert's Third Symphony are so integrated that even the accompanimental cliché of repeated quaver chords turns out to be motivic and the whole of the ‘Unfinished’ is based dialectically on the tonic and dominant versions of a single three-note motif and their sublation. And in his Ninth symphony, Beethoven manages to base not only themes but key-successions, too, on a basic group of four notes and finally even creates that shattering dissonance at the start of the finale out of a simultaneous sounding of its notes. Or is that already proto-serialism?","qualityIndicators":{"score":6.392,"pdfWordCount":2664,"pdfCharCount":14717,"pdfVersion":1.4,"pdfPageCount":5,"pdfPageSize":"510 x 717 pts","refBibsNative":false,"abstractWordCount":144,"abstractCharCount":864,"keywordCount":0},"title":"PERENNIAL QUESTIONS","pii":["S0040298203000238"],"genre":["research-article"],"host":{"title":"Tempo","language":["unknown"],"issn":["0040-2982"],"eissn":["1478-2286"],"publisherId":["TEM"],"volume":"57","issue":"225","pages":{"first":"32","last":"36","total":"5"},"genre":["journal"]},"ark":["ark:/67375/6GQ-N3394SGM-T"],"categories":{"inist":["1 - sciences humaines et sociales"]},"publicationDate":"2003","copyrightDate":"2003","enrichments":{"type":["nb","refBibs"]},"doi":["10.1017/S0040298203000238"],"_id":"E29DFEF498BF6FC0C5CAB04A52B9A4CBCF03C3A1"}