{"corpusName":"oup","keywords":{"teeft":["brentano","antonie","birkenstock","bettina","savigny","september","october","august","arnim","clemens brentano","brentanos","january","july","franz","brentano family","june","simrock","immortal beloved","february","antonie brentano","sophia brentano","steig","toni","otto jahn","clemens","bishop sailer","birkenstock house","ludwig nohl","antonia brentano","beethoven","desolate moment","brentano house","reinhold steig","stuttgart berlin","young antonie","bettina brentano","missa solemnis","friendly relation","sincere regard","first year","undated letter","birkenstock collection","archduke rudolph","theodor frimmel","pure intention","beautiful thing","late correspondence","native city","toni brentano","frankfurt"]},"author":[{"name":"MAYNARD SOLOMON"}],"articleId":["58.2.153"],"arkIstex":"ark:/67375/HXZ-20BMPKCP-L","language":["eng"],"originalGenre":["research-article"],"qualityIndicators":{"score":5.05,"pdfWordCount":7819,"pdfCharCount":43371,"pdfVersion":1.3,"pdfPageCount":17,"pdfPageSize":"420 x 706 pts","pdfWordsPerPage":460,"pdfText":true,"refBibsNative":false,"abstractWordCount":0,"abstractCharCount":0,"keywordCount":0},"title":"ANTONIE BRENTANO AND BEETHOVEN","refBibs":[{"host":{"title":"Gesammelte SchnfUn, viii. 163. See also Clemens' letter of","publicationDate":"1811-01","author":[]}},{"title":"For the relevant documents, see Letters, ii. 944ff.,968 ff., iii. 989, 1014 ff 10-62; Beethmen- Brufe an Jfuolaus Simrock The negotiations also led to the termination of Beethoven's lifelong association with Simrock","author":[{"name":"Erich,H Mqller"},{"name":"Simock Beethoven Und Simrock '"},{"name":" Jahrhiuh"},{"name":" Berlin"}],"publicationDate":"1909","host":{"title":"November 1810 to the brothers Grimm, cited in Reinhold Steig","publicationDate":"1909","author":[],"pages":{"first":"136","last":"53"}}},{"host":{"title":"Beethoven as 1 Knew Him, p. 259. The letter has not survived","author":[]}}],"genre":["research-article"],"host":{"title":"Music and Letters","language":["unknown"],"issn":["0027-4224"],"eissn":["1477-4631"],"publisherId":["musicj"],"volume":"58","issue":"2","pages":{"first":"153","last":"169"},"genre":["journal"],"subject":[{"value":"Articles"}]},"namedEntities":{"unitex":{"date":["1799","1788","1820","1807","1795","1814","1894","1803","1819","1821","1808","1810","1850","1792","1822","1820s","1862","1811","1800","1797","1816","1977","1805","1823","1812","1801","1868","1817","1806","1794"],"geogName":["Rhine"],"orgName":[],"orgName_funder":[],"orgName_provider":[],"persName":["D. W. MacArdle","Leopold Schmidt","Wilhelm Schellberg","Ludwig Nohl","Toni Brentano","Maria von Steinle","Joseph Carl","Anton Schindler","Josefa Ludovica","G. Gugitz","Paul Miej","Antonia Brentano","Otto Jahn","O. G. Sonneck","Friedrich Fuchs","Adolf Bach","Michael Sailer","Franz Brentano","H. von Schrdtter-Firnhaber","Achim von Arnim","Toni von Brentano","Sophia Brentano","Karl Josef","Elliot Forbes","Achim von Armm","Joseph Merkel","Ludwig Grimm","Wilhelm Grimm","Anton Bihler","Bettina von Arnim","H. Riemann","W. P. Webster","G. L. Kohlbacher","Theodor Frimmel","Emily Anderson","A. W. Thayer","Carolina Josefa","I. von Gerning","Paula Maria","Arthur Rickd","Joseph von Sonnenfels","Maria Josef","MacArdle","Ingrid Scheib","Leopold von Hay","Marie Lipsius","Bettina","Hans Halm","Alexander Meyer","Antonia von Brentano","Maximiliane Euphrojyne","Bettina Brentano","Sophie Mereau","Franz Melchior","Antonie Brentano","T. A. C. Prestel","Franz","H. E. Krehbiel","A. C. Kalischer","Franz Griffer","Hubert Schiel","Wolfgang Frilhwald","Ludwig van Beethoven","Edward von Steinle","Joseph Schmidt-Gflrg","Maria Andrea","Baptist Bach","Heinz Amdung","A. Niedermayer","H. Deiten","La Mara","Karl von Savigny","Johannes B. Did","Karl Theodor","Senator","Gustav Konrad","Antonie","Johanna Antonia","Edward Steinle","Thayer","Constantin von Wurxbach","Alan Tyson","Jahn","Arnim","George Kinsley","Reinhold Steig","Peter Anton"],"placeName":["Leipzig","Linz","Paris","Germany","Frankfurt/Main","Munich","Jena","Heidelberg","Bonn","Stuttgart","Cologne","Europe","Vienna","Frankfurt","Neuss","York","Landshut","Weimar","Vaterstadt","Mainz","St. Stephen","Salzburg"],"ref_url":[],"ref_bibl":["Leipzig, 1877","Leipzig, 1908","July and August, 1812","Frankfurt, 1961","Freiburg im Brrisgau, 1877","July 1802","Boston, 1870","May 1810","Frankfurt am Main, 1855","June 1809","Munich, 1909","September 1816","August 1854","Freiburg im Breisgau, 1897","March 1823","November 1812","Berlin, 1929","Vienna, 1856","Munich, 1924","June 1823"],"bibl":[]}},"ark":["ark:/67375/HXZ-20BMPKCP-L"],"categories":{"wos":[],"scienceMetrix":["1 - arts & humanities","2 - visual & performing arts","3 - music"],"scopus":["1 - Social Sciences","2 - Arts and Humanities","3 - Music"]},"publicationDate":"1977","copyrightDate":"1977","enrichments":{"type":["multicat","refBibs","teeft","unitex"]},"doi":["10.1093/ml/58.2.153"],"_id":"4E7DB5BA4482A303B24FABBB42211B8700978C33"}