{"corpusName":"sage","keywords":{"teeft":["bicentenary","various periods","stamp","beethoven","postage stamps","beethoven stamps","different countries","charity stamps","artistic interpretations","historical overview","music contributions","general insight","many countries","profound influence","arts unit","beethoven stamp","displays signature","international music festival","music library staff member","first beethoven stamp","face value","needy musicians","lively eyes","lines round","sculptor franz klein","plaster mask","considerable difficulty","first attempt","exact study","facial characteristics","fortytwo years","bonn einweihung derbi","beethoven hall","rhine river","other german composers","souvenir sheet","right gable","second floor","modest building","building today house","beethoven archiv","joseph neesen","market countries","stamp hints","regular postage stamps","hellas evlm","colorful depiction","piano sonata","count franz","republioue niger","other beethoven portraits","beethoven bicentenary","viennese suburb","healthful waters","janos pasztor","music festival","last piano","viennese piano maker","konrad graf","deaf composer","triple strings","other pianos","general tendency","josephstadt theater","wellingtons sieg","title page","first edition","piano score","prima donna henriette sontag","second stamp","first performance","third stamp","young beethoven","johann neidl","gandolph ernst stainhauser","piano works","former monastery buildings","alser vorstadt","spanish monks","black cassocks","franz st6ber","funeral procession","wdihringer cemetary","rbehtaovr beed","joseph danhauser","death mask","inner ears","modern bonn"]},"author":[{"name":"David Guang-chih Shaw","affiliations":["Music library staff member at the University of Colorado in Boulder."]}],"articleId":["10.2307_3395490"],"arkIstex":"ark:/67375/M70-7X12G9S7-R","language":["eng"],"originalGenre":["research-article"],"qualityIndicators":{"score":3.168,"pdfWordCount":1156,"pdfCharCount":8060,"pdfVersion":1.6,"pdfPageCount":5,"pdfPageSize":"594 x 879 pts","refBibsNative":false,"abstractWordCount":1,"abstractCharCount":0,"keywordCount":0},"title":"Beethoven and the Postage Stamp","genre":["research-article"],"host":{"title":"Music Educators Journal","language":["unknown"],"issn":["0027-4321"],"eissn":["1945-0087"],"publisherId":["MEJ"],"volume":"64","issue":"8","pages":{"first":"52","last":"56"},"genre":["journal"]},"namedEntities":{"unitex":{"date":["1818","1825","1819","1804","1838","1800","1786","1816","1812","1817","1978"],"geogName":["Nussdorf"],"orgName":[],"orgName_funder":[],"orgName_provider":[],"persName":["Janos Pasztor","Ernst Stainhauser","Joseph Danhauser","Beethoven","Henriette Sontag","Franz von Brunswick","Ludwig van Beethoven","Franz St","Konrad Graf"],"placeName":["Germany","Greece","Vorstadt","BONN","Mexico","Dominica","Bonn","Austria","St. Stephan","Josephstadt","Niger","Suriname","Rwanda","Vienna","France","Russia","Albania","Hungary","Heiligenstadt","Boulder"],"ref_url":[],"ref_bibl":[],"bibl":[]}},"ark":["ark:/67375/M70-7X12G9S7-R"],"publicationDate":"1978","copyrightDate":"1978","enrichments":{"type":["refBibs","teeft","unitex"]},"doi":["10.2307/3395490"],"_id":"B2EAF3BF73E8854AD6A44CA4F6DBD96844E54829"}