{"corpusName":"oup","keywords":{"teeft":["joachim","violin concerto","marteau","artistic taste","beethoven concerto","great violinist","technical direction","uncritical imitation","first movement","solo violin","violinist","present sense","wine business","solo violinist","private band","maturest work","young wife","young paganini","local reputation","great brilliance","conception necessary","rasoumovsky quartet","poor platform manner","uncertain performance","invaluable qualification","reliable technique","phenomenal memory","indescribable delicacy","perfect technique","difficult passage","real spirit","general level","adverse comment","serious critic","particular type","outstanding work","real struggle","musical germany","violinistic centre","berlin hochschule","best training","artistic violin","chief violin teaching post","endless repetition","henri marteau","european concert life","first time","numerous edition","famous soloist","greatest interest","teaching profession exercise","immense influence","innumerable violin teacher","technical guidance","particular form","phrase interpretation","thoughtless misconception","mental interpretation","mere imitator","requisite knowledge","executive artist","commonplace passage","secondary importance","great respect","original manuscript","important foundation","essential structure","inexperienced player","extraordinary faith","eminent artist","albebt jabost","main edition","editing violin music","violinistic experience","good sense","teacher spehr","stereotyped model","violin part","unessential difference","dynamic indication","musical development","difference joachim marteau","larghetto david phrase","solo violin weave round","passage tho","complete misunderstanding","third movement","solo part","traditional misprint","final crotchet","8tudy violin concerto","many mistake","up part","correct phrasing","piano part","lower octave","piano technique","right hand","pure music","interesting example","octave 6cale","interpretative artist","especial dynamic mark","marteau mark","professor moser","bar further","forte chord","mere suggestion","whole climax","many similar example","many change","cheap effect","joachim ffive","taste hallowed","pointless rough","violin work","piano literature","excellent edition","particular quality indispensable","musical knowledge","independent instinct","sure sense","actual effect","intelligent teacher","many possible interpretation","interpretation count","certain idea","faulty punctuation hide","musical work","firm outline","clear unequivocal idea","masterly performance","austere grandeur","modern spirit","wise different","unfortunate violinist","violin teacher","little short","study classical work","need considerable knowledge","actual practice","necessary course","classical work","more grasp","essential connection","tone quality","independent interpretation","unaided study","classical masterpiece","good taste","technical ability","positive knowledge","great musician","individual subtlety","definite limit","composer set","legato slur","thematic development","harmonic basis","actual theme"]},"author":[{"name":"ALBERT JAROSY"}],"articleId":["XV.4.329"],"arkIstex":"ark:/67375/HXZ-4BN0JBGW-V","language":["eng"],"originalGenre":["research-article"],"qualityIndicators":{"score":1.985,"pdfWordCount":1935,"pdfCharCount":10747,"pdfVersion":1.2,"pdfPageCount":7,"pdfPageSize":"448 x 698 pts","pdfWordsPerPage":276,"pdfText":true,"refBibsNative":false,"abstractWordCount":0,"abstractCharCount":0,"keywordCount":0},"title":"THREE EDITIONS OF BEETHOVEN'S VIOLIN CONCERTO","genre":["research-article"],"host":{"title":"Music and Letters","language":["unknown"],"issn":["0027-4224"],"eissn":["1477-4631"],"publisherId":["musicj"],"volume":"XV","issue":"4","pages":{"first":"329","last":"335"},"genre":["journal"],"subject":[{"value":"Articles"}]},"namedEntities":{"unitex":{"date":["1934","1806"],"geogName":[],"orgName":[],"orgName_funder":[],"orgName_provider":[],"persName":["Moser","Beethoven","Joachim Marteau","Henri Marteau"],"placeName":["Leipzig","Germany","Vienna"],"ref_url":[],"ref_bibl":[],"bibl":[]}},"ark":["ark:/67375/HXZ-4BN0JBGW-V"],"categories":{"wos":[],"scienceMetrix":["1 - arts & humanities","2 - visual & performing arts","3 - music"],"scopus":["1 - Social Sciences","2 - Arts and Humanities","3 - Music"]},"publicationDate":"1934","copyrightDate":"1934","enrichments":{"type":["multicat","refBibs","teeft","unitex"]},"doi":["10.1093/ml/XV.4.329"],"_id":"620196D505D4ED373560F7B15AB9CCAED132C259"}