{"corpusName":"oup","keywords":{"teeft":["april","soviet russia","beethoveniana","missa solemnis","january","musical quarterly","sich","unpublished letter","state public library","more beethoveniana","missa","solemnis","beethoven page","oblong piece","pushkin house","glinka museum","russian journal","beethoven autograph","karl holz","boris schwarz","prince galitzin","philharmonic hall","leningrad"]},"author":[{"name":"BORIS SCHWARZ"}],"articleId":["XLIX.2.143"],"arkIstex":"ark:/67375/HXZ-ZCZM2WDZ-J","language":["eng"],"originalGenre":["research-article"],"qualityIndicators":{"refBibsNative":false,"abstractWordCount":0,"abstractCharCount":0,"keywordCount":0,"score":2.416,"pdfWordCount":2366,"pdfCharCount":13361,"pdfVersion":1.3,"pdfPageCount":11,"pdfPageSize":"449 x 674 pts","pdfWordsPerPage":215,"pdfText":true},"title":"MORE BEETHOVENIANA IN SOVIET RUSSIA","refBibs":[{"author":[],"publicationDate":"1824-03-27","host":{"title":"Jahrg","publicationDate":"1824-03-27","author":[],"volume":"22"}},{"host":{"title":"Galitzin's date of April 7 a obviously New Style, which corresponds to","author":[{"name":" Thayer-Deiters-Riemann"},{"name":" Loco Cit"}]}},{"host":{"author":[{"name":"Op Thayer"}],"pages":{"first":"559","last":"60"}}},{"host":{"title":"SPB Filarmonichtskouo Obsh'chestva , St. Petenburg, 1884; and Kratkii obzor deyatelnosti S.-Piterburgskavo {Harmonicheskovo obsh'chestva za pervoye 100-letie","publicationDate":"1902","author":[{"name":"E,E Albrecht"},{"name":" Obsh 'chii Obzor Deyatelnosti"}]}},{"host":{"publicationDate":"1909","author":[{"name":"V,D Korganov"},{"name":"St Beethoven"},{"name":" Petersburg"}]}},{"host":{"publicationDate":"1927","author":[{"name":" Russkayawcniga O Beethovene"}]}},{"host":{"publicationDate":"1960","author":[{"name":"T Livanova"},{"name":"Muzykalnaya Bibliografia Russkoi Perioduheskoi"},{"name":"Xix Pechati"},{"name":" Vtka"}]}}],"genre":["research-article"],"host":{"title":"The Musical Quarterly","language":["unknown"],"issn":["0027-4631"],"eissn":["1741-8399"],"publisherId":["musqtl"],"volume":"XLIX","issue":"2","pages":{"first":"143","last":"149"},"genre":["journal"],"subject":[{"value":"Articles"}]},"namedEntities":{"unitex":{"date":["1802","1963","1871","1920s","1826","In the 19th century","1927","1824"],"geogName":[],"orgName":["Schinner, Inc.","Institute of Theater, Music, and Cinema","Institute of Russian Literature"],"orgName_funder":[],"orgName_provider":[],"persName":["I. Yussupova","Karl Holz","Yuri Kremlev","Donald MacArdle","E. P. Jurgenson","Karl Bernard","Braunhofer","Galitzin","Emily Andenon","E. E. Albrecht","N. L. Fishman","Platon Lvovich","Anderson","K. A. Kuznetzov","D. Korganov","Andrei Rimsky-Korsakov","Nathan Fishman","Hans von Biilow","Gloria Patri","Ludwig van Beethoven","Boris Schwarz","L. van Beethoven"],"placeName":["Leipzig","Munich","St. Petenburg","St. Peterburg","Moscow","Europe","Vienna","Leningrad","York","St. Petersburg","Glinka","Russia","St Petersburg","Palestrina"],"ref_url":[],"ref_bibl":["February 1918","May 27, 1824"],"bibl":[]}},"ark":["ark:/67375/HXZ-ZCZM2WDZ-J"],"categories":{"wos":[],"scienceMetrix":["1 - arts & humanities","2 - visual & performing arts","3 - music"],"scopus":["1 - Social Sciences","2 - Arts and Humanities","3 - Music"]},"publicationDate":"1963","copyrightDate":"1963","enrichments":{"type":["multicat","refBibs","teeft","unitex"]},"doi":["10.1093/mq/XLIX.2.143"],"_id":"0ABBCCC765BC8A1A21B1E82CC629F58DDD574496"}