{"corpusName":"oup","keywords":{"teeft":["adorno","augenblick","trans","fidelio","noumenal","chua","abbate","operatic echo","euridice","hoeckner","untimely reflection","eroica","leonore","untimely","orpheus","fanfare","monodic","possente spirto","optic","possente","spirto","orphic","echo","gott","first movement","princeton university press","slow motion","theodor","negative dialectic","minimal theology","freier luft","cambridge university press","sublime","musica","noumenal echo","immanuel kant","rolf tiedemann","john milbank","rodney livingstone","providential order","modern music","late work","other word","heroic augenblick","scott burnham","absolute music","ticklish subject","heroic beethoven","political right","welche lust","eroica symphony","sonic","beethoven","empty commemoration","adolf bernhard marx","paul bekker","orphic trumpet","adornian reading","final echo","sheer volume","noumenal dimension","monodic self","unrequited desire","late style","walter benjamin","heroic work","piano sonata","doctor faustus","thomas mann","orphic head","tragic trajectory","tragic echo","mere mechanism","moral luck","metaphysical song","french revolution","dead object","ernst bloch","external nature","monodic subject","absent music","noumenal realm","beethoven symphony","immediate power","instant effect","release euridice","atem leicht","california press","optic instant","other eye","oxford university press","stanford university press","sonic mirror","ferdinand ries","echo travel","opera quarterly","carl dahlhaus","polity press","deutschen trauerspiels","gesammelte schriften","carolyn abbate","beethoven forum","aesthetic theory","edmund jephcott","chicago press","berthold hoeckner","bourgeois opera","beethoven hero","richard wagner","great distance","operatic","monteverdi","delusion","donation"]},"author":[{"name":"Daniel K. L. Chua"}],"arkIstex":"ark:/67375/HXZ-K047VTDJ-T","language":["eng"],"originalGenre":["research-article"],"qualityIndicators":{"score":5.05,"pdfWordCount":10570,"pdfCharCount":59293,"pdfVersion":1.3,"pdfPageCount":24,"pdfPageSize":"504 x 720 pts","pdfWordsPerPage":440,"pdfText":true,"refBibsNative":false,"abstractWordCount":0,"abstractCharCount":0,"keywordCount":0},"title":"Untimely Reflections on Operatic Echoes:","refBibs":[{"author":[{"name":"See Daniel"},{"name":"K,L Chua"}],"publicationDate":"1999","host":{"title":"Absolute Music and the Construction of Meaning","publicationDate":"1999","author":[],"pages":{"first":"29","last":"40"}}},{"host":{"title":"The nymph Echo in Greek mythology is the symbol of unrequited love","publicationDate":"1970","author":[],"pages":{"first":"44","last":"45"}}},{"host":{"title":"This is hardly surprising given the optic regime of opera: the proscenium stage frames a perspectival set for the gaze of the sovereign I/eye; the eye/I grasps the totality of the world at the speed of light, and Musica has to catch up with its vision by projecting an immediate control over nature","author":[{"name":" My Italics"}],"pages":{"first":"45","last":"60"}}},{"host":{"title":"The myth of Echo and Narcissus already plays on the notion of sonic and optic reflections as tragic loss","author":[]}},{"title":"Richard Cohn terms this harmonic pairing as a \" hexatonic pole \" ; see \" Uncanny Resemblances: Tonal Signification in the Freudian Age","author":[],"publicationDate":"2004","host":{"title":"Journal of the American Musicological Society","publicationDate":"2004","author":[],"volume":"57","pages":{"first":"291","last":"93"}}},{"title":"The Technology of Reconstruction Klaus Theweleit notes: \" Amor [Cupid] is a blind god","author":[{"name":"L In \" Monteverdi 's"},{"name":" Orfeo"}],"publicationDate":"1958","host":{"title":"Opera through Other Eyes Orpheus in Praise of Blind Love \" in Pagan Mysteries in the Renaissance","publicationDate":"1958","author":[],"pages":{"first":"163","last":"57"}}},{"title":"Indeed, in both Virgil and Ovid, external nature in the form of the riverbank echoes the murmuring lament of Orpheus's severed head","author":[{"name":"Carolyn Abbate"},{"name":"In Search Of Opera ( Princeton"},{"name":"N,J "}],"publicationDate":"2001","host":{"title":"Search of Opera","publicationDate":"2001","author":[],"pages":{"first":"5","last":"10"}}},{"author":[{"name":"Eric,T Chafe"}],"publicationDate":"1992","host":{"title":"Monteverdi's Tonal Language","publicationDate":"1992","author":[],"pages":{"first":"154","last":"55"}}},{"author":[{"name":" Abbate"}],"host":{"title":"Search of Opera","author":[],"pages":{"first":"5","last":"6"}}},{"author":[{"name":"See,Gary Tomlinson"}],"publicationDate":"1999","host":{"title":"Metaphysical Songs: An Essay on Opera","publicationDate":"1999","author":[]}},{"host":{"title":"Critique of Pure Reason, trans","publicationDate":"1956","author":[{"name":"Immanuel Kant"}],"pages":{"first":"152","last":"53"}}},{"title":"Incidentally, Orpheus's mastery over nature is clearly alluded to in Musica's prologue","author":[{"name":"Theodor,W Adorno"},{"name":"Max Horkheimer"}],"publicationDate":"1979","host":{"title":"Dialectic of Enlightenment, trans. John Cumming","publicationDate":"1979","author":[]}},{"author":[{"name":"Theodor,W Adorno"},{"name":"Negative Dialectics"},{"name":"Trans,E B Ashton"}],"publicationDate":"1973","host":{"title":"Search of Opera","publicationDate":"1973","author":[],"pages":{"first":"408","last":"17"}}},{"host":{"title":"Stravinsky: A Dialectical Portrait \" in Quasi una fantasia: Essays on Modern Music, trans","publicationDate":"1992","author":[{"name":"Theodor,W Adorno"}],"pages":{"first":"152"}}},{"author":[{"name":"Julius Gaius"},{"name":"Poetica Hyginus"},{"name":" Astronomica"}],"host":{"title":"Jacobus Sentinus and Johannes Lucilius Santritter","author":[],"pages":{"first":"1512"}}},{"host":{"title":"Also see Anson Rabinbach Why Were the Jews Sacrificed As Simon Jarvis in Adorno: A Critical Introduction explains: for Adorno the mimesis of nature in the magical rituals of primitive man is an \" attempt to become like nature in order to ward off what is feared [in nature]; but what remains to be feared when instrumental reason has apparently brought a feared nature under culture? Death is an inextinguishable reminder of the nature in culture. The whole nexus of self-preservatory thought and action","publicationDate":"1998","author":[{"name":"Horkheimer Adorno"},{"name":"Dialectic "},{"name":"Enlightenment Adorno"},{"name":" Horkheimer"},{"name":" Dialectic"},{"name":" Enlightenment"}],"pages":{"first":"57","last":"140"}}},{"title":"1.1:343; cited in Hent de Vries, Minimal Theologies: Critiques of Secular Reason in Adorno and Levinas, trans Adorno himself cites these passages in his posthumously published lecture","author":[{"name":"Walter Benjamin"},{"name":"Gesammelte Ursprung Des Deutschen Trauerspiels"},{"name":" Schriften"}],"publicationDate":"2005","host":{"title":"The Idea of Natural History","publicationDate":"2005","author":[],"pages":{"first":"1972","last":"82"}}},{"title":"Aesthetic Theory","author":[{"name":"Theodor,W Adorno"}],"publicationDate":"1997","host":{"title":"trans. R. Hullot-Kentor","publicationDate":"1997","author":[],"pages":{"first":"73","last":"74"}}},{"author":[{"name":"Metamorphoses Ovid"},{"name":"Trans,F J Miller"}],"publicationDate":"1973","host":{"title":"The Philosophy of Music","publicationDate":"1973","author":[],"pages":{"first":"125","last":"26"}}},{"host":{"author":[{"name":" Theweleit"},{"name":"L Monteverdi 's"},{"name":" Orfeo"}],"pages":{"first":"169","last":"28"}}},{"host":{"author":[{"name":"Ursprung Benjamin"},{"name":" Des Deutschen Trauerspiels"}],"pages":{"first":"355","last":"286"}}},{"host":{"title":"Drifting: The Dialectics of Adorno's Philosophy of New Music \" in Apparitions: New Perspectives on Adorno and Twentieth-Century Music","publicationDate":"2006","author":[{"name":"See Daniel"},{"name":"K,L Chua"}],"pages":{"first":"1","last":"17"}}},{"title":"Bourgeois Opera","author":[{"name":"Theodor,W Adorno"}],"host":{"title":"Opera through Other Eyes","author":[],"pages":{"first":"33","last":"38"}}},{"host":{"title":"Indeed, Mähler may have been inspired by this echo, since Beethoven was working on the Eroica Symphony when they first met. The painter begged Beethoven to play something on the piano, and the composer complied with the first movement of the symphony","publicationDate":"1964","author":[{"name":"Alexander Wheelock Thayer"},{"name":"Ludwig Van Beethovens Lebenprinceton"},{"name":"N,J "}],"pages":{"first":"1866","last":"79"}}},{"author":[{"name":"Adolf,Bernhard Marx"},{"name":" Ludwig Van Beethoven"}],"publicationDate":"1859","host":{"title":"Leben und Schaffen","publicationDate":"1859","author":[],"pages":{"first":"275"}}},{"author":[{"name":"Lenz Wilhelm Von"}],"publicationDate":"1860","host":{"title":"Beethoven: Eine Kunststudie","publicationDate":"1860","author":[],"volume":"3","pages":{"first":"291"}}},{"host":{"author":[{"name":"Franz,Gerhard "},{"name":"Wegeler "},{"name":"Ferdinand Ries"},{"name":"Biographische Notizen Über Ludwig Van Beethoven"}],"pages":{"first":"79","last":"80"}}},{"title":"Marx, Ludwig van Beethoven, p. 281; the translation is from Scott Burnham","author":[{"name":"Beethoven Adorno"}],"publicationDate":"1995","host":{"title":"Beethoven Hero","publicationDate":"1995","author":[],"pages":{"first":"73","last":"38"}}},{"title":"Ombra and Fantasia in Late Eighteenth-Century Theory and Practice","author":[{"name":"See Birgitte Moyer"}],"publicationDate":"1992","host":{"title":"Convention in Eighteenth-and Nineteenth-Century Music","publicationDate":"1992","author":[],"pages":{"first":"295","last":"96"}}},{"host":{"publicationDate":"1911","author":[{"name":"Paul Bekker"},{"name":" Beethoven"},{"name":" Berlin"},{"name":" Schuster"},{"name":" Loeffler"}],"pages":{"first":"172"}}},{"author":[{"name":" Abbate"}],"host":{"title":"Search of Opera","author":[],"pages":{"first":"6"}}},{"title":"For most nineteenth-century commentators, some kind of death takes place in the development; see, for example, Marx, Ludwig van Beethoven, p. 196; and Alexandre Oulibischeff","author":[{"name":"Richard Wagner"}],"host":{"title":"Leipzig: Breitkopf und Härtel Ses critiques et ses glossateurs","author":[],"pages":{"first":"1911","last":"16"}}},{"title":"On the Programmatic Reception of Beethoven's 'Eroica' Symphony","author":[{"name":"Scott Burnham"}],"publicationDate":"1992","host":{"title":"Beethoven Forum","publicationDate":"1992","author":[],"volume":"1","pages":{"first":"20","last":"45"}}},{"author":[{"name":"Theodor,W Adorno"}],"host":{"title":"Verso, 2005)","author":[]}},{"title":"Introduction to the Sociology of Music, trans Seabury, 1976), p. 210. 48. On the early reception of Beethoven's music in terms of modern industrial speed, see Ulrich Schmitt","author":[{"name":"Theodor,W E B Adorno"},{"name":" Ashton"}],"publicationDate":"1990","host":{"title":"Revolution im Konzertsaal: Zur Beethoven-Rezeption im Jahrhundert","publicationDate":"1990","author":[],"volume":"19","pages":{"first":"97","last":"99"}}},{"title":"On Adorno's idea of the Beethovenian Augenblick The Promise of Nothing: The Dialectics of Freedom in Adorno's Beethoven","author":[{"name":"Beethoven Adorno"}],"publicationDate":"2005","host":{"title":"Beethoven Forum","publicationDate":"2005","author":[],"pages":{"first":"119","last":"13"}}},{"title":"Motifs Essays on Modern Music, trans For further information on Adorno's involvement in the novel, see Rolf TiedemannMitdichtende Einfühlung': Adornos Beitrage zum Doktor Faustus—noch einmal","author":[{"name":"Theodor,W Adorno"},{"name":" Quasi Una Fantasia"}],"publicationDate":"1992","host":{"title":"Frankfurter Adorno Blätter","publicationDate":"1992","author":[],"pages":{"first":"34","last":"51"}}},{"host":{"title":"Programming the Absolute: Nineteenth-Century German Music and the Hermeneutics of the Moment","publicationDate":"2002","author":[{"name":"Berthold Hoeckner"}],"pages":{"first":"224","last":"65"}}},{"host":{"author":[{"name":" Adorno"},{"name":" Beethoven"}],"pages":{"first":"6"}}},{"host":{"author":[{"name":"De Vries"},{"name":"Minimal Theologies"}],"pages":{"first":"39"}}},{"host":{"author":[{"name":"Beethoven Adorno"}],"pages":{"first":"176","last":"61"}}},{"host":{"title":"On Being a Person: Towards an Ontology of Personhood, \" in Persons, Divine and Human: King's College Essays in Theological Anthropology","publicationDate":"1991","author":[{"name":"See John"},{"name":"D Zizioulas"}],"pages":{"first":"33","last":"46"}}},{"title":"Fidelio and the music to Egmont ; the Third, Fifth, and Ninth Symphonies; and the Pathétique and Appassionata sonatas Dahlhaus's list is representative rather than exhaustive; one could add the Waldstein Sonata and the Emperor Concerto","author":[],"publicationDate":"1989","host":{"title":"Carl Dahlhaus, Nineteenth-Century Music, trans. J. B","publicationDate":"1989","author":[],"volume":"55","pages":{"first":"7611"}}},{"title":"Approaches to His Music, trans","author":[{"name":"Carl Dahlhaus"},{"name":" Ludwig Van Beethoven"}],"publicationDate":"1991","host":{"title":"Mary Whittall","publicationDate":"1991","author":[],"pages":{"first":"184","last":"85"}}},{"author":[],"publicationDate":"1981","host":{"title":"Ludwig van Beethoven: Fidelio","publicationDate":"1981","author":[],"pages":{"first":"68","last":"100"}}},{"title":"Moral Luck","author":[{"name":"See,Bernard "},{"name":"Williams "}],"publicationDate":"1981","host":{"title":"Philosophical Papers","publicationDate":"1981","author":[],"pages":{"first":"1973","last":"80"}}},{"host":{"title":"Moral luck is oddly a precondition of the ethical; you need good fortune to be good Because moral choices are conditioned by the situation in which we find ourselves, we are, in a sense, chosen by the situation. See Slavoj Žižek, The Ticklish Subject: The Absent Centre of Political Ontology","publicationDate":"1999","author":[],"pages":{"first":"18","last":"20"}}},{"author":[{"name":"See,John Milbank"},{"name":"Being Reconciled"}],"publicationDate":"2003","host":{"title":"Ontology and Pardon","publicationDate":"2003","author":[],"pages":{"first":"161","last":"138"}}},{"title":"Fritsch, 1871), p. 152; the translation is taken from \" The Destiny of Opera, \" in Richard Wagner's Prose Works, trans","author":[{"name":"Richard Wagner"}],"host":{"title":"Über die Bestimmung der Oper","author":[],"pages":{"first":"1892","last":"99"}}},{"host":{"title":"Bourgeois Opera","author":[{"name":" Adorno"}],"pages":{"first":"34"}}},{"title":"This sense of emerging light is even more strongly articulated in the prisoners' chorus in act 1 Augenblicke in Fidelio","author":[],"publicationDate":"1985","host":{"title":"O welche Lust, in freier Luft. \" 73. See Joseph Kerman","publicationDate":"1985","author":[],"pages":{"first":"243","last":"72"}}},{"title":"See Immanuel Kant","author":[],"publicationDate":"1973","host":{"title":"Critique of Judgement, trans. J. C. Meredith","publicationDate":"1973","author":[],"pages":{"first":"45","last":"75"}}},{"title":"The Experience of Freedom, trans","author":[{"name":"Jean-Luc Nancy"}],"publicationDate":"1992","host":{"title":"Also see Jacques Derrida","publicationDate":"1992","author":[],"pages":{"first":"21","last":"32"}}},{"title":"Neue Zeitschrift für Musik Cited in Henry-Louis de La Grange","author":[{"name":"Alfred Heuß"},{"name":"Willy Hess"},{"name":"Das Fidelio-Buch"}],"publicationDate":"1924","host":{"title":"Die Humanitätsmelodien im 'Fidelio","publicationDate":"1924","author":[],"pages":{"first":"545","last":"52"}}},{"title":"Observations on the Feeling of the Beautiful and Sublime, trans","author":[{"name":"See,Immanuel Kant"}],"publicationDate":"1960","host":{"title":"and Critique of Judgement","publicationDate":"1960","author":[]}},{"title":"Search of Opera; see particularly chap. 1, \" Orpheus's One Last Performance","author":[{"name":" Abbate"}],"host":{"title":"81. Hoeckner, Programming the Absolute","author":[],"pages":{"first":"41"}}},{"host":{"title":"Adorno's notes \" authentic act \" is that \" the highest freedom coincides with the utmost passivity The impetus is from the outside In this sense, Leonore is \" called \" to action, and her high-risk behavior, although strategically \" crazy, \" amounts to an act of faith, since she—unlike the hero—is commanded to accomplish what she is incapable of doing; indeed, her \" calling \" almost destroys her Unconditional acts do occur, \" writes Žižek, but only \" as a totally unpredictable tusche, a miraculous event which shatters our lives Freedom is a surprise. The desire to posses it merely precludes its possibility","author":[{"name":"Beethoven Adorno"}],"pages":{"first":"164","last":"38"}}},{"title":"The Absolute Music","author":[{"name":"Michael,P Steinberg"}],"publicationDate":"1992","host":{"title":"Essays on the Philosophy of Music Search of Opera","publicationDate":"1992","author":[],"pages":{"first":"31","last":"243"}}},{"host":{"title":"The Ticklish Subject","author":[{"name":" Žižek"}],"pages":{"first":"42","last":"43"}}},{"host":{"title":"Because he focuses on revolution rather than grace, Žižek sees the gap as an anarchic, almost nightmarish moment of freedom; the sublime remains sublime","author":[]}},{"title":"Beauty and the Soul Milbank argues against the sublime as if it were some modern aesthetic disease. Although he rightly claims that the duality evident in Edmund Burke and Kant's writings did not exist prior to the Enlightenment","author":[{"name":"John Milbank"}],"publicationDate":"2003","host":{"title":"Theological Perspectives on God and Beauty","publicationDate":"2003","author":[],"pages":{"first":"2","last":"3"}}},{"title":"there is a shift from A to C major; with the prisoners' chorus , \" O welche Lust, in freier Luft den Atem leicht zu heben! \" (O what joy to breath in the open air! [no. 10]), the music changes from E to B-flat; the fanfares in act 2","author":[],"host":{"title":"When Leonore sings of the rainbow in \" Komm, Hoffnung","author":[]}},{"host":{"author":[{"name":"Negative Adorno"},{"name":" Dialectics"}],"pages":{"first":"361"}}}],"genre":["research-article"],"host":{"title":"The Opera Quarterly","language":["unknown"],"issn":["0736-0053"],"eissn":["1476-2870"],"publisherId":["operaq"],"volume":"21","issue":"4","pages":{"first":"573","last":"596"},"genre":["journal"]},"namedEntities":{"unitex":{"date":["2005","1755","1814","1803","1804"],"geogName":[],"orgName":["Princeton University","Stanford University","Harvard University","American Musicological Society","Yale University"],"orgName_funder":[],"orgName_provider":[],"persName":["Giulio Caccini","M. Sessa","Johannes Lucilius","Ashton Ellis","T. Clark","Ernst Bloch","J. C. Meredith","Wilhelm von Lenz","David J. Levin","F. J. Miller","J. Webster","Rodney Livingstone","L. Lockwood","Adorno","W. P. Mahrt","Immanuel Kant","F. A. Brockhaus","Julius Hyginus","John D. Zizioulas","Nigel Gibson","Joseph Kerman","E. W. Fritsch","Thomas Manns","Paul Robinson","Elvira Seiwert","Berthold Hoeckner","Richard Wagner","Paul Bekker","Scott Burnham","La Grange","Kant","Adrian Leverkühn","Ulrich Schmitt","Wesley V. Blomster","Theodor W. Adorno","Abbate","Jacques Derrida","J. B. Robinson","J. M. Levy","Chafe","Willy Hess","G. P. Goold","Bernhard Marx","German Music","Peggy Kamuf","Anson Rabinbach","Rolf Tiedemann","Don Fernando","German Critique","Bridget McDonald","R. Hullot-Kentor","Joseph Mähler","K. L. Chua","Anne G. Mitchell","J. B. Metzler","J. T. Goldthwait","Colin E. Gunton","Alexandre Oulibischeff","Max Horkheimer","C. Reynolds","Bernard Williams","H. Wiley","E. B. Ashton","Michael P. Steinberg","Theweleit","Carl Dahlhaus","Eric T. Chafe","John Milbank","Christoph Schwöbel","Ludwig van Beethoven","Benjamin","Kegan Paul","Mary Whittall","Alexander Wheelock","Journal","C. Op","Burnham","Edmund Jephcott","Edmund Burke","Hoeckner","O. Janke","Ferdinand Ries","Franz Gerhard","Geoffrey Hale","Nancy","Gustav Mahler","Peter Palmer","Andrew Rubin","H. Schweppenhäuser","W. J. Allanbrook","Theodor Adorno","John Cumming","Florentine Camerata","Alfred Heuß","Jean-Luc Nancy","Jacobus Sentinus","An Essay"],"placeName":["Leipzig","Mass.","Stanford","Venice","Edinburgh","Stuttgart","Lisbon","Frankfurt","Calif.","Harrisburg","Cambridge","New Haven"],"ref_url":[],"ref_bibl":["Berlin: Schuster und Loeffler, 1911","Berkeley: University of California Press, 1989","Cambridge: Cambridge University Press, 1999","New York: Seabury, 1976","London: Verso, 1992","London: Verso, 2005","Chicago: University of Chicago Press, 1992","Berkeley: University of California Press, 1960","Oxford: Oxford University Press, 1973","Cambridge: Cambridge University Press, 1981","Trinity Press International, 2003","Baltimore: Johns Hopkins University Press, 2005","Florence, 1602","Minneapolis: University of Minnesota Press, 1997","London: Routledge, 2003","London: Routledge, 1973","Lincoln: University of Nebraska Press, 1992","London: Verso, 1979","Hamburg: Hoffmann und Campe, 1860","Mainz: Schott, 1990","Winterthur: Amadeus, 1986","Oxford: Blackwell, 2002","Cambridge: Cambridge University Press, 1985","New York: Routledge, 2006","New York: Schirmer Books, 1992","Paris: Fayard, 1983","New York: Pendragon Press, 1992","Cambridge: Polity Press, 1998","Oxford: Clarendon Press, 1991","New York: Macmillan, 1956","London: Verso, 1999"],"bibl":[]}},"ark":["ark:/67375/HXZ-K047VTDJ-T"],"categories":{"wos":[],"scienceMetrix":[],"scopus":["1 - Social Sciences","2 - Arts and Humanities","3 - Music"]},"publicationDate":"2005","copyrightDate":"2005","enrichments":{"type":["multicat","refBibs","teeft","unitex"]},"doi":["10.1093/oq/kbi093"],"_id":"048851C2BE7ABA6F2D621D667724DEF49AC7BCE1"}