{"corpusName":"sage","keywords":{"teeft":["cognition","zygonic","ockelford","musical structure","categorization","salience","interperspective","loudness","music perception","gestalt","perspects","motivic","zygonic theory","derivation","ordinal","first movement","empirical work","same category","interperspective relationships","cue","structural significance","zygons","auditory","piano sonata","similarity","music theory","mental line","rosch","derivational","composite model","academic press","similarity perception","iterative","chunk","judgement","cognitive psychology","zygonic relationships","good continuation","cognitive","deutsch","primary relationships","oxford university press","prototypical representation","common category","perspective values","thematic","prototypical","timbre","original motive","such relationships","similarity judgements","cognitive connection","tonal transposition","different categories","opening gesture","indirect relationships","categorical model","gestalt perception","indirect derivation","high similarity","iterative change","primary zygonic","bregman","coherence","transposition","first inversion","first hearing","structural cognition","musical experience","thematic level","common prototype","zygonic analysis","boosey hawkes music publishers","parallel relationships","salient features","music theorists","indirect link","prototypical representations","zygonic terms","california press","strong sense","temporal proximity","musical context","cognitive processing","interonset intervals","perspective domain","current article","music analysis","direct relationships","secondary zygonic relationships","grouping","prototype","other domains","cognitive processes","compound relationship","theoretical terms","other perspects","abstract representation","composite account","second issue","secondary interperspective relationship","interperspective values","different manifestations","high level","interperspective value","moderate sense","empirical data","structural function","artificial intelligence","cognition tallis","ordinal melody","high degree","further possibility","similarity abstraction model","complex relationship","primary zygon","indirect links","direct relationship","abstract terms","higher order","further example","prototype harmony","retrograde repetition","general terms","structural interpretation","processing effort","other things","mental processes","parallel processing","roehampton institute","other parts","universal edition","invariant system","music cognition","musical coherence","grouping mechanisms","zygonic approach","adjacent notes","gestalt grouping principles","zygonic organization","similarity relationships","secondary relationships","other events","substantive transformation","metacognitive study","musical similarity","music mozart","scale degree","schematic representation","zygonic model","categorization model","music beethoven","global similarity","structural features","least processing effort similarities","tertiary levels","time organization","musical structure features","thematic concepts","additional element","composite framework","derivational relationship","common pitch","structural narrative","opening motive","empirical findings","last decade","tonal music","distinct motives","yale university press","pennsylvania press","musical pitch","chicago press","princeton university press","metatheoretical perspectives","domain","sameness"]},"author":[{"name":"Adam Ockelford","affiliations":["ROYAL NATIONAL INSTITUTE OF THE BLIND, LONDONadam.ockelford@rnib.org.uk"]}],"subject":[{"lang":["eng"],"value":"categorization"},{"lang":["eng"],"value":"grouping"},{"lang":["eng"],"value":"perceived derivation"},{"lang":["eng"],"value":"relationship"},{"lang":["eng"],"value":"repetition"},{"lang":["eng"],"value":"salience"},{"lang":["eng"],"value":"sameness"},{"lang":["eng"],"value":"zygonic"}],"articleId":["10.1177_0305735604039282"],"arkIstex":"ark:/67375/M70-TFWB5684-0","language":["eng"],"originalGenre":["other"],"abstract":"Following a review of the model of similarity perception, cue abstraction and categorization, developed and empirically tested by Deliège and others over the last decade or so, it is proposed that the notion of perceivedderivation may be a key additional element in the cognition of musical structure. Evidence is sought in the re-analysis of recent empirical work and through the identification of structures that appear to challenge the sufficiency of Deliège’s model. The issue is contextualized through a discussion of the concepts of similarity, sameness and salience, utilizing contemporary thinking in cognitive psychology, philosophy and music theory–strands of thought which are drawn together through Ockelford’s ‘zygonic’ theory of music-structural understanding. This leads to the formulation of a new, composite account of how musical structure is processed, in which similarity, salience, derivation,categorization and schematization are shown to function in an integrated way.","qualityIndicators":{"score":8.692,"pdfWordCount":16249,"pdfCharCount":99347,"pdfVersion":1.4,"pdfPageCount":52,"pdfPageSize":"451 x 698 pts","refBibsNative":true,"abstractWordCount":141,"abstractCharCount":991,"keywordCount":8},"title":"On Similarity, Derivation and the Cognition of Musical Structure","refBibs":[{"host":{"title":"Bent, I. and Drabkin, W. (1987) Analysis. London: Macmillan Press .","author":[]}},{"host":{"title":"Bernstein, L. (1976) The Unanswered Question. Cambridge, MA: Harvard University Press .","author":[]}},{"host":{"title":"Boulez, P. (1971[1963]) Boulez on Music Today. (trans. S. Bradshaw and R.R. Bennett) London: Faber and Faber .","author":[]}},{"host":{"title":"Bregman, A.S. (1990) Auditory Scene Analysis: The Perceptual Organization of Sound. Cambridge, MA: MIT Press .","author":[]}},{"host":{"title":"Music Perception","author":[],"volume":"18","pages":{"first":"347"}}},{"host":{"title":"Music Analysis","author":[],"volume":"6","pages":{"first":"237"}}},{"host":{"title":"Cook, N. (1994) ‘Perception: A Perspective from Music Theory’, in R. Aiello and J. Sloboda (eds) Musical Perceptions, pp. 64–95. Oxford: Oxford University Press .","author":[],"pages":{"first":"64"}}},{"host":{"title":"Crawford, T., Iliopoulos, C.S. and Raman, R. (1998) ‘String-Matching Techniques for Musical Similarity and Melodic Recognition’, in W.B. Hewlett and E. Selfridge-Field (eds) Melodic Similarity Concepts, Procedures and Applications, pp. 73–100. Cambridge, MA: MIT Press .","author":[],"pages":{"first":"73"}}},{"host":{"title":"Music Analysis","author":[],"volume":"17","pages":{"first":"3"}}},{"host":{"title":"Perception and Psychophysics","author":[],"volume":"57","pages":{"first":"451"}}},{"host":{"title":"Studies in Music","author":[],"volume":"19","pages":{"first":"1"}}},{"host":{"title":"Music Perception","author":[],"volume":"4","pages":{"first":"325"}}},{"host":{"title":"Psychology of Music","author":[],"volume":"24","pages":{"first":"131"}}},{"host":{"title":"Music Perception","author":[],"volume":"18","pages":{"first":"233"}}},{"host":{"title":"Music Perception","author":[],"volume":"18","pages":{"first":"371"}}},{"host":{"title":"Deliège, I. and Mélen, M. (1997) ‘Cue Abstraction in the Representation of Musical Form’, in I. Deliège and J. Sloboda (eds) Perception and Cognition of Music, pp. 387–412. Hove: Psychology Press .","author":[],"pages":{"first":"387"}}},{"host":{"title":"Music Perception","author":[],"volume":"14","pages":{"first":"117"}}},{"host":{"title":"Deutsch, D. (1999a) ‘Grouping Mechanisms in Music’, in D. Deutsch (ed.) The Psychology of Music (2nd edn), pp. 299–348. New York: Academic Press .","author":[],"pages":{"first":"299"}}},{"host":{"title":"Deutsch, D. (1999b) ‘The Processing of Pitch Combinations’, in D. Deutsch (ed.) The Psychology of Music (2nd edn), pp. 349–411. New York: Academic Press .","author":[],"pages":{"first":"349"}}},{"host":{"title":"Psychological Review","author":[],"volume":"88","pages":{"first":"503"}}},{"host":{"title":"Dowling, W.J. and Harwood, D.L. (1986) Music Cognition. London: Academic Press .","author":[]}},{"host":{"title":"Music Perception","author":[],"volume":"19","pages":{"first":"249"}}},{"host":{"title":"Erickson, R. (1975) Sound Structure in Music. Berkeley: University of California Press .","author":[]}},{"host":{"title":"Fiske, H.E. (1990) Music and the Mind: Philosophical Essays on the Cognition and Meaning of Music. Lampeter: Edwin Mellen Press .","author":[]}},{"host":{"title":"Forte, A. (1973) The Structure of Atonal Music. New Haven: Yale University Press .","author":[]}},{"host":{"title":"Music Analysis","author":[],"volume":"4","pages":{"first":"29"}}},{"host":{"title":"Gjerdingen, R.O. (1988) A Classic Turn of Phrase: Music and the Psychology of Convention. Philadelphia, PA: University of Pennsylvania Press .","author":[]}},{"host":{"title":"Gjerdingen, R.O. (1999) ‘An Experimental Music Theory?’ in N. Cook and M. Everist (eds) Rethinking Music, pp. 161–170. Oxford: Oxford University Press .","author":[],"pages":{"first":"161"}}},{"host":{"title":"Hampton, J. (1993) ‘Prototype Models of Concept Representation’, in I. van Mechelen, J. Hampton, R.S. Michalski and P. Theuns (eds) Categories and Concepts, pp. 67–95. London: Academic Press .","author":[],"pages":{"first":"67"}}},{"host":{"title":"Musicæ Scientiæ","author":[],"volume":"5","pages":{"first":"131"}}},{"host":{"title":"Husserl, E. (1964[1928]) The Phenomenology of Internal Time-Consciousness. The Hague: Martinus Nijhoff .","author":[]}},{"host":{"title":"Music Perception","author":[],"volume":"18","pages":{"first":"297"}}},{"host":{"title":"Krumhansl, C.L. (1990) Cognitive Foundations of Musical Pitch. New York: Oxford University Press .","author":[]}},{"host":{"title":"Music Perception","author":[],"volume":"17","pages":{"first":"151"}}},{"host":{"title":"Music Perception","author":[],"volume":"18","pages":{"first":"245"}}},{"host":{"title":"Behavior Research Methods, Instruments, and Computers","author":[],"volume":"25","pages":{"first":"238"}}},{"host":{"title":"LaRue, J. (1970) Guidelines for Style Analysis. New York: W.W. Norton .","author":[]}},{"host":{"title":"Lerdahl, F. and Jackendoff, R. (1983) A Generative Theory of Tonal Music. Cambridge, MA: MIT Press .","author":[]}},{"host":{"title":"Music Perception","author":[],"volume":"3","pages":{"first":"327"}}},{"host":{"title":"Lewin, D. (1987) Generalized Musical Intervals and Transformations. New Haven, CT: Yale University Press .","author":[]}},{"host":{"title":"Psychological Review","author":[],"volume":"100","pages":{"first":"254"}}},{"host":{"title":"Meyer, L.B. (1956) Emotion and Meaning in Music. Chicago: University of Chicago Press .","author":[]}},{"host":{"title":"Meyer, L.B. (1973) Explaining Music. Chicago: University of Chicago Press .","author":[]}},{"host":{"title":"Meyer, L.B. (1989) Style and Music: Theory, History and Ideology. Philadelphia, PA: University of Pennsylvania Press .","author":[]}},{"host":{"title":"Miller, I. (1984) Husserl, Perception and Temporal Awareness. Cambridge, MA: MIT Press .","author":[]}},{"host":{"title":"Journal of Music Theory","author":[],"volume":"39","pages":{"first":"207"}}},{"host":{"title":"Music Perception","author":[],"volume":"17","pages":{"first":"329"}}},{"host":{"title":"Nattiez, J.-J. (1990) Music and Discourse: Toward a Semiology of Music. (trans. C. Abbate) Princeton, NJ: Princeton University Press .","author":[]}},{"host":{"title":"Ockelford, A. (1991) ‘The Role of Repetition in Perceived Musical Structures’, in P. Howell, R. West and I. Cross (eds) Representing Musical Structure, pp. 129–160. London: Academic Press .","author":[],"pages":{"first":"129"}}},{"host":{"title":"Ockelford, A. (1993) ‘A Theory Concerning the Cognition of Order in Music’, unpublished PhD dissertation. London: University of London.","author":[]}},{"host":{"title":"Ockelford, A. (1999) The Cognition of Order in Music: A Metacognitive Study. London: Roehampton Institute .","author":[]}},{"host":{"title":"Musicæ Scientiæ","author":[],"volume":"6","pages":{"first":"177"}}},{"host":{"title":"Ockelford, A. (2004) Repetition in Music Theoretical and Metatheoretical Perspectives. Royal Musical Association Monographs, No. 13. Aldershot: Ashgate Publishing .","author":[]}},{"host":{"title":"Ockelford, A. (submitted for publication) ‘Relating Musical Structure and Content to Aesthetic Response: A Model and Sample Analysis’.","author":[]}},{"host":{"title":"Journal of Experimental Psychology: Learning, Memory and Cognition","author":[],"volume":"19","pages":{"first":"457"}}},{"host":{"title":"Perle, G. (1981) Serial Composition and Atonality: An Introduction to the Music of Schoenberg, Berg and Webern. (5th edn, revised). Berkeley, CA: University of California Press .","author":[]}},{"host":{"title":"Cognitive Psychology","author":[],"volume":"15","pages":{"first":"66"}}},{"host":{"title":"Music Perception","author":[],"volume":"14","pages":{"first":"161"}}},{"host":{"title":"Reti, R. (1951) The Thematic Process in Music. Connecticut: Greenwood Press .","author":[]}},{"host":{"title":"Risset, J.-C. and Wessel, D.L. (1999) ‘Exploration of Timbre by Analysis and Synthesis’, in D. Deutsch (ed.) The Psychology of Music (2nd edn), pp. 113–169. New York: Academic Press .","author":[],"pages":{"first":"113"}}},{"host":{"title":"Rosch, E. (1978) ‘Principles of Categorization’, in E. Rosch and B.B. Lloyd (eds) Cognition and Categorization. Hillsdale, NJ: Lawrence Erlbaum .","author":[]}},{"host":{"title":"Russo, F.A. and Cuddy, L.L. (1996) ‘Predictive Value of Narmour’s Principles for Cohesiveness, Pleasingness, and Memory of Webern Melodies’ , proceedings of the fourth ICMPC, pp. 439–443 .","author":[],"pages":{"first":"439"}}},{"host":{"title":"Music Analysis","author":[],"volume":"6","pages":{"first":"6"}}},{"host":{"title":"Cognition","author":[],"volume":"58","pages":{"first":"75"}}},{"host":{"title":"Music Perception","author":[],"volume":"14","pages":{"first":"295"}}},{"host":{"title":"Schenker, H. (1979[1935]) Free Composition (rev., 1956, O. Jonas; ed. and trans. E. Oster). New York: Longman .","author":[]}},{"host":{"title":"Schneider, M. (1957) ‘Primitive Music’, in E. Wellesz (ed.) The New Oxford History of Music, I: Ancient and Oriental Music. London: Oxford University Press .","author":[]}},{"host":{"title":"Schoenberg, A. (1967) Fundamentals of Musical Composition. London: Faber and Faber .","author":[]}},{"host":{"title":"Cognition","author":[],"volume":"14","pages":{"first":"119"}}},{"host":{"title":"Serafine, M.L. (1988) Music as Cognition: The Development of Thought in Sound. New York: Columbia University Press .","author":[]}},{"host":{"title":"Shepard, R.N. (1982) ‘Structural Representations of Musical Pitch’, in D. Deutsch (ed.) The Psychology of Music, pp. 343–390. New York: Academic Press .","author":[],"pages":{"first":"343"}}},{"host":{"title":"Simon, H.A. and Sumner, R.K. (1968) ‘Pattern in Music’, in B. Kleinmuntz (ed.) Formal Representation of Human Judgement, pp. 219–250. New York: John Wiley .","author":[],"pages":{"first":"219"}}},{"host":{"title":"Slawson, W. (1985) Sound Color. Berkeley, CA: University of California Press .","author":[]}},{"host":{"title":"Sloboda, J.A. (1985) The Musical Mind: The Cognitive Psychology of Music. Oxford: Clarendon Press .","author":[]}},{"host":{"title":"Sperber, D. and Wilson, D. (1995) Relevance: Communication and Cognition, 2nd edn. Oxford: Blackwell .","author":[]}},{"host":{"title":"Tovey, D.F. (1931) A Companion to Beethoven’s Piano Sonatas. London: The Associated Board of the Royal Academy of Music and the Royal College of Music .","author":[]}},{"host":{"title":"Psychology of Music","author":[],"volume":"15","pages":{"first":"7"}}},{"host":{"title":"Music Perception","author":[],"volume":"8","pages":{"first":"95"}}},{"host":{"title":"Zbikowski, L.M. (2002) Conceptualizing Music: Cognitive Structure, Theory, and Analysis. New York: Oxford University Press .","author":[]}},{"host":{"title":"Zuckerkandl, V. (1973) Man the Musician. Princeton, NJ: Princeton University Press .","author":[]}}],"genre":["other"],"host":{"title":"Psychology of Music","language":["unknown"],"issn":["0305-7356"],"eissn":["1741-3087"],"publisherId":["POM"],"volume":"32","issue":"1","pages":{"first":"23","last":"74"},"genre":["journal"]},"namedEntities":{"unitex":{"date":["1970s","1980s","2004"],"geogName":[],"orgName":["Hawkes Music Publishers Ltd.","Keele University"],"orgName_funder":[],"orgName_provider":[],"persName":["Deliège","Analysis","Irène Deliège","Pollard-Gott","Marvin Minsky"],"placeName":[],"ref_url":[],"ref_bibl":["Bregman, 1990: 344","Ockelford, 1999, 2002, 2004","Gjerdingen (1988)","Meyer (1973: 44)","Deutsch, 1999a: 320","Deliège, 1996","Lerdahl and Jackendoff, 1983: 36","Medin et al., 1993: 257","see Cross, 1998","Deutsch, 1999b","see Ockelford, 1999","[1935]","Bregman (1990: 472)","Deutsch and Feroe (1981)","2002, 2004","Simon and Sumner (1968)","Zuckerkandl, 1973: 90","Ockelford (2004)","Lerdahl and Jackendoff (1983: 52)","Shepard, 1982","Lamont and Dibben (2001)","1973, 1985","[1928]","Dowling et al., 2001","Horton, 2001: 143","West et al., 1987","Russo and Cuddy, 1996","Nattiez (1990)","West et al. (1987)","Deliège, 2001a","Koniari et al., 2001: 299","West et al., 1987: 14","Dowling and Harwood, 1986: 92","Crawford et al.","Lewin, 1986: 329","Deliège, 2001a: 239","Deliège and Mélen, 1997","[1966]","West et al., 1987: 13","Cuddy and Lunney (1995)","1991, 1993, 1999, 2002, 2004","Koniari et al. (2001)","Deliège et al., 1997","Cumming, 1985: 9","Risset and Wessel, 1999","see Section 6 below; also Ockelford, 2004","1987: 326, 2001a: 235","Morris (1995)","though see Slawson, 1985","Ockelford (2002)","Krumhansl et al. (1999)","Lerdahl and Jackendoff, 1983: 43","1996, 1997","Lewin (1987)","Miller, 1984: 120"],"bibl":[]}},"ark":["ark:/67375/M70-TFWB5684-0"],"categories":{"wos":["1 - social science","2 - psychology, experimental","2 - psychology, educational","2 - psychology, applied"],"scienceMetrix":["1 - health sciences","2 - psychology & cognitive sciences","3 - experimental psychology"],"scopus":["1 - Social Sciences","2 - Psychology","3 - Psychology (miscellaneous)","1 - Social Sciences","2 - Arts and Humanities","3 - Music"],"inist":["1 - sciences humaines et sociales","2 - sociologie"]},"publicationDate":"2004","copyrightDate":"2004","enrichments":{"type":["multicat","nb","teeft","unitex"]},"doi":["10.1177/0305735604039282"],"_id":"42DC3D0266AB1A79F5C89F82C58EB53C45479A04"}