{"corpusName":"oup","keywords":{"teeft":["gould","schoenberg","glenn gould","liner note","glenn gould reader","fifth symphony","goldberg variation","radio program","glenn gould society","broadcast material","many musician","serious attention","first movement","geoffrey payzant","gould augments","musical sound","recording technology","historical importance","biographical fact","concert hall","glenn","strauss"]},"author":[{"name":"Kevin Bazzana"}],"articleId":["73.2.284"],"arkIstex":"ark:/67375/HXZ-7JGPDNL5-5","language":["eng"],"originalGenre":["book-review"],"qualityIndicators":{"score":4.374,"pdfWordCount":4324,"pdfCharCount":26103,"pdfVersion":1.3,"pdfPageCount":12,"pdfPageSize":"441 x 670 pts","pdfWordsPerPage":360,"pdfText":true,"refBibsNative":false,"abstractWordCount":0,"abstractCharCount":0,"keywordCount":0},"title":"Reviews of Books","genre":["book-reviews"],"host":{"title":"The Musical Quarterly","language":["unknown"],"issn":["0027-4631"],"eissn":["1741-8399"],"publisherId":["musqtl"],"volume":"73","issue":"2","pages":{"first":"284","last":"295"},"genre":["journal"],"subject":[{"value":"Reviews of Books"}]},"namedEntities":{"unitex":{"date":["1970","1986","1964","1982","seventeenth century","1977","1966","1984","1989"],"geogName":[],"orgName":[],"orgName_funder":[],"orgName_provider":[],"persName":["Richard Strauss","Glenn Gould","John McGreevy","Pierrot Lunaire","P. D. Q. Bach","Robert J. Silverman","Barbra","Terry Riley","Herbert von Hochmeister","Arnold Schoenberg","Time Come","Roman Colosseum","Wendy Carlos","Pierre Boulez","Geoffrey Payzant","Bruno Monsaingeon","Anton Webern","Artur Schnabel","Beethoven","Gould","Kevin Bazzana","Yehudi Menuhin","Tim Page","Jonathan Cott","Rosemary Brown","Artur Rubinstein","Stravinsky"],"placeName":["Groningen","Germany","Canada","Halifax","Toronto","Europe","France","Goldberg","Netherlands"],"ref_url":[],"ref_bibl":["October, 1982","May, 1988","Toronto, 1978","Toronto, 1983","Boston, 1984"],"bibl":[]}},"ark":["ark:/67375/HXZ-7JGPDNL5-5"],"categories":{"wos":[],"scienceMetrix":["1 - arts & humanities","2 - visual & performing arts","3 - music"],"scopus":["1 - Social Sciences","2 - Arts and Humanities","3 - Music"]},"publicationDate":"1989","copyrightDate":"1989","enrichments":{"type":["multicat","refBibs","teeft","unitex"]},"doi":["10.1093/mq/73.2.284"],"_id":"F910D5229517506778BF66161C0EDC82ECD0A56E"}