{"corpusName":"oup","keywords":{"teeft":["deiters","english edition","german editor","german volume","many year","musical quarterly","biographer","english publisher","american reader","alexander thayer","third volume","george grove","original manuscript","fourth volume","great biographer","last sickness","second edition","york tribune","first publication","great mass","little more","royal library","alexander wheelock thayer","first volume","short time","last decade","final volume","first chapter","thayer","beethoven"]},"author":[{"name":"HENRY EDWARD KREHBIEL"}],"articleId":["III.4.629"],"arkIstex":"ark:/67375/HXZ-32129MCN-N","language":["eng"],"originalGenre":["research-article"],"qualityIndicators":{"score":4.833,"pdfWordCount":4783,"pdfCharCount":25226,"pdfVersion":1.3,"pdfPageCount":15,"pdfPageSize":"626 x 804 pts","pdfWordsPerPage":319,"pdfText":true,"refBibsNative":false,"abstractWordCount":0,"abstractCharCount":0,"keywordCount":0},"title":"ALEXANDER THAYER AND HIS LIFE OF BEETHOVEN","refBibs":[{"host":{"title":"Facsimile of two pages from Mr. Krehbiel's edition of Thayer's Beethoven biography","author":[]}},{"host":{"title":"The pages refer to the concert of December 44, 1808, at the Theater «n der Wien, at which the C minor and Pastoral symphonies and the Choral Fantasia received their fint performances. Beethoven extemporised the pianoforte introduction to the Fantasia at the concert and did not write it down till months afterward. The concert was an unfortunate affair in every respect","author":[{"name":" Mr"},{"name":" Krehbid"}]}}],"genre":["research-article"],"host":{"title":"The Musical Quarterly","language":["unknown"],"issn":["0027-4631"],"eissn":["1741-8399"],"publisherId":["musqtl"],"volume":"III","issue":"4","pages":{"first":"629","last":"640"},"genre":["journal"],"subject":[{"value":"Articles"}]},"namedEntities":{"unitex":{"date":["1807","1917","1865","1854","1843","1872","1796","1907","1866","1849","1891","1880","1910","1816","1856","1852","1892","1879"],"geogName":[],"orgName":[],"orgName_funder":[],"orgName_provider":[],"persName":["Alma Mater","Lincoln","Krehbid","Cipriani","Mason","Otto Jahn","Alexander Thayer","Therese Brunswick","Riemann","Sonneck","Caroline van Beethoven","Gerhard von Breuning","July Sd","Deiters","Stephen von Breuning","Jabez Fox","Lowell Mason","Fox","Alexander Wheelock","Court Councillor","Charles Neate","Hugo Riemann","George Grove","Sumner","Romaine Rolland","U. S. Consulship","Krehbiel","Hermann Deiters","Therese Malfatti","Charles Scribner","Thayer","Mehetabel Adams"],"placeName":["Mass.","Berlin","Germany","Orange","Bonn","Frankfort","Hamburg","Cologne","Graz","Trieste","Dlisseldorf","Europe","America","Vienna","York","Egypt","Cambridge","Salzburg"],"ref_url":[],"ref_bibl":["July, 1890"],"bibl":[]}},"ark":["ark:/67375/HXZ-32129MCN-N"],"categories":{"wos":[],"scienceMetrix":["1 - arts & humanities","2 - visual & performing arts","3 - music"],"scopus":["1 - Social Sciences","2 - Arts and Humanities","3 - Music"]},"publicationDate":"1917","copyrightDate":"1917","enrichments":{"type":["multicat","refBibs","teeft","unitex"]},"doi":["10.1093/mq/III.4.629"],"_id":"3BFC471E1BBDA02E468A7E38EB6114EED5B70CEC"}