{"corpusName":"sage","keywords":{"teeft":["clef","juniorhigh","vocal music","bass clef","public schools","voice change","early teens","voices change","adolescent boys","choral director"]},"author":[{"name":"Frederick Swanson","affiliations":["Retired music educator, formerly director of music in Moline, Illinois, Public Schools and director of the Moline Boys' Choir."]}],"articleId":["10.2307_3400768"],"arkIstex":"ark:/67375/M70-FLRJHN08-0","language":["eng"],"originalGenre":["research-article"],"qualityIndicators":{"score":4.425,"pdfWordCount":2413,"pdfCharCount":18991,"pdfVersion":1.6,"pdfPageCount":4,"pdfPageSize":"594 x 879 pts","refBibsNative":false,"abstractWordCount":1,"abstractCharCount":0,"keywordCount":0},"title":"Changing Voices: Don't Leave Out the Boys","genre":["research-article"],"host":{"title":"Music Educators Journal","language":["unknown"],"issn":["0027-4321"],"eissn":["1945-0087"],"publisherId":["MEJ"],"volume":"70","issue":"5","pages":{"first":"47","last":"50"},"genre":["journal"]},"namedEntities":{"unitex":{"date":["1930","1957","1920s","1930s","1932","1984","1940"],"geogName":[],"orgName":["American Directors St"],"orgName_funder":[],"orgName_provider":[],"persName":["Ludwig Beethoven","Frederick Swanson","Russell V. Morgan","Luciano Pavarotti","P. Giddings","Junior Highand","PlacidoDomingo","N. Cliffs","Ronald WenHollien","John F. Michel","Hollis"],"placeName":["NewYork","LakeCity","America","Vienna"],"ref_url":[],"ref_bibl":["September1980","November1961","September 1975","November1982"],"bibl":[]}},"ark":["ark:/67375/M70-FLRJHN08-0"],"publicationDate":"1984","copyrightDate":"1984","enrichments":{"type":["refBibs","teeft","unitex"]},"doi":["10.2307/3400768"],"_id":"8A421F637F5FC674EF2277F6AA4A8A67226B736B"}