{"corpusName":"oup","keywords":{"teeft":["corr","scarlatti","agricola","handel","baroque music","talbot","cantata","toledo","francis knight","john butt","michael talbot","pisendel","simmonds","paul simmonds","knighton","branscombe","haines","collegium","burnett","november","holman","latcham","tess knighton","duben","sadler","john haines","joye","noone","trendell","consort","graham sadler","jeremy","florissants","art florissants","boluda","campion","coprario","david irving","biennial international conference","david trendell","court suite","michael latcham","palomares","stephen rice","anna jones","karnes","shirley thompson","navarro","landowska","michael noone","polyphonic","alexander agricola","italian solo concerto","english treatise","english chapel","magnifique livre","instrumental music","john kitchen","ivan moody","flute","tess","julian rushton","regal handel","cinque voci","wanda landowska","briefe introduction","kimberly marshall","early music november","early year","elizabeth roche","turkish military band","european court festival","colin muset","duben collection","iberian source","virga jesse","courtly love song","medieval france","musica","johann","hearing passion","william christie","dresden orchestra","ritornello dynamic","renaissance flute","english concerto","john irving","clive brown","beethoven violin sonata","robert king","flute consort","edmund bowles","hopkinson smith","diffinitorium musice","brian clark","enraged musician","macclesfield psalter","neidhardt factor","giovanni battista buonamente","john milsom","thematic catalogue","canonical study","richard burnett","leuven conference","marie therese","viennese court","venezianischen ospedali","keyboard music","polyphonic sequence","chronological order","domenico scarlatti","revisiting atys","callahan rosenberg","analysing early french song","paulo estudante","solo baroque","rachel barton pine","anthony rooley","brief response","collegium aureum","derek adlam","biennial","treatise","francesco","handel opera","water music","thomas mcgeary","musical instrument","cataloguing concerto","last elizabethan","marco fodella foundation","chamber cantata","richard maunder","museum keyboard instrument catalogue","david yearsley","cambridge companion","lully latin","concert series","fugal rejuvenation","rosetta stone","dinko fabris","antwerp conference","robert rawson","consort music","imperial pleasure","tassilo erhardt","federico maria sardelli","lorenzo candelaria","venetian orphan","vulgate orecchie","geyer osthoff","michael robertson","modo antiquo","tito manlio","erik albertyn","strange world","william byrd","duke university conference","dean sutcliffe","geoffrey burgess","recent approach","complete work","understanding fortepiano","musical dictionary","yale university collegium musicum","performance practice","ronald woodley","christmas pastorellas","cluniac ecclesia","bradley lehman","violin concerto","david johnson","crawford young","agricola conference","intuitive syllable deployment","lowland scottish pipe","tolz knabenchor","florian heyerick","forqueray piece","lucy robinson","early modern france","roberto giuliani","polyphonic music","scarlatti family","antonio vivaldi","mozart","bach"]},"arkIstex":"ark:/67375/HXZ-1TFSBW34-K","language":["eng"],"originalGenre":["other"],"qualityIndicators":{"score":5.717,"pdfWordCount":5621,"pdfCharCount":43963,"pdfVersion":1.4,"pdfPageCount":10,"pdfPageSize":"527.16 x 680.16 pts","pdfWordsPerPage":562,"pdfText":true,"refBibsNative":false,"abstractWordCount":0,"abstractCharCount":0,"keywordCount":0},"title":"Annual Index","refBibs":[{"host":{"title":"Iconography in the history of the recorder up to 1430—Part 2","author":[{"name":"Rowland-Jones "},{"name":"Anthony,– "}]}},{"host":{"author":[{"name":"— "},{"name":"Joye Recorder"},{"name":"Flute Consorts '( Br ) Musicque De"},{"name":"Joye "}],"pages":{"first":"492"}}},{"host":{"author":[{"name":"Sadler "},{"name":"Graham "},{"name":"French Baroque"}],"pages":{"first":"331"}}},{"host":{"author":[{"name":"Saunders "},{"name":"Zoe "},{"name":"Leofranc Holford"}],"pages":{"first":"175"}}},{"host":{"title":"Ordering Scarlatti's strange world' (BR) [Flannery, A chronological order for the keyboard of Domenico Scarlatti","author":[{"name":"Domenico,– Scarlatti"}]}},{"host":{"title":"The day it daws","author":[]}},{"host":{"title":"– A wealth of Sweelinck' (MR) 687 sonata – 'Ordering Scarlatti","author":[{"name":"J,S "},{"name":"C,P E W F Bach"},{"name":" Bruhns"},{"name":" Praetorius"},{"name":"Smith Scarlatti ] 507"},{"name":"David,J "}]}},{"host":{"title":"Dean Sutcliffe 298 — 'A master of the sonata before Corelli?' (BR) [Allsop, Giovanni Battista Buonamente","author":[{"name":"& Rosenberg ; O ' Callahan"},{"name":" Neill"}]}},{"title":"The court suite: a brief responseOrdering Scarlatti's strange world' (BR) [Flannery, A chronological order for the keyboard of Domenico Scarlatti] 298 Sweden – See Uppsala TALBOT","author":[],"host":{"title":"Scarlatti. Gasparini, Atto Melani","author":[],"pages":{"first":"706"}}},{"host":{"title":"Catch 350 — 'Bach-style keyboard tuning', by Mark Lindley and Ibo Ortgies 613 — 'Bach's temperament, Occam's Razor, and the Neidhardt factor","author":[{"name":"Taylor "},{"name":"Philip,– "}]}},{"host":{"title":"The first printed musical dictionary' (BR) [Tinctoris, Diffinitorium musice","author":[{"name":"Johannes,– Tinctoris"}]}},{"title":"Tropes for the Ordinary in a 16th-century chantbook from Toledo, Spain', by Lorenzo Candelaria 587 TomkinsThe missing link: the trombone in Italy in the 17th and 18th centuries","author":[{"name":"– 'toledo Toledo"},{"name":" Cathedral"}],"host":{"title":"Thomas – 'The last Elizabethan' (BR)","author":[]}},{"host":{"title":"The impact of Turkish military bands on European court festivals in the 17th and 18th centuries","author":[{"name":"– Turkey"}]}},{"host":{"author":[{"name":"– Uppsala"},{"name":" Düben"}]}},{"host":{"title":"Venetian orphans' (BR) [Musik an den venezianischen Ospedali","author":[{"name":"– Venice"}]}},{"host":{"title":"Franciscan violinist (Andrew Dell'Antonio) 482 Barlow, Jeremy: The enraged musician: Hogarth's musical imagery (Thomas McGeary) 669 Bathe, William: A Briefe Introduction to the Skill of Song","author":[{"name":"& Geyer"},{"name":"Eleanor Osthoff ]"},{"name":"Peter: Giovanni Battista Selfridge-Field 681 B O O K S Allsop"},{"name":" Buonamente"}],"pages":{"first":"303"}}},{"author":[{"name":"Anthony Boden"}],"host":{"title":"Thomas Tomkins: the last Elizabethan","author":[],"pages":{"first":"139"}}},{"host":{"title":"Company of pianos (Michael Latcham)","author":[{"name":"Richard Burnett"}],"pages":{"first":"494"}}},{"title":"Handel and the English Chapel (Peter Leech) 143 Cambridge companion to the concerto","author":[{"name":"Donald Burrows"}],"host":{"title":"Thomas: A New Way of Making Fowre Parts in Counterpoint and Giovanni Coprario","author":[]}},{"host":{"author":[{"name":"Christopher,R Wilson"}],"pages":{"first":"289"}}},{"host":{"author":[{"name":"Chansons De"},{"name":"Colin Muset"}],"pages":{"first":"672"}}},{"host":{"title":"Owain: English 18th-century concertos: an inventory and thematic catalogue (Richard Maunder)","author":[{"name":" Edwards"}],"pages":{"first":"148"}}},{"host":{"title":"A chronological order for the keyboard sonatas of Domenico Scarlatti (1685–1757) (W. Dean Sutcliffe) 298 From Renaissance to Baroque: change in instruments and instrumental music in the 17th century","author":[{"name":"Matthew Flannery"}],"pages":{"first":"483"}}},{"host":{"title":"Music in the Cluniac ecclesia: a pilot project (Lisa Colton)","author":[{"name":"Bryan Gillingham"}],"pages":{"first":"675"}}},{"title":"The Italian solo concerto, 1700–1760: rhetorical strategies and style","author":[{"name":"Jehoash Hirshberg"},{"name":"Simon Mcveigh"}],"host":{"title":"Rebecca Kan)","author":[],"volume":"141"}},{"host":{"title":"Johann Georg Pisendel (1687–1755) und die Anfänge der neuzeilichen Orchesterleitung (Brian Clark) 146 Lark in the morning: the verses of the troubadours","author":[{"name":"Kai Köpp"}],"pages":{"first":"672"}}},{"host":{"author":[{"name":"Cecilia Luzzi"}],"pages":{"first":"1580","last":"1595"}}},{"host":{"title":"The Italian solo concerto, 1700–1760: rhetorical strategies and style","author":[{"name":"Simon Mcveigh"},{"name":"Jehoash Hirshberg"}],"pages":{"first":"141"}}},{"host":{"author":[{"name":"Catherine Massip"}],"pages":{"first":"678"}}},{"host":{"title":"Hearing Bach's passions (John Butt) 296 Musicque de Joye: Proceedings of the international symposium on the Renaissance flute and recorder consort","publicationDate":"2003","author":[{"name":"Daniel,R Melamed"}]}},{"host":{"author":[{"name":" Musik An Den Venezianischen"},{"name":" Ospedali"}]}},{"host":{"title":"Courtly love songs of medieval France: transmission and style in the trouvère repertoire","author":[{"name":"O ' Neill"},{"name":"Mary "}]}},{"host":{"title":"Empress Marie Therese and music at the Viennese courtJulian Rushton) 149 Royal College of Music, Museum of Instruments catalogue, part 2: Keyboard instruments","author":[{"name":"John,A Rice"}],"pages":{"first":"1792","last":"1807"}}},{"host":{"title":"Mozart: The early years","author":[{"name":"Stanley Sadie"}],"pages":{"first":"1756","last":"1781"}}},{"author":[{"name":"Lionel Sawkins"}],"host":{"title":"A thematic catalogue of the works of Michel-Richard de Lalande","author":[],"pages":{"first":"1657","last":"1726"}}},{"title":"Vulgate orecchie—purgate orecchie: De relatie tussen publiek en muziek in het Venetiaanse motetoeuvre van Adriaan Willaert","author":[{"name":"Katelijne Schiltz"}],"host":{"title":"James Chater)","author":[],"pages":{"first":"481"}}},{"host":{"title":"The day it daws: the Lowland Scots bagpipe and its music","author":[{"name":"Pete Stewart"}],"pages":{"first":"1400","last":"1715"}}},{"author":[{"name":"Michael Talbot"}],"host":{"title":"The chamber cantatas of Antonio Vivaldi","author":[],"pages":{"first":"682"}}},{"host":{"title":"Diffinitorium musice: Un dizionario di musica per","author":[{"name":"Johannes Tinctoris"}],"pages":{"first":"479"}}},{"title":"677 Words about Mozart: essays in honour of","author":[{"name":"Katerichard Van Orden"},{"name":".................................................. M U S I Freedman 731"},{"name":"Carl,Philipp Bach"},{"name":" Emanuel"}],"publicationDate":"2006","host":{"title":"The complete works, I/3: 'Probestücke', 'Leichte' and 'Damen' sonatas","publicationDate":"2006","author":[],"pages":{"first":"296"}}},{"title":"Opera omnia","author":[{"name":"Luigi Boccherini"}],"host":{"title":"Arie da concerto","author":[],"pages":{"first":"544","last":"559"}}},{"host":{"title":"Broadside ballads: songs from the streets, taverns, theatres and countryside of 17th-century England","author":[]}},{"author":[{"name":"William Byrd"}],"host":{"title":"Psalmes, Sonets and Songs","author":[],"pages":{"first":"309"}}},{"host":{"title":"Byrd Edition, The [series","author":[],"pages":{"first":"309"}}},{"host":{"title":"Clive Brown, Recent Researches in the Music of the 19th and early 20th centuries, lxi (Duncan Druce) 313 Códice 25 de la Catedral de Toledo: Polifonía de Morales","publicationDate":"1805","author":[{"name":"Franz Clement"}],"pages":{"first":"152"}}},{"title":"Christopher Hogwood (Timothy Roberts) 311 'fitt for the Manicorde': a 17th-century English collection of keyboard music Christopher Hogwood (Timothy Roberts) 311 Frammenti musicali del trecento nell'incunabolo Inv. 15755","author":[{"name":"John Dowland"}],"host":{"title":"Biancamaria Brumana and Galliano Ciliberti (Margaret Bent) 305 Frühe Lautentabulaturen im Faksimile","author":[],"pages":{"first":"306"}}},{"author":[{"name":"Francesco Gasparini"},{"name":"Alessandro Masses"},{"name":"Francesco Scarlatti"},{"name":" Gasparini"}],"host":{"title":"Luca della Libera, Recent Researches in the Music of the Baroque Era","author":[]}},{"host":{"title":"Ayres, or Fa La's for Three Voyces (1627), ed. John Morehen, Recent Researches in Music of the Renaissance","author":[{"name":"John Hilton"}],"pages":{"first":"309"}}},{"title":"Airs from 'Airs de différents autheurs","author":[{"name":"Michel Lambert"}],"host":{"title":"Recent Researches in Music of the Baroque Era, cxxxix","author":[]}},{"title":"Barbara Sachs (Michael Talbot) 692 — A cantata & two canzonettas for bass and b.c., ed. Cedric Lee (Michael Talbot) 692 — Three cantatas for bass and b.c","author":[{"name":"Giovanni Legrenzi"}],"host":{"title":"Two cantatas from the Munich manuscript","author":[]}},{"host":{"title":"Complete cantatas","author":[{"name":"Atto Melani"}]}},{"host":{"title":"James Leve, Yale University Collegium Musicum, Second Series, xiv (Hendrik Schulze) 690 Monuments of Renaissance Music","author":[{"name":"Jacopo Melani"}],"pages":{"first":"308"}}},{"host":{"title":"Monuments of Renaissance Music, xi (Peter J. D. Scott) 308 Musica Britannica [series] 157 Neapolitan lute music: Fabrizio Dentice Recent Researches in Music of the Renaissance, cxl (Tim Crawford) 155 Prattica Musicale [series] 306 Recent Researches in Music of the Baroque Era [series] 501, 692 Recent Researches in the Music of the 19th","publicationDate":"1503","author":[],"pages":{"first":"309"}}},{"author":[{"name":"Alessandro Scarlatti"},{"name":"Alessandro Masses"},{"name":"Francesco Scarlatti"},{"name":" Gasparini"}],"host":{"title":"Luca della Libera, Recent Researches in the Music of the Baroque Era","author":[],"pages":{"first":"692"}}},{"author":[{"name":"Jan Sweelinck"},{"name":" Pieterszoon"}],"host":{"title":"Lied-und Tanzvariationen)","author":[],"pages":{"first":"687"}}},{"title":"The English Concert (David Irving) 714 — Concertos for flute, Marten Root, Ensemble Schönbrum (David Irving) 714 — Concertante: Mozart Armonico tributo, Les Muffati, dir. Peter van Heyghen (Stephen Rose) 324 Music at Reims Cathedral and at Notre-Dame in Paris, Deller Consort (Francis Knights) 522 Music for recorder, Hans-Martin Linde (Francis Knights) 522 Music in Versailles","author":[{"name":"John,Andrew Ward"},{"name":" Manze"}],"host":{"title":"Consort Music of 4 parts","author":[]}},{"author":[{"name":"Josef Myslivecek"},{"name":" La Passione Di Nostro Signore Gesu"},{"name":" Cristo"}],"host":{"title":"Chorus Musicus Köln Das Neue Orchester, dir. Christoph Spering","author":[],"pages":{"first":"339"}}},{"host":{"title":"Secular music, Camerata Trajectina, La Caccia, Brisk Recorder Quartet (Stephen Rice) 697 Ockeghem, Johannes: Lamentationes, Josquin Capella (David Trendell) 317 Paradisi portas: Music from 17th-century Portugal, Choir of the Queen's College","author":[{"name":"Jacob Obrecht"}],"pages":{"first":"318"}}},{"host":{"author":[{"name":"Johann Pisendel"},{"name":" Georg"}],"pages":{"first":"324"}}},{"host":{"title":"Organ works, Léon Berben (Paul Simmonds) 507 Puzzles and perfect beauty","author":[{"name":"Jacob Praetorius"}],"pages":{"first":"159"}}},{"host":{"title":"Les Arts Florissants, dir. William Christie (Graham Sadler) 331 — Platée","author":[{"name":"Jean-Philippe Rameau"}],"pages":{"first":"331"}}},{"host":{"title":"Les Arts Florissants, dir William Christie (Graham Sadler) 331 — Les Indes galantes, Les Arts Florissants, dir. William Christie (Graham Sadler) 331 Renaissance Christmas music, Elly Ameling, Tölz Knabenchor, dir. Gerhard Schmidt-Gaden (Francis Knights) 522 Revolution","author":[{"name":"— Les"},{"name":"Paladins "}],"pages":{"first":"335"}}},{"host":{"title":"Lamentations for the Holy Week, La Hispanoflamenca (Tess Knighton) 318 Roccoco flirt [A], Edith Mathis, Benno Kusche (Francis Knights) 522 Sacred music from Notre-Dame Cathedral, Tonus Peregrinus","author":[{"name":"Pedro Rimonte"}],"pages":{"first":"159"}}},{"host":{"author":[{"name":"Giovanni Salvatore"},{"name":" Ricercari"},{"name":"Toccate Canzoni"},{"name":"Diego Canizzaro"}],"pages":{"first":"164"}}},{"host":{"title":"John Kitchen) 335 — Polyphonic Music of the Scarlatti Family, Ensemble Ex Tempore, dir. Florian Heyerick (Michael Talbot) 706 — Inferno: Cantate drammatiche","author":[{"name":"Alessandro Scarlatti"},{"name":"Alexander Toccatas"},{"name":" Weimann"}],"pages":{"first":"706"}}},{"host":{"title":"Aline Zylberajch (Paul Simmonds) 507 — Sonatas, Linda Nicholson (Paul Simmonds) 507 — Polyphonic Music of the Scarlatti Family, Ensemble Ex Tempore, dir. Florian Heyerick (Michael Talbot) 706 — Sonatas volume","author":[{"name":"Domenico Scarlatti"},{"name":" Sonatas"}]}},{"host":{"title":"Polyphonic Music of the Scarlatti Family, Ensemble Ex Tempore, dir. Florian Heyerick (Michael Talbot) 706 Scottish Lady Mass [A], Red Byrd (Ivan Moody) 159 Tallis, Thomas: Spem in alium","author":[{"name":"Francesco Scarlatti"}],"pages":{"first":"699"}}},{"host":{"title":"Göttlichs Kind, Ensemble Stimmkunst, dir Kay Johannsen (Stephen Rose) 324 Trio sonata in 17th-century France [The]","author":[{"name":"Georg Telemann"},{"name":" Philipp"}],"pages":{"first":"166"}}},{"host":{"author":[{"name":"Franz Tunder"},{"name":"Rheinische Concerti"},{"name":" Kantorei"}],"pages":{"first":"324"}}},{"host":{"author":[{"name":"Antonio: Intavolatura Valente"},{"name":"Francesco Di Cimbalo"},{"name":" Cera"}],"pages":{"first":"164"}}},{"title":"Andrea Coen (Eric Cross) 513 — Violin sonatas","author":[{"name":"Francesco Veracini"},{"name":" Maria"},{"name":"Federico Dissertazioni Del Corelli"},{"name":" Guglielmo"}],"host":{"title":"Jaap ter Linden","author":[],"pages":{"first":"513"}}},{"host":{"title":"Flammae divinae, Consort of Musicke (David Trendell)","author":[{"name":"Jan Verrijt"},{"name":" Baptist"}],"pages":{"first":"317"}}},{"host":{"title":"The King's Consort, dir Robert King (Elizabeth Roche) 515 — Concerti e cantate da camera III, L'Astrée, dir","author":[{"name":"Antonio Vivaldi"}],"pages":{"first":"1","last":"11"}}},{"host":{"title":"Sebastián de Vivanco, Choir of King's College","author":[{"name":"Sebastián Vivanco"},{"name":" De"}],"pages":{"first":"318"}}},{"host":{"title":"Solo Baroque, Rachel Barton Pine (Stephen Rose) 324 When angels make music, Musica Freybergensis, dir","publicationDate":"2006","author":[{"name":"Johann Westhoff"},{"name":" Paul Von"}],"pages":{"first":"734"}}}],"genre":["other"],"host":{"title":"Early Music","language":["unknown"],"issn":["0306-1078"],"eissn":["1741-7260"],"publisherId":["earlyj"],"volume":"34","issue":"4","pages":{"first":"725","last":"734"},"genre":["journal"],"subject":[{"value":"ANNUAL INDEX"}]},"namedEntities":{"unitex":{"date":["2001","18th century","2006","in the 17th century","in the 19th century","20th centuries","the 17th century","in the 17th and 18th centuries","11"],"geogName":[],"orgName":["Levi Foundation","Fodella Foundation","Biennial International Conference","Duke University","Marco Fodella Foundation","Portugal, Choir of the Queen","Yale University"],"orgName_funder":[],"orgName_provider":[],"persName":["Stephen Bullamore","Aline Zylberajch","Stephen Stubbs","David Johnson","Lucas Harris","Diego Canizzaro","Glen Wilson","Elly Ameling","Kimberly Marshall","Richard Maunder","Anna Jones","Harald Vogel","Julian Rushton","Van Orden","Ryan Brown","David Lasocki","Leofranc Holford-Strevens","David Wyn","Colin Muset","Susan Alexander-Max","Alexander Agricola","Giovanni Coprario","John Khouri","Giorgio Tabacco","Gerhard Schmidt-Gaden","Lucy van Dael","Francesco Gasparini","La Hispanoflamenca","Cervantes","Federico Guglielmo","Philip Taylor","James Johnstone","Ronald Woodley","Samuel N. Rosenberg","Stephan van Dyck","John Kitchen","Michael Noone","Andrew Dell’Antonio","Giovanni Battista","Pierre Hanta","Jonathan Wainwright","Christoph Willibald","James O’Donnell","Edmund Bowles","Anna Tedesco","Arno Padurch","Philipp Friedrich","Sebastian de Vivanco","Marc Minkowski","Kevin C. Karnes","Filippo Di Monte","Lucie Skeaping","Francesco Cera","Jeremy Barlow","Robert Kehew","Kay Johannsen","Timothy Roberts","Ivan Moody","Zoe Saunders","Gustav Leonhardt","George Frideric","Dinko","Derek Adlam","Michael Talbot","Cedric Lee","Brian Clark","Erik Ose","John Ward","John Butt","Johann Georg","London Baroque","Wolfgang Osthoff","Paul Simmonds","Federico Maria","Wanda Landowska","Ian Payne","Joy Barker","Cecilia Panti","Richard Burnett","Jeremy Montagu","Jan Baptist","Alison McGillivray","Francesco Scarlatti","Ruth I. DeFord","Douglas Hollick","Giulio Cesare","Linda Nicholson","Jeffrey Skidmore","Duncan Druce","Stephen Rice","Lorraine Hunt","Antonio Severino","Eric Cross","Rinaldo Alessandrini","Roberto Giuliani","Margaret Bent","Johannes Koch","Francesco Tasini","Michel-Richard Delalande","Peter Downey","John Morehen","Graham Sadler","Christoph Spering","Peter Leech","Crawford Young","W. Dean","La Morra","David J. Smith","Johann Nepomuk","Jan Pieterszoon","J. D. Scott","Leon Berben","Jean Tubery","Douglas Leedy","Noel O’Regan","Max W. Wheeler","Francis Knights","Antonia Padonai","Mark Kroll","Shirley Thompson","Pamela Thorby","Sarah Connolly","Herve Niquet","Book","Elisabeth Belgrano","Mara Galassi","Andrea Coen","Hans-Martin Linde","Erik Albertyn","Geoffrey Burgess","David McGuinness","Judith Nagley","Michel Lambert","Wolfgang Amadeus","Peter Kopp","Don Quixote","Peter Holman","La Fenice","Jeremy Smith","Simon McVeigh","John Milsom","Peter Walls","Ezra Pound","David M. Guion","Catherine Gordon-Seifert","Peter Branscombe","James Chater","Mark Lindley","Thomas Elias","Simon Standage","Jerome Hanta","Andrew Johnstone","Fabrizio Dentice","Carolyn Sampson","Christophe Rousset","Andrew V. Jones","La Venexia","Christopher Callahan","La Dauphine","Richard Troeger","Lars Ulrik","Bruno Weil","Bob van Asperen","Rene Jacobs","Elizabeth Wells","Philipp Emanuel","Kevin Mallon","Jane Rogers","Tim Crawford","Wilhelm Friedemann","Celine Frisch","John Griffiths","Philippe Herreweghe","Andrew Manze","Christopher R. Wilson","Roland Wilson","Suzie Leblanc","Solo Baroque","Micaela Comberti","Leofranc HolfordStrevens","Ibo","Alexander Weimann","La Venexiana","Gregory Barnett","Elisabeth Scholl","Robert A. Green","Santa Maria","Tess Knighton","Michael Robertson","David Trendell","Enrico Baiano","Mark Passion","Helen Geyer","Domenico Scarlatti","Elizabeth Farr","David Kidger","Hendrik Schulze","Thomas McGeary","W. D. Snodgrass","Richard Egarr","Simon P. Keefe","Max Emanuel","Lucy Robinson","Christine Schornsheim","David Irving","Bradley Lehman","William Christie","Monica Huggett","Stephen Rose","Anthony Rowland-Jones","James Leve","David Schulenberg","Barbara Sachs","John Holloway","Lorenzo Candelaria","Robert King","John Eliot","Marie Therese","Carlos Martini","D. S. Field","Lady Mass","Dorothea Link","Stefano Molardi","John O’Donnell","Pavel Josef","Francesco Maria","C. Wegman","Tito Manlio","Martin Kirnbauer","Music","Rebecca Kan","A. Scarlatti","Florian Heyerick","Jean-Claude Malgoire","Suzanne Kaiser","La Caccia","Matthew Halls","Eleanor Selfridge-Field","Recording","Jacques Ogg","Johann Paul","John Paul","Craig Cramer","Edith Mathis","Pieter Dirksen","Lewis Lockwood","Owen Rees","Lisa Colton","Edmund Batters","Christopher Hogwood","Elizabeth Roche","Andreas Staier","Jesse Rodin","Peter van Heyghen","Jocelyne Cuiller","C. P. E. Bach","Luis Otavio"],"placeName":["Naples","Tournai","Venice","Saarlouis","Uppsala","Buxtehude","Paris","Foggia","Germany","Perugia","Munich","Hanover","Antwerp","Bolton","Poland","Santos","Austria","Turkey","Toledo","Corsica","Reims","Warsaw","Versailles","Japan","Vienna","St Cecilia","Amsterdam","Rome","Portugal","Leuven","France","Cambridge","Italy","Sweden","Spain","Goldberg","Warwick"],"ref_url":[],"ref_bibl":["Vivanco et al.","Veracini et al.","Leclair et al.","Oxford, 1998","Obrecht et al.","Peregrinus et al.","Paris, 1747","Anglebert et al."],"bibl":[]}},"ark":["ark:/67375/HXZ-1TFSBW34-K"],"categories":{"wos":[],"scienceMetrix":["1 - arts & humanities","2 - visual & performing arts","3 - music"],"scopus":["1 - Social Sciences","2 - Arts and Humanities","3 - Music"]},"publicationDate":"2006","copyrightDate":"2006","enrichments":{"type":["multicat","refBibs","teeft","unitex"]},"doi":["10.1093/em/cal123"],"_id":"928C484A96574C049C2759E53BF608DA07067FD5"}