{"corpusName":"oup","keywords":{"teeft":["pianoforte","frederic chopin","chopin","peculiar genius","fourth ballade","violin solo","cello solo","major third","first clause","pianoforte orchestral effect"]},"author":[{"name":"A. E. BRENT SMITH"}],"articleId":["v.2.103"],"arkIstex":"ark:/67375/HXZ-4RSM5VQP-R","language":["eng"],"originalGenre":["research-article"],"qualityIndicators":{"score":2.573,"pdfWordCount":2523,"pdfCharCount":13114,"pdfVersion":1.2,"pdfPageCount":6,"pdfPageSize":"477 x 701 pts","pdfWordsPerPage":421,"pdfText":true,"refBibsNative":false,"abstractWordCount":0,"abstractCharCount":0,"keywordCount":0},"title":"A NOTE ON FREDERIC CHOPIN","genre":["research-article"],"host":{"title":"Music and Letters","language":["unknown"],"issn":["0027-4224"],"eissn":["1477-4631"],"publisherId":["musicj"],"volume":"V","issue":"2","pages":{"first":"103","last":"108"},"genre":["journal"],"subject":[{"value":"Articles"}]},"namedEntities":{"unitex":{"date":["1924"],"geogName":[],"orgName":[],"orgName_funder":[],"orgName_provider":[],"persName":["Isabella Thorpe","Beethoven","Chopin","Nocturne"],"placeName":[],"ref_url":[],"ref_bibl":[],"bibl":[]}},"ark":["ark:/67375/HXZ-4RSM5VQP-R"],"categories":{"wos":[],"scienceMetrix":["1 - arts & humanities","2 - visual & performing arts","3 - music"],"scopus":["1 - Social Sciences","2 - Arts and Humanities","3 - Music"]},"publicationDate":"1924","copyrightDate":"1924","enrichments":{"type":["multicat","refBibs","teeft","unitex"]},"doi":["10.1093/ml/V.2.103"],"_id":"D38D2F267F027F17B8DCDD2EDA42AC6DC439923F"}