{"corpusName":"sage","keywords":{"teeft":["constituent elements","music educators journal","music communicates","young people","tonal concepts","music education","great teacher","talented student","identical phrases","angelo giaudrone","musical development","division meeting","music supervisors","independent study","auditory perception","highest level","repertoire","different earhart","myriad qualities","intellectual understanding","other doors","long process","magic toot","mysterious coincidence","intellectual doors","intuitional side","william approach","general sessions","same thing","principal speaker","definitive statement","main body","instructional purposes","other words","particular time","first order","public schools","musical growth","essential part","second session","third session speaker","mental images","current trends","characteristic quality","first step","conceptual development","other pupil activities","musical concepts","elementary level","secondary situations","rhythmic activities","musical concept","mental image","absolute requirement","direct experience","conscious awareness","conceptual organization","elementary schools","comparative highness","shorter time values","slower tempos","softer dynamics","curriculum planning","different phrase","specific ways","appropriate activity","several phrases","tonal aspects","rhythmic aspects","characteristic time values","song forms","same kind","quarter notes","half note","middle cadence","half notes","whole note","final cadence","simple form","important devices","other arts","many examples","numerous compositions","musical experiences","harmonic concepts","harmonic progressions","more tones","more melodies","vertical harmony","linear melodies","contrapuntal music","tone color","intelligent recognition","rhythmic patterns","first grade","tonal imagery","highest order","young person","middle grades","greater complexity","inner workings","development section","first movement","tonal memories","consciousness unpredictablysometimes","basic learnings","other kind","higher grade levels","historical relationships","undergraduate training","first rate musician","secondary schools","major classifications","such lines","clear understanding","worthy goal","vast difference","teaching facts","teaching subject matter","many lessons","musical understanding","real progress","side roads","biographical data","anecdotal legends","other concerns","disproportionate emphasis","third point","next step","conference theme","music educators","instructional program","special importance","pupil activities","technical skill","technical processes","sical performance","perceptual basis","essential activities","mere development","best procedures","elementary school","different classroom","same school","broad principles","good teaching","specific types","first observation","essential function","talented pupils","classroom environment","briefest statement","need schools","music curriculum","disc jockey","entertainment business","england triptych","best composition","technical limitations","musical experience","educative purpose","paramount considerations","poorest violin player","second violins","numerous opportunities","best performers","small ensembles","great value","first session","such study","reference books","music class","additional possibilities","flexible arrangements","large ensemble class","interminable repetition","small ensemble","talented performers","music majors","music teaching","musical deficiencies","single medium","musical performance","full period","large group rehearsal","better advantage","second instrument","different clef","functional piano practice","music theory","representative works","music literature","practice rooms","fine conductor","subtle variations","effective teacher","subtle nuances","equal treatment","important part","teaching process","precious kind","mental action","essential condition","sensitive images","fresh excitations","school music room","musical ideas","skillful teacher","fundamental nature","lower levels","organizational factors","missa solemnis","great music","great teaching","other meanings","supreme reality","priceless legacy","human life","ultimate reality","3national education association","4marian scheiflele","gifted child","regular classroom","teachers college","columbia university","many music teachers","religious dedication","music teachers","technical aspects","possibilities limitlessly","human beings","great minds","notebooks show","ninth symphony","lmusic education","city schools","education history clharles","president john","business meeting","contrapuntal texture","music credits","national week","president beattie","edward futterer","frances gardiner","esta hungerford","nellie elrod","frances elliott clark","brief eulogy","jessie gaynor","early life","jessie song","slumber boat","entire conference","slumber boat jessie","crystal room","hotel robidoux","source material","national conference"]},"author":[{"name":"William C. Hartshorn","affiliations":["Supervisor in Charge of Music Education, Los Angeles (California) City Schools."]}],"articleId":["10.2307_3390036"],"arkIstex":"ark:/67375/M70-W1GSB827-4","language":["eng"],"originalGenre":["research-article"],"abstract":"Three General Sessions at the MENC Northwest Division meeting held in Casper, Wyoming, in April 1963 were developed around the Conference theme \"The Meaning and Teaching of Music.\" The first session on \"The Meaning of Music,\" featured Angelo Giaudrone as principal speaker; the speech from the second session on \"The Teaching of Music\" is presented here. The third session speaker was Ole Sand, whose talk \"Current Trends in Curriculum Planning: Their Implications for Music and the Other Arts\" was published in the September-October issue of the Music Educators Journal.","qualityIndicators":{"score":7.099,"pdfWordCount":4031,"pdfCharCount":22752,"pdfVersion":1.6,"pdfPageCount":5,"pdfPageSize":"648 x 864 pts","refBibsNative":false,"abstractWordCount":89,"abstractCharCount":571,"keywordCount":0},"title":"The Teaching of Music","genre":["research-article"],"host":{"title":"Music Educators Journal","language":["unknown"],"issn":["0027-4321"],"eissn":["1945-0087"],"publisherId":["MEJ"],"volume":"50","issue":"2","pages":{"first":"28","last":"62"},"genre":["journal"]},"namedEntities":{"unitex":{"date":["1963","1960"],"geogName":[],"orgName":["Columbia University","Music Supervisors National Conference","Committee on the National Week of Song","Committee on Music Credits","Committee on Necrology"],"orgName_funder":[],"orgName_provider":[],"persName":["Solemnis","C. V. Buttelman","C. C. Birchard","L. Gary","N. Coe","Earhart","Crystal Room","Clark","Marian Scheiflele","Jessie L. Gaynor","Beattie","Nellie Elrod","Coburn","Gaynor","Stewart","Jessie Gaynor","Beethoven","E. L. Coburn","C. H. Congdon","Will Earhart","Charles T. Griffes","John W. Beattie","Gavnor","Following","Elliott Clark","Frances Gardiner","Edward Futterer","Congdon","Esta Hungerford"],"placeName":["Los Angeles","York","Tacoma"],"ref_url":[],"ref_bibl":["National Conference, 1921","April 1963"],"bibl":[]}},"ark":["ark:/67375/M70-W1GSB827-4"],"categories":{"inist":["1 - sciences humaines et sociales","2 - histoire des sciences et des techniques"]},"publicationDate":"1963","copyrightDate":"1963","enrichments":{"type":["nb","refBibs","teeft","unitex"]},"doi":["10.2307/3390036"],"_id":"9A29B32E1DCF6ADDB5A23ADA3E4CD4DB1FD93DF1"}