{"corpusName":"oup","keywords":{"teeft":["elgar","beethoven quartet","more likely","sombre tree","immense service","baffling handwriting","numerous sketch","musical quotation","good many detail","further explanation","first orchestral concert","irritating habit","much closer","original name","colonia agrippina","final suggestion","contrapuntal perfection","cunningham wood","charles wood","gescfnckte seiner familie","string quartet","philip radcliffe","other great musician","family history","dominant fact","future beethoven biographer","belgian scholar","flemish ancestry","rhenish branch","original essay","marshal everything","innumerable ancestor","main source","church register","other document","such thing","court case","official appointment","less abbreviated form","first time","interesting detail","contemporary instrumental work","creative growth","special facet","musical personality","other thing radcliffe","valid point","lady elgar","paint strange symbolical picture","rasoumovsky quartet","more symphonic utterance","essential character","string quartet intact","late quartet","better position","more objective view","extol certain aspect","introduction radcliffe touch","quartet style","great predecessor","interesting suggestion","grosse fuge","last quartet incomprehensible","chief model","modern composer","other hand","quartet writer","clear parallel","main body","individual work","essential feature","more comprehensive context","perfect cadence","alfredo casella","edmund rubbra","unexceptionable addition","supplementary note","quaint exercise","antiquarian interest","gentlemanly correction","whole book","conclusive synthesis","chromaticized diatonicism","ordinary musical experience","first period","first half","seventeenth century","absolute diatonicism","complete absence","ecclesiastical modal system","true modern tonal sense","minor mode","common property","chamber music"]},"author":[{"name":"M. C."}],"articleId":["47.1.63"],"arkIstex":"ark:/67375/HXZ-QPKZ1HPD-R","language":["eng"],"originalGenre":["book-review"],"qualityIndicators":{"score":2.507,"pdfWordCount":1124,"pdfCharCount":6178,"pdfVersion":1.5,"pdfPageCount":3,"pdfPageSize":"415 x 678 pts","pdfWordsPerPage":375,"pdfText":true,"refBibsNative":false,"abstractWordCount":0,"abstractCharCount":0,"keywordCount":0},"title":"REVIEWS OF BOOKS","genre":["book-reviews"],"host":{"title":"Music and Letters","language":["unknown"],"issn":["0027-4224"],"eissn":["1477-4631"],"publisherId":["musicj"],"volume":"47","issue":"1","pages":{"first":"63","last":"65"},"genre":["journal"],"subject":[{"value":"REVIEWS OF BOOKS"}]},"namedEntities":{"unitex":{"date":["the seventeenth century","1902","1936","1919","1966","1905"],"geogName":[],"orgName":[],"orgName_funder":[],"orgName_provider":[],"persName":["Edmund Rubbra","Joseph Schmidt-Gorg","Alfredo Casella","Philip Radcliffe","C. Woods","Elgar","J. A. W. Beethoven","Young","Rubbra","Jan Gero","Charles Wood","Romantics"],"placeName":["Munich","Brussels","Dover","Chester"],"ref_url":[],"ref_bibl":[],"bibl":[]}},"ark":["ark:/67375/HXZ-QPKZ1HPD-R"],"categories":{"wos":[],"scienceMetrix":["1 - arts & humanities","2 - visual & performing arts","3 - music"],"scopus":["1 - Social Sciences","2 - Arts and Humanities","3 - Music"]},"publicationDate":"1966","copyrightDate":"1966","enrichments":{"type":["multicat","refBibs","teeft","unitex"]},"doi":["10.1093/ml/47.1.63"],"_id":"CE60171EE71AF83B3F782E2A1F62936D447423BC"}