{"corpusName":"sage","keywords":{"teeft":["simonton","birth year","gini","kozbelt","classical composers","quadratic versatility","handel","genre","kurtosis","skewness","gini coefficient","creative productivity","career span","boccherini","versatility","vivaldi","other correlations","skewness kurtosis","composer versatility","composer productivity estimates","social psychology","performance time","classical music","total output","annual output","eminence","choral","eminence ratings","other composers","aesthetic success","statistical analyses","other variables","quadratic","mozart","bach","greater versatility","great composers","individual works","johann strauss","gini coeff","different periods","career trajectories","accurate estimates","historical year","quadratic scores","large effect size","similar works","composer","keyboard","international association","eminent composers","more information","present measure","empirical aesthetics","choral works","second place","prolific composers","other researchers","descriptive results","balakirev barber beach beethoven bellini berg berlioz bernstein bizet bloch boccherini borodin brahms britten bruch bruckner busoni buxtehude chabrier chopin copland corelli couperin","debussy delius donizetti dupr","productivity estimates","annual output eminence","reliable correlations","sources recordings","present dataset","uneven distribution","present study","music history","present database","vaughan williams","music kozbelt","wide margin","time estimates","chwial kowski","correlational analyses","multiple genres","cumulative operas","page number citations","versatility scores","music references","performance time productivity estimates","particular type","quadratic versatility scores","extreme specialists","extreme generalists score","negative relation","greater productivity","western music","first group","important contributions","lower scores","historical order","reliable difference","other groups","different patterns","xviii congress","musical genres","performance time measure","less music","melodic originality","conceptual innovators","theater works","individual composers","elgar falla faur","orchestral","strauss","coefficient"]},"author":[{"name":"Aaron Kozbelt","affiliations":["BROOKLYN COLLEGE OF THE CITY UNIVERSITY OF NEW YORK, USA,","E-mail: AaronK@brooklyn.cuny.edu"]}],"subject":[{"lang":["eng"],"value":"creative productivity"},{"lang":["eng"],"value":"creativity"},{"lang":["eng"],"value":"eminence"},{"lang":["eng"],"value":"historiometry"}],"articleId":["10.1177_0305735608090846"],"arkIstex":"ark:/67375/M70-R9XXJJLD-B","language":["eng"],"originalGenre":["other"],"abstract":"Performance time productivity estimates for 102 classical composers are reported. For each composer, the grand total and totals within several musical genres (e.g., symphonies, concerti, operas) are provided, which are used to generate a measure of composer versatility, or the extent to which each composer's output spans multiple genres. Estimated durations of lost works for each composer are also summarized. Descriptive results identify the most prolific composers in the overall sample and within each genre. Illustrative correlational analyses revealed reliable overall associations between average annual productivity, eminence and composer birth year; versatility was related only to birth year. However, composers in different periods of musical history (Baroque/Classical, Romantic and 20th century) showed different patterns of correlations between the variables, with 20th-century composers showing no reliable correlations at all. Implications and suggestions for incorporating the reported productivity estimates into multi-level statistical analyses of composers' lifespan creative productivity are discussed.","qualityIndicators":{"score":8.776,"pdfWordCount":6875,"pdfCharCount":49332,"pdfVersion":1.6,"pdfPageCount":22,"pdfPageSize":"481.896 x 685.984 pts","refBibsNative":true,"abstractWordCount":148,"abstractCharCount":1125,"keywordCount":4},"title":"Performance time productivity and versatility estimates for 102 classical composers","refBibs":[{"host":{"title":"Top ten of everything 2003","author":[]}},{"host":{"title":"A dictionary of musical themes","author":[]}},{"host":{"title":"A dictionary of opera and song themes","author":[]}},{"host":{"title":"The Da Capo catalog of classical music compositions","author":[]}},{"host":{"title":"The social psychology of music","author":[]}},{"host":{"title":"Expertise and intelligent thinking: When is it worse to know better?","author":[],"pages":{"first":"157","last":"188"}}},{"host":{"title":"Painting outside the lines","author":[]}},{"host":{"title":"Old masters and young geniuses","author":[]}},{"title":"Measurement of inequality of incomes","author":[{"name":" Gini C."}],"host":{"title":"The Economic Journal","author":[],"volume":"31","pages":{"first":"124","last":"126"}}},{"title":"Variabilità e mutabilità","author":[{"name":" Gini C."}],"host":{"title":"English translation in Metron","author":[],"volume":"63","issue":"1","pages":{"first":"3","last":"38"}}},{"host":{"title":"A history of western music","author":[]}},{"host":{"title":"Classical music recordings for home and library","author":[]}},{"host":{"title":"Reexamining the equal-odds rule in classical composers","author":[],"pages":{"first":"540","last":"543"}}},{"title":"Factors affecting aesthetic success and improvement in creativity: A case study of the musical genres of Mozart","author":[{"name":" Kozbelt A."}],"host":{"title":"Psychology of Music","author":[],"volume":"33","issue":"3","pages":{"first":"235","last":"255"}}},{"host":{"title":"Introduction to contemporary music","author":[]}},{"host":{"title":"The clockwork muse","author":[]}},{"host":{"title":"Information theory and esthetic perception (trans. J. E. Cohen)","author":[]}},{"host":{"title":"Human accomplishment","author":[]}},{"host":{"title":"Creativity in music: Cerebral hemisphericity, stylistic preference, and `greatness'","author":[],"pages":{"first":"532","last":"535"}}},{"host":{"title":"Hierarchical linear models: Application and data analysis methods","author":[]}},{"title":"Creative productivity, age, and stress: A biographical time-series analysis of 10 classical composers","author":[{"name":" Simonton D.K."}],"host":{"title":"Journal of Personality and Social Psychology","author":[],"volume":"35","issue":"11","pages":{"first":"791","last":"804"}}},{"title":"Eminence, creativity, and geographic marginality: A recursive structural equation model","author":[{"name":" Simonton D.K."}],"host":{"title":"Journal of Personality and Social Psychology","author":[],"volume":"35","issue":"11","pages":{"first":"805","last":"816"}}},{"title":"Thematic fame, melodic originality, and musical zeitgeist: A biographical and transhistorical content analysis","author":[{"name":" Simonton D.K."}],"host":{"title":"Journal of Personality and Social Psychology","author":[],"volume":"38","issue":"6","pages":{"first":"972","last":"983"}}},{"title":"Melodic structure and note transition probabilities: A content analysis of 15,618 classical themes","author":[{"name":" Simonton D.K."}],"host":{"title":"Psychology of Music","author":[],"volume":"12","issue":"1","pages":{"first":"3","last":"16"}}},{"title":"Aesthetic success in classical music: A computer analysis of 1,935 compositions","author":[{"name":" Simonton D.K."}],"host":{"title":"Empirical Studies of the Arts","author":[],"volume":"4","issue":"1","pages":{"first":"1","last":"17"}}},{"title":"Emergence and realization of genius: The lives and works of 120 classical composers","author":[{"name":" Simonton D.K."}],"host":{"title":"Journal of Personality and Social Psychology","author":[],"volume":"61","issue":"5","pages":{"first":"829","last":"840"}}},{"host":{"title":"Greatness: Who makes history and why","author":[]}},{"title":"Creative productivity: A predictive and explanatory model of career landmarks and trajectories","author":[{"name":" Simonton D.K."}],"host":{"title":"Psychological Review","author":[],"volume":"104","issue":"1","pages":{"first":"66","last":"89"}}},{"title":"Creative development as acquired expertise: Theoretical issues and an empirical test","author":[{"name":" Simonton D.K."}],"host":{"title":"Developmental Review","author":[],"volume":"20","issue":"2","pages":{"first":"283","last":"318"}}},{"host":{"title":"Born to rebel","author":[]}},{"title":"Examining creative performance over time using hierarchical linear modeling: An illustration using film directors","author":[{"name":" Zickar M.J."},{"name":" Slaughter J.E."}],"host":{"title":"Human Performance","author":[],"volume":"12","issue":"3","pages":{"first":"211","last":"230"}}}],"genre":["other"],"host":{"title":"Psychology of Music","language":["unknown"],"issn":["0305-7356"],"eissn":["1741-3087"],"publisherId":["POM"],"volume":"37","issue":"1","pages":{"first":"25","last":"46"},"genre":["journal"]},"namedEntities":{"unitex":{"date":["2009","1860","in the 20th century","1700","2002","20th century","1770","30s","1900"],"geogName":["Balakirev Barber Bartók Beach"],"orgName":["American Musicological Society"],"orgName_funder":[],"orgName_provider":[],"persName":["Richard Strauss","J. F. Marques","Prokofiev","Donizetti","Lalo Liszt","J. C. Bach","Britten","J. Sr","R. J. Sternberg","Franck Frescobaldi","Schumann","Telemann","Marc-Antoine Charpentier","Haydn","Alessandro Scarlatti","Johann Strauss","Handel","F. Debussy","I. Bach","Anton Webern","Sullivan Szymanowski","J. Jr","J. S. Bach","Orff","Rossini","Amy Beach","P. Andrade","D. Scarlatti","Rameau","D. Schoenberg","J. P. Frois","Saint-Saëns","Mozart","Ravel Respighi","Shostakovich","Williams Verdi","C. P. E. Bach"],"placeName":["Buxtehude","Glinka","Palestrina"],"ref_url":["http://www.wessa","http://pom.sagepub.com"],"ref_bibl":["Murray, 2003","Simonton (1991)","Zickar & Slaughter, 1999","Kozbelt, 2004, 2005","Simonton, 1977b, 1991","Simonton, 1977a","Halsey, 1976","Petrov & Danilova, 2004","Simonton, 2000, p. 311","Simonton, 1977b, 1991, 2000","Simonton, 1994, 1997","Farnsworth, 1969, p. 228","2001, 2005","Grout, 2001","consistent with Simonton, 1977b, 1991","Simonton, 2000","Simonton, 1977a, 1991","Raudenbusch & Bryk, 2002","Galenson, 2001, 2005","Gini, 1921, 1955/1912","1948, 1950","Kozbelt, 2005","Simonton, 1986","Simonton, 1997","Machlis, 1979","Simonton, 1980","Kozbelt, 2004","Simonton, 1991","see also Simonton, 1980","Martindale, 1990","reported in Ash, 2003, p. 148","Simonton, 1977b","Simonton, 1984"],"bibl":[]}},"ark":["ark:/67375/M70-R9XXJJLD-B"],"categories":{"wos":["1 - social science","2 - psychology, experimental","2 - psychology, educational","2 - psychology, applied"],"scienceMetrix":["1 - health sciences","2 - psychology & cognitive sciences","3 - experimental psychology"],"scopus":["1 - Social Sciences","2 - Psychology","3 - Psychology (miscellaneous)","1 - Social Sciences","2 - Arts and Humanities","3 - Music"],"inist":["1 - sciences humaines et sociales","2 - linguistique"]},"publicationDate":"2009","copyrightDate":"2009","enrichments":{"type":["multicat","nb","teeft","unitex"]},"doi":["10.1177/0305735608090846"],"_id":"B276E8FCEEEFE510A11B0FB23AED238004FE6182"}