{"corpusName":"oup","author":[{"name":"MAX GRAF"}],"articleId":["XXVI.1.8"],"arkIstex":"ark:/67375/HXZ-0PLBMRX1-3","language":["eng"],"originalGenre":["research-article"],"qualityIndicators":{"score":4.193,"pdfWordCount":4143,"pdfCharCount":22861,"pdfVersion":1.3,"pdfPageCount":11,"pdfPageSize":"620 x 805 pts","pdfWordsPerPage":377,"pdfText":true,"refBibsNative":false,"abstractWordCount":0,"abstractCharCount":0,"keywordCount":0},"title":"THE DEATH OF A MUSIC CITY","genre":["research-article"],"host":{"title":"The Musical Quarterly","language":["unknown"],"issn":["0027-4631"],"eissn":["1741-8399"],"publisherId":["musqtl"],"volume":"XXVI","issue":"1","pages":{"first":"8","last":"18"},"genre":["journal"],"subject":[{"value":"Articles"}]},"namedEntities":{"unitex":{"date":["1600","1680","During the 15th and 16th centuries","the 16th century","16th century","1681","18th century","In the 13th century","1821","1918","In the 15th century","in the 17th century","In the 17th century","in the 19th century","1438","1566","From the 18th century","during the 16th, 17th, and 18th centuries","The 17th century","the 17th century","in the 17th and 18th centuries","1619","since the 17th century","17th century","1892","1940","in the 18th century","the 17th and 18th centuries","in the 17 th century"],"geogName":["Danube","North Sea"],"orgName":["Hungary, Italy, and Croatia","France, Austrian"],"orgName_funder":[],"orgName_provider":[],"persName":["Richard Strauss","Antonio Caldara","Donizetti","Maria Theresa","Court Kapellmeister","Haydn","Johann Strauss","Maria di Rohan","El Prado","Court Theater","Linda di Chamounix","Beethoven","Aria Styriaca","Court Kappelle","Kielmansegg","Bruckner","Agostino Steffani","Lobkowitz","Arthur Mendel","Antonio Ziani","Antonio Cesti","Eugene"],"placeName":["Naples","Leipzig","Venice","Cyprus","Germany","Dresden","Munich","Innsbruck","Hanover","Brescia","German Empire","Austria","Music City","Kassel","Madrid","Sinzendorf","Graz","Europe","Milan","America","Brussels","Vienna","Ferrara","Rome","Detmold","Padua","France","Italy","Salzburg","Budapest"],"ref_url":[],"ref_bibl":["July 1848"],"bibl":[]}},"ark":["ark:/67375/HXZ-0PLBMRX1-3"],"categories":{"wos":[],"scienceMetrix":["1 - arts & humanities","2 - visual & performing arts","3 - music"],"scopus":["1 - Social Sciences","2 - Arts and Humanities","3 - Music"]},"publicationDate":"1940","copyrightDate":"1940","enrichments":{"type":["multicat","refBibs","unitex"]},"doi":["10.1093/mq/XXVI.1.8"],"_id":"5DAD1F85DB75F937906917E49476A35B1E3F320B"}