{"corpusName":"oup","keywords":{"teeft":["musorgsky","folksong","many setting","other music","neue beethoven gesamlausgabe","string part","folksong setting","richard taruskin","critical report","other setting","first version","flute part","thomson","beethoven"]},"author":[{"name":"BARRY COOPER"}],"articleId":["76.3.447"],"arkIstex":"ark:/67375/HXZ-BNQ931Q4-7","language":["eng"],"originalGenre":["book-review"],"qualityIndicators":{"score":3.074,"pdfWordCount":3024,"pdfCharCount":17498,"pdfVersion":1.2,"pdfPageCount":4,"pdfPageSize":"456 x 707 pts","pdfWordsPerPage":756,"pdfText":true,"refBibsNative":false,"abstractWordCount":0,"abstractCharCount":0,"keywordCount":0},"title":"REVIEWS OF BOOKS","genre":["book-reviews"],"host":{"title":"Music and Letters","language":["unknown"],"issn":["0027-4224"],"eissn":["1477-4631"],"publisherId":["musicj"],"volume":"76","issue":"3","pages":{"first":"447","last":"450"},"genre":["journal"],"subject":[{"value":"REVIEWS OF BOOKS"}]},"namedEntities":{"unitex":{"date":["1820","1814","1810","1994","1820s","1816","1995","1812","1817"],"geogName":[],"orgName":[],"orgName_funder":[],"orgName_provider":[],"persName":["Karl-Heinz Kohler","Petra Weber-Bockholdt","Wilhelm Fink","Maurice Greene","William Napier","Ludwig van Beethovens","Boris Godunov","Charles Powell","Beethoven","George Thomson","Richard Taruskin","COOPER Beethovens","Henry Carey"],"placeName":["Germany","Munich","Scotland"],"ref_url":[],"ref_bibl":["September 1825","February 1810","May 1815"],"bibl":[]}},"ark":["ark:/67375/HXZ-BNQ931Q4-7"],"categories":{"wos":[],"scienceMetrix":["1 - arts & humanities","2 - visual & performing arts","3 - music"],"scopus":["1 - Social Sciences","2 - Arts and Humanities","3 - Music"]},"publicationDate":"1995","copyrightDate":"1995","enrichments":{"type":["multicat","refBibs","teeft","unitex"]},"doi":["10.1093/ml/76.3.447"],"_id":"E0897FBEE08F87F8A2238FD2CAFF340DF9C5F1EA"}