{"corpusName":"sage","keywords":{"teeft":["music education","original stimulus","other stimuli","experimental condition","tonal pattern","test tapes","training sessions","conservation responses","experimental training tape","conservation scores","older children","recognition scores","previous investigations","same stimuli","musical education","score cards","second tune","contour changes","musical concepts","comparison stimulus","musical tasks","correct response","possible scores","pflederer sechrest","music appreciation classes","experimental group","control group","older groups","exact repetition","other hand","testing conditions","deformation","stimulus","tempo","conservation"]},"author":[{"name":"Marilyn Pflederer Zimmerman","affiliations":["University of Illinois at Urbana-Champaign Northwestern University"]},{"name":"Lee Sechrest","affiliations":["University of Illinois at Urbana-Champaign Northwestern University"]}],"articleId":["10.2307_3344355"],"arkIstex":"ark:/67375/M70-RNJBRWXN-T","language":["eng"],"originalGenre":["research-article"],"qualityIndicators":{"score":5.687,"pdfWordCount":3675,"pdfCharCount":22296,"pdfVersion":1.3,"pdfPageCount":12,"pdfPageSize":"432 x 659.88 pts","refBibsNative":false,"abstractWordCount":1,"abstractCharCount":0,"keywordCount":0},"title":"Brief Focused Instruction and Musical Concepts","genre":["research-article"],"host":{"title":"Journal of Research in Music Education","language":["unknown"],"issn":["0022-4294"],"publisherId":["JRM"],"volume":"18","issue":"1","pages":{"first":"25","last":"36"},"genre":["journal"]},"namedEntities":{"unitex":{"date":["1970"],"geogName":[],"orgName":["Urbana-Champaign Northwestern University","OF RESEARCH IN MUSIC EDUCATION Because","Cooperative Research Program of the Office of Education","University of Illinois","Department of Health, Education, and Welfare","OF RESEARCH IN MUSIC EDUCATION","OF RESEARCH IN MUSIC EDUCATION DISCUSSION It"],"orgName_funder":[],"orgName_provider":[],"persName":["Beethoven","Condition","Mozart"],"placeName":["America","Chicago Heights","Chicago"],"ref_url":[],"ref_bibl":["New York: Boosey and Hawkes, 1946"],"bibl":[]}},"ark":["ark:/67375/M70-RNJBRWXN-T"],"categories":{"wos":[],"scienceMetrix":["1 - arts & humanities","2 - visual & performing arts","3 - music"],"scopus":["1 - Social Sciences","2 - Arts and Humanities","3 - Music","1 - Social Sciences","2 - Social Sciences","3 - Education"]},"publicationDate":"1970","copyrightDate":"1970","enrichments":{"type":["multicat","refBibs","teeft","unitex"]},"doi":["10.2307/3344355"],"_id":"21AA6B0332086453D3D17F9A0091FD7E0A72E260"}