{"corpusName":"cambridge","author":[{"name":"Guy Rickards"}],"arkIstex":"ark:/67375/6GQ-PKK83MP1-N","language":["eng"],"originalGenre":["book-review"],"abstract":"Paul Wittgenstein's commissioning of concertos for piano left-hand is as enviable a legacy as any performer could wish to have, centred as it is on concertos by Korngold, Franz Schmidt (who also penned for Wittgenstein a set of Concertante Variations on a theme of Beethoven with orchestra and three piano quintets), Richard Strauss, Prokofiev, Britten (his op. 21 Diversions) and Ravel. Yet the maimed pianist's quixotic attitude to the works he received is almost as remarkable. Ravel he offended by the liberties he took with the solo part, while Prokofiev's Concerto No. 4 languished unplayed for a quarter of a century, until three years after the composer's death. Yet these cases pale into insignificance compared to the treatment meted out to the concerto that Paul Hindemith wrote for Wittgensein in 1923.","qualityIndicators":{"score":8.572,"pdfWordCount":10679,"pdfCharCount":65826,"pdfVersion":1.4,"pdfPageCount":16,"pdfPageSize":"510 x 717 pts","refBibsNative":false,"abstractWordCount":131,"abstractCharCount":814,"keywordCount":0},"title":"Berlin: Hindemith's ‘Klaviermusik mit orchester’","pii":["S0040298205260230"],"genre":["book-reviews"],"host":{"title":"Tempo","language":["unknown"],"issn":["0040-2982"],"eissn":["1478-2286"],"publisherId":["TEM"],"volume":"59","issue":"233","pages":{"first":"55","last":"56","total":"2"},"genre":["journal"]},"ark":["ark:/67375/6GQ-PKK83MP1-N"],"categories":{"inist":["1 - sciences humaines et sociales","2 - histoire et sciences des religions"]},"publicationDate":"2005","copyrightDate":"2005","enrichments":{"type":["nb","refBibs"]},"doi":["10.1017/S0040298205260230"],"_id":"F720C5B64CB3217212255DB37A44AED801A3E96A"}