{"corpusName":"cambridge","author":[{"name":"Stephen Johnson"}],"articleId":["00283"],"arkIstex":"ark:/67375/6GQ-5F3P1B76-6","language":["eng"],"originalGenre":["research-article"],"abstract":"It seems one has to start with Isobel Gowdie. Whatever neophobic propogandists may say, there have been warm receptions for other new works at Promenade Concerts, but the thunderous, ecstatic welcome given to James MacMillan's The Confession of Isobel Gowdie at the 1990 Proms was unprecedented. What made it more remarkable was that this was a capacity Saturday night audience, largely attracted – or so one presumes – by Beethoven's Fourth Symphony and the prospect of hearing the brilliant young Korean violinist Dong Suk-Kang play the Sibelius Violin Concerto. What proportion of that audience was further lured by the picture in the Proms brochure of the good-looking young man, posing moodily in front of the Glasgow Celtic football ground, and the article underneath, with its promise of a heady mixture of catholic-socialist-Scottish indignation, is anybody's guess – but it can't have been the majority.","qualityIndicators":{"score":5.97,"pdfWordCount":2242,"pdfCharCount":13197,"pdfVersion":1.4,"pdfPageCount":4,"pdfPageSize":"523.44 x 769.68 pts","refBibsNative":false,"abstractWordCount":144,"abstractCharCount":912,"keywordCount":0},"title":"James MacMillan","pii":["S0040298200002837"],"genre":["research-article"],"host":{"title":"Tempo","language":["unknown"],"issn":["0040-2982"],"eissn":["1478-2286"],"publisherId":["TEM"],"issue":"185","pages":{"first":"2","last":"5","total":"4"},"genre":["journal"]},"ark":["ark:/67375/6GQ-5F3P1B76-6"],"categories":{"inist":["1 - sciences humaines et sociales","2 - philosophie"]},"publicationDate":"1993","copyrightDate":"1993","enrichments":{"type":["nb","refBibs"]},"doi":["10.1017/S0040298200002837"],"_id":"C3FE2EB914276683A014A5CD92891D5C5C979E2B"}