{"corpusName":"oup","keywords":{"teeft":["palestrina","polyphony","colour","musical quarterly","harmonic sense","same time","harmonic","human emotion","bach","common sense","discordant polyphony","human life","musical expression","different person","emotional quality","strauss","aerial vibration","mystic quality","unconscious nature","more direct","out world","chief element","long time","modern music","single note","primitive folk","greater pleasure","musical colour","same melody","fuller life","communal sense","creative faculty","different part","first word","savage mind","physical movement","human being","same work","individual right","german master","minor mass","emotional statement","minor symphony","first movement","historic period","other hand","next peak","major common chord","minor common chord","human heart","gordon craig","perfect musical note","much more","musical realism","hero life","dramatic expression","dramatic value","perfect song","chord"]},"author":[{"name":"RUTLAND BOUGHTON"}],"articleId":["I.4.473"],"arkIstex":"ark:/67375/HXZ-734MZNVL-N","language":["eng"],"originalGenre":["research-article"],"qualityIndicators":{"score":5.05,"pdfWordCount":9505,"pdfCharCount":50474,"pdfVersion":1.3,"pdfPageCount":26,"pdfPageSize":"617 x 798 pts","pdfWordsPerPage":366,"pdfText":true,"refBibsNative":false,"abstractWordCount":0,"abstractCharCount":0,"keywordCount":0},"title":"THE SOUL OF MUSIC","genre":["research-article"],"host":{"title":"The Musical Quarterly","language":["unknown"],"issn":["0027-4631"],"eissn":["1741-8399"],"publisherId":["musqtl"],"volume":"I","issue":"4","pages":{"first":"473","last":"496"},"genre":["journal"],"subject":[{"value":"Articles"}]},"namedEntities":{"unitex":{"date":["1915"],"geogName":[],"orgName":[],"orgName_funder":[],"orgName_provider":[],"persName":["Robert Franz","Two","Louise Liebich","Gordon Craig","Don Quixote","Strauss","Beethoven","Allen","Harrison","Siegfried Idyll","William Platt","Child-Music","Margaret Glyn"],"placeName":["Palestrina"],"ref_url":[],"ref_bibl":[],"bibl":[]}},"ark":["ark:/67375/HXZ-734MZNVL-N"],"categories":{"wos":[],"scienceMetrix":["1 - arts & humanities","2 - visual & performing arts","3 - music"],"scopus":["1 - Social Sciences","2 - Arts and Humanities","3 - Music"]},"publicationDate":"1915","copyrightDate":"1915","enrichments":{"type":["multicat","refBibs","teeft","unitex"]},"doi":["10.1093/mq/I.4.473"],"_id":"773378A0B4AFFA164BBE1A09E08D85520DA2EC0D"}