{"corpusName":"oup","keywords":{"teeft":["toscanini","madama butterfly","symphony orchestra","boris godunoff","aida","madama","other conductor","first season","york philharmonic","other musician","donne curiose","first time","last word","beethoven cycle","verdi requiem","principal conductor","gustav mahler","symphonic repertory","madame sansgine","metropolitan opera","butterfly"]},"author":[{"name":"HOWARD TAUBMAN"}],"articleId":["XXXIII.2.178"],"arkIstex":"ark:/67375/HXZ-RJVPJ5K2-0","language":["eng"],"originalGenre":["research-article"],"qualityIndicators":{"score":3.754,"pdfWordCount":3704,"pdfCharCount":20276,"pdfVersion":1.3,"pdfPageCount":14,"pdfPageSize":"465 x 690 pts","pdfWordsPerPage":265,"pdfText":true,"refBibsNative":false,"abstractWordCount":0,"abstractCharCount":0,"keywordCount":0},"title":"TOSCANINI IN AMERICA","genre":["research-article"],"host":{"title":"The Musical Quarterly","language":["unknown"],"issn":["0027-4631"],"eissn":["1741-8399"],"publisherId":["musqtl"],"volume":"XXXIII","issue":"2","pages":{"first":"178","last":"187"},"genre":["journal"],"subject":[{"value":"Articles"}]},"namedEntities":{"unitex":{"date":["1928","1930","1920","1947","1936","1908","1937","1926","1915","1909"],"geogName":[],"orgName":["El Saldn Mexico, Paul Creston","Germany, Toscanini","Italy and Toscanini","United States Treasury","Austria, Toscanini"],"orgName_funder":[],"orgName_provider":[],"persName":["Roy Harris","Willem Mengelberg","SansGine","Boris Godunoff","My Childhood","Ernest Schilling","Anton Seidl","La Traviata","Faust Overture","Elie Siegmeister","Don Pasquale","Irving Kolodin","La Wally","Till Eulenspiegel","Nathan Broder","Henry E. Krehbiel","La Gioconda","J.Mt","Kent Kennan","La Boheme","Bernard Wagenaar","Charles Martin","Shaw","Benito Mussolini","Canyon Suite","Lincoln Legend","Samuel Barber","Charles T. Griffes","Bernard Shaw","George Gershwin","Gustav Mahler","Henry F. Gilbert","Howard Hanson","Aaron Copland","Giulio Gatti-Casazza"],"placeName":["Philadelphia","Paris","Switzerland","United States","London","Boston","Europe","Bayreuth","America","Rome","York","Italy","Nazi Germany","Salzburg"],"ref_url":[],"ref_bibl":[],"bibl":[]}},"ark":["ark:/67375/HXZ-RJVPJ5K2-0"],"categories":{"wos":[],"scienceMetrix":["1 - arts & humanities","2 - visual & performing arts","3 - music"],"scopus":["1 - Social Sciences","2 - Arts and Humanities","3 - Music"]},"publicationDate":"1947","copyrightDate":"1947","enrichments":{"type":["multicat","refBibs","teeft","unitex"]},"doi":["10.1093/mq/XXXIII.2.178"],"_id":"FA05D49FE0146862F6305F800C6F97939DFFBFC1"}