{"corpusName":"oup","keywords":{"teeft":["fidelio","florestan","leonore","aria","pizarro","fernando","trumpet signal","samson agonistes","rocco","trumpet","other word","dramatic meaning","same time","basil deane","alan tyson","mosco carner","paul robinson","operatic marriage","yale university press","french revolution"]},"author":[{"name":"CHRISTOPHER HATCH"}],"articleId":["15.1.5"],"arkIstex":"ark:/67375/HXZ-VH6WXQSG-N","language":["eng"],"originalGenre":["research-article"],"qualityIndicators":{"refBibsNative":false,"abstractWordCount":0,"abstractCharCount":0,"keywordCount":0,"score":5.044,"pdfWordCount":4994,"pdfCharCount":27216,"pdfVersion":1.2,"pdfPageCount":13,"pdfPageSize":"502 x 727 pts","pdfWordsPerPage":384,"pdfText":true},"title":"The Wondrous Trumpet Call in Beethoven's Fidelio","refBibs":[{"title":"This recognition scene may lend itself to the same approach as that taken by Jessica Waldoffto the turning points in Mozart's operas","author":[],"host":{"title":"her \"Don Giovanni: Recognition Denied\" in Opera Buffa in Mozart's","author":[]}},{"host":{"publicationDate":"1997","author":[{"name":" Vienna"}],"pages":{"first":"286","last":"307"}}},{"title":"Synopsis","author":[{"name":"Paul Robinson"}],"publicationDate":"1996","host":{"title":"Ludwig van Beethoven: \"Fidelio\"","publicationDate":"1996","author":[],"pages":{"first":"13"}}},{"author":[{"name":"Douglas Johnson"}],"host":{"title":"The New Grove Dictionary of Opera","author":[],"pages":{"first":"185","last":"18"}}},{"host":{"author":[{"name":" Johnson"},{"name":" Fidelio"}],"pages":{"first":"184"}}},{"author":[],"host":{"title":"See Matthew","author":[],"volume":"25","pages":{"first":"35","last":"45"}}},{"title":"We [the audience] must catch a glimpse of hell flame, a whiff of sulphur\" (The Life of the Drama","author":[{"name":"Eric Bentley"}],"publicationDate":"1983","host":{"title":"historically the villains .. . stem from the archvillain Lucifer","publicationDate":"1983","author":[],"pages":{"first":"201"}}},{"host":{"title":"Opera and Politics: From Monteverdi to Henze Bokina also notes that in the finale of act 1 \"the invocation of the king's name day spares Rocco from Pizarro's wrath","publicationDate":"1997","author":[{"name":"John Bokina"}],"pages":{"first":"83","last":"83"}}},{"author":[{"name":"George Quoted In"},{"name":" Steiner"}],"publicationDate":"1963","host":{"title":"The Death of Tragedy","publicationDate":"1963","author":[],"pages":{"first":"129"}}},{"author":[],"host":{"title":"Steiner thus describes the close of Samson Agonistes","author":[],"pages":{"first":"31"}}},{"title":"Fidelio: An Operatic Marriage,\" in \"Fidelio\": Ludwig van Beethoven, English National Opera Guide In verse 52 Saint Paul speaks of \"the last trump: for the trumpet shall sound, and the dead shall be raised incorruptible, and we shall be changed.\" 11. A good starting point for understanding how Christian beliefs were aligned with such Enlightenment and French Revolutionary thinking as is to be found in Fidelio would be the classic study by Carl Becker, The Heavenly City of the Eighteenth-Century Philosophers","author":[],"publicationDate":"1932","host":{"title":"Nicholas John","publicationDate":"1932","author":[],"pages":{"first":"28"}}},{"host":{"title":"Winton DeanBeethoven and Opera","author":[]}},{"author":[],"publicationDate":"1990","host":{"title":"Essays on Opera","publicationDate":"1990","author":[],"pages":{"first":"148149"}}},{"title":"Line 7 from the Dies irae, the sequence in the mass for the dead. Also see n. 10. 14. Robinson, \"Fidelio and the French Revolution","author":[],"host":{"title":"Beethoven","author":[],"pages":{"first":"85"}}},{"title":"Beethoven's Heroic Phase","author":[{"name":"Alan Tyson"}],"publicationDate":"1969","host":{"title":"Fidelio\" in Major and Minor","publicationDate":"1969","author":[],"pages":{"first":"139","last":"41"}}},{"host":{"title":"The 1803 Version of","author":[{"name":"Tyson "}]}},{"author":[{"name":" Beethoven 's Christus Am Oelberge"}],"publicationDate":"1971","host":{"title":"The Creative World ofBeahoven","publicationDate":"1971","author":[],"pages":{"first":"80","last":"140"}}},{"title":"The Quest for Faith","author":[{"name":"Solomon "}],"publicationDate":"1988","host":{"title":"Beethoven Essays","publicationDate":"1988","author":[],"pages":{"first":"216","last":"29"}}},{"host":{"title":"Fidelio and the French Revolution","author":[{"name":"Robinson "}],"pages":{"first":"69"}}},{"host":{"title":"@BULLETFidelio: An Operatic Marriage Deane goes on to speak of \"the supreme greatness of the opera","author":[{"name":"Deane "}],"pages":{"first":"15"}}}],"genre":["research-article"],"host":{"title":"The Opera Quarterly","language":["unknown"],"issn":["0736-0053"],"eissn":["1476-2870"],"publisherId":["operaq"],"volume":"15","issue":"1","pages":{"first":"5","last":"17"},"genre":["journal"],"subject":[{"value":"Articles"}]},"namedEntities":{"unitex":{"date":["1997","1803","3-5-8","1804","1-3-5","1999"],"geogName":[],"orgName":["English Cambridge University","Harvard University","New National Opera Guide","Yale University"],"orgName_funder":[],"orgName_provider":[],"persName":["Robinson","Mary Hunter","Deane","Ludwig Deane","Basil Deane","James Webster","Carner","Douglas Johnson","Paul Robinson","George Steiner","Don Fernando","Don Giovanni","John Bokina","Paul Henry","Carl Becker","Even Florestan","Ludwig van Beethoven","Eric Bentley","Mosco","Samson Agonistes","Rocco Waldoffto","Alan Tyson","Nicholas John","W. W. Norton"],"placeName":["Mass.","Heavenly City","Vienna","York","Cambridge","Spain","New Haven"],"ref_url":[],"ref_bibl":["Oxford: Clarendon Press, 1990","New York: Holmes and Meier, 1980","New York: Hill and Wang, 1963","London: John Calder, 1980"],"bibl":[]}},"ark":["ark:/67375/HXZ-VH6WXQSG-N"],"categories":{"wos":[],"scienceMetrix":[],"scopus":["1 - Social Sciences","2 - Arts and Humanities","3 - Music"]},"publicationDate":"1999","copyrightDate":"1998","enrichments":{"type":["multicat","refBibs","teeft","unitex"]},"doi":["10.1093/oq/15.1.5"],"_id":"26F0AB6627C07134BAB7B1523D1C96CCD72092CA"}