{"corpusName":"oup","author":[{"name":"Patricia Herzog"}],"articleId":["79.1.35"],"arkIstex":"ark:/67375/HXZ-NR4V9RBL-R","language":["eng"],"originalGenre":["research-article"],"qualityIndicators":{"score":5.05,"pdfWordCount":8332,"pdfCharCount":47074,"pdfVersion":1.2,"pdfPageCount":20,"pdfPageSize":"491 x 726 pts","pdfWordsPerPage":417,"pdfText":true,"refBibsNative":false,"abstractWordCount":0,"abstractCharCount":0,"keywordCount":0},"title":"The Practical Wisdom of Beethoven's Diabelli Variations","refBibs":[{"title":"The Word Irony and Its Context","author":[{"name":"Norman Knox"}],"publicationDate":"1961","host":{"title":"The Compass of Irony","publicationDate":"1961","author":[],"pages":{"first":"1500","last":"1755"}}},{"host":{"title":"Friedrich Schlegel's \"Lutinde\" and the Fragments, transl. and introd","publicationDate":"1971","author":[],"pages":{"first":"267","last":"4"}}},{"host":{"author":[{"name":"Critical Schlegel"},{"name":" Fragment"}],"pages":{"first":"149"}}},{"host":{"title":"The Rondo a capriccio is one of, forty posthumously published works discovered at the time of Beethoven's death in 1827 There is no question as to its authenticity, 9. Seeing the Rondo a capriccio as autobiography does not depend for its aesthetic yield on the substantiation of any factual claim but rather on the plausibility of such a connection, given what one knows about and how one perceives both work and man","author":[]}},{"title":"The Rondo a capriccio exemplifies measure and proportion not only in its implied content but in the regularity of its form","author":[],"publicationDate":"1991","host":{"title":"Dictionary of Literary Terms and Literary Theory","publicationDate":"1991","author":[]}},{"title":"admiring Beethoven's earthy and unruly genius. The Austrian dramatist Grillparzer writes, \"(F]or all his odd ways, which . . . often bordered on being offensive, there was something so inexpressibly touching and noble in him that one could not but esteem him and feel drawn to him","author":[],"publicationDate":"1977","host":{"title":"Quoted in Maynard Solomon","publicationDate":"1977","author":[],"pages":{"first":"258"}}},{"author":[{"name":"William Kinderman"}],"publicationDate":"1987","host":{"title":"Beethoven's DiabeSi Variations","publicationDate":"1987","author":[]}},{"host":{"title":"This work exists and has been recorded","author":[]}},{"host":{"title":"Beethoven as 1 Knew Him","publicationDate":"1966","author":[{"name":"Anton,Felix Schindler"}],"pages":{"first":"252"}}},{"host":{"author":[{"name":" Schindler"}],"pages":{"first":"252"}}},{"host":{"title":"The Forms of Music","publicationDate":"1956","author":[{"name":"Donald,Francis "},{"name":"Tovey "}],"pages":{"first":"244","last":"17"}}},{"host":{"title":"Music Sounded Out: Essays, Lectures, Interviews, Afterthoughts","publicationDate":"1990","author":[{"name":"Alfred Brendel"}],"pages":{"first":"38","last":"19"}}},{"author":[{"name":"Carl Dahlhaus"}],"publicationDate":"1991","host":{"title":"Nineteenth Century Music, trans. J. Bradford Robinson","publicationDate":"1991","author":[],"pages":{"first":"217"}}},{"author":[{"name":"Susan Mcclary"}],"publicationDate":"1991","host":{"title":"Feminine Endings: Music, Gender and Sexuality","publicationDate":"1991","author":[],"pages":{"first":"114"}}},{"host":{"title":"100 In this connection Said specifically cites the Diabefli VariationsAn interesting yet relatively early case of attempted break with the [sonata] pattern is the thirdperiod [late-period] Beethoven, for whom a fascination with both fugal and variational forms (for example, opus 106, the Diabdii Variations) is his way of getting away from the coerciveness of sonata form, opening music out exfoliatively, elaborately, contemplatively\" (101) This remark is certainly true, provided we bear in mind that it is not variations and fugues that are more open but rather Beethoven's use of them. Fugal and variational forms can be more or less open","publicationDate":"1991","author":[{"name":"Edward Said"},{"name":" Elaborations"}]}},{"author":[],"publicationDate":"1972","host":{"title":"Charles Rosen regards the surprise ending of the Diabetii Variations as expressive of the comic spirit of the work The Classical Style: Haydn, Mozart, Beethoven","publicationDate":"1972","author":[],"pages":{"first":"439","last":"43"}}},{"host":{"title":"The sublime in reverse\" (das umgekehne Erhabene) is a quote from the novelist","author":[{"name":"15 Brendel"}]}},{"host":{"author":[{"name":" Schlegel"}],"pages":{"first":"156"}}},{"author":[{"name":"Richard Rorty"}],"publicationDate":"1989","host":{"title":"Contingency, Irony, and Solidarity","publicationDate":"1989","author":[],"pages":{"first":"73","last":"74"}}},{"host":{"author":[{"name":" Rorty"}],"pages":{"first":"189","last":"30"}}},{"title":"For an interesting and more sympathetic treatment of Nietzsche as ironist","author":[{"name":" Rorty"}],"publicationDate":"1990","host":{"title":"Irony and the Discourse of Modernity","publicationDate":"1990","author":[],"pages":{"first":"25","last":"26"}}},{"host":{"title":"Irony and Ethics m Narrative: From Schlegel to Lacan","publicationDate":"1985","author":[{"name":"Gary Handwerk"}],"pages":{"first":"173"}}},{"host":{"title":"The critical fragment about irony as paradox that I cited earlier is also quoted by Schlegel in this essay \"On Incomprehensibility See Schlegel","author":[],"pages":{"first":"265","last":"66"}}},{"host":{"title":"Meno (71e-72d), trans","publicationDate":"1981","author":[{"name":"G M A Plato"},{"name":" Grube"}]}},{"host":{"title":"Earlier I stated that skepticism is a deficiency of engagement or commitment, whereas idolatry is its excess. This polarity is clearly not the one intended by my original formulation","author":[]}},{"title":"In this, I am expressly contradicting Rey Longyear, who sees the Rondo a capriccio (the dubious provenance of the work notwithstanding) as epitomizing romantic irony. Longyear says this, however, without offering any explanation","author":[],"publicationDate":"1970","host":{"title":"Beethoven and Romantic Irony Musical Quarterly","publicationDate":"1970","author":[],"volume":"56","issue":"4","pages":{"first":"655"}}},{"author":[{"name":"Blicomachean Aristotle"},{"name":" Ethics"}],"publicationDate":"1941","host":{"title":"The Basic Works of Aristotle","publicationDate":"1941","author":[]}},{"host":{"author":[{"name":" Brendel"}],"pages":{"first":"51"}}},{"title":"Kinderman's view, the relation between the DiabeUi Variations and Don Guy varmi is much more extensive","author":[],"host":{"title":"See Kinderman","author":[],"pages":{"first":"125","last":"26"}}},{"author":[{"name":"Harold Bloom"}],"publicationDate":"1973","host":{"title":"The Anxiety of Influence: A Theory of Poetry","publicationDate":"1973","author":[]}},{"host":{"author":[{"name":" Rosen"}],"pages":{"first":"439","last":"44"}}},{"title":"I have, however, argued for it elsewhere. See my \"Music Criticism and Musical Meaning","author":[],"host":{"title":"Journal of Aesthetic and Art Criticism","author":[]}},{"title":"The Patrons and Publics of the Quartets: Music, Culture, and Society in Beethoven's Vienna","author":[{"name":"Theodor,W Adorno"}],"publicationDate":"1976","host":{"title":"Introduction to the Sociology of Music The Beethoven Quartet Companion","publicationDate":"1976","author":[],"pages":{"first":"77","last":"109"}}},{"title":"Although Adorno's remarks in diis passage are specifically geared to Beethoven's middle period, the so-called heroic period of the third and fifth symphonies, his emphasis on the relation between the musical and the extramusical holds for the late period as well, where, however, Adorno's understanding of the specific ideas embodied in Beethoven's music is of quite a different sort. See \"Spatstil Beethovens","author":[],"publicationDate":"1964","host":{"title":"Moments musicaux: Neu Gedruckte Aufsdtze","publicationDate":"1964","author":[],"pages":{"first":"1928","last":"1962"}}},{"title":"some of which come close to conveying my sense of the work, others which seem far away indeed. Of the recorded performances with which I am familiar, that which comes closest is Rudolf Serkin's 1958 performance on Columbia Records","author":[],"host":{"title":"There are many performances of the DiabeUi Variations","author":[]}}],"genre":["research-article"],"host":{"title":"The Musical Quarterly","language":["unknown"],"issn":["0027-4631"],"eissn":["1741-8399"],"publisherId":["musqtl"],"volume":"79","issue":"1","pages":{"first":"35","last":"54"},"genre":["journal"],"subject":[{"value":"Music and Culture"}]},"namedEntities":{"unitex":{"date":["1819","in the nineteenth century","Nineteenth Century","1827","1988","1834","1995"],"geogName":[],"orgName":["Duke University","Yale University"],"orgName_funder":[],"orgName_provider":[],"persName":["William Kinderman","Ernst Behler","Anton Schindler","Johann Baptist","Rosen","Rey Longyear","Leon Botstein","Harold Bloom","Wittgenstein","Grillparzer","Don Guy","Friedrich Schlegel","Erich Hertzmann","Charles Rosen","Martha Nussbaum","Alfred Brendel","Peter Firchow","Anton Diabelli","Theodor W. Adorno","Eleanor Penone","Lawrence Rosenwald","Lydia Goehr","Don Giovanni","Donald W. MacArdle","Robert Schumann","Susan McClary","Anton Felix","Kinderman","Beethoven","Michael P. Steinberg","Carl Dahlhaus","Norman Knox","D. C. Muecke","Rey M. Longyear","Theodor Adomo","Hilary Putnam","Richard McKeon","Sebastian Bach","J. A. Cuddon","Rudolf Serkin","G. M. A. Grube","William James","Jean Paul","Gary Handwerk","Henry Pleasants","Stephen Davies","Richard Rorty","W.W. Norton","Norman Janis","Edward Said","W. D. Ross"],"placeName":["Durham","Bradford","Columbia","Vienna","N.C.","York","New Haven"],"ref_url":[],"ref_bibl":["New York: Dover, 1965","New York: Schirmer, 1977","Berkeley and Los Angeles: University of California Press, 1991","Minneapolis: University of Minnesota Press, 1971","New York: Random House, 1941","Berkeley: University of California Press, 1994","London: Penguin, 1991","Oxford: Oxford University Press, 1973","New Haven and London: Yale University Press, 1985","Seattle: University of Washington Press, 1990","Indianapolis and Cambridge: Hackett, 1981","New York: Noonday Press, 1990","New York: Meridian, 1956","Oxford: Clarendon Press, 1987","Minneapolis: University of Minnesota Press, 1991","London: Methuen, 1969","Frankfurt am Main: Suhrkamp-Verlag, 1964","Cambridge: Cambridge University Press, 1989","New York: Continuum, 1976","New York: Columbia University Press, 1991","Chapel Hill: University of North Carolina Press, 1966"],"bibl":[]}},"ark":["ark:/67375/HXZ-NR4V9RBL-R"],"categories":{"wos":[],"scienceMetrix":["1 - arts & humanities","2 - visual & performing arts","3 - music"],"scopus":["1 - Social Sciences","2 - Arts and Humanities","3 - Music"]},"publicationDate":"1995","copyrightDate":"1995","enrichments":{"type":["multicat","refBibs","unitex"]},"doi":["10.1093/mq/79.1.35"],"_id":"7BB8C89FF4182897ABFC74314F3C66AA06BF0C2F"}