{"corpusName":"oup","keywords":{"teeft":["adorno","lehre","boulez","integrative impulse","social condition","organic wholeness","sonata form","humanistic stocktaking","main area","high modernism","alastair williams","determinate irreconcilability","compositional procedure","individual characteristic","precise conclusion","individual composer","subject matter","alte musiklehre","music analysis","nineteenth century"]},"author":[{"name":"ARNOLD WHITTALL"}],"articleId":["79.4.631"],"arkIstex":"ark:/67375/HXZ-CCZNGJWK-P","language":["eng"],"originalGenre":["book-review"],"qualityIndicators":{"score":3.911,"pdfWordCount":3861,"pdfCharCount":22586,"pdfVersion":1.2,"pdfPageCount":5,"pdfPageSize":"458 x 706 pts","pdfWordsPerPage":772,"pdfText":true,"refBibsNative":false,"abstractWordCount":0,"abstractCharCount":0,"keywordCount":0},"title":"REVIEWS OF BOOKS","genre":["book-reviews"],"host":{"title":"Music and Letters","language":["unknown"],"issn":["0027-4224"],"eissn":["1477-4631"],"publisherId":["musicj"],"volume":"79","issue":"4","pages":{"first":"631","last":"635"},"genre":["journal"],"subject":[{"value":"REVIEWS OF BOOKS"}]},"namedEntities":{"unitex":{"date":["1950s","1917","1998","1920","the Nineteenth Century","twentieth century","1919","nineteenth century"],"geogName":[],"orgName":[],"orgName_funder":[],"orgName_provider":[],"persName":["Roger Scruton","A. B. Marx","Scott Burnham","Derrick Puffett","Pierre Boulez","W.Jahrhunderts","Siegfried Dehn","In","Wolfgang Rihm","Max Paddison","Timothy L. Jackson","Lawrence Kramer","Ludwig van Beethoven","Lev Koblyakov","Alastair Williams"],"placeName":["Chur","Germany","Austria","American","Cambridge"],"ref_url":[],"ref_bibl":["Princeton, 1995","Nottingham, 1996"],"bibl":[]}},"ark":["ark:/67375/HXZ-CCZNGJWK-P"],"categories":{"wos":[],"scienceMetrix":["1 - arts & humanities","2 - visual & performing arts","3 - music"],"scopus":["1 - Social Sciences","2 - Arts and Humanities","3 - Music"]},"publicationDate":"1998","copyrightDate":"1998","enrichments":{"type":["multicat","refBibs","teeft","unitex"]},"doi":["10.1093/ml/79.4.631"],"_id":"ABB8D7E505F80D43D7E4B6E7B8F30A032DAA2662"}