{"corpusName":"oup","author":[{"name":"PHILIP T. BARFORD"}],"articleId":["XXXV.4.320"],"arkIstex":"ark:/67375/HXZ-ZG2DWN88-6","language":["eng"],"originalGenre":["research-article"],"qualityIndicators":{"score":4.951,"pdfWordCount":4901,"pdfCharCount":26774,"pdfVersion":1.2,"pdfPageCount":12,"pdfPageSize":"438 x 707 pts","pdfWordsPerPage":408,"pdfText":true,"refBibsNative":false,"abstractWordCount":0,"abstractCharCount":0,"keywordCount":0},"title":"BEETHOVEN'S LAST SONATA","genre":["research-article"],"host":{"title":"Music and Letters","language":["unknown"],"issn":["0027-4224"],"eissn":["1477-4631"],"publisherId":["musicj"],"volume":"XXXV","issue":"4","pages":{"first":"320","last":"331"},"genre":["journal"],"subject":[{"value":"Articles"}]},"namedEntities":{"unitex":{"date":["1954","in the nineteenth century"],"geogName":[],"orgName":[],"orgName_funder":[],"orgName_provider":[],"persName":["Thomas Mann","Faustus","Beethoven","Francis Younghusband"],"placeName":[],"ref_url":[],"ref_bibl":[],"bibl":[]}},"ark":["ark:/67375/HXZ-ZG2DWN88-6"],"categories":{"wos":[],"scienceMetrix":["1 - arts & humanities","2 - visual & performing arts","3 - music"],"scopus":["1 - Social Sciences","2 - Arts and Humanities","3 - Music"]},"publicationDate":"1954","copyrightDate":"1954","enrichments":{"type":["multicat","refBibs","unitex"]},"doi":["10.1093/ml/XXXV.4.320"],"_id":"3A6721C986FD6068039A054E994A9C54E786BF84"}