{"corpusName":"sage","keywords":{"teeft":["time point","krumhansl","lerdahl","predictor","cuddy","time points","waldstein","dissonance","sonority","kessler","temporal orientation","hierarchical","tonal pitch space","musical dimensions","tension contour","waldstein nicholas","bigand","salience","tension values","fragmento","subsequent sonority","musical tension","schmuckler","tension ratings","slider","wurden","tonal pitch space theory","music perception","pitch salience","retrospective","phrase structure","surface dissonance","personal communication","waldstein excerpt","probe tone","beta weights","beta weight","beta","pitch contour","probe tones","next page","regression equation","numerical predictors","excerpt","listener","tonic","pitch class","perceptual measures","second movement","main effect","attraction predictor","first sonority","pitch classes","subsequent sonorities","multiple regressions","other listeners","hierarchical structure","psychological research","retrospective orientation","perceptual judgments","sensory dissonance","hierarchical hearing","musical context","random order","melodic contour","tonal tension","chicago press","contour","rating","digital piano","group boundaries","method listeners","chronological order","expressive force","phrase opening","strong sense","computer screen","discussion correlations","hierarchical position","significant differences","tonal space","phrase boundaries","first half","prolongational structure","time point figure","positive values","maximal relaxation","dissonance ratings","piano sonata","chromatic scale","tonal structure","piano students","tension percue","present study","tonal tension variables","surface dissonance variables","phrase units","melodic note","stable pitch","tonal music","chordal analysis","perceptual segmentation","moments temporels","successive sonorities","multiple regression","method participants","experimental sessions","major sonority","university community","music training","minimum requirement","individual sonorities","grade viii","music degree","predictor variables","absolute pitch","tonal hierarchy","opening sonority","attraction measure","furthest distance","dissonance measures","melodic expectancies","fred lerdahl","cognitive psychology","perceptual analysis","waldstein piano sonata","musical pitch","human perception","pitch space","different time points","tonal","regression","temporal"]},"author":[{"name":"Nicholas A. Smith","affiliations":[null,"* McMaster University","** Queen's University"]},{"name":"Lolal Cuddy","affiliations":[null,"* McMaster University","** Queen's University"]}],"articleId":["10.1177_102986490300700102"],"arkIstex":"ark:/67375/M70-TNFSJT2S-3","language":["eng"],"originalGenre":["research-article"],"abstract":"This study conducted a perceptual analysis of an excerpt from Beethoven's Waldstein piano sonata in four experiments. The experiments were followed by an application of Lerdahl's (2001) Tonal Pitch Space theory, or TPS, to perceptual judgments of musical tension over the course of the excerpt. In the experiments, data were obtained for each of 15 time points corresponding to the 15 successive sonorities in the excerpt. Listeners in the first three experiments were piano students who learned and performed the excerpt before participating in the experimental tasks. In Experiment 1, judgments of phrase structure permitted examination of the perceptual segmentation of the excerpt. In Experiment 2, probe-tone ratings (Krumhansl and Kessler, 1982) were used to derive both a measure of perceived distance traveled in key space as well as a measure of temporal orientation — the degree to which listening at each time point was retrospective or prospective. In Experiment 3, a tension contour over the 15 time points was derived from listeners' continuous responding to perceived tension throughout the excerpt. In Experiment 4, judgments of consonance/dissonance for each sonority, isolated from context and presented in random order in a randomly selected transposition, were obtained from piano students unfamiliar with the excerpt. Strong correspondences were found between the perceptual measures and related music-theoretic predictors generated from TPS. The tension contour was regressed on TPS predictors. Both sensitivity to hierarchical structure and expectancies arising from voice leading, as well as the overall melodic contour, significantly contributed to the prediction of perceived tension.","qualityIndicators":{"score":10,"pdfWordCount":9822,"pdfCharCount":60085,"pdfVersion":1.4,"pdfPageCount":28,"pdfPageSize":"468 x 684 pts","refBibsNative":true,"abstractWordCount":251,"abstractCharCount":1710,"keywordCount":0},"title":"Perceptions of Musical Dimensions in Beethoven's Waldsiein Sonata: An Application of Tonal Pitch Space Theory","refBibs":[{"host":{"title":"Analysis","author":[]}},{"title":"Anchoring effects in music: The resolution of dissonance","author":[{"name":"J. J. Bharucha"}],"host":{"title":"Cognitive Psychology","author":[],"volume":"16","pages":{"first":"485","last":"518"}}},{"title":"Melodic anchoring","author":[{"name":"J. J. Bharucha"}],"host":{"title":"Music Perception","author":[],"volume":"13","pages":{"first":"383","last":"400"}}},{"host":{"title":"Travelling through Lerdahl's Tonal Pitch Space Theory: A psychological perspective","author":[]}},{"title":"Perceiving musical tension in long chord sequences","author":[{"name":"E. Bigand"},{"name":"R Parncutt"}],"host":{"title":"Psychological Research","author":[],"volume":"62","pages":{"first":"237","last":"54"}}},{"title":"The perception of musical tension in short chord sequences: The influence of harmonic function, sensory dissonance, horizontal motion, and musical training","author":[{"name":"E. Bigand"},{"name":"R. Parncutt"},{"name":"P. Lerdahl"}],"host":{"title":"Perception & Psychophysics","author":[],"volume":"58","pages":{"first":"125","last":"41"}}},{"host":{"title":"Melodic patterns and tonal structure: converting evidence","author":[]}},{"host":{"title":"Psychomusicology","author":[],"volume":"10","pages":{"first":"107","last":"26"}}},{"title":"The perception of tonal pitch space and tonal tension","author":[{"name":"L. L. Cuddy"},{"name":"N. A. Smith"},{"name":"D. Greer"}],"host":{"title":"Musicology and sister disciplines: Past, present and future","author":[],"pages":{"first":"47","last":"59"}}},{"title":"Asymmetry of perceived key movement in chorale sequences: Converging evidence from a probe-tone analysis","author":[{"name":"L. L. Cuddy"},{"name":"W. E. Thompson"}],"host":{"title":"Psychological Research","author":[],"volume":"54","pages":{"first":"51","last":"9"}}},{"title":"An improved model of tonality perception incorporating pitch salience and echoic memory","author":[{"name":"D. Huron"},{"name":"R Parncutt"}],"host":{"title":"Psychomusicology","author":[],"volume":"12","pages":{"first":"154","last":"71"}}},{"title":"The acoustical component of Western consonance","author":[{"name":"W. Hutchinson"},{"name":"L Knopoff"}],"host":{"title":"Interface","author":[],"volume":"7","pages":{"first":"1","last":"29"}}},{"title":"Dynamic pattern structure in music: Recent theory and research","author":[{"name":"M. R. Jones"}],"host":{"title":"Perception & Psychophysics","author":[],"volume":"41","pages":{"first":"621","last":"34"}}},{"title":"The psychological representation of musical pitch in a tonal context","author":[{"name":"C. L. Krumhansl"}],"host":{"title":"Cognitive Psychology","author":[],"volume":"11","pages":{"first":"346","last":"74"}}},{"host":{"title":"Cognitive foundations of musical pitch","author":[]}},{"title":"A perceptual analysis of Mozart's piano sonata K. 282: Segmentation, tension, and musical ideas","author":[{"name":"C. L. Krumhansl"}],"host":{"title":"Music Perception","author":[],"volume":"13","pages":{"first":"401","last":"32"}}},{"title":"Effects of perceptual organization and musical form on melodic expectancies","author":[{"name":"C. L. Krumhansl"},{"name":"M. Leman"}],"host":{"title":"Music, gestalt and computing","author":[],"pages":{"first":"294","last":"320"}}},{"title":"Tracing the dynamic changes in perceived tonal organization in a spatial representation of musical keys","author":[{"name":"C. L. Krumhansl"},{"name":"E. J. Kessler"}],"host":{"title":"Psychological Review","author":[],"volume":"89","pages":{"first":"334","last":"68"}}},{"title":"The Petroushka Chord: A perceptual investigation","author":[{"name":"C. L. Krumhansl"},{"name":"M. A. Schmuckler"}],"host":{"title":"Music Perception","author":[],"volume":"4","pages":{"first":"153","last":"84"}}},{"title":"Quantification of the hierarchy of tonal functions within a diatonic context","author":[{"name":"C. L. Krumhansl"},{"name":"R. N. Shepard"}],"host":{"title":"Journal of Experimental Psychology: Human Perception and Performance","author":[],"volume":"5","pages":{"first":"579","last":"94"}}},{"title":"Tonal pitch space","author":[{"name":"F. Lerdahl"}],"host":{"title":"Music Perception","author":[],"volume":"5","pages":{"first":"315","last":"50"}}},{"title":"Calculating tonal tension","author":[{"name":"F. Lerdahl"}],"host":{"title":"Music Perception","author":[],"volume":"13","pages":{"first":"319","last":"63"}}},{"host":{"title":"Tonal pitch space","author":[]}},{"host":{"title":"A generative theory of tonal music","author":[]}},{"title":"Tonal pitch space by Fred Lerdahl","author":[{"name":"J. London"}],"host":{"title":"Music Perception","author":[],"volume":"20","pages":{"first":"203","last":"18"}}},{"title":"The experience of musical tension: A replication of Nielsen's research using the continuous response digital interface","author":[{"name":"C. K. Madsen"},{"name":"W. E. Frederickson"}],"host":{"title":"Journal of Music Therapy","author":[],"volume":"30","pages":{"first":"46","last":"63"}}},{"host":{"title":"Emotion and meaning in music","author":[]}},{"host":{"title":"Music, the arts, and ideas","author":[]}},{"host":{"title":"The analysis and cognition of basic melodic structures: The implication-realization model","author":[]}},{"title":"Responsiveness of Western adults to pitch-distributional information in melodic sequences","author":[{"name":"N. Oram"},{"name":"L. L. Cuddy"}],"host":{"title":"Psychological Research","author":[],"volume":"57","pages":{"first":"103","last":"18"}}},{"title":"Anatomy of a performance: Sources of musical expression","author":[{"name":"C. Palmer"}],"host":{"title":"Music Perception","author":[],"volume":"13","pages":{"first":"433","last":"53"}}},{"title":"Independent temporal and pitch structures in determination of musical phrases","author":[{"name":"C Palmer"},{"name":"C. L. Krumhansl"}],"host":{"title":"Journal of Experimental Psychology: Human Perception and Performance","author":[],"volume":"13","pages":{"first":"116","last":"26"}}},{"title":"Pitch and temporal contributions to musical phrase perception: Effects of harmony, performance timing, and familiarity","author":[{"name":"C Palmer"},{"name":"C. L. Krumhansl"}],"host":{"title":"Perception & Psychophysics","author":[],"volume":"41","pages":{"first":"505","last":"18"}}},{"host":{"title":"Harmony: A psychoacoustical approach","author":[]}},{"host":{"title":"Variability in musical pitch perception across the piano range","author":[]}},{"host":{"title":"Perceptual tests of musical key finding","author":[]}},{"title":"Continuous measurement of self-report emotional response to music","author":[{"name":"E. Schubert"},{"name":"P. N. Juslin"},{"name":"J. A. Sloboda"}],"host":{"title":"Music and emotion: Theory and research","author":[],"pages":{"first":"393","last":"414"}}},{"title":"Circularity in judgments of relative pitch","author":[{"name":"R. N. Shepard"}],"host":{"title":"Journal of the Acoustical Society of America","author":[],"volume":"32","pages":{"first":"2346","last":"53"}}},{"title":"The functional extravagance of chromatic chords","author":[{"name":"C. J. Smith"}],"host":{"title":"Music Theory Spectrum","author":[],"volume":"8","pages":{"first":"94","last":"139"}}},{"host":{"title":"Pitch-distributional effects on the perception of tonality","author":[]}},{"host":{"title":"The perception of tonal structure by the differentiation and organization of pitches","author":[]}}],"genre":["research-article"],"host":{"title":"Musicae Scientiae","language":["unknown"],"issn":["1029-8649"],"eissn":["2045-4147"],"publisherId":["MSX"],"volume":"7","issue":"1","pages":{"first":"7","last":"34"},"genre":["journal"]},"namedEntities":{"unitex":{"date":["3500","3750","2003"],"geogName":[],"orgName":["CANADA Phone","Smith Department of Psychology"],"orgName_funder":[],"orgName_provider":[],"persName":["Sonya Dal","Emmanuel Bigand","C. L. Krumhansl","L. L. Cuddy","Fred Lerdahl","Keith Tsoi","Lerdahl","Frank Russo","Time Point","TIme Point","N. A. Smith"],"placeName":[],"ref_url":[],"ref_bibl":["Krurnhansl and Kessler (1982)","l984, 1996","jones, 1987","Bigand (2003)","Parncutt, 1989","l987a, 1987b","Lerdahl, 2001, p. 142","Oram and Cuddy, 1995","Krurnhansl and Shepard, 1979","Cuddy and Thompson, 1992","Lerdahl (1988, p. 346)","Bharucha, 1984, 1996","Hutchinson and Knopoff, 1978","Krumhansl and Schmuckler, 1986","Smith and Schmuckler, 2000, 2003","Bigand and Parncutt (1999)","Lerdahl, 1988","Krumhansl and Kessler, 1982","Smith and Cuddy (2000)","Lerdahl, 2001","Krumhansl (1996)","Shepard, 1964","Schmuckler and Tomovksi, 1997","Smith (2000)","Madsen and Frederickson, 1993","Krumhansl, 1996","Russo and Cuddy, 2002","Bent, 1987","Krumhansl (1997)","Krumhansl, 1990","see also Huron and Parncurr, 1993","and in detail by Krumhansl, 1990","Meyer, 1956","Parncutt and Lerdahl (1996)","Meyer, 1956, 1967","Narmour, 1990"],"bibl":[]}},"ark":["ark:/67375/M70-TNFSJT2S-3"],"categories":{"wos":["1 - social science","2 - psychology, experimental"],"scienceMetrix":["1 - health sciences","2 - psychology & cognitive sciences","3 - experimental psychology"],"scopus":["1 - Social Sciences","2 - Arts and Humanities","3 - Music","1 - Social Sciences","2 - Psychology","3 - Experimental and Cognitive Psychology"],"inist":["1 - sciences humaines et sociales"]},"publicationDate":"2003","copyrightDate":"2003","enrichments":{"type":["multicat","nb","teeft","unitex"]},"doi":["10.1177/102986490300700102"],"_id":"D9013D68FCB032D575AF8C259D8CB86EB5C5BB7F"}