{"corpusName":"oup","keywords":{"teeft":["arranger","pianoforte","pianoforte arrangement","hoffmeister","breitkopf","leipzig","good deal","piano sonata","breitkopf hartel","piano work","musical quarterly","someone other","humor zelter","breitkopf hsrtel","viennese publisher","ferdinand ries","missa solemnis","comparable skill","cappella version","full score","piano version","stringed instrument","fearful period","extant letter","early work","grosse fuge","other arrangement","carl czerny","title page","first time","foreign publisher","nineteenth century","unnatural mania","beethoven"]},"author":[{"name":"MYRON SCHWAGER"}],"articleId":["LX.1.80"],"arkIstex":"ark:/67375/HXZ-0N7SZNQB-2","language":["eng"],"originalGenre":["research-article"],"qualityIndicators":{"score":4.804,"pdfWordCount":4754,"pdfCharCount":25250,"pdfVersion":1.3,"pdfPageCount":14,"pdfPageSize":"448 x 603 pts","pdfWordsPerPage":340,"pdfText":true,"refBibsNative":false,"abstractWordCount":0,"abstractCharCount":0,"keywordCount":0},"title":"SOME OBSERVATIONS ON BEETHOVEN AS AN ARRANGER","genre":["research-article"],"host":{"title":"The Musical Quarterly","language":["unknown"],"issn":["0027-4631"],"eissn":["1741-8399"],"publisherId":["musqtl"],"volume":"LX","issue":"1","pages":{"first":"80","last":"93"},"genre":["journal"],"subject":[{"value":"Articles"}]},"namedEntities":{"unitex":{"date":["1974","1802","eighteenth century","1814","1778","the nineteenth century","1826","1800","1793","1769","1801","1798","1817","the eighteenth century"],"geogName":[],"orgName":[],"orgName_funder":[],"orgName_provider":[],"persName":["Karl Holz","Kan Hertw","Hugo Ricminn","H. A. Probst","Emily Aodcnoa","Emily Anderson","A. W. Thayer","Bernhard Schotts","Alexander W. Thiycr","F. Peters","Anton Halm","B. Scbotu","Hermann Ddten","Emily Andenoo","F. Zelter","Ferdinand Ries","Carl Czerny","Joh","Giovanni Cappi","Albert Prob","Antonio Di"],"placeName":["Leipzig","Paris","Bonn","Edinburgh","London","Prague","Vienna","Amsterdam","Augsburg","Mainz"],"ref_url":[],"ref_bibl":["February 25, 1824","Munich, 1956","he was born December II, 1770","November, 1792","April 22, 1801","August 26, 1804","New York, 1961","Ldpdg, 1910"],"bibl":[]}},"ark":["ark:/67375/HXZ-0N7SZNQB-2"],"categories":{"wos":[],"scienceMetrix":["1 - arts & humanities","2 - visual & performing arts","3 - music"],"scopus":["1 - Social Sciences","2 - Arts and Humanities","3 - Music"]},"publicationDate":"1974","copyrightDate":"1974","enrichments":{"type":["multicat","refBibs","teeft","unitex"]},"doi":["10.1093/mq/LX.1.80"],"_id":"BFF5AC1F8CBC32E46E4AF9EF9007AF9968F4C504"}