{"corpusName":"sage","keywords":{"teeft":["first line","thoughtful guesses","right answers","treble clef staff","creative products","original sound","musical phrases","entire song","neighborhood friends","classical music","franz schubert","billy joel","traditional american class","foregoing questions","elementary music classroom instruction","traditional american classroom pedagogy","stevie wonder","musical life","george america","sharp contrast","creative education","second line","third line","balkinis professor","integratedcreative arts programfor","educationat westernmichiganuniversity kalamazooand","young people","effective solutions","exclusive domain","teaching team","classroom music educators","same characteristics","pedagogical skills need","great responsibility","such power","greater responsibility","music education experience","dual rationale","addresses music objectives","child deal","inherent lesson","common criterion","particular genre","little time","classroom experiences","affective growth","initial stages","satisfying nature","music classroom","amenable environment","creative development","creative characteristics","many music teachers","such experiences","valuable part","music experience","reallife zone","science education","music education","stage process","creative problem","musical experience","principal teaching tech","second example","willie nelson","discovery example","linda ronstadt","tina turner","sufficient number","same experience","time request","things work","first time","creative enterprise","children need","interesting composition","sound composition","offer suggestions","possible changes","refinement process","real work","favorite portions","group composition","same principles","various sections","class composition","zone connections","such questions","stereo equipment","long time","michael jackson","cooperative group interaction","social dimension","ative development","additional compositions","same procedures","more discovery processes","specific products","empty glass","metal spoon","wooden mallet","other beater","same sound","same pitch","students count","first attempt","chromatic scale","glass container","indispensable technique","musical problems","personal examples","error discovery","familiar song","class assimilates","small groups","familiar songs","whole song","claude debussy","other pairs","grand canyon suite","ferde grofe","arthur honegger","little train","invaluable tool","right direction","recent guesses","short passage","wolfgang amadeus mozart symphony","movie screen","particular scene","opening dance","leonard west side story","first movement","indian sitar music","west african","poime electronique","bald mountain","gregorian chant","latin jazzrock","star spangled banner","particular experience","personal television scene","life experience","opposite direction","particular piece","visual impressions","past events","other concepts","overhead projector transparency","coherent order","rhyme scheme","children love","complex ones","professional composers","song poem","music today","tape record","rock music","attractive piano","classroom instrument accompaniment","divine inspiration","hard work","major impact","body movements","special movements","pleasurable experience","successful completion","other situations","life connections","music lesson","teachable moment","whole child","music teacher","creative growth","thoughtful decisions","music relationship","concrete connections","creative manner","complex problems","classrooms today"]},"author":[{"name":"Al Balkin","affiliations":["Professor of education and coordinator of the integrated creative arts program for the College of Education at Western Michigan University in Kalamazoo and a composer of songs for young people"]}],"articleId":["10.2307_3396429"],"arkIstex":"ark:/67375/M70-3P37K27Z-7","language":["eng"],"originalGenre":["research-article"],"qualityIndicators":{"score":4.485,"pdfWordCount":2473,"pdfCharCount":15171,"pdfVersion":1.6,"pdfPageCount":5,"pdfPageSize":"594 x 879 pts","refBibsNative":false,"abstractWordCount":1,"abstractCharCount":0,"keywordCount":0},"title":"The Creative Music Classroom: Laboratory for Creativity in Life","genre":["research-article"],"host":{"title":"Music Educators Journal","language":["unknown"],"issn":["0027-4321"],"eissn":["1945-0087"],"publisherId":["MEJ"],"volume":"71","issue":"5","pages":{"first":"43","last":"46"},"genre":["journal"]},"namedEntities":{"unitex":{"date":["1985"],"geogName":[],"orgName":[],"orgName_funder":[],"orgName_provider":[],"persName":["Leonard Bernstein","George Washington","Nikolai Rimsky-Korsokov","Franz Schubert","Igor Stravinsky","Michael Jackson","Edgard Varise","Billy Joel","TY Astruction","Canyon Suite","Willie Nelson","Tina Turner","Ludwig van Beethoven","Claude Debussy","Arthur Honegger"],"placeName":["Side","Ronstadt"],"ref_url":[],"ref_bibl":[],"bibl":[]}},"ark":["ark:/67375/M70-3P37K27Z-7"],"publicationDate":"1985","copyrightDate":"1985","enrichments":{"type":["refBibs","teeft","unitex"]},"doi":["10.2307/3396429"],"_id":"5F1353641173BF73BEB8F6F01C27EDC7F4930741"}