{"corpusName":"oup","keywords":{"teeft":["cello","chua","pedalling","modern piano","czerny","modern instrument","other hand","slow tempo","violin concerto","string quintet","performance practice","robin stowell","first movement","piano concerto","solo part","affirmative statement","classic piano music","unbridled confidence","ninth symphony","piano music","hanswerner kiithen","modern pianist","sound convincing","clive essay","thorough study","proper performance","first time","whimsical gesture","beethoven","notation","tempo"]},"author":[{"name":"GEORGE BARTH"}],"articleId":["78.2.275"],"arkIstex":"ark:/67375/HXZ-6CKK4JDP-W","language":["eng"],"originalGenre":["book-review"],"qualityIndicators":{"score":5.05,"pdfWordCount":5157,"pdfCharCount":30854,"pdfVersion":1.2,"pdfPageCount":7,"pdfPageSize":"459 x 706 pts","pdfWordsPerPage":737,"pdfText":true,"refBibsNative":false,"abstractWordCount":0,"abstractCharCount":0,"keywordCount":0},"title":"REVIEWS OF BOOKS","genre":["book-reviews"],"host":{"title":"Music and Letters","language":["unknown"],"issn":["0027-4224"],"eissn":["1477-4631"],"publisherId":["musicj"],"volume":"78","issue":"2","pages":{"first":"275","last":"281"},"genre":["journal"],"subject":[{"value":"REVIEWS OF BOOKS"}]},"namedEntities":{"unitex":{"date":["1853","1807","1997","the twentieth century","1960s","the nineteenth century","1815","1833","1809","1830 or 1831","nineteenth century","1812","1830s","1870"],"geogName":[],"orgName":["Princeton University","Wind Instruments","American Beethoven Society"],"orgName_funder":[],"orgName_provider":[],"persName":["Friedrich Wilhelm","Peter Salomon","Kiister","William S. Newman","Emily Anderson","Theodor W. Adorno","Willy Hess","Robert Philip","Anton Stadler","Martin Hughes","Paul Badura-Skoda","Lawson","Gustav Nottebohm","Chua","Jose Bowen","Sandra P. Rosenblum","David Breitman","Beethoven","Daniel K. Chua","Jean-Pierre Duport","Robin Stowell","David Pickett","To","Regina Strinasacchi","Ferdinand David","Will Crutchfield","Lobkowitz","David Rowland","David Watkin","Barry Cooper","Charles Burkhart","Jacob Dont","Tibor Szasz","Alan Tyson","David Epstein","C. P. E. Bach"],"placeName":["Vienna","Cambridge","England"],"ref_url":[],"ref_bibl":["iii/3; Munich & Duisburg, 1996","Bloomington & Indianapolis, 1988","August 1808","Cambridge, 1992","New York, 1988","Ann Arbor, 1993"],"bibl":[]}},"ark":["ark:/67375/HXZ-6CKK4JDP-W"],"categories":{"wos":[],"scienceMetrix":["1 - arts & humanities","2 - visual & performing arts","3 - music"],"scopus":["1 - Social Sciences","2 - Arts and Humanities","3 - Music"]},"publicationDate":"1997","copyrightDate":"1997","enrichments":{"type":["multicat","refBibs","teeft","unitex"]},"doi":["10.1093/ml/78.2.275"],"_id":"EDE98EA9DE6548157FCA4E8CE858F51DF2CF08B4"}