{"corpusName":"cambridge","articleId":["05354"],"arkIstex":"ark:/67375/6GQ-CJ9HMG3V-4","language":["eng"],"originalGenre":["research-article"],"abstract":"During the three months, September ist to December ist, London has had the opportunity of seeing twenty-three different operas, given by five organisations—Sadlers Wells, the resident Co vent Garden Company, the New London Opera Company, the Vienna State Opera, and the English Opera Group. These twenty-three works have been made up as follows; four by Puccini: three each by Mozart and Britten: two by Verdi and Richard Strauss: and one each by Beethoven, Rossini, Donizetti, Smetana, Gounod, Bizet, Rimsky-Korsakov, Leoncavallo and Mascagni; that is to say, three written in the eighteenth century, twelve in the nineteenth, and eight in the twentieth. There is a certain amount of inevitable duplication amongst the five organisations concerned, and the considerable variation in production and performance is probably best seen by looking at the repertory of each company separately.","qualityIndicators":{"score":6.696,"pdfWordCount":3076,"pdfCharCount":16581,"pdfVersion":1.4,"pdfPageCount":6,"pdfPageSize":"488.88 x 722.88 pts","refBibsNative":false,"abstractWordCount":135,"abstractCharCount":888,"keywordCount":0},"title":"Opera in London","pii":["S0040298200053547"],"corporate":[{"name":"The Earl of Harewood"}],"genre":["research-article"],"host":{"title":"Tempo","language":["unknown"],"issn":["0040-2982"],"eissn":["1478-2286"],"publisherId":["TEM"],"issue":"6","pages":{"first":"4","last":"9","total":"6"},"genre":["journal"]},"ark":["ark:/67375/6GQ-CJ9HMG3V-4"],"categories":{"inist":["1 - sciences humaines et sociales","2 - philosophie"]},"publicationDate":"1948","copyrightDate":"1948","enrichments":{"type":["nb","refBibs"]},"doi":["10.1017/S0040298200053547"],"_id":"9B98716873CE1A2442CD227C2B4640FE3DA856D4"}