{"corpusName":"sage","keywords":{"teeft":["dufay","music lover","david ewen","ewen","progression","first measure","music teachpractice","rhythm propresenting notation","great interest","real value","neophyte teaching","unit plan","many unspecific application","phonograph records","such exclusion","american indian melodies","elemental vigor","modern tonality","goodly number","rhythmic training","accompaniment accentually","jacques dalcroze","musical fulfillment","full knowledge","bodied doctrine","outcome efficiency","situation motely","whole problem","sharp ideologies relief","earhart beethoven","donald francis tovey","editorial preftee","oxford university press","donald tovey","unique dimensions","classical period","greatest value","rich work","garden variety","american singer","analytical discussion","personal philosophy expressions","common places","deeper meanings","closer articulation","quantitative study","harmonic similarities","carl fischer","study reports","sonaten choralgesange","josephine wolverton","literal progression","first rank","accompaniments grace","progressions definition","quantitative mistitled","better title","comparative study","relathe word","tive duration","guido suggestion tempo","stress estimation","other data construction","frequency temper","quantitative realities","mere curiosities","charles seeger","ernst krenek","hamline studies","fine arts","hamline university preface","musicology studies","familiar picture","role conin","music theory","music theory losers","unprecedented hindemith","certain composers","denkmaler contributions","american book comand howard hinga","solesmes theories","many tomes","liber usualis","urban viii","thtmnediaeval ones","important work","evolution seay","formules musicales","frederick sturges","cornell university diss","mediaeval music","linear design","modern composers","comparithe centuries","competent bits","studies analysis","serious publication","leonard ellinwood","general discussions","general approach","arco publishing","vealing sidelights","yorker fame","right touch","nearest bookstore","portrait plates","derstanding portraits"]},"author":[{"name":"Will Earhart"}],"articleId":["10.2307_3386824"],"arkIstex":"ark:/67375/M70-FCXCL04D-L","language":["eng"],"originalGenre":["review-article"],"qualityIndicators":{"score":3.059,"pdfWordCount":1047,"pdfCharCount":7987,"pdfVersion":1.4,"pdfPageCount":1,"pdfPageSize":"648 x 864 pts","refBibsNative":false,"abstractWordCount":1,"abstractCharCount":0,"keywordCount":0},"title":"Guide and Accompaniments to The American Singer: Book II","genre":["review-article"],"host":{"title":"Music Educators Journal","language":["unknown"],"issn":["0027-4321"],"eissn":["1945-0087"],"publisherId":["MEJ"],"volume":"32","issue":"3","pages":{"first":"46","last":"46"},"genre":["journal"]},"namedEntities":{"unitex":{"date":["1946","19th centuries","1944"],"geogName":[],"orgName":["Arco Publishing Co.","Carl Fischer, Inc.","Cornell University","Hamline University","American Book Comand Howard Hinga","Oxford University","American Indian"],"orgName_funder":[],"orgName_provider":[],"persName":["Josephine Wolverton","Philip B. Norman","Jacques Dalcroze","Martha Johnson","Donald Tovey","Hubert J. Foss","R. Wagner","Ewen","Jim Crow","Harris","Ernst Krenek","J. S. Bach","A. Birnbaum","Will Earhart","Charles Seeger","Liber Usualis","John W. Beattie","Frederick Andrew","Guido Adler","David Ewen","L. van Beethoven","Donald Francis"],"placeName":["Germany","Vienna","York"],"ref_url":[],"ref_bibl":[],"bibl":[]}},"ark":["ark:/67375/M70-FCXCL04D-L"],"publicationDate":"1946","copyrightDate":"1946","enrichments":{"type":["refBibs","teeft","unitex"]},"doi":["10.2307/3386824"],"_id":"AD6E4C3FD284DEDDAAA9CDD7BEECF249EFD43065"}