{"corpusName":"wiley","keywords":{"teeft":["elgar","immured","augenblick","immuring","ursatz","first symphony","music analysis","kopfton","blackwell publishing","tonic","tonality","dasein","immuring tonic","first movement","beethovenian","immured tonic","schenkerian","edward elgar","middle movements","contrapuntal","tolkien","middleground","allegro molto","prolongation","individual piece","second movement","clarendon press","beethoven hero","immured tonality","tonal tradition","blackwell","creative life","immuring tonality","jerrold northrop moore","static kopfton","authentic temporality","oxford university press","contrapuntal prolongation","whole work","first time","martin heidegger","michael kennedy","past possibilities","scott burnham","cambridge university press","primordial leap","third movement","first movement exposition","first half","conclusive descent","second subject","theme returns","equivalent point","nicholas marston","symphonic tradition","whole symphony","third symphony","symphony middleground","robert bailey","opening theme","heidegger","recapitulation","jonathan dunsby","whole piece","other pieces","entire symphony","melodic line","first immured tonic","human mode","development section","third bars","particular work","other words","temporal existence","fifth symphony","single unit","slow movement","august jaeger","rehearsal figure","musical history","immured kopftone","first subject","temporal model","authentic self","entire structure","augenblick blackwell publishing","elgar works","tonal language","glorious apotheosis","important respect","peasant woman","walford davies","massive hope","progressive tonality","miraculous power","twentieth century","same time","first augenblick","subsidiary keys","orthodox schenkerian reading","heroic style","total gestalt switch","musical language","immediate concerns","present situation","research press","authentic future","greater detail","schenkerian theory","ernest newman","ultimate failure","final chord","allegro"]},"author":[{"name":"J. P. E. HARPER‐SCOTT","affiliations":["Lecturer in Music at Royal Holloway, University of London. He is author of Edward Elgar, Modernist and a co‐editor of Elgar Studies (both forthcoming from Cambridge University Press)."]}],"articleId":["MUSA225"],"arkIstex":"ark:/67375/WNG-8C2MVVT0-T","language":["eng"],"originalGenre":["article"],"abstract":"Schenkerian analysis is a problematic tool for the analysis of early modernist music, not least because its deep‐level theoretical and hermeneutic dependence on the Beethovenian heroic style is at risk of predefining the outline of a hermeneutics of other music. By bringing the Ursatz into contact with Martin Heidegger's concept of the Augenblick, it becomes possible to sever this restrictive hermeneutic link and also to open up a radically new possibility for background structures in late tonal music. Elgar's First Symphony presents two considerable challenges to an orthodox Schenkerian reading. First, it is a prolongation of two strongly outlined tonalities ‐ one immuring, the other immured ‐ and second, its Kopfton remains static at the end of movements and does not descend structurally until the finale, thus prolonging a single Ursatz over an entire symphony. By aligning itself with Heidegger's analysis of the nature of human Being, a Heideggerian‐Schenkerian analysis of the work illuminates Elgar's ‘play’ with the Beethovenian symphonic tradition, and demonstrates how he successfully manipulates his gigantic early modernist tonal structure.","qualityIndicators":{"score":9.076,"pdfWordCount":13134,"pdfCharCount":73341,"pdfVersion":1.3,"pdfPageCount":34,"pdfPageSize":"453.096 x 688.896 pts","pdfWordsPerPage":386,"pdfText":true,"refBibsNative":false,"abstractWordCount":173,"abstractCharCount":1163,"keywordCount":0},"title":"‘A Nice Sub‐Acid Feeling’: Schenker, Heidegger and Elgar's First Symphony","genre":["article"],"host":{"title":"Music Analysis","language":["unknown"],"doi":["10.1111/(ISSN)1468-2249"],"issn":["0262-5245"],"eissn":["1468-2249"],"publisherId":["MUSA"],"volume":"24","issue":"3","pages":{"first":"349","last":"382","total":"34"},"genre":["journal"]},"namedEntities":{"unitex":{"date":["2005","the twentieth century","1907","in the twentieth century","in the nineteenth century"],"geogName":[],"orgName":["University of Birmingham","Kopfton ß Blackwell Publishing Ltd.","Princeton University","Cambridge University","Augenblick ß Blackwell Publishing Ltd.","True Foundation","ß Blackwell Publishing Ltd.","Blackwell Publishing Ltd."],"orgName_funder":[],"orgName_provider":[],"persName":["William Kinderman","Percy M. Young","Tolkien","Julian Rushton","Albert Hofstadter","Diana M. McVeagh","Edward Robinson","J. R. R. Tolkien","Robert Meikle","George S. Bozarth","Harald Krebs","Scott Burnham","Jonathan Dunsby","Elgar","Basil Maine","Warren Darcy","Hubert L. Dreyfus","Adrian Boult","Edward Elgar","James A. Hepokoski","David Farrell","Van Gogh","John Macquarrie","Nicholas Marston","August Jaeger","Harry Potter","Martin Heidegger","Robert Anderson","Ernest Newman","Raymond Monk","Robert Bailey","Julian Young","Roman Ingarden","Robert Pascall","Patrick McCreless","John Williamson","Michael Kennedy","James Hepokoski","D. Beethoven","W.W. Norton","D. Kern","Adam Czerniawski"],"placeName":["Germany","Ann Arbor","UK","York","MA","MI","Cambridge"],"ref_url":[],"ref_bibl":["Oxford: Clarendon Press, 1990","Oxford: Clarendon Press, 1995","London: Dent, 1993","London: BBC, 1970","London: Dobson, 1965","Oxford: Oxford University Press, 1990","Oxford: Basil Blackwell, 1962","Bath: Cedric Chivers, 1973","Aldershot: Scolar, 1993","Basingstoke: Macmillan, 1986","UMI Research Press, 1984","Cambridge: Cambridge University Press, 1997","Oxford: Clarendon Press, 1993","Oxford: Clarendon Press, 1987","London: Dobson, 1968","Lincoln: University of Nebraska Press, 1996","UMI Research Press, 1982","New York: Schirmer Books, 1997","London: Routledge, 1993","London: Oxford University Press, 1987","London: Dent, 1955","Cambridge: Cambridge University Press, 1983"],"bibl":[]}},"ark":["ark:/67375/WNG-8C2MVVT0-T"],"categories":{"wos":[],"scienceMetrix":["1 - arts & humanities","2 - visual & performing arts","3 - music"],"scopus":["1 - Social Sciences","2 - Arts and Humanities","3 - Music"],"inist":["1 - sciences humaines et sociales"]},"publicationDate":"2005","copyrightDate":"2005","enrichments":{"type":["multicat","nb","refBibs","teeft","unitex"]},"doi":["10.1111/j.1468-2249.2006.00225.x"],"_id":"E582DE5549B5E36174086011A119EBF21149353E"}