{"corpusName":"oup","keywords":{"teeft":["germ motive","first movement","last movement","beethoven composition","fourth movement","original motive","slow movement","tonic chord","main section","third movement","ninth symphony","middle section","evolutionary element","musical quarterly","germ","general theme","original element","second movement","second theme","transfigured form","melodic"]},"author":[{"name":"WALTER ENGELSMANN"}],"articleId":["XXIII.1.56"],"arkIstex":"ark:/67375/HXZ-QMS9NFD4-6","language":["eng"],"originalGenre":["research-article"],"qualityIndicators":{"score":2.857,"pdfWordCount":2807,"pdfCharCount":15513,"pdfVersion":1.2,"pdfPageCount":8,"pdfPageSize":"615 x 799 pts","pdfWordsPerPage":351,"pdfText":true,"refBibsNative":false,"abstractWordCount":0,"abstractCharCount":0,"keywordCount":0},"title":"BEETHOVEN AND THE CREATIVE LAW IN SYMPHONIC ART","genre":["research-article"],"host":{"title":"The Musical Quarterly","language":["unknown"],"issn":["0027-4631"],"eissn":["1741-8399"],"publisherId":["musqtl"],"volume":"XXIII","issue":"1","pages":{"first":"56","last":"63"},"genre":["journal"],"subject":[{"value":"Articles"}]},"namedEntities":{"unitex":{"date":["1937"],"geogName":[],"orgName":[],"orgName_funder":[],"orgName_provider":[],"persName":["Experience"],"placeName":[],"ref_url":[],"ref_bibl":[],"bibl":[]}},"ark":["ark:/67375/HXZ-QMS9NFD4-6"],"categories":{"wos":[],"scienceMetrix":["1 - arts & humanities","2 - visual & performing arts","3 - music"],"scopus":["1 - Social Sciences","2 - Arts and Humanities","3 - Music"]},"publicationDate":"1937","copyrightDate":"1937","enrichments":{"type":["multicat","refBibs","teeft","unitex"]},"doi":["10.1093/mq/XXIII.1.56"],"_id":"F8CCE0223B0C947222E9FB3F67BBB5296252CF90"}