{"corpusName":"sage","keywords":{"teeft":["july","june","complete works","aden lewis","music examples","common practice period","assistant professor","cash awards","beethoven quartets"]},"author":[{"name":"Thomas Brosh","affiliations":["Assistant professor of music, University of North Carolina, Chapel Hill, North Carolina"]}],"articleId":["10.2307_3395641"],"arkIstex":"ark:/67375/M70-N7RGBWKT-9","language":["eng"],"originalGenre":["review-article"],"qualityIndicators":{"score":3.013,"pdfWordCount":1001,"pdfCharCount":7766,"pdfVersion":1.5,"pdfPageCount":2,"pdfPageSize":"594 x 861 pts","refBibsNative":false,"abstractWordCount":1,"abstractCharCount":0,"keywordCount":0},"title":"Music for Analysis: Examples from the Common Practice Period and the Twentieth Century","genre":["review-article"],"host":{"title":"Music Educators Journal","language":["unknown"],"issn":["0027-4321"],"eissn":["1945-0087"],"publisherId":["MEJ"],"volume":"65","issue":"7","pages":{"first":"96","last":"99"},"genre":["journal"]},"namedEntities":{"unitex":{"date":["1979","the twentieth centuries","the Twentieth Century","1965"],"geogName":["Ill"],"orgName":["University of North Carolina","SEWANEESUMMER MUSIC CENTER","Cambridge University","Jamaica,New York Thomas Benjamin, Michael Horvit, and Robert Nelson","Scottish National Chamber Orchestra of Edinburgh Concerts and Seminars","Silver Burdett Co.","Ford Foundation Scholarships","Ford Foundation Scholarships Summer Course Catalog","Department of Education MUSIC EDUCATORS","Canada Mansfield State College, Mansfield, Pennsylvania Westminster Choir College, Princeton","National Youth Competition for Instrumentalists"],"orgName_funder":[],"orgName_provider":[],"persName":["Paul Freeman","Frederick Fennell","Summer CertificateProgram","Professor","N.J. Rd","Ruth Zinar","Philip Radcliffe","Jazz Tradition","Jazz Composer","Carolina Beethoven","William Revelli","Thomas Brosh","Aden Lewis","An Overview","Alexander Farkas","Please","Summer Experience","Jazz Improvisation"],"placeName":["Mass.","Edmonton","Portland","Boston","Watertown","York","MA","Ole"],"ref_url":[],"ref_bibl":[],"bibl":[]}},"ark":["ark:/67375/M70-N7RGBWKT-9"],"publicationDate":"1979","copyrightDate":"1979","enrichments":{"type":["refBibs","teeft","unitex"]},"doi":["10.2307/3395641"],"_id":"9CC411A0418866F3930FE0B2A3F9768E41E4CE78"}