{"corpusName":"oup","keywords":{"teeft":["donna anna","giovanni","musical quarterly","first time","dear theodore","warm breath","infernal power","deeper meaning","divine nature","donna"]},"author":[{"name":"E. T. A. HOFFMANN"}],"articleId":["XXXI.4.504"],"arkIstex":"ark:/67375/HXZ-HDB2DGC4-B","language":["eng"],"originalGenre":["research-article"],"qualityIndicators":{"score":4.688,"pdfWordCount":4638,"pdfCharCount":25177,"pdfVersion":1.3,"pdfPageCount":15,"pdfPageSize":"457 x 684 pts","pdfWordsPerPage":309,"pdfText":true,"refBibsNative":false,"abstractWordCount":0,"abstractCharCount":0,"keywordCount":0},"title":"DON GIOVANNI","genre":["research-article"],"host":{"title":"The Musical Quarterly","language":["unknown"],"issn":["0027-4631"],"eissn":["1741-8399"],"publisherId":["musqtl"],"volume":"XXXI","issue":"4","pages":{"first":"504","last":"516"},"genre":["journal"],"subject":[{"value":"Articles"}]},"namedEntities":{"unitex":{"date":["1825","1945"],"geogName":[],"orgName":[],"orgName_funder":[],"orgName_provider":[],"persName":["Donna Anna","Leporefio","Donna Elvira","Don Giovanni","Don Ottavio","Beethoven","J. S. Bach","Donna Don Giovarmi"],"placeName":["Vienna"],"ref_url":[],"ref_bibl":[],"bibl":[]}},"ark":["ark:/67375/HXZ-HDB2DGC4-B"],"categories":{"wos":[],"scienceMetrix":["1 - arts & humanities","2 - visual & performing arts","3 - music"],"scopus":["1 - Social Sciences","2 - Arts and Humanities","3 - Music"]},"publicationDate":"1945","copyrightDate":"1945","enrichments":{"type":["multicat","refBibs","teeft","unitex"]},"doi":["10.1093/mq/XXXI.4.504"],"_id":"CDC3A88E3149E5AB1A6025E9C3A47023B13473D5"}