{"corpusName":"wiley","keywords":{"teeft":["classical music","crossover","audio recording","classical crossover","crossover marketing","mozart effect","debussy","crossover discs","cultural categories","mozart","cultural boundaries","audio","genre","mass culture","angel records","social boundaries","liner notes","broader audience","phillips classics","musical genres","marketing approach","high culture","other genres","many people","disc","santo domingo","classical crossover marketing","such boundaries","brain power","social hierarchy","basic books","york times","classical artists","free press","chant","boundary maintenance crossover marketing","structural anthropology","material culture","social communication","gregorian chants","social identity","musical taste","other side","marketing campaign","marketing strategy","recording industry","cultural boundary","term crossover","music store","music critics","marketing technique","washington post","record store","london times","appalachian waltz","itzhak perlman","francisco chronicle","bobby mcferrin","ottawa citizen","public taste","sunday times","packaging material","classical music section","dominant themes","classical music industry","marketing directors","potential buyer","conceptual boundaries","ongoing process","more mozart","everyday life","perfect sense","obvious question","jacket copy","claude debussy","mozartfor meditation","daily life","refreshing blend","passionate music","gentle prelude","musical bouquet","vivaldifor valentines","sales pitch","popular arts","music history","political economy","music industry","marketing techniques","consumer society","classical","boundary"]},"author":[{"name":"GWENYTH JACKAWAY"}],"articleId":["JPMS125"],"arkIstex":"ark:/67375/WNG-M9HL5CKL-B","language":["eng"],"originalGenre":["article"],"qualityIndicators":{"score":7.012,"pdfWordCount":9389,"pdfCharCount":54536,"pdfVersion":1.4,"pdfPageCount":26,"pdfPageSize":"504 x 719.759 pts","pdfWordsPerPage":361,"pdfText":true,"refBibsNative":true,"abstractWordCount":1,"abstractCharCount":0,"keywordCount":0},"title":"SELLING MOZART TO THE MASSES: CROSSOVER MARKETING AS CULTURAL DIPLOMACY","genre":["article"],"host":{"title":"Journal of Popular Music Studies","language":["unknown"],"doi":["10.1111/(ISSN)1533-1598"],"issn":["1524-2226"],"eissn":["1533-1598"],"publisherId":["JPMS"],"volume":"11‐12","issue":"1","pages":{"first":"125","last":"150","total":"26"},"genre":["journal"]},"namedEntities":{"unitex":{"date":["1997","During the nineteenth century","1990s","the twentieth century","twentieth century","1999"],"geogName":[],"orgName":["American Mind","Harvard University","University of California"],"orgName_funder":[],"orgName_provider":[],"persName":["Leonard Bernstein","You Love","Levine","S. Kline","Christian ScienceMonifornoted","Ludwig von Beethoven","Al Pacino","Evaluation","S. Jhally","Sony Classics","Itzhak Perlman","Peter Gabriel","Angel Records","George Frederic","An Analysis","Thomas Moore","Harper Collophon","Seiji","Clair de Lune","Amadeus Mozart","Love Immortal","Michelle Pfeiffer","B. Rosenberg","Bay Press","Maria Callas","London Independent","Washington","London Philharmonic","Frances Rauscher","Billboard","Christian ScienceMonitor","Just Watch","David Patrick","H. Foster","Wolfgang Amadeus","Harold Fein","Bobby McFerrin","Michele Clements","D. White","Ave Marie","Louis Dispatch","London Spectator","Sony Classical","Kegan Paul","Zndependent","Ralph Lauren","Sebastian Bach","Francisco Chronicle","U.C. Irvine","Love Zmmortal","Antonio Lucio","B. Isherwood","Peter Elliot","Claude Debussy","Paul Simon","La Guibba","Claude Levi-Strauss","Times","Tea Time","Metcalf","Brain Power"],"placeName":["Stanford","Singapore","Santo Domingo","Bolton","Harlow","Nice","Victoria","New York City","Seattle","Toronto","America","Chicago","York","Ottawa","MA","Cambridge","England"],"ref_url":[],"ref_bibl":["Jhally, 1990","BMG, 1996","Harlow, 1997","Hall, 1989","Zerubavel, 1992","Goffman, 1974","Davis, 1995","Phillips, 1997","RCA Victor, 1994","Levine, 1988","Gans, 1975","Leiss, Kline, and Jhally, 1986","Kellner, 1995","Douglas and Isherwood, 1980","Rothman, 1988","Stearns, 1996","Phillips Classics, 1995","Phillips, 1995","Lynes, 1954","Ewen, 1988","Jensen, 1990","Frith, 1981","Philips, 1995","Parry, 1997","Hebdige, 1979","RCA Victor 1994"],"bibl":[]}},"ark":["ark:/67375/WNG-M9HL5CKL-B"],"categories":{"wos":[],"scienceMetrix":[],"scopus":["1 - Social Sciences","2 - Arts and Humanities","3 - Music"]},"publicationDate":"1999","copyrightDate":"1999","enrichments":{"type":["multicat","teeft","unitex"]},"doi":["10.1111/j.1533-1598.1999.tb00006.x"],"_id":"A005FB0597389D206A1D28CA43869179A048C34B"}