{"corpusName":"oup","keywords":{"teeft":["antonie","goldschmidt","josephine","eroica","biographical chapter","solomon","recent year","heiligenstadt testament","ninth symphony","robert donington","significant title","firm evidence","josephine theory","strongest evidence adduced","other love letter","antonie hypothesis","whole matter","such detail","best part","photographic plate","entire letter","antonie brentano","necessary time","further speculation","disproportionate amount","barry cooper beethoven","critical synopsis","maynard solomon","maynard biographical study","impressive article","various journal","numerous dedication","birth year","nobility pretence","immortal beloved","easy task","illuminating biography","monumental life","little more","fact such","modern psychoanalytical theory","contradictory element","unethical dealing","high moral standard","previous writer","musical output","personal life","political event","such matter","performance date","various viennese residence","complete list","such information","wide range","useful bibliographical essay","important result","respective periodical","episodic nature","chapter heading","young composer","vienna city","large section","imminent permanent departure","first section","bonn period","place more emphasis","great change","great crisis","mental turmoil","such document","desperate reaction","different method","large sketchbook","pocket sketchbook","whole attitude","psychoanalytical approach","small controversy","various way","successful chapter","police register","several fact","autograph score","napoleon dedication","same time","french leader","dramatic change","numerous reference","biographical section","musical example","entire book","fake letter","little discussion","much recent research","various scholar","other composer","piano music","several other composer such","relative lack","chief exception","piano sonata","triple concerto","unfortunate omission","significant work","gliickliche fahrt","calm sea","prosperous voyage","appropriate chapter","little value","major piano sonata","good example","less dramatic subject matter","string quartet version","much fuller","violin concerto","fourth piano concerto","prime example","concerto genre","first major work","deeper exploration","perfect example","opening theme","preliminary chord","different chord","development section","second symphony","similar list","future tense","mistranslating seventh","actual fact","single future tense","entire text","present tense","future utopia","minor blemish","outstanding achievement","beethoven scholarship","enigmatic composer","such important discovery","musicological circle","musical world","extensive musical example","technical term","vast world","beethoven literature","more desirable","barry cooper","insufficient evidence","harcourt brace jovanovich","obvious problem","short history","balanced view","real insight","more difficult area","same student","expressive medium","human mind","illuminating theory","professor donington","music theatre","great opera","number opera","scene opera","napoleon sonata"]},"author":[{"name":"BARRY COOPER"}],"articleId":["60.4.464"],"arkIstex":"ark:/67375/HXZ-2KRZ7HWN-H","language":["eng"],"originalGenre":["book-review"],"qualityIndicators":{"refBibsNative":false,"abstractWordCount":0,"abstractCharCount":0,"keywordCount":0,"score":2.244,"pdfWordCount":2194,"pdfCharCount":12533,"pdfVersion":1.3,"pdfPageCount":4,"pdfPageSize":"413 x 705 pts","pdfWordsPerPage":549,"pdfText":true},"title":"REVIEWS OF BOOKS","genre":["book-reviews"],"host":{"title":"Music and Letters","language":["unknown"],"issn":["0027-4224"],"eissn":["1477-4631"],"publisherId":["musicj"],"volume":"60","issue":"4","pages":{"first":"464","last":"467"},"genre":["journal"],"subject":[{"value":"REVIEWS OF BOOKS"}]},"namedEntities":{"unitex":{"date":["1802","1979","1850","1815","1804","1811","1812","1911"],"geogName":[],"orgName":[],"orgName_funder":[],"orgName_provider":[],"persName":["Robert Donington","Napoleon Sonata","COOPER Beethoven","Solomon"],"placeName":["Bonn","Prague","Vienna","York","Heiligenstadt"],"ref_url":[],"ref_bibl":[],"bibl":[]}},"ark":["ark:/67375/HXZ-2KRZ7HWN-H"],"categories":{"wos":[],"scienceMetrix":["1 - arts & humanities","2 - visual & performing arts","3 - music"],"scopus":["1 - Social Sciences","2 - Arts and Humanities","3 - Music"]},"publicationDate":"1979","copyrightDate":"1979","enrichments":{"type":["multicat","refBibs","teeft","unitex"]},"doi":["10.1093/ml/60.4.464"],"_id":"6B7DD565611DF9520E03120A4F8BD5E5F324313A"}