{"corpusName":"oup","keywords":{"teeft":["first edition","cello","meyerstein","clementi","meyerstein copy","violin concerto","first movement","solo part","cello part","autograph","orchestral part","solo violin","solo piano part","solo violin part","piano concerto","second violin","british museum","cello line","true text","second time","tutti senza sordino","english right","piano arrangement","parallel passage","sempre fortissimo","royal college","slow movement","alternative version","final form","stationer hall","miniature score","english edition","meyerstein copyist","meyerstein score","piano version","first note","immediate source","violin","basso","solo"]},"author":[{"name":"ALAN TYSON"}],"articleId":["43.2.104"],"arkIstex":"ark:/67375/HXZ-6WG8GTDT-6","language":["eng"],"originalGenre":["research-article"],"qualityIndicators":{"score":4.886,"pdfWordCount":4836,"pdfCharCount":25171,"pdfVersion":1.2,"pdfPageCount":13,"pdfPageSize":"414 x 693 pts","pdfWordsPerPage":372,"pdfText":true,"refBibsNative":false,"abstractWordCount":0,"abstractCharCount":0,"keywordCount":0},"title":"THE TEXT OF BEETHOVEN'S OP. 61","genre":["research-article"],"host":{"title":"Music and Letters","language":["unknown"],"issn":["0027-4224"],"eissn":["1477-4631"],"publisherId":["musicj"],"volume":"43","issue":"2","pages":{"first":"104","last":"114"},"genre":["journal"],"subject":[{"value":"Articles"}]},"namedEntities":{"unitex":{"date":["1807","1953","1808","1810","1958","1816","1955","1962"],"geogName":[],"orgName":[],"orgName_funder":[],"orgName_provider":[],"persName":["Oswald Jonas","Lionel Buder","Wilhelm Altmann","Emily Anderson","Beethoven","Clementi","This Delphic","Robert Simpson","Lewis van Beethoven","E. H. W. Meyerstein"],"placeName":["London","Europe","Vienna"],"ref_url":[],"ref_bibl":["August and September 1810","November, 1959","August 1808"],"bibl":[]}},"ark":["ark:/67375/HXZ-6WG8GTDT-6"],"categories":{"wos":[],"scienceMetrix":["1 - arts & humanities","2 - visual & performing arts","3 - music"],"scopus":["1 - Social Sciences","2 - Arts and Humanities","3 - Music"]},"publicationDate":"1962","copyrightDate":"1962","enrichments":{"type":["multicat","refBibs","teeft","unitex"]},"doi":["10.1093/ml/43.2.104"],"_id":"DDE84BF1CA6F8285B891C68ADA0A5AA332C17C9D"}