{"corpusName":"oup","keywords":{"teeft":["wiener","ducat","november","zeitung","leipzig","beethoveniana","wiener zeitung","magistrat","december","unger","orel","musical quarterly","april","nicht","minor beethoveniana","palffy","vols","present editor","february","guardianship","noch","frimmel","johanna","musical performance","beethoven samtliche briefe","berlin edition","ludwig","beethoven","imperial royal court theater","piano concerto","major symphony","first performance","same time","oesterreichischer beobachter","british museum","berlin leipzig","paris edition","benefit performance","private box","nephew karl","first public performance","first symphony","string bass","various time","house rent","undated letter","english word","tremate empi","rental income","final version","archduke rudolph","court theater","ticket office","prince lichnowsky","grosse musikalische akademie","grand musical performance","unforeseen circumstance","high request","lord castlereagh","friend beethoven","newest work","grand overture","grand hymn","choral voice","missa solemnis","other contribution","mein werter","guardianship case","deutsch bearbeitet","hermann deiters","biographische notizen uber ludwig"]},"author":[{"name":"DONALD W. MACARDLE"},{"name":"LUDWIG MISCH"}],"articleId":["XLI.4.446"],"arkIstex":"ark:/67375/HXZ-2MPFG98H-3","language":["eng"],"originalGenre":["research-article"],"qualityIndicators":{"score":5.05,"pdfWordCount":6876,"pdfCharCount":37946,"pdfVersion":1.3,"pdfPageCount":20,"pdfPageSize":"447 x 672 pts","pdfWordsPerPage":344,"pdfText":true,"refBibsNative":false,"abstractWordCount":0,"abstractCharCount":0,"keywordCount":0},"title":"MINOR BEETHOVENIANA","refBibs":[{"author":[],"publicationDate":"1953","host":{"title":"and the now-familiar recitative Abscheulicher! and the aria Komm Hoffnung! (No. 9 in the score), extensively changed from the earlier version, though the evidence regarding the latter is contradictory","publicationDate":"1953","author":[]}},{"host":{"title":"The following announcement appeared in the Wiener Zeitung of November 16, 1814, and in the Oesterreichischer Beobachter of November 18; as far as is known, it has not been reprinted since that time","author":[]}},{"title":"Kyrie of the Missa Solemnis; a Rossini aria for tenor; the D minor Symphony. Beethoven had been guaranteed an honorarium of 500 fl. in convention (undepreciated) currency; the attendance was so poor that Duport, the theater manager, lost heavily (TK III 169) See also Orel p. 106. LIST OF ABBREVIATIONS AmZ AUgemeine musikalische Zeitung (Leipzig) BForsch Beelhoven-Forschung BHdb Frimmel: Beethoven-Handbuch (2 vols","author":[{"name":"Sonntags Dieselbe Wird"}],"publicationDate":"1814","host":{"title":"Leipzig, 1926 BJ (number only) Serial number in Kastner: Briefe und andere Schriftstucke L. van Beethovens, BJ II Leipzig","publicationDate":"1814","author":[],"pages":{"first":"397","last":"1953"}}},{"host":{"title":"Beethovens samtliche Briefe (5 vols","publicationDate":"1910","author":[{"name":"Kal Kalischer"}],"pages":{"first":"1907","last":"08"}}},{"author":[{"name":"Kath Schmidt-Gorg"}],"publicationDate":"1935","host":{"title":"Katalog der Handschriften des Beethoven- Hauses und Beethoven-Archivs Bonn","publicationDate":"1935","author":[]}},{"author":[{"name":"Kfr Kalischer"},{"name":" Beethovens Samtliche Briefe"},{"name":"Kk Neu Bearbeitet Von Dr-11"},{"name":" Kastner"}],"publicationDate":"1910","host":{"title":"Th. v. Frimmel","publicationDate":"1910","author":[]}},{"author":[{"name":"Ley Ley"},{"name":"Ii Nb I"},{"name":" Nottebohm"}],"publicationDate":"1872","host":{"title":"Beethovens Leben in authentischen Bildern und Texten M&L Music & Letters MM MacArdle & Misch: New Beethoven Letters","publicationDate":"1872","author":[]}},{"author":[{"name":"Orel Orel"}],"publicationDate":"1921","host":{"title":"Ein Wiener Beethoven Buch","publicationDate":"1921","author":[]}},{"author":[{"name":"Sbsk Unger"}],"publicationDate":"1927","host":{"title":"La jeunesse de Beethoven","publicationDate":"1927","author":[]}},{"host":{"title":"Ludwig van Beethoven's Leben, nach dem Original-Manuskript deutsch bearbeitet von Hermann Deiters","publicationDate":"1860","author":[{"name":"Schindler Schindler"},{"name":"Td Thayer"}],"pages":{"first":"1907","last":"17"}}},{"author":[{"name":"Th Thayer"}],"publicationDate":"1921","host":{"title":"Berlin, 1866-79 TK Thayer: The Life of Ludwig van Beethoven","publicationDate":"1921","author":[],"pages":{"first":"1838"}}}],"genre":["research-article"],"host":{"title":"The Musical Quarterly","language":["unknown"],"issn":["0027-4631"],"eissn":["1741-8399"],"publisherId":["musqtl"],"volume":"XLI","issue":"4","pages":{"first":"446","last":"465"},"genre":["journal"],"subject":[{"value":"Articles"}]},"namedEntities":{"unitex":{"date":["1820","1814","1804","1955","1823","1801","1817"],"geogName":[],"orgName":["National Theater","Board of Aldermen, City Council","University of Oklahoma Press"],"orgName_funder":[],"orgName_provider":[],"persName":["I. R. Redoutensaal","Regent","Winter","G. Henle","Kanka","Karl Bernard","Aria Ah","Antonia Campi","Th","Ludwig van Beelhapen","Louis van Beethoven","Ludwig van Beethovens","Luigi di Beethoven","Henry Edward","ZfM","Unger","Court Theater","The","Anna Milder","S. A. Steiner","Bayer","Beethoven","Court Opera","Leo Bayer","Alf","van Beethoven","Ludwig van Beethoven","Julius Kapp","Symphony","Johann Lamatsch","Krause","Vienne Reccd","Hugo Riemann","Lichnowsky","K. E. Henrici","L. van Beethovens","Hermann Deiters","Charles Stewart","Josephine Killitzky","Josef Edler"],"placeName":["Leipzig","Berlin","Coblenz","Paris","Germany","Munich","Bonn","Leidesdorf","Leidesdorf of Vienna","London","Kal","Siegen","Athens","Vienna","Bucharest","Rome","York","Winterthur","Russia","Zurich","New Beethoven"],"ref_url":[],"ref_bibl":["February 27, 1814","May 1823","December 8, 1813","October 3, 1822","April 27-28, 1928","[1939]","June 1815","[1934]","London, 1841","[1916]","[1933]","[1937]","with Nachtrag by Wegeler, 1845","May 25, 1903","December 12, 1813","January 2, 1814"],"bibl":[]}},"ark":["ark:/67375/HXZ-2MPFG98H-3"],"categories":{"wos":[],"scienceMetrix":["1 - arts & humanities","2 - visual & performing arts","3 - music"],"scopus":["1 - Social Sciences","2 - Arts and Humanities","3 - Music"]},"publicationDate":"1955","copyrightDate":"1955","enrichments":{"type":["multicat","refBibs","teeft","unitex"]},"doi":["10.1093/mq/XLI.4.446"],"_id":"7BF72DD935603FAB42D9EAFBEEA8CABA4C7C39C2"}