{"corpusName":"sage","keywords":{"teeft":["hardcover","music editing","schindler","yourmusic","music lovers","other information contact","strongarts","strong schools","shortsighted disregard","american charles fowler","oxford university press","madison avenue","guest artists","excellencein","excellencein education","important part","answerto","educationalcrisis","discusseshow","fowler discusseshow","broadenentire","insteadof","suggestionsfor","suggestionsfor reform","prefor","prefor sents strategies","school boards","payingthe","payingthe bills","harvardbiographical","dictiomusic","harvardbiographical dictiomusic","naryof","randel","michael naryof randel","belknap","belknap press","harvard university press","garden street","referenceis","brief guide","numerous individuals","showtune","showtune traditions","unusual attention","repof","resentatives","twentieth repof resentatives","part beethoven","publicamarch","anton felix publicamarch","breazeale","state university","ilaalllalaalllll","soprano recorder","bandis","isecorecorderwhich","rhythm isecorecorderwhich soprano","nomically","tight nomically","fingerbaroque","fingerbaroque budgets","ingsoprano","dark ingsoprano","windway","curved windway","cantotm","recorder soprano cantotm","music standards","hoursa","free toll","rhythm band instruments","fortworth","order toll","hehe","eheehemheg","heeheehe","mlmw","banids","chiiorltu1ses","acpi","chiiorltu1ses library acpi","symphonyorchestras","raisemoney","yourmusic raisemoney","enerate","intere5tinyourmusic","enerate intere5tinyourmusic program","teachaboutthe","teachaboutthe packaging","yourgroup","whilepreserving","soundforever","whilepreserving soundforever","exposure packages","digitally","graphic design","traycards","dat","cassette","triple disc","common quality","vickyln","vickyln fredericksburg","italyin","seville","ghostis","disastrous ghostis","storyof","learnthatfriendship","patienceand","patienceand time","handel","heis","goldenvoice","careeris","lastchanceto","provethemselves","lastchanceto provethemselves","jamie","handelmustlearnto","trusteach","handelmustlearnto trusteach","believein","theirown","believein theirown","makethe","firstperformance","makethe firstperformance","messiaha","nilanhle","nilanhle freedom","rhapsody","internet","coralville","tions","primary source","republication","unabridged republication","translationproducedby","philharmonic symphonyorchestras","anton schindler","third edition","deafness","irascible","irascible behavior","annotation","macardle","beethoven scholar donald macardle","beethoven research","critical editing","grier","james grier","cambridge university west","music examples","important contributions","music book","textural","textural criticism","land packages","overview","central issues","applicationto","electronic media"]},"articleId":["10.2307_3399009"],"arkIstex":"ark:/67375/M70-MQ0NFZC3-G","language":["eng"],"originalGenre":["other"],"qualityIndicators":{"score":2.538,"pdfWordCount":526,"pdfCharCount":5015,"pdfVersion":1.6,"pdfPageCount":2,"pdfPageSize":"594 x 843 pts","refBibsNative":false,"abstractWordCount":1,"abstractCharCount":0,"keywordCount":0},"title":"For Your Library","genre":["other"],"host":{"title":"Music Educators Journal","language":["unknown"],"issn":["0027-4321"],"eissn":["1945-0087"],"publisherId":["MEJ"],"volume":"83","issue":"5","pages":{"first":"43","last":"44"},"genre":["journal"]},"namedEntities":{"unitex":{"date":["1997","the twentieth century"],"geogName":[],"orgName":["University of North Carolina","SALUTE NATIONAL MUSIC STANDARDS","Cambridge University","Harvard University","Oxford University","State University"],"orgName_funder":[],"orgName_provider":[],"persName":["Anton Schindler","Donald MacArdle","King Ij","Anton Felix","Belknap Press","James Grier","Ludwig van Beethoven","Schindler","Helene","Madison Avenue","Don Michael"],"placeName":["NY","Seville","Baltimore","Dover","Dublin","York","MA","Cambridge"],"ref_url":[],"ref_bibl":[],"bibl":[]}},"ark":["ark:/67375/M70-MQ0NFZC3-G"],"publicationDate":"1997","copyrightDate":"1997","enrichments":{"type":["refBibs","teeft","unitex"]},"doi":["10.2307/3399009"],"_id":"DC57590558DBC1FF200F3DEF991C33C11976F2BB"}