{"corpusName":"oup","keywords":{"teeft":["tonality","diatessaron","ionian","harley","cadence","inverted comma","sixteenth century","violin sonata","subject matter","ionian mode","flat side","little more","modal","vocal clef","prominent place","wagner literature","pierre boulez","hittall william modal practice","ultimate form","john harley","isbn john","william work","modal system","easy illusion","modal principle","tonal development","theoretical system","expressive content","gain many","important contribution","complex nature","various form","specific passage","complete analysis","separate chapter","modal theory","early writing","music theory","time obscure","different writer","considerable problem today","suitable terminology","various type","sheer warmth","such thing","reasonable compromise","more helpful","anachronistic vocabulary","minor third","flat key","logical path","contrapuntal composition","modal practice","religious system","extraordinary force","local tonality","separate section","additional discussion","such local tonality","subsidiary tonality","brief essay","extent helpful","preliminary concept","hexachord system","theoretical writing","seventeenth century","late source","jacobean composer","melodic entity","characteristic pattern","particular pitch","other note","octavespecific mode","modally mixolydian","dorian transposition","tonal relationship","cadence available","intermediate cadence","tonal dominant","sharp extremity","available move","sharp side","more remote shift","musical resolution","simplistic certainty","tonal individuality","tonal universe","full range","minor key","more useful","melodic range","melodic shape","last bar","opening melodic subject","more poignant","note subsequent melodic idea","substantial section","difficult reading","modal shape foreign","main mode","more thoroughgoing change","whole section","music example","final paragraph","verum corpus","cuius latus perforatum","unde fluxit sanguine","same voice","tonality change","lydian diapente","key corresponding","tonal design","ambitious love","rhyme scheme","tonal choice","specific expressive purpose","sudden shift","wonderful move","vocem straight","minor cadence","major chord","subtle preparation","interesting observation","harmonic choice","william petre","chord decrease","melodic movement","sharp chord","flat chord","similar frequency","grouping piece","similar method","english psalm setting","final part","musical collection","obsessive concern","book end","comprehensive index","main argument","side issue","musical quotation","additional unnumbered example","cadential pattern","easie introduction","practicall musicke","tenor part","john harley end","english composer","deserving further consideration","musical structure","brief passage","more substantial","certain abruptness","beethoven violin sonata","lewis lockwood","mark kroll","illinois press","paper first","boston university international beethoven","beethoven scholarship","many such symposium","disparate collection","specialized study","larger subject area","comprehensive coverage","wellfocused subject","bourgeois capitalism","minor sonata","single paragraph","other hand","offer paper","general overview","welcome feature","little overlap","separate study","chronological order","last violin sonata","final paper","performance practice","consecutive part","coherent whole","first scholarly book","beethoven sonata","unprecedented depth"]},"author":[{"name":"Hugh Benham"}],"articleId":["gcl026"],"arkIstex":"ark:/67375/HXZ-NQ43Z3T1-0","language":["eng"],"originalGenre":["book-review"],"qualityIndicators":{"score":4.352,"pdfWordCount":2302,"pdfCharCount":13222,"pdfVersion":1.6,"pdfPageCount":3,"pdfPageSize":"479 x 697 pts","pdfWordsPerPage":767,"pdfText":true,"refBibsNative":false,"abstractWordCount":0,"abstractCharCount":0,"keywordCount":0},"title":"William Byrd’s Modal Practice. By John Harley. pp. xii + 162. (Ashgate, Aldershot and Burlington, Vt., 2005. £45. ISBN 0-7546-3441-8.)","genre":["book-reviews"],"host":{"title":"Music and Letters","language":["unknown"],"issn":["0027-4224"],"eissn":["1477-4631"],"publisherId":["musicj"],"volume":"87","issue":"4","pages":{"first":"623","last":"625"},"genre":["journal"],"subject":[{"value":"Reviews of Books"}]},"namedEntities":{"unitex":{"date":["2000","in the sixteenth century","2006","seventeenth century","the sixteenth century"],"geogName":[],"orgName":["Boston University"],"orgName_funder":[],"orgName_provider":[],"persName":["William Byrd","William Petre","Thomas Morley","F. Chapter","Mark Kroll","The","John Harley","Lewis Lockwood"],"placeName":[],"ref_url":[],"ref_bibl":["Urbana and Chicago, 2004","Playford, 1697"],"bibl":[]}},"ark":["ark:/67375/HXZ-NQ43Z3T1-0"],"categories":{"wos":[],"scienceMetrix":["1 - arts & humanities","2 - visual & performing arts","3 - music"],"scopus":["1 - Social Sciences","2 - Arts and Humanities","3 - Music"]},"publicationDate":"2006","copyrightDate":"2006","enrichments":{"type":["multicat","refBibs","teeft","unitex"]},"doi":["10.1093/ml/gcl026"],"_id":"6C0BD50CDD700042EBAA1B696022CB7425FA3840"}