{"corpusName":"oup","keywords":{"teeft":["first edition","schumann","second edition","haslinger","folio","sonate","first movement","variazioni","june","quasi","quasi variazioni","piano sonata","coda","sienna","boetticher","musical text","stichvorlage","robert schumann","concert sans orchestre","moscheles","leipzig","opus","scherzo","wieck","february","briefverzeichnis","british museum","musical quarterly","manuscript","andantino","clara wieck","penpoint","deletion","unfinished sonata","addendum","title page","first page","umber","original variation","early plan","page proof","original finale","different paper","finale","engraver","sonata","different shade","original paper","entire manuscript","staff paper","first leaf","other sonata","third sonata","orchestre","sans","minor sonata","other primary source","proof sheet","right hand","deutsche staatsbibliothek","plate number","roman numeral","last variation","time signature","original reading","grande sonate","present finale","neue folge","original title page","piano music","first scherzo","piano seul","clara"]},"author":[{"name":"LINDA CORRELL ROESNER"}],"articleId":["LXI.1.98"],"arkIstex":"ark:/67375/HXZ-H419L9HT-M","language":["eng"],"originalGenre":["research-article"],"qualityIndicators":{"score":5.05,"pdfWordCount":11189,"pdfCharCount":60437,"pdfVersion":1.3,"pdfPageCount":33,"pdfPageSize":"439 x 671 pts","pdfWordsPerPage":339,"pdfText":true,"refBibsNative":false,"abstractWordCount":0,"abstractCharCount":0,"keywordCount":0},"title":"THE AUTOGRAPH OF SCHUMANN'S PIANO SONATA IN F MINOR, OPUS 14","refBibs":[{"title":"The Piano Music The Sonata since Beethoven where the author mentions that Schumann wrote Opus 14 as a \"second sonata in four movements","author":[{"name":"William,S Newman Paula"},{"name":"Walter Rehberg"},{"name":"Robert Schumann"}],"publicationDate":"1925","host":{"title":"Sein Leben und sein Werk","publicationDate":"1925","author":[],"pages":{"first":"44","last":"273"}}},{"host":{"title":"The darkening of the paper caused by exposure to the light makes it very difficult, in this particular instance, to make a judgment about the ink shade of the deletion strokes and the added \"Concert.\" I suspect that \"Sonate III\" was written in the main ink of the earlier part of the manuscript and was therefore present in February, 1886, when Schumann first sent the manuscript to Haslinger. The deletion strokes and \"Concert\" might have been added in the main ink of the finale, although sienna ink cannot be ruled out. In any event, these additions were not written with the main ink of the manuscript, nor were they written with the umber ink. A facsimile of this page of the manuscript appears","author":[]}},{"host":{"title":"s description of this manuscript (Catalogue, p. 147) is erroneous in almost all of the important details. Particularly unfortunate is his misreading of Schumann's Ills as Us","author":[{"name":" Hughes-Hughes"}]}},{"host":{"title":"Additional proof of the original title is found in Schumann's own copy of Opus","author":[]}},{"title":"Each work is preceded by a page upon which the composer wrote facts relating to the origin and publication of the work in question (for orchestral works the early performances are also listed) On the page preceding Opus 14 the composer wrote","author":[{"name":" Schumann"}],"host":{"title":"Hiess ursprunglich Sonate.\" 36 See the useful chart in Newman, Sonata","author":[],"pages":{"first":"262"}}},{"host":{"title":"As the above-cited letter from Schumann to Moscheles of March 8, 1836, indicates , Moscheles's appearance in Leipzig","publicationDate":"1835-10","author":[]}},{"host":{"author":[{"name":"Schumann Wasielewski"}],"pages":{"first":"150"}}},{"host":{"title":"In addition, I have completed a Fantasie in three movements, all but the details of which I","publicationDate":"1836-06","author":[{"name":"Robert Jugendbriefe Von"},{"name":" Schumann"}]}},{"author":[],"host":{"title":"Piano Music","author":[],"pages":{"first":"45"}}},{"title":"lists the dates 1835-37 for this sonata, but I have been unable to find any primary evidence that confirms the earlier date 639) reports the existence of an \"Allegro einer Klaviersonate in f-moll\" in a manuscript in the Wiede private collection (AigenstadI, West Germany; the collection has been closed in recent years owing to litigation of the estate of its former owner) Boetticher describes the manuscript as a careful sketch, four pages long, and assigns it a date ca. 1833, though without mentioning how he arrives at this date Boetticher includes among the many excerpts from Schumann's diary two datingam letzten Satz der f-moll=Sonate geschrieben","author":[{"name":" Newman"}],"publicationDate":"1837-02","host":{"title":"Robert Schumann in seinen Schriften und Briefen","publicationDate":"1837-02","author":[],"pages":{"first":"139","last":"639"}}},{"author":[],"host":{"title":"Jugendbriefe","author":[],"pages":{"first":"278"}}},{"host":{"title":"Here Schumann lists the works that he composed in 1836 as followsLarge Fantasie (Op. 17, which Breitkopf is just now publishing). — Concert sans orchestre. — Sonata in F minor (not yet entirely clean)","publicationDate":"1839-03-15","author":[],"pages":{"first":"150"}}},{"host":{"author":[{"name":"Einfuhrung Boetticher"}],"pages":{"first":"689","last":"47"}}},{"host":{"title":"His description does not take into account the fact that the beginning of. the finale is identical to the deleted page in Add. 37056. This is discernible only from his musical example on page 566. His description of the physical properties of the manuscript, however, suggests that the Stockholm manuscript contains an earlier draft of the original finale of Opus 14","author":[]}},{"host":{"publicationDate":"1948","author":[{"name":"See "}],"pages":{"first":"153","last":"184"}}},{"host":{"author":[{"name":"Catalogue Hughes-Hughes"}],"pages":{"first":"147"}}},{"host":{"title":"He refers to the fragment of the original title page later glued onto fol. 14'; see above","author":[]}},{"host":{"title":"A reference to the top margin of fol. 3 r . Newman neglects to mention that \"Concert\" here is a replacement for the deleted \"Sonate III","author":[]}},{"host":{"author":[{"name":"Sonata Newman"}],"pages":{"first":"271"}}},{"host":{"title":"Briefverzeichnis\": Mit Sonate u.[nd] Etiiden, Dank","author":[]}},{"host":{"title":"Mit Concert Nur wenige Zeilen dazu geschrieben","publicationDate":"1836-06-10","author":[]}},{"author":[],"host":{"title":"P","author":[],"volume":"275","issue":"141"}},{"host":{"title":"Briefverzeichnis","author":[]}},{"author":[{"name":"M See"}],"publicationDate":"1970","host":{"title":"Joseph Kerman's comment in Ludwig van Beethoven. Autograph Miscellany from circa 1786 to 1799","publicationDate":"1970","author":[]}}],"genre":["research-article"],"host":{"title":"The Musical Quarterly","language":["unknown"],"issn":["0027-4631"],"eissn":["1741-8399"],"publisherId":["musqtl"],"volume":"LXI","issue":"1","pages":{"first":"98","last":"130"},"genre":["journal"],"subject":[{"value":"Articles"}]},"namedEntities":{"unitex":{"date":["1853","1836","1975","16 to 2/4","1837","1866","from 1817 through 1853","1830s","1835"],"geogName":["Ill"],"orgName":["British Museum Department of Manuscripts"],"orgName_funder":[],"orgName_provider":[],"persName":["Wolfgang Boetticher","R. Schumanns","Tobias Haslinger","Melodie de Clara","Joseph Kerman","Alfred Dorffel","I. Moscheles","Robert Schumanns","William S. Newman","Clara Schumann","Linda Correll","Clara Wieck","Ferdinand Schumann","Moscheles","Adolf Schumann","F. Gustav","Joan Chissell","H. Schonwalder","Kathleen Dale","Leopold Hirschberg","Ludwig van Beethoven","Symphony","Library","Josef W. von Wasielewski","Martin Schoppe","Frederick Niecks","Walter Rehberg","Sein Leben","Add","Ignace Moscheles"],"placeName":["Leipzig","Germany","Bonn","Vienna","Zwickau","York","Stockholm"],"ref_url":[],"ref_bibl":["March 8, 1836","November, 1836","London, 1925","London, 1970","[1836]","London, 1952","Leipzig, 1898","in October, 1839","New York University, 1973","June, 1836","Leipzig, 1875","February, 1836","Berlin, 1942","February, 1886","Leipzig, 1966","Concert sans orchestre, 1836","February and June, 1836","Leipzig, 1904","London, 1948","Zurich & Stuttgart, 1954","Leipzig: Breitkopf & Hartel, 1887"],"bibl":[]}},"ark":["ark:/67375/HXZ-H419L9HT-M"],"categories":{"wos":[],"scienceMetrix":["1 - arts & humanities","2 - visual & performing arts","3 - music"],"scopus":["1 - Social Sciences","2 - Arts and Humanities","3 - Music"]},"publicationDate":"1975","copyrightDate":"1975","enrichments":{"type":["multicat","refBibs","teeft","unitex"]},"doi":["10.1093/mq/LXI.1.98"],"_id":"6C68ACF939D220A3ABD02D161A09D077847D54AB"}