{"corpusName":"oup","author":[{"name":"LUISE EITEL PEAKE"}],"articleId":["63.3-4.242"],"arkIstex":"ark:/67375/HXZ-92K0NQ1Q-R","language":["eng"],"originalGenre":["research-article"],"qualityIndicators":{"score":5.05,"pdfWordCount":6846,"pdfCharCount":40003,"pdfVersion":1.3,"pdfPageCount":19,"pdfPageSize":"414 x 704 pts","pdfWordsPerPage":360,"pdfText":true,"refBibsNative":false,"abstractWordCount":0,"abstractCharCount":0,"keywordCount":0},"title":"THE ANTECEDENTS OF BEETHOVEN'S LIEDERKREIS","refBibs":[{"host":{"author":[{"name":" Kerman"}],"pages":{"first":"142"}}},{"title":"The sketch is on an early sheet of pencilled sketches, not very dear","author":[{"name":"M Gustav Nottebohm"},{"name":"Zweiu Beethootniana"}],"publicationDate":"1887","host":{"title":"See Kerman, op. cit","publicationDate":"1887","author":[],"pages":{"first":"334","last":"149"}}},{"host":{"author":[{"name":"Op Kcnnan"}],"pages":{"first":"126"}}},{"title":"Theodor Frimmel","author":[{"name":"Hans Boettcher"},{"name":" Beethoven Ah Ludcrkompomst"}],"publicationDate":"1926","host":{"title":"Beethoven Handbuch, ii (Leipzig","publicationDate":"1926","author":[],"pages":{"first":"67","last":"435"}}},{"host":{"title":"Beethoven's autograph title reads in full: 'An die entfernte Geliebte: Sechs Lieder von Aloys Jeitteles in Musik gesetzt von L. van Beethoven'. See also the annotation on the fly-leaf at the end. Steiner's full title reads: 'An die feme Geliebte: ein Liederkreis von Aloys Jeitteles","publicationDate":"1970","author":[{"name":" Facsmile Edn"},{"name":" Munich"}]}},{"host":{"title":"Please send me the last proofs of the song cycle \"An die Entfemte\" [rutt. . . of the \"Liederkreis An die Entfernte","author":[],"pages":{"first":"607"}}},{"host":{"publicationDate":"1817","author":[{"name":"Amz "},{"name":"Xix "}],"pages":{"first":"75"}}},{"author":[],"publicationDate":"1971","host":{"title":"The Songs', TTu Bathoven Companion","publicationDate":"1971","author":[],"pages":{"first":"434"}}},{"title":"Deutscher Liederkranz","author":[],"publicationDate":"1847","host":{"title":"E.g","publicationDate":"1847","author":[]}},{"host":{"title":"1885-6: see Howard Shanet, Philharmonic: a History of New York's Orchestra","publicationDate":"1922","author":[{"name":"Boston America"}],"pages":{"first":"296"}}}],"genre":["research-article"],"host":{"title":"Music and Letters","language":["unknown"],"issn":["0027-4224"],"eissn":["1477-4631"],"publisherId":["musicj"],"volume":"63","issue":"3-4","pages":{"first":"242","last":"260"},"genre":["journal"],"subject":[{"value":"Articles"}]},"namedEntities":{"unitex":{"date":["in the eighteenth century","throughout the nineteenth century","1825","1814","1982","1810","1796","seventeenth century","1785","1804","1809","1811","1812","1817"],"geogName":[],"orgName":[],"orgName_funder":[],"orgName_provider":[],"persName":["Reinhold Kern","Wilhelm Pfannkuch","W. A. Thomas","L. Gombart","J. B. Rupprecht","F. H. Himmd","F. Ries","T. Has","Gottfried Weber","Nigel Fortune","W. Salmen","Max Unger","Howard Shanet","Otto Erich","Anna MilderHauptmann","Joseph Kerman","Heinrich W. Schwab","F. F. Hvta","Johann Friedrich","Goethe","Theodor Frimmel","F. H. Himmel","Anna Milder-Hauptmann","Emily Anderson","Ferdinand Riei","Leslie Orrey","F. Rtichardl","Albert Leitzmann","Walter Salmen","Max Morris","Friedrich Heinrich","Frederick W. Stemfeld","A. R. E. Langbein","Eric Blom","Donald W. MacArdle","D. MacArdle","Gustav Nottebohm","Gustav Schilling","Max Friedlaender","Beethoven","J. A. Bohme","Robert Eitner","Harry Goldjchmidt","Sigmund Anton","H. A. Marschner","Christine Westphalen","Friedrich Kind","P. Winneberger","Aloys Jeitteles","Johann Wolfgang","Friedrich Kuhlau","J. H. C. Bornhardt","Ferdinand Ries","C. G. Herwg","Karl Muchler","Christian Gottlob","Hans Volkmann","Alfred C. Kalischcr","Roman Atmcfun","Anton F. Schindler","Friedrich Hurka","Rose Die","Otto Nicolai","H. C. Lahee","Anonymous","F. G. Wegeler","Alan Tyson","August Tiedge","Hans Boettcher","Theodore Thomas","Hermann A. Kriiger","L. van Beethoven"],"placeName":["Leipzig","Berlin","Germany","Halle","Munich","Bonn","Regensburg","Stuttgart","London","America","Vienna","York","Augsburg","England","Mainz"],"ref_url":[],"ref_bibl":["reprinted Hildcshcim, 1972","Zurich, 1949","Leipzig, 1799","Stuttgart, 1837","Stuttgart, 1902","Halle, 1815","[25]","Berlin, 1907","Leipzig, 1921","Leipzig, 1926","Leipzig, 1796"],"bibl":[]}},"ark":["ark:/67375/HXZ-92K0NQ1Q-R"],"categories":{"wos":[],"scienceMetrix":["1 - arts & humanities","2 - visual & performing arts","3 - music"],"scopus":["1 - Social Sciences","2 - Arts and Humanities","3 - Music"]},"publicationDate":"1982","copyrightDate":"1982","enrichments":{"type":["multicat","refBibs","unitex"]},"doi":["10.1093/ml/63.3-4.242"],"_id":"293775163BD7DC1FA4E420664236F30633F07CBA"}