{"corpusName":"oup","keywords":{"teeft":["lodoiska","cherubini","floreski","titzikan","dourlinski","tartar","varbel","french revolution","aria","fidelio","cherubini stage","pencak","diat","william pencak","operatic history","leonore","basil deane","royal family","stephen storace","great master","revolutionary france","corrupt nobility","social contract","mona ozouf","riccardo muti","great deal","stage direction","several passage","small part","oxford university press","basil dcanc","french opera","beethoven reader","libretto"]},"author":[{"name":"WILLIAM PENCAK"}],"articleId":["8.1.8"],"arkIstex":"ark:/67375/HXZ-GMFKWS27-Q","language":["eng"],"originalGenre":["research-article"],"qualityIndicators":{"score":5.05,"pdfWordCount":7408,"pdfCharCount":43347,"pdfVersion":1.2,"pdfPageCount":20,"pdfPageSize":"617 x 796 pts","pdfWordsPerPage":370,"pdfText":true,"refBibsNative":false,"abstractWordCount":0,"abstractCharCount":0,"keywordCount":0},"title":"Cherubini Stages a Revolution","refBibs":[{"title":"For a discussion of Louvet's life and work, see Karhryn Norberg, The Hero as Heroine: The Politics of Gender in the Novels of Louvet dc Couvrai It is also to be noted that Lodoiska is a much more passive, selfsacrificing character in Louvet than in me Chcrubini","author":[],"publicationDate":"1991","host":{"title":"Sara Maza and Leslie Rabinc, cds., Women and the French Revolution","publicationDate":"1991","author":[]}},{"title":"Memorials Illustrative of His Life Bums and Oats, 1874), p. 58. 3. Reviews quoted in die original French in Vittorio Delia Croce The translations are mine","author":[{"name":"Edward Bdlasis"},{"name":"Cherubini "}],"publicationDate":"1983","host":{"title":"Cherubini: E i musidsti itaUani del sue tempo","publicationDate":"1983","author":[],"pages":{"first":"233","last":"34"}}},{"author":[{"name":"Frederick,J Crowcst"},{"name":"Cherubini "}],"publicationDate":"1965","host":{"title":"Scribncr and Wclford, 1890)","publicationDate":"1965","author":[],"pages":{"first":"10","last":"5"}}},{"host":{"author":[{"name":"Delia Crocc"},{"name":"Cherubini "}],"pages":{"first":"232"}}},{"host":{"author":[{"name":"Cherubini Bellasis"}],"pages":{"first":"39","last":"43"}}},{"title":"French Opera and the Spirit of die Revolution, 3","author":[{"name":"Paul,Henry "},{"name":"Lang Harold"},{"name":"E Paligaro"}],"publicationDate":"1972","host":{"title":"Irrationalism in the Eighteenth Century","publicationDate":"1972","author":[],"pages":{"first":"106"}}},{"title":"The Political Uses of Opera in Revolutionary France There is a beautiful recording of diis piece","author":[{"name":"Alexander,L Ringer"}],"publicationDate":"1970","host":{"title":"Bericht uber den Internationalen Musikwissenschaftiichen Kmgress Bonn","publicationDate":"1970","author":[],"pages":{"first":"238","last":"39"}}},{"title":"For Mozart and Masonic symbols see Jacques ChailleyThe Magic Flute","author":[{"name":"Mona Ozouf"},{"name":" Festivals"},{"name":" The French Revolution"},{"name":" Sheridan"}],"publicationDate":"1971","host":{"title":"Masonic Opera: An Interpretation of the Libretto and Music, trans. Herbert Wcinstock","publicationDate":"1971","author":[],"pages":{"first":"277","last":"346"}}},{"title":"Opera widi an introduction by Charles Rosen. I have silently corrected a few minor typographical errors and added punctuation to clarify die verse, which is unpunctuated in the score. 15. Ozouf, Festivals, p. 346. 16. Sec especially the chapter entided The Corruption of Poland","author":[{"name":"Basil Quoted In"},{"name":" Dcanc"}],"publicationDate":"1969","host":{"title":"Cherubini and the Opcra-Comiquc Lodoiska throughout die article arc to the published facsimile score","publicationDate":"1969","author":[],"pages":{"first":"1776","last":"1789"}}},{"title":"The Government of Poland, trans","author":[{"name":"Jean-Jacques Rousseau"}],"publicationDate":"1972","host":{"title":"Willmoore Kendall","publicationDate":"1972","author":[]}},{"title":"The Social Contract , trans","author":[{"name":"Jean-Jacques,G D H Rousseau"},{"name":" Cole"}],"publicationDate":"1913","host":{"title":"J. M. Dent","publicationDate":"1913","author":[],"pages":{"first":"5"}}},{"title":"Space and Time in die Festivals of me French Revolution Comparative Studies in Society and HistoryRacial Equality Slavery and Colonial Secession during the Constituent Assembly?","author":[{"name":"Mona Ozouf"}],"publicationDate":"1975","host":{"title":"American Historical Review","publicationDate":"1975","author":[],"issue":"17 94","pages":{"first":"372","last":"84"}}},{"host":{"title":"The Meaning of the CHERUBINI STAGES A REVOLUTION Oath,\" chap. 12 of Religion, Revolution, and 'Regional Culture in Eighteenth-Century France: The Ecclesiastical Oath of1791","publicationDate":"1986","author":[{"name":"Timothy Tackctt"}]}},{"author":[{"name":"Maurice Agulhon"},{"name":"Marianne Battle"}],"publicationDate":"1981","host":{"title":"87—119; Joan Landcs, Women and the Public Sphere in the Age of the French Revolution","publicationDate":"1981","author":[],"pages":{"first":"37"}}},{"host":{"title":"Lodoiska omits many numbers, employs lengdiy recitatives not written by Chcrubini, inserts other music not in the score, and suffers from a good deal of miscasting in the leading roles. An RAI Rome 1967 performance, this hodgepodge is available on MRP Records C-02 (3 LPs) This company has enabled us to hear several of Chcrubini's operas and choral works, or what passed for them on Italian radio twenty and more years ago","author":[]}},{"title":"Doubleda^ Anchor Books, i960), pp. 155 and 194. 2+. Winton DeanBeethoven and Opera","author":[{"name":"Michael Hamburger"}],"publicationDate":"1971","host":{"title":"Beethoven: Letters, Journals, and Conversations (Garden City The Beethoven Reader","publicationDate":"1971","author":[],"pages":{"first":"335","last":"37"}}},{"title":"The Symphonies and Overtures","author":[{"name":"Basil Dcane"}],"host":{"title":"Arnold and Fortune","author":[],"pages":{"first":"291","last":"92"}}},{"host":{"author":[{"name":"Beethoven Hamburger"}],"pages":{"first":"98"}}},{"title":"The English libretto for Storace and Kcmble's Lodoiska was published in London by G. G. and J. Robinson in 1794. Page numbers arc references to this edition. 30. The libretto to Beethoven's Leonore (1805) may be found in die Arabesque reissue of a","author":[{"name":" Dean"}],"publicationDate":"1977","host":{"title":"EMI recording with Herbert Blomstcdt conducting the Staatskapcllc Dresden. Page references arc to die booklet included in the cassette format","publicationDate":"1977","author":[],"pages":{"first":"3"}}},{"host":{"author":[{"name":"French Lang"},{"name":" Opera"}],"pages":{"first":"108"}}}],"genre":["research-article"],"host":{"title":"The Opera Quarterly","language":["unknown"],"issn":["0736-0053"],"eissn":["1476-2870"],"publisherId":["operaq"],"volume":"8","issue":"1","pages":{"first":"8","last":"27"},"genre":["journal"],"subject":[{"value":"Articles"}]},"namedEntities":{"unitex":{"date":["1802","1788","in the Eighteenth Century","1789","1791","1890","the nineteenth century","1815","1797","1990","1805","1683","1771","1798","1991"],"geogName":[],"orgName":["American Revolution","American Founding Fariiers","Society for French History","French National Assembly","Austria, Beethoven","Harvard University","Germany England, and the United States"],"orgName_funder":[],"orgName_provider":[],"persName":["Alexis Leonard","Delia Crocc","Leslie Rabinc","Basil Deane","Jean-Jacques Rousseau","Alexander L. Ringer","Harold E. Paligaro","Stephen Storace","Herbert Wcinstock","de Faublas","Alan Sheridan","Basil Dcanc","King John","Boris Godunov","Pierre Cintas","Don Fernando","Lodoiska","Claude-Francois Fillette","Vittorio Delia","J. P. Kemble","Poland","Paul Henry","Don Quixote","Annals","Leporello","Natalie Isscr","Fidelio","Real Sansculotte","UntverseTs","Guillaume Tell","Edward Bdlasis","Sara Maza","Mona Ozouf","Frederick Crowest","Ludwig van Beethoven","Rodolphe Kreutzer","Eugene Delacroix","Jacques Chailley","Sancho Panza","Riccardo Muti","Frederick J. Crowcst","La Scala","Varbel","Cherubini","Marie Antoinette","J. N. Bouilly","Emmanuel Schikaneder","Alfred A. Knopf","Peter Grimes","An Interpretation"],"placeName":["Mass.","Philadelphia","Paris","United States","Santa Barbara","Bonn","Poland","West Indies","Warsaw","Versailles","Europe","Vienna","York","France","Pulaski","Cambridge","Italy","New Philharmonia","Lille"],"ref_url":[],"ref_bibl":["Kassel: Barenrciter, 1971","New York: Oxford University Press, 1991","London: Bums and Oats, 1874","March 1991","Carl Dahlhaus et aL","Turin: Eda, 1983","November 1989","London: Oxford University Press, 1965","Cleveland: Case Western Reserve University Press, 1972","New York: Scribncr and Wclford, 1890"],"bibl":[]}},"ark":["ark:/67375/HXZ-GMFKWS27-Q"],"categories":{"wos":[],"scienceMetrix":[],"scopus":["1 - Social Sciences","2 - Arts and Humanities","3 - Music"]},"publicationDate":"1991","copyrightDate":"1991","enrichments":{"type":["multicat","refBibs","teeft","unitex"]},"doi":["10.1093/oq/8.1.8"],"_id":"9FEFE378D228C7ADFCD9EF8D918E0C1058B4AE15"}