{"corpusName":"oup","keywords":{"teeft":["simple music","tudor music","decadence","eighteenth century","in circle","out circle","great cathedral","walter pater","more devastating comparison","popular song","terrible phrase utility music","other music","transitory entertainment","single hearing","ephemeral demand","sufficient answer","daily article","great music","practical question","true balance","chamber music","chamber band","simple tonality","definite design","inexhaustible gift","enormous number","symphony orchestra","private orchestra","more education","modern symphony","large orchestra","rhythmic balance","same deplorable state","such thing","general audience","best evolutionary condition","true function","fine music","human instrument","dozen concert","capable amateur chamber organization","english school","symphony concert","general comparison","immense technical development","solid physical basis","general public","broadcast performance","practical application","musical evolution balance","vast audience","same time","something better","musical delight","right music","traditional folksong","best purpose","unaccompanied song","instrumental historical tradition","english music","nationalist horizon","other classic","eighteenthcentury idea","german classic","sonata design","individual expression","something owing","english communal form","english instrumental historical tradition","extraordinary revival","least individual","general interest","vocal side","glyn much","first place","elizabethan harmonized","contemporary composer","considerable quantity","delightful melody","modern edition","simple orchestral music","simple style tudor music","historical curiosity","museum exhibit","true nature","appeal worth","simple melody","virginal work","fine effect","viol music","violin idiom","lute music","original instrument","tudor period","younger craftsman","line appeal","unbroken descent","wholesale destruction","present time","early organ music","modern instrument","original effect","tudor organ music","early manuscript","mere name","pure organ music","plainchant style","vocal church music","free type","contrapuntal part","english church music","special character","concert music","church decadence","late year","anything less religious","recent decadence","ancient hymn","english church","metrical tune","tonicdominant tonality","hymnal balance","latin hymn","original melody","proper function","diis style","large number","modern cathedral music","ordinary metrical psalmody","such grand congregational effect","worst popular taste","vulgar feeling","mere ordinary musical enjoyment","true church style","musical tradition","english expression","fine tradition","modern life","especial domain","musical expression","modern orchestral music","small voice","religious nation","present church music","religious feeling","subtle influence","instrumental foundation"]},"author":[{"name":"MARGARET H. GLYN"}],"articleId":["XVIII.4.369"],"arkIstex":"ark:/67375/HXZ-43TBHSDG-J","language":["eng"],"originalGenre":["research-article"],"qualityIndicators":{"score":2.101,"pdfWordCount":2051,"pdfCharCount":10709,"pdfVersion":1.2,"pdfPageCount":5,"pdfPageSize":"486 x 697 pts","pdfWordsPerPage":410,"pdfText":true,"refBibsNative":false,"abstractWordCount":0,"abstractCharCount":0,"keywordCount":0},"title":"BALANCE OR DECADENCE ?","genre":["research-article"],"host":{"title":"Music and Letters","language":["unknown"],"issn":["0027-4224"],"eissn":["1477-4631"],"publisherId":["musicj"],"volume":"XVIII","issue":"4","pages":{"first":"369","last":"373"},"genre":["journal"],"subject":[{"value":"Articles"}]},"namedEntities":{"unitex":{"date":["1937","the eighteenth century"],"geogName":[],"orgName":[],"orgName_funder":[],"orgName_provider":[],"persName":["Beethoven","Reformation"],"placeName":["America"],"ref_url":[],"ref_bibl":[],"bibl":[]}},"ark":["ark:/67375/HXZ-43TBHSDG-J"],"categories":{"wos":[],"scienceMetrix":["1 - arts & humanities","2 - visual & performing arts","3 - music"],"scopus":["1 - Social Sciences","2 - Arts and Humanities","3 - Music"]},"publicationDate":"1937","copyrightDate":"1937","enrichments":{"type":["multicat","refBibs","teeft","unitex"]},"doi":["10.1093/ml/XVIII.4.369"],"_id":"6BD8FD7376E2BB62D631E0AFB2AE97639BBFE908"}