{"corpusName":"oup","keywords":{"teeft":["clavichord","early music","clement","clive brown","beethoven violin concerto","violin part","substantial piece","serious scholar","impressive number","student bemused","keyboard ornamentation","manuscript further blur","arbitrary mixture","continental ornament sign","unusual feature","restoration repertory","didactic purpose","editor comment","time folium variation","depressing regularity","folium composition","repetition inherent","ornamental pattern","first glance","psalm tune","free piece","stylus phantasticus","colourful composition","english composer","battle piece","spaniard such","harpsichord encore","restoration gem","minor allemande","unique feature","other piece","adjacent courante","suggestive echo marking","previous owner","thurston dart","expressive instrument","restoration england","historical fact","correct performance","dowland anthology","expressive spirit","more distant background","domestic tradition","final remark","oblong format","careful handling","duncan druce","certain piece","viennese violin concerto franz clement","violin concerto","major suite","full score","regular section","actual dancing","franz clement","previous year","same concert","first public performance","eroica symphony","major concerto","louis couperin","unknown composer","sacred music","chamber music","stage work","solo violin music","meeting beethoven","amazing musical memory","long career","orchestral leader","native vienna","enthusiastic opinion","excellent introduction","powerful expression","classical virtue","brown point","several striking similarity","similar rustic feeling","robin monograph","more precise resemblance concern violinistic figuration","more formal","out movement","expansive canvas","easy confidence","harmonic planning","hummel trumpet concerto","more intense","compelling form","attractive melody","harmonic support","brown quote","contemporary criticism","highest degree","harmonic language","more extreme development","expressive shade","bland idiom","middle movement","direct point","famous concerto","precise formal outline","minor piano concerto","tonal scheme","minor episode","prominent melodic part","incessant triplet figuration","attractive technical difficulty closer","spohr concerto","handsome full score","full critical report","single source","first performance","playable reduction","orchestral score","anonymous composer","appropriate cadenza","original indication","page size","note size","solo section","larger type","piano part","such blemish","fascinating work","more music","advance access"]},"author":[{"name":"Duncan Druce"}],"arkIstex":"ark:/67375/HXZ-L9XV4799-C","language":["eng"],"originalGenre":["review-article"],"qualityIndicators":{"score":1.923,"pdfWordCount":1206,"pdfCharCount":7145,"pdfVersion":1.4,"pdfPageCount":4,"pdfPageSize":"535.551 x 697.551 pts","pdfWordsPerPage":302,"pdfText":true,"refBibsNative":false,"abstractWordCount":0,"abstractCharCount":0,"keywordCount":0},"title":"A Viennese violin concerto","genre":["review-article"],"host":{"title":"Early Music","language":["unknown"],"issn":["0306-1078"],"eissn":["1741-7260"],"publisherId":["earlyj"],"volume":"34","issue":"2","pages":{"first":"313","last":"316"},"genre":["journal"],"subject":[{"value":"MUSIC REVIEWS"}]},"namedEntities":{"unitex":{"date":["1791","20th centuries","2006-02-15","1806"],"geogName":[],"orgName":[],"orgName_funder":[],"orgName_provider":[],"persName":["Franz Clement","Beethoven","Robin Stowell"],"placeName":["London","Prague","Vienna"],"ref_url":[],"ref_bibl":["Middleton WI: A-R Editions, 2005","Cambridge, 1998"],"bibl":[]}},"ark":["ark:/67375/HXZ-L9XV4799-C"],"categories":{"wos":[],"scienceMetrix":["1 - arts & humanities","2 - visual & performing arts","3 - music"],"scopus":["1 - Social Sciences","2 - Arts and Humanities","3 - Music"]},"publicationDate":"2006","copyrightDate":"2006","enrichments":{"type":["multicat","refBibs","teeft","unitex"]},"doi":["10.1093/em/cah213"],"_id":"791BBC6765E29086E32AC79EB5B3E9188F8C8D4A"}