{"corpusName":"oup","keywords":{"teeft":["fervaal","schola","guilhen","musical quarterly","franck","french music","twentieth century","cesar franck","representative work","first movement","plain chant","sixteenth century","liturgic melody","saint christophe","paris conservatoire","first performance","chorus master","instrumental music","generative phrase","choral work","individual flavor","final scene","hymn pange","plain chant theme","expressive mastery","second symphony","flat symphony","principal theme","chant"]},"author":[{"name":"EDWARD BURLINGAME HILL"}],"articleId":["I.2.246"],"arkIstex":"ark:/67375/HXZ-L2G7ZPPT-6","language":["eng"],"originalGenre":["research-article"],"qualityIndicators":{"score":5.05,"pdfWordCount":5258,"pdfCharCount":30394,"pdfVersion":1.3,"pdfPageCount":14,"pdfPageSize":"620 x 800 pts","pdfWordsPerPage":376,"pdfText":true,"refBibsNative":false,"abstractWordCount":0,"abstractCharCount":0,"keywordCount":0},"title":"VINCENT D'INDY: AN ESTIMATE","genre":["research-article"],"host":{"title":"The Musical Quarterly","language":["unknown"],"issn":["0027-4631"],"eissn":["1741-8399"],"publisherId":["musqtl"],"volume":"I","issue":"2","pages":{"first":"246","last":"259"},"genre":["journal"],"subject":[{"value":"Articles"}]},"namedEntities":{"unitex":{"date":["1912","1898","1887","1876","the twentieth centuries","1825","the twentieth century","1872","1890","the nineteenth century","1907","in the twentieth century","1896","1885","1915","1892","1909","1911","1897","the eighteenth century","the sixteenth century"],"geogName":[],"orgName":[],"orgName_funder":[],"orgName_provider":[],"persName":["Henry Gautier-Villars","Paris Conservatoire","Theodore","Pierre de Breville","Roger de Pampelonne","Charles Bordes","Victor Hugo","La Fdret","Lea Burgraces","Faure","Cesar Franck","Beethoven","Henri Duparc","Court de Composition","While","Alexander Guilmant","Auguste Serieyx","Baptism","Amy Fay","Indy"],"placeName":["Germany","Saint Christophe","Bayreuth","America","Brussels","France","Weimar","Palestrina"],"ref_url":[],"ref_bibl":[],"bibl":[]}},"ark":["ark:/67375/HXZ-L2G7ZPPT-6"],"categories":{"wos":[],"scienceMetrix":["1 - arts & humanities","2 - visual & performing arts","3 - music"],"scopus":["1 - Social Sciences","2 - Arts and Humanities","3 - Music"]},"publicationDate":"1915","copyrightDate":"1915","enrichments":{"type":["multicat","refBibs","teeft","unitex"]},"doi":["10.1093/mq/I.2.246"],"_id":"60A2E8A145D9C81364F68934C549DA78A8024DE2"}