{"corpusName":"cambridge","author":[{"name":"Dmitri Smirnov"}],"articleId":["01911"],"arkIstex":"ark:/67375/6GQ-BP2XCHGB-3","language":["eng"],"originalGenre":["research-article"],"abstract":"I have never in my life met such an extraordinary person as Filipp Moiseyevich Herschkowitz, nor am I likely to ever again. He was a man of sharp intellect and great learning; and he combined a deep love of true art with a merciless irony, which was directed at everything and everyone around him. His clever remarks, serious as well as humorous, would instantly become anecdotes that would go round the whole of Moscow. He lived in a minute oneroom flat with his young wife Lena and their cat Kisik, and could barely make ends meet. They refused to make him a member of the Union of Composers, Muzfond would have nothing to do with him, and those who could have helped to support him, or even just lend him some money steadily, became fewer and fewer in number. He would spend days poring over a volume of Beethoven sonatas, a Mahler or Schoenberg score, making ever more unique discoveries, which would one day, he thought, go to make up a book – his life's work.","qualityIndicators":{"score":7.501,"pdfWordCount":3389,"pdfCharCount":18859,"pdfVersion":1.4,"pdfPageCount":5,"pdfPageSize":"523.44 x 769.68 pts","refBibsNative":true,"abstractWordCount":176,"abstractCharCount":965,"keywordCount":0},"title":"A Visitor from an Unknown Planet: Music in the Eyes of Filipp Herschkowitz","pii":["S0040298200019112"],"refBibs":[],"genre":["research-article"],"host":{"title":"Tempo","language":["unknown"],"issn":["0040-2982"],"eissn":["1478-2286"],"publisherId":["TEM"],"issue":"173","pages":{"first":"34","last":"38","total":"5"},"genre":["journal"]},"ark":["ark:/67375/6GQ-BP2XCHGB-3"],"categories":{"inist":["1 - sciences humaines et sociales","2 - philosophie"]},"publicationDate":"1990","copyrightDate":"1990","enrichments":{"type":["nb"]},"doi":["10.1017/S0040298200019112"],"_id":"46B7AF4B9D810356E849B8DEF423695EECDF8451"}