{"corpusName":"sage","keywords":{"teeft":["deadpan","bagatelle","expressive locations","expressive body movement","expressive intention","performance intention","movement shapes","solo piano performance","gestural","kendall","musical structure","whilst","different intentions","hand movements","expressive movements","body movements","current article","upper torso","expressive","specific movements","expressive information","deadpan intention","beethoven bagatelle","expressive intentions","second study","bodily movement","common locations","davidson","body movement","manner performances","note production","musical score","different locations","other words","case study","visual information","high hand","deadpan performance","gait perception","different movements","overall movement","common features","cambridge university press","centre","wrist movement","expressive moments","performance intentions","further studies","upper region","particular intention","movement forms","movement cycle","explicit knowledge","previous findings","different parts","different levels","body parts","physical manifestations","different types","experimental psychology","specific gestures","previous work","notation system","physical movement","current study","keyboard height","bagatelle performances","timbral variations","other performances","performance movement","expressive moment","large movements","different manners","hand movement downwards","movement types","expressive moment locations","head movement","movement amplitudes","cadence point","expressive location","musical expression","certain movements","musical performance","music performance","music psychology","same instructions","different performances","same movement shapes","movement vocabulary","unique location","unique locations","first performance","second performance","performance manner","visual perception","single pianist","music perception","repertoire","performer"]},"author":[{"name":"Jane W. Davidson","affiliations":["Department of Music, University of Sheffield,","E-mail: j.w.davidson@sheffield.ac.uk"]}],"subject":[{"lang":["eng"],"value":"bodily movement and gesture"},{"lang":["eng"],"value":"solo performance"}],"articleId":["10.1177_0305735607072652"],"arkIstex":"ark:/67375/M70-M2S7PZTH-8","language":["eng"],"originalGenre":["other"],"abstract":"This article is a contribution to the psychology of performance, investigating the role of body movements both globally and locally in expressive musical performance. A case study of a single pianist is used to explore qualitative similarities and differences within and across different performances of a Beethoven bagatelle. Using observational analyses of the performance movements, the results reveal that the performer uses particular movement shapes that are specific and identifiable `expressive locations' within the context of a whole performance. These movement shapes cannot simply be categorized as being either intention specific or musical structure specific, for there are movement shapes common to locations across different performances and different locations within a performance. These expressive movements have some consistency over time, with the locations of the expression being common, but the movements being used flexibly within and across manner and time. The results are theorized in terms of how these movements may be produced.","qualityIndicators":{"score":8.836,"pdfWordCount":7714,"pdfCharCount":46300,"pdfVersion":1.5,"pdfPageCount":21,"pdfPageSize":"595 x 842 pts (A4)","refBibsNative":true,"abstractWordCount":153,"abstractCharCount":1058,"keywordCount":2},"title":"Qualitative insights into the use of expressive body movement in solo piano performance: a case study approach","refBibs":[{"host":{"title":"Observing Interaction: An Introduction to Sequential Analysis","author":[]}},{"host":{"title":"A Framework for Gesture Generation and Interpretation","author":[],"pages":{"first":"248","last":"65"}}},{"title":"Recognising Friends by their Walk: Gait Perception without Familiarity Cues","author":[{"name":" Cutting J.E."},{"name":" Kozlowski L.T."}],"host":{"title":"Bulletin of the Psychonomic Society","author":[],"volume":"9","pages":{"first":"353","last":"6"}}},{"host":{"title":"Gait Perception as an Example of How We May Perceive Events","author":[],"pages":{"first":"56","last":"77"}}},{"title":"A Biomechanical Invariant for Gait Perception","author":[{"name":" Cutting J.E."},{"name":" Proffitt D.R."},{"name":" Kozlowski L.T."}],"host":{"title":"Journal of Experimental Psychology: Human Perception and Performance","author":[],"volume":"4","pages":{"first":"357","last":"72"}}},{"title":"Visual Perception of Performance Manner in the Movements of Solo Musicians","author":[{"name":" Davidson J.W."}],"host":{"title":"Psychology of Music","author":[],"volume":"21","pages":{"first":"103","last":"13"}}},{"title":"What Type of Information is Conveyed in the Body Movements of Solo Musician Performers?', Journal of Human Movement","author":[{"name":" Davidson J.W."}],"host":{"title":"Studies","author":[],"volume":"6","pages":{"first":"279","last":"301"}}},{"host":{"title":"What does the Visual Information Contained in Music Performances Offer the Observer? Some Preliminary Thoughts","author":[],"pages":{"first":"105","last":"113"}}},{"title":"The Role of the Body in the Production and Perception of Solo Vocal Performance: A Case Study of Annie Lennox'","author":[{"name":" Davidson J.W."}],"host":{"title":"Musicaie Scientiae","author":[],"volume":"5","issue":"2","pages":{"first":"235","last":"6"}}},{"title":"Understanding the Expressive Movements of a Solo Pianist'","author":[{"name":" Davidson J.W."}],"host":{"title":"Musikpsychologie","author":[],"volume":"16","pages":{"first":"9","last":"31"}}},{"host":{"title":"She's the One”: Multiple Functions of Body Movement in a Stage Performance by Robbie Williams","author":[],"pages":{"first":"208","last":"26"}}},{"host":{"title":"Body Movement in Performance","author":[],"pages":{"first":"37","last":"50"}}},{"host":{"title":"Expressive Intention and Performance","author":[],"pages":{"first":"35","last":"47"}}},{"title":"Concentration and Tension'","author":[{"name":" Gellrich M."}],"host":{"title":"British Journal of Music Education","author":[],"volume":"8","pages":{"first":"167","last":"79"}}},{"host":{"title":"The Expressive World of Flux!","author":[]}},{"title":"The Communication of Musical Expression","author":[{"name":" Kendall R.A."},{"name":" Carterette E.C."}],"host":{"title":"Music Perception","author":[],"volume":"8","pages":{"first":"129","last":"64"}}},{"host":{"title":"Gesticulation and Speech: Two Aspects of the Process","author":[]}},{"title":"Recognising the Sex of a Walker from a Dynamic Point-light Display","author":[{"name":" Kozlowski L.T."},{"name":" Cutting J.E."}],"host":{"title":"Perception and Psychophysics","author":[],"volume":"21","pages":{"first":"575","last":"80"}}},{"host":{"title":"The Art of Movement and Dance","author":[]}},{"host":{"title":"Principles of Dance and Movement Notation","author":[]}},{"title":"Developing Schenkerian Hearing and Performing'","author":[{"name":" Pierce A."}],"host":{"title":"Integral","author":[],"volume":"8","pages":{"first":"51","last":"123"}}},{"title":"Timing in Solo and Duet Piano Performances","author":[{"name":" Shaffer L.H."}],"host":{"title":"Quarterly Journal of Experimental Psychology","author":[],"volume":"36A","pages":{"first":"577","last":"95"}}},{"host":{"title":"Violin Technique and Performance Practice in the Late Eighteenth and Early Nineteenth Centuries","author":[]}},{"title":"A Model of Expressive Timing in Tonal Music","author":[{"name":" Todd N.P."}],"host":{"title":"Music Perception","author":[],"volume":"3","pages":{"first":"33","last":"59"}}},{"title":"On Rates of Improvement with Practice', Journal of Motor","author":[{"name":" Welford A.T."}],"host":{"title":"Behaviour","author":[],"volume":"19","pages":{"first":"401","last":"15"}}}],"genre":["other"],"host":{"title":"Psychology of Music","language":["unknown"],"issn":["0305-7356"],"eissn":["1741-3087"],"publisherId":["POM"],"volume":"35","issue":"3","pages":{"first":"381","last":"401"},"genre":["journal"]},"namedEntities":{"unitex":{"date":["in the 19th century","2007","the 18th and 19th centuries"],"geogName":[],"orgName":[],"orgName_funder":[],"orgName_provider":[],"persName":["R.D. Walk","R. Parncutt","M.R. Key","E. King","R. Cippolla","A. Gritten","Bill Davidson","Robin Bowman","R. Steinberg","G.E. McPherson","H.L. Pick"],"placeName":[],"ref_url":["http://pom.sagepub.com"],"ref_bibl":["Davidson and Correia, 2002","Cutting et al. (1978)","Ellis and Beattie (1986)","Davidson, 2002","1993, 1995","Kendall and Carterette (1990)","Davidson (2002)","Davidson, 1994, 2002","see work by Pierce, 1994","Davidson, 2001, 2006","Bakeman and Gottman, 1986","see Laban, 1960, 1975","Welford (1968)"],"bibl":[]}},"ark":["ark:/67375/M70-M2S7PZTH-8"],"categories":{"wos":["1 - social science","2 - psychology, experimental","2 - psychology, educational","2 - psychology, applied"],"scienceMetrix":["1 - health sciences","2 - psychology & cognitive sciences","3 - experimental psychology"],"scopus":["1 - Social Sciences","2 - Psychology","3 - Psychology (miscellaneous)","1 - Social Sciences","2 - Arts and Humanities","3 - Music"],"inist":["1 - sciences humaines et sociales","2 - prehistoire et protohistoire"]},"publicationDate":"2007","copyrightDate":"2007","enrichments":{"type":["multicat","nb","teeft","unitex"]},"doi":["10.1177/0305735607072652"],"_id":"3D2A7350E9BE623CB47EE2C82DC004CFDE34FBF8"}