{"corpusName":"sage","keywords":{"teeft":["lockhart","york city","schirmer","carl fischer","festival cantata","beethoven minuet","witmark sons","western world","field work","symphonic band","music supervisors journal music supervisors journal","sage publications"]},"author":[{"name":"Lee M. Lockhart"}],"articleId":["10.2307_3384255"],"arkIstex":"ark:/67375/M70-PKMWXFDV-Z","language":["eng"],"originalGenre":["review-article"],"qualityIndicators":{"score":4.239,"pdfWordCount":2227,"pdfCharCount":13239,"pdfVersion":1.4,"pdfPageCount":2,"pdfPageSize":"612 x 900 pts","refBibsNative":false,"abstractWordCount":1,"abstractCharCount":0,"keywordCount":0},"title":"Band","genre":["review-article"],"host":{"title":"Music Educators Journal","language":["unknown"],"issn":["0027-4321"],"eissn":["1945-0087"],"publisherId":["MEJ"],"volume":"19","issue":"5","pages":{"first":"62","last":"66"},"genre":["journal"]},"ark":["ark:/67375/M70-PKMWXFDV-Z"],"publicationDate":"1933","copyrightDate":"1933","enrichments":{"type":["refBibs","teeft"]},"doi":["10.2307/3384255"],"_id":"4ACCF2535C91447C61164FF742F5E720895F9953"}