{"corpusName":"oup","keywords":{"teeft":["sedlak","harmonie","aria","bassoon","contrabassoon","clarinet","oboe","fidelio","artaria","vocal line","wind instrument","second clarinet","transcription","second bassoon","octave","british museum","first bassoon","wind band","first horn","instrumental medium","same pitch","solo line","instrumental line","piano solo arrangement","nineteenth century","plate number","such music","transcription sedlak","second verse","allgemeine musikalische","osterreichische nationalbibliothek","horn part","quaver chord","prince liechtenstein","first indication","vocal part","harmonie transcription","neunstimmige harmonie","transcribing opera","first clarinet","major section","string quartet","violin part","first half","harmonie arrangement"]},"author":[{"name":"ROGER HELLYER"}],"articleId":["LIII.3.242"],"arkIstex":"ark:/67375/HXZ-08JQ4V2B-J","language":["eng"],"originalGenre":["research-article"],"qualityIndicators":{"score":4.762,"pdfWordCount":4712,"pdfCharCount":25387,"pdfVersion":1.3,"pdfPageCount":12,"pdfPageSize":"418 x 690 pts","pdfWordsPerPage":393,"pdfText":true,"refBibsNative":false,"abstractWordCount":0,"abstractCharCount":0,"keywordCount":0},"title":"‘FIDELIO’ FÜR NEUNSTIMMIGE HARMONIE","genre":["research-article"],"host":{"title":"Music and Letters","language":["unknown"],"issn":["0027-4224"],"eissn":["1477-4631"],"publisherId":["musicj"],"volume":"LIII","issue":"3","pages":{"first":"242","last":"253"},"genre":["journal"],"subject":[{"value":"Articles"}]},"namedEntities":{"unitex":{"date":["1814","1780","the nineteenth century","1804","1873","1972","1856"],"geogName":[],"orgName":[],"orgName_funder":[],"orgName_provider":[],"persName":["Johann Wendt","Joseph Triebensee","Alexander Weinmann","Elliot Forbes","Joseph Triibensee","Alois Joseph","S. Durchlaucht","Franz Joseph","Ludwig van Beethoven","Library","Johann Joseph","Kraft","Liechtenstein"],"placeName":["D.C.","MS.","Washington","Lichtenstein","Europe","Vienna"],"ref_url":[],"ref_bibl":["Plate 2359","Plate 2327"],"bibl":[]}},"ark":["ark:/67375/HXZ-08JQ4V2B-J"],"categories":{"wos":[],"scienceMetrix":["1 - arts & humanities","2 - visual & performing arts","3 - music"],"scopus":["1 - Social Sciences","2 - Arts and Humanities","3 - Music"]},"publicationDate":"1972","copyrightDate":"1972","enrichments":{"type":["multicat","refBibs","teeft","unitex"]},"doi":["10.1093/ml/LIII.3.242"],"_id":"EF877DFF830308F069EADC0DD0971E286A8CAF28"}