{"corpusName":"oup","keywords":{"teeft":["liszt","bettina","rellstab","rossini","moscheles","rochlitz","schlosser","trans","sonneck","kerst","tremont","bihler","ignaz","vols","spohr","cramolini","arnim","beethoven","spiker","czerny","quest plot","deafness","first visit","schindler","baden","leben","second visit","erinnerungen","ignaz moscheles","franz liszt","leipzig","goethe bettina","english lady","baron","boucher","bihler bettina","schlesinger","roast veal","richard wagner","communication barrier","late style","prose work","liszt research","third meeting","grand duke","gazette musicale","beethoven essay","several time","meeting beethoven","tremont boucher","first meeting","gain entrance","quest form","beethoven myth","bettina brentano","positive response","hayden white","fortunate one","johann","franz","goethe","friedrich","fifth symphony","alexandre cramolini","english lady liszt","franz moscheles","brother rellstab","ludwig rochlitz","personal acquaintance","friedrich johann","louis spiker","samuel heinrich spohr","elliot forbes","mutual understanding","more likely","anton schindler","century music","historical document","alan walker","first time","pilgrimage story","young turk","indefatigable czerny","jules janin","infant prodigy","beethoven story","french revolution","same time","simple german soul","august gollerich","ludwig","intimacy","hause franz liszt","small room","carl dahlhaus","music history","gentle smile","gloomy feature","hair several time","modern editionsa original source","lina ramann","other hand","ludwig letter","high point","regular young turk","structural study","beethoven forum","teacher czerny","many other people","maurice schlosser","other account","other version","more meeting","nothing better","musical quarterly","neue zeitschrift","historical evidence","anton reicha","coffee house","musical party","internal evidence","john deathridge","mere sight","sixteenth letter","dear friend","einem kind","illustrirtes familienblatt","fursten hermann","ludmilla assing","infinite desire","gustave vallat","alexandre boucher","robbins landon","hermann knispel","frankfurter zeitung","erstes morgenblatt","unusual friendliness","intimate friend","excellent opera buffa","unceremonious reception","separate meeting","lively conversation","great surprise","favorable impression","mary whittall","great genius","deaf master","young stranger","single word","beautiful song","unaccountable reason","disheveled hair","formal word","great pleasure","masterful singer","unbounded veneration","genial work","several meeting","various version","berliner allgemeine musikalische zeitung","obliging manner","music criticism","international conference","royal holloway","conte fantastique","american musicological society","major concerto","meinem leben","scott burnham","joseph campbell","historical event","narrative discourse","music shop","historical fact","visit beethoven","maynard solomon","farewell word","heartfelt thanks","james webster","david gramit","german musical culture","berlin concert life","dorinda outram","jurgen habermas","same society","music letter","johann aloys schlosser","middle period","critical reception","robin wallace","late music","tremont boucher cramolini english lady liszt moscheles rellstab rochlitz rossini schlesinger schlosser spiker spohr","reminiscence","housekeeper","tavern","alexandre","anton"]},"author":[{"name":"K. M. Knittel","affiliations":["The Musicology Faculty at University of Texas at Austin"]}],"arkIstex":"ark:/67375/HXZ-TGP2JV9Q-Z","language":["eng"],"originalGenre":["research-article"],"abstract":"The reminiscences that recount visits to Beethoven have been treated primarily as sources of biographical information, and there has been much scholarly concern regarding their trustworthiness as historical documents. A significant number, however, use a single plot, that of a quest or pilgrimage, indicating that, in all likelihood, most have been shaped and embroidered by their authors. Precisely because they have been ‘fictionalized’, these narratives can provide insight into how and why the Beethoven myth managed to overpower history. The article suggests some reasons why the authors' insistence on—and our acceptance of—Beethoven's inaccessibility might be so seductive.","qualityIndicators":{"score":6.164,"pdfWordCount":18353,"pdfCharCount":101997,"pdfVersion":1.3,"pdfPageCount":36,"pdfPageSize":"479 x 697 pts","pdfWordsPerPage":510,"pdfText":true,"refBibsNative":false,"abstractWordCount":97,"abstractCharCount":681,"keywordCount":0},"title":"Pilgrimages to Beethoven: Reminiscences by His Contemporaries","refBibs":[{"title":"Berlin Concert Life, and German National Identity', 19th Century Music","author":[{"name":"Sanna Pederson"},{"name":"`,A B Marx"}],"publicationDate":"2001","host":{"title":"The Construction of Beethoven', in The Cambridge History of Nineteenth- Century Music","publicationDate":"2001","author":[]}},{"host":{"author":[{"name":"Prose Wagner"},{"name":" Works"}]}},{"host":{"title":"77±100; for an analysis of Wagner's other anti-Semitic writings, see Weiner","author":[{"name":" Ibid"}]}},{"title":"Disease and Representation: Images of Illness from Madness to 158±62; see also Weiner, Richard Wagner, 163, who sees the story asas`multiple negations' of Wagner's experience in Paris, directed not just at Schlesinger","author":[{"name":"See Sander"},{"name":"L Gilman"}],"publicationDate":"1988","host":{"title":"AIDS","publicationDate":"1988","author":[]}},{"host":{"title":"Cultivating Music: The Aspirations, Interests, and Limits of German Musical Culture","publicationDate":"2002","author":[{"name":"David Gramit"}],"pages":{"first":"1770","last":"1848"}}},{"host":{"title":"The Body and the French Revolution: Sex, Class and Political Culture","publicationDate":"1989","author":[{"name":"Dorinda Outram"}],"pages":{"first":"154"}}},{"title":"The Anti-Aesthetic: Essays on Postmodern Culture Habermas discusses Max Weber's ideas more fully in The Theory of Communicative Action, i: Reason and the Rationalization of Society, trans The literature on the topic of modernism is vast; but for discussions relevant to the issues raised here, see e","author":[{"name":"Habermas Juè Rgen"}],"publicationDate":"1972","host":{"title":"3±15 at 9 Thomas McCarthy Frankfurt am Main Dialectic of Enlightenment, trans. John Cumming esp. regarding Odysseus and the Sirens, 32±42; Daniel K. L. Chua, Absolute Music and the Construction of Meaning The Hidden Agenda of Modernity","publicationDate":"1972","author":[]}},{"host":{"author":[{"name":" Habermas"},{"name":" Modernity"}],"pages":{"first":"9"}}},{"host":{"author":[{"name":"Cultivating Gramit"},{"name":" Music"}],"pages":{"first":"20"}}},{"title":"Die Kunst des Vortrags, Supplement (oder 4ter Theil) zur grossen Pianoforte-Schule","author":[{"name":"Carl Czerny"}],"host":{"title":"Op","author":[],"volume":"500","pages":{"first":"33"}}},{"host":{"title":"Contrapunkte und in der Compositions-Lehre (Vienna, 1832), cited in Thayer's Life of Beethoven, rev","author":[{"name":"Ignaz Ritter Von Seyfried"},{"name":" Ludwig Van Beethovens Studien Im Generalbasse"}],"pages":{"first":"207"}}},{"author":[],"publicationDate":"1827","host":{"title":"The Critical Reception of Beethoven's Compositions by his German Contemporaries i. 99 (orig. in Allgemeine musikalische Zeitung","publicationDate":"1827","author":[],"pages":{"first":"29"}}},{"author":[{"name":" Senner"}],"publicationDate":"1827-06","host":{"title":"Critical Reception, 138 (orig. Berliner allgemeine musikalische Zeitung","publicationDate":"1827-06","author":[],"pages":{"first":"186","last":"7"}}},{"author":[{"name":"E,T A Hoffmann"}],"publicationDate":"1971","host":{"title":"Review of the Fifth Symphony]', in Beethoven: Symphony no. 5 in C Minor","publicationDate":"1971","author":[],"pages":{"first":"153"}}},{"title":"Beethoven: The First Biography","author":[{"name":"Johann,Aloys Schlosser"}],"publicationDate":"1996","host":{"title":"152±3; translation emended","publicationDate":"1996","author":[]}},{"host":{"author":[{"name":"`,A B Pederson"},{"name":" Marx"}]}},{"author":[{"name":" Hoffmann"}],"host":{"title":"Norton Score","author":[],"pages":{"first":"163"}}},{"host":{"title":"Prose Works, ii. 71 and My Life, trans","publicationDate":"1983","author":[{"name":" Wagner"}],"pages":{"first":"503"}}},{"title":"Imitation, Individuality, Illness: Behind Beethoven's Three Styles'","author":[{"name":"K,M Knittel"}],"publicationDate":"1995","host":{"title":"Beethoven Forum","publicationDate":"1995","author":[],"volume":"4","pages":{"first":"17"}}},{"host":{"title":"reception during his own lifetime was nowhere near as bleak as we might like to think: Beethoven's Critics: Aesthetic Dilemmas and Resolutions during the Composer's Lifetime (Cambridge, 1986) On the idea of universality in Beethoven's late music, see Scott Burnham It is interesting to note that the traditional story regarding the elevation of the late style is similar to a quest plot: the works, written before their time, demanded extensive study before they were revealed to be works of genius; see mymy`Wagner, Deafness, and the Reception of Beethoven's Late Style","publicationDate":"1995","author":[],"pages":{"first":"51","last":"49"}}},{"author":[],"host":{"title":"See Keiler","author":[]}},{"host":{"author":[{"name":"Prose Wagner"},{"name":" Works"}],"pages":{"first":"46","last":"65"}}},{"title":"typescript; I should like to thank Professor Deathridge for providing me with a copy and for his helpful comments and suggestions. On Wagner's `relationship' to Beethoven","author":[{"name":"John Deathridge"}],"publicationDate":"2000-07","host":{"title":"part of thèBeethoven's Influence' session at the International Conference on 19th Century Music","publicationDate":"2000-07","author":[]}},{"author":[{"name":"Peter Palmer"},{"name":"Thomas,S Cambridge"},{"name":" Grey"}],"publicationDate":"1995","host":{"title":"Wagner's Musical Prose: Texts and Contexts","publicationDate":"1995","author":[],"pages":{"first":"51","last":"129"}}},{"host":{"title":"Content of the Form, pp. ix and xi. 43 APPENDIX 1 Visits to Beethoven: Sources Author and date of visit Date written Modern editions a Original source and comments Arnim 144±50 Sonneck, 79±82 Goethe's Briefwechsel mit einem Kind, 3 vols","publicationDate":"1810","author":[{"name":"Tropics White"},{"name":" Discourse"}]}},{"title":"142±4 Sonneck, 76±9 76±9`Beethoven undund`` das Kind","author":[{"name":"Bettina,Von Arnim"}],"publicationDate":"1810","host":{"title":"Gartenlaube: Illustrirtes Familienblatt","publicationDate":"1810","author":[],"pages":{"first":"314","last":"15"}}},{"title":"Berne, 1971; repr. from the orig. Hamburg , 1873 and Berlin, 1874±6 edns.), i. 90±4. Correspondence from 1832, letter not datedThe Baron de TreÂ mont: Souvenirs of Beethoven and Other Contemporaries', trans","author":[{"name":"Bettina,Von Arnim"}],"publicationDate":"1906","host":{"title":"Ludmilla Assing, 9 vols. 393±8; J.- G. Prod'homme","publicationDate":"1906","author":[],"pages":{"first":"374","last":"8"}}},{"host":{"title":"de múurs et d'art musical: sur la fin du XVIII e sieÁ cle et la premieÁ re moitieÂ du XIX e sieÁ cle (Alexandre Boucher et son temps) (Paris, 1890), 186±9; based on MSS and letters of Boucher","author":[{"name":"Alexandre Boucher"}]}},{"title":"Excerpts published in H. C. Robbins Landon, Beethoven: His Life The Life of Beethoven, trans","author":[{"name":"Ludwig Cramolini"}],"publicationDate":"1825","host":{"title":"Frankfurter Zeitung Erstes Morgenblatt), 1±2. (NB: 6 editions published on 29 Sept 366±8. Letter from an English 222±3","publicationDate":"1825","author":[],"pages":{"first":"1823"}}},{"title":"197±204; Schindler , Beethoven in Paris (MuÈ nster, 1842), 71±4; Johann Christern, Franz Liszt The Life of Beethoven, trans. of 1st edn. by Ignaz Moscheles (London, 1841), i. pp. ix±xiv; ii","author":[{"name":"Ii Kerst"},{"name":" 57±8"},{"name":" Sonneck"},{"name":"Ilka 162±3"},{"name":"` Im Hause Franz Liszts Ludwig Horowitz-Barnay"},{"name":"Franz,Liszt Rellstab"},{"name":" Kalischer"},{"name":"Neue Ramann"},{"name":" Zeitschrift Fuè R Musik"}],"publicationDate":"1835","host":{"title":"76±84. Other versions of Liszt's meeting with Beethoven 61±2; exchange between 315±17. Additional material from Aus Moscheles' Leben 115±42 Sonneck, 176±91 L. Rellstab, Aus meinem Leben, 2 vols","publicationDate":"1835","author":[],"pages":{"first":"43","last":"47"}}},{"title":"178±9); however, Rossini insisted to politest manner imaginable because he had not sent out his housekeeper, and no one had been in attendance to announce me . . . and then first asking me what I wished' Spiker Spiker`Beethoven received us very amiably.' Spohr Spohr`with an unusual friendliness of manner' `Beethoven became very chatty, which much surprised the company' 8. expresses feelings to beethoven Bettina to Bihler Bihler`Bihler`` ` Well, why should I playBecause I would like to fill my life with all that is most wonderful, and because your playing will be an epoch in my lifeHe then looked at me triumphantly ; he saw that my cheeks and eyes were glowingThe violinist, in his admiration, asked [Beethoven] permission to take a lock of his hair, and then beseeched him to write a few lines of music on a piece of paper, which he handed to him.' Cramolini Sings Adelaide, `with which I actually made my initial reputation as a singer'. `Then Nanny sang Leonore's aria from Fidelio' English lady lady`I ventured to express my admiration of his compositions, and, among others, praised hishis`` Adelaide '' in terms by no means too strong for my sense of its beauties. He very modestly remarked that the poetry was beautiful.' Liszt Liszt`Liszt`` ` May I play something of yours now?'' ' Rellstab 1. Beethoven likes poems","author":[{"name":"Gioachino Rossini"},{"name":"116±20,E Sonneck"},{"name":" Michotte"}],"publicationDate":"1860","host":{"title":"ii","publicationDate":"1860","author":[]}},{"host":{"title":"Rochlitz First visit: `and thus out of the fullness of my heart conveyed to him my gratitude for his works and all they meant to me and would mean to me while life endured.' Second visit: `I answered in the affirmative by signs, drank to his health and asked him to pledge me.' RossiniRossinìI told him of all my admiration for his genius, all my gratitude for his having allowed me an opportunity to express it to him.' SchloÈ sser sser`so I explained the unbounded veneration accorded his genial works, with what enthusiasm they were heard, and what an influence the perfection of his intellectual creations had exercised on the cultural level of the day' 9. proof of intimacy Bettina to GoetheGoethèAfter dinner, without being asked, he sat down at the instrument and played long and marvelously.' Bettina to Bihler Bihler`He assured me that he would try to deserve this praise, seated himself beside the piano . . . Suddenly his surroundings were completely forgotten, and his soul expanded in a universal sea of harmony","author":[]}}],"genre":["research-article"],"host":{"title":"Music and Letters","language":["unknown"],"issn":["0027-4224"],"eissn":["1477-4631"],"publisherId":["musicj"],"volume":"84","issue":"1","pages":{"first":"19","last":"54"},"genre":["journal"]},"namedEntities":{"unitex":{"date":["1814","1832","the nineteenth century","1884","1873","1822","1809","1840","1805","1885","2003","1823","1870","19th Century","1835","1875"],"geogName":[],"orgName":["Liszt Research and Walker","American Musicological Society","American Musicological Society, Atlanta, Georgia","University of London","German National Identity"],"orgName_funder":[],"orgName_provider":[],"persName":["Thomas S. Grey","Ludwig Cramolini","Max Weber","Robin Wallace","I. Frantz","Deathridge","Hayden White","Hermann von Puckler","Alfred Christlieb","German Essays","Wagner","Anton Schindler","Michael Gilbert","Alessandra Comini","Franz Liszt","German Contemporaries","Robert Pick","M. Boucher","Tobias Haslinger","Henry Kozicki","Franz Schubert","Emanuel Bach","Otto Kurz","Edith Waldstein","W. J. T. Mitchell","Sarah Burney","Joseph Campbell","Lina Ramann","James Webster","Andrew Gray","Vladimir Propp","Receives","Even Beethoven","Elliot Forbes","A. B. Marx","Czerny","Ludwig Letter","Louis Schlosser","Robinson Crusoe","Anton Bihler","G. Prod","Bettina von Arnim","Richard Wagner","Jim Samson","Hal Foster","Scott Burnham","Robert H. Canary","Klaus Kropfinger","Claire Jacobson","Louis A. Wagner","Brooke Grundfest","Emily Anderson","Theodor W. Adorno","Alexandre Cramolini","Carl Friedrich","Adrian Williams","J. B. Robinson","Albert Leitzmann","G. Pauly","Bernhard Marx","Peter Brooks","Schlesinger","Moscheles","Anton Reicha","Ludwig van Beethovens","E. Michotte","Jacques Le Goff","Edmond Michotte","Hermann Knispel","Cramolini","Maurice Schlesinger","Maurice Schlosser","Bettina","Louis O. Mink","Richard Fleischer","Ferdinand Hiller","K. M. Knittel","Giuseppe Carpani","Louis Spohr","K. L. Chua","Walter Kolneder","Franz Moscheles","Stephen Toulmin","Gustave Vallat","Max Horkheimer","Jules Janin","Professor Deathridge","Marc A. Weiner","Baron","Bettina Brentano","Jules Michelet","Wayne M. Senner","E. T. A. Hoffmann","Katharine Ellis","Please","Franz Liszts","Thomas McCarthy","Kevin Kopelson","Dagmar Beck","An Outline","Felix Schindler","Theodore Albrecht","Laurence Scott","Concerto","Rossini","Ludwig van Beethoven","To","A. Goldhammer","David Luke","Mary Whittall","William Meredith","Samuel Heinrich","Theodore Baker","Ernst Kris","John Deathridge","White","Friedrich Johann","German Library","August Gollerich","Spohr","Friedrich Kerst","Hoffmann","Dorinda Outram","Barry Cooper","Seyfried","Alan Walker","Ludwig Rellstab","Peter Palmer","Mark Evan","My Life","Allan Keiler","Lady Liszt","Anton von Turckheim","David Gramit","Eduard Hanslick","Johann Christern","Johann Aloys","John Cumming","Phyllis Benjamin","Sander L. Gilman","G. Sonneck","Lewis Lockwood","Jurgen Habermas","Ilka Horowitz-Barnay","Hermann von Puckler-Muskau","Date","Spiker"],"placeName":["Leipzig","Mass.","Bradford","Paris","Columbia","Leopoldstadt","Darmstadt","Portland","SC","Europe","Vienna","Frankfurt","York","Croatia","Cambridge","Italy","Port Townsend"],"ref_url":[],"ref_bibl":["Hamburg and Leipzig, 1841","Leipzig, 1872","Chicago, 1980","Cambridge, 1991","Baltimore, 1978","London, 1970","Munster, 1842","Paris, 1890","Chicago, 1968","[1810]","Brussels, 1839","New York, 1987","Princeton, 1957","Berlin, 1835","London, 1865","Stanford, 1996","New Haven, 1979","Berlin, 1857","Vienna, 1832","Munich, 1911","Cambridge, 1995","[1875]","November and December 1840","Berkeley and Los Angeles, 1989","[1]","Princeton, 1995","Paris 1860 (Paris, 1906)","New Haven, 1989","Berkeley and Los Angeles, 2002","New York, 1963","Cambridge, 1983","Baltimore, 1987","London, 1841","Vienna, 1870","Stuttgart, 1913","Kassel and Gottingen, 1860","Oxford, 1998","Berlin, 1861","Strasburg, 1968","Brussls, 1839","Cambridge, 1999","Cambridge, 2001","New York, 1990","Berlin, 1908","Leipzig, 1868","Senner et al.","London, 1966","Leipzig, 1983","Oxford, 1991","New York, 1972","Chicago, 1981","Leipzig, 1921","London and New York, 1961","Norton Critical Score; New York, 1971","Munster, 1860","Cambridge, 1986","Berlin, 1842","New York and London, 1983","Baltimore, 1973"],"bibl":[]}},"ark":["ark:/67375/HXZ-TGP2JV9Q-Z"],"categories":{"wos":[],"scienceMetrix":["1 - arts & humanities","2 - visual & performing arts","3 - music"],"scopus":["1 - Social Sciences","2 - Arts and Humanities","3 - Music"],"inist":["1 - sciences humaines et sociales","2 - philosophie"]},"publicationDate":"2003","copyrightDate":"2003","enrichments":{"type":["multicat","nb","refBibs","teeft","unitex"]},"doi":["10.1093/ml/84.1.19"],"_id":"6F96A8E9BFD2A5BE79637D700586094D020C575F"}