{"corpusName":"sage","keywords":{"teeft":["oboe","psychological principles","fourth movement","octave displacement","french horns","pensioner","octave","gothic cathedral","arts approaches","time strictures","music classes","general music teachers","music education","less time","nonvalid processes","significant time","musical understandings","visitingassociate professorof music","arts courses","justifiable considerations","secondary schools","study music","separate subject","course content","further exploration","such courses","music appreciation","arts course","elementary level","general music class","limited time","musical concept","different contexts","important aspects","dual problems","same time","many facets","basic principles","aesthetic bases","abraham schwadron","exhaustive list","psychological conditions","thetic education","lesser extent","single definition","reason repetition","common principle","different ways","view repetition","musical composition","ongoing question","tension aspects","arch structure","general music educa","lateral thrust","support system","perfect balance","release commonalities","gothic church","introduction musicand","westernworldby milo woldand","seventh edition","repri nted","common properties","william butler","music educators","further substance","human qualities","intervallic relationships","maurice ravel","mountain king","last measure","time transfigured","crazy rascals rage","human tyranny","william butler yeats","macmillan london","anne yeats","favorite example","aesthetic qualities","vivace alla marcia","orchestral support","sociological approach","particular aspect","greater tension","previous measures","thematic emphasis","melodic line","nonartistic ends","suspension time","horns echo","quieter oboes","third time","last attempt","forte orchestra","clear understanding","characteristic elements","music educator","more activity","less activity","thick texture","dramatic tension","knowledgeable music educator","false statements","extrinsic outcomes","school curriculum"]},"author":[{"name":"Michon Rozmajzl R.S.M.","affiliations":["Visiting associate professor of music at the University of Cincinnati."]}],"articleId":["10.2307_3400521"],"arkIstex":"ark:/67375/M70-21660NMK-L","language":["eng"],"originalGenre":["research-article"],"qualityIndicators":{"score":3.353,"pdfWordCount":1341,"pdfCharCount":8426,"pdfVersion":1.6,"pdfPageCount":4,"pdfPageSize":"594 x 879 pts","refBibsNative":false,"abstractWordCount":1,"abstractCharCount":0,"keywordCount":0},"title":"Relating the Arts: Vive Les Differences!","genre":["research-article"],"host":{"title":"Music Educators Journal","language":["unknown"],"issn":["0027-4321"],"eissn":["1945-0087"],"publisherId":["MEJ"],"volume":"72","issue":"4","pages":{"first":"46","last":"49"},"genre":["journal"]},"namedEntities":{"unitex":{"date":["1973","1985"],"geogName":[],"orgName":["Macmillan London Ltd.","Watt Ltd."],"orgName_funder":[],"orgName_provider":[],"persName":["An Introduction","W.B. Yeats","Ludwig van Beethoven","Maurice Ravel","William C. Brown","Edvard Grieg"],"placeName":[],"ref_url":[],"ref_bibl":[],"bibl":[]}},"ark":["ark:/67375/M70-21660NMK-L"],"publicationDate":"1985","copyrightDate":"1985","enrichments":{"type":["refBibs","teeft","unitex"]},"doi":["10.2307/3400521"],"_id":"2567E29CC7B0553F61E47FED1AC7A0A4282DF546"}