{"corpusName":"oup","keywords":{"teeft":["birth year","december","leipzig","baptismal certificate","biographical notice","year younger","baptismal","musical quarterly","johann","ludwig","bonn period","first publication","ferdinand ries","same people","eleventh year","first work","deliberate falsification","theodor frimmel","electoral sonata","herr neefe","early biographical notice","thirteenth year","birth date","consistent pattern","other document","ludwig maria","many year","beethoven leben","beethoven"]},"author":[{"name":"MAYNARD SOLOMON"}],"articleId":["LVI.4.702"],"arkIstex":"ark:/67375/HXZ-H6K1QXZ6-F","language":["eng"],"originalGenre":["research-article"],"qualityIndicators":{"score":3.986,"pdfWordCount":3936,"pdfCharCount":19924,"pdfVersion":1.3,"pdfPageCount":9,"pdfPageSize":"442 x 681 pts","pdfWordsPerPage":437,"pdfText":true,"refBibsNative":false,"abstractWordCount":0,"abstractCharCount":0,"keywordCount":0},"title":"BEETHOVEN'S BIRTH YEAR","refBibs":[{"host":{"title":"Miss Anderson makes the same errorHe was then 13\" (Anderson, III, 1410, note 3) at does Bttthoven's Letters, trans) and numerous others. Schiedennair (pp. 130-31) makes many errors in both directions: he refers to the concert of March, 1778, as having been given when Beethoven was eight, to the dedication to the elector as diminishing Beethoven's age by two years, and to Neefe's biographical notice of 1783 as giving the \"age of the boy as two years younger,\" when in fact all of these assertions are incorrect","publicationDate":"1909","author":[{"name":"J S Shedlock"}],"pages":{"first":"493"}}},{"title":"Stand und Aufgaben der Beethoven-Genealogie","author":[{"name":"Joseph Schmidt-Gorg"}],"publicationDate":"1937","host":{"title":"Beethoven und die Gegenwart","publicationDate":"1937","author":[],"pages":{"first":"61","last":"306"}}},{"host":{"author":[{"name":"Gustav Nottebohm"},{"name":"Thematisches Verzeichniss"},{"name":" Ludwig Van Beethoven"}],"pages":{"first":"149"}}}],"genre":["research-article"],"host":{"title":"The Musical Quarterly","language":["unknown"],"issn":["0027-4631"],"eissn":["1741-8399"],"publisherId":["musqtl"],"volume":"LVI","issue":"4","pages":{"first":"702","last":"710"},"genre":["journal"],"subject":[{"value":"Articles"}]},"namedEntities":{"unitex":{"date":["1772","1799","1788","1970","1784","1773","1780","705","1785","1774","1800","1782","1771","1770 or 1771","1868","703","1806","1783"],"geogName":[],"orgName":[],"orgName_funder":[],"orgName_provider":[],"persName":["Ludwig Nohl","Anton Schindler","KalischerShedlock","Caspar Carl","Joseph Schmidt-Gorg","J. S. Shedlock","O. G. Sonneck","Emerich Kaitner","Ludwig Schiedermair","Elliot Forbes","Anton Bihler","G. Prod","Amadeus Mozart","Theodor Frimmel","Maximilian Friedrich","Emily Anderson","Arnold Schmitz","Albert Leitzmann","Willy Hess","Henry E. Krehbiel","Louis van Beethoven","Ludwig Nuhl","Anderson","Donald W. MacArdle","Ernst Ludwig","The","Walter Riezler","Johann van Beethoven","Gustav Nottebohm","Christian Miiller","Ludwig Maria","Franz Wegeler","Beethoven","Bettina Brentano","A. C. Kalischer","Ludwig van Btethovtn","Ludwig van Beethoven","Sebastian Bach","Ludwig Junker","Alexander Wheelock","Ferdinand Ries","Franz Gerhard","Karl van Beethoven","Christian Gottlob","Musical","Hermann Deiters","Ludwig van Bttthovens","Ludwig van Bitthovm","Thayer","Kinsky","Georg Kinsky"],"placeName":["Leipzig","Coblenz","Paris","Munich","Bonn","Mannheim","KasseL","Cologne","Vienna","Heiligenstadt"],"ref_url":[],"ref_bibl":["New York, 1926","Zurich, 1956","Paris, 1927","Leipzig, 1790","Coblenz, 1838","Leipzig, 1925","Aoo«n nach den Schildtrungtn stinrr Zntgtnossm (Stuttgart, 1877","Vienna, 1871","Munich and Leipzig, 1909","Leipzig, 1901","December, 1772","Berlin, 1937","who died on December 24, 1773","London, 1961","Leipzig, 1868","December, 1771","Bonn, 1964","December, 1770","New York, 1921"],"bibl":[]}},"ark":["ark:/67375/HXZ-H6K1QXZ6-F"],"categories":{"wos":[],"scienceMetrix":["1 - arts & humanities","2 - visual & performing arts","3 - music"],"scopus":["1 - Social Sciences","2 - Arts and Humanities","3 - Music"]},"publicationDate":"1970","copyrightDate":"1970","enrichments":{"type":["multicat","refBibs","teeft","unitex"]},"doi":["10.1093/mq/LVI.4.702"],"_id":"05E27444CB86B41042777B501B847D64145981A9"}