{"corpusName":"oup","author":[{"name":"Irene Calagna"}],"articleId":["XXVII.1.158"],"arkIstex":"ark:/67375/HXZ-ZH7V02QH-L","language":["eng"],"originalGenre":["other"],"qualityIndicators":{"score":2.855,"pdfWordCount":1472,"pdfCharCount":7171,"pdfVersion":1.5,"pdfPageCount":3,"pdfPageSize":"523 x 686 pts","pdfWordsPerPage":491,"pdfText":true,"refBibsNative":false,"abstractWordCount":0,"abstractCharCount":0,"keywordCount":0},"title":"The Centro di Musica Antica 'Pietà dei Turchini', Naples","genre":["other"],"host":{"title":"Early Music","language":["unknown"],"issn":["0306-1078"],"eissn":["1741-7260"],"publisherId":["earlyj"],"volume":"XXVII","issue":"1","pages":{"first":"158","last":"160"},"genre":["journal"],"subject":[{"value":"REPORTS"}]},"namedEntities":{"unitex":{"date":["1997","1704","1670","18th century","in the 17th century","1624","1999","1589","the 19th century","since the 19th century","1626","in the 18th century"],"geogName":[],"orgName":["University of Lonture","Germany and Spain"],"orgName_funder":[],"orgName_provider":[],"persName":["Romain Rolland","Irene Calagna","Henry Purcell","Perseverance","Francesco Degrada","Renato","Provenzale","Beethoven","Francesco Provenzale","Divine Love","Giuseppe Castaldo","Antonio Flono"],"placeName":["Naples","Santa Caterina","Palermo","Versailles","Europe","Lisbon","Bari","Italy","Vinci"],"ref_url":["http://wviw.phillips-auctions.com"],"ref_bibl":["November 1997","Naples, 1739","Naples, 1722","Naples, 1985"],"bibl":[]}},"ark":["ark:/67375/HXZ-ZH7V02QH-L"],"categories":{"wos":[],"scienceMetrix":["1 - arts & humanities","2 - visual & performing arts","3 - music"],"scopus":["1 - Social Sciences","2 - Arts and Humanities","3 - Music"]},"publicationDate":"1999","copyrightDate":"1999","enrichments":{"type":["multicat","refBibs","unitex"]},"doi":["10.1093/earlyj/XXVII.1.158"],"_id":"1C632E732C2322623F840457730F1B8B010C3037"}