{"corpusName":"cambridge","author":[{"name":"Misha Donat"}],"articleId":["05649"],"arkIstex":"ark:/67375/6GQ-LQ5ZS98N-H","language":["eng"],"originalGenre":["research-article"],"abstract":"The term ‘Second Viennese School’ arose as a convenient way of collectively referring to Schoenberg, Berg and Webern. It was at once adopted by writers on the music of these three composers, and is still widely current. In fact, it is only recently that the concept of a second Viennese school has been questioned: if there is such a ‘School’, where is its predecessor? Certainly, Mozart and Haydn became friends—they played in quartets together—and when two such geniuses meet, an interchange of ideas is inevitable. But both Mozart and Haydn were mature composers at the time of their first meeting, and there's no question of a master-pupil relationship between them. Beethoven did, it is true, take a few composition lessons from Haydn; but these were highly unsatisfactory to both teacher and student, and in fact nothing that Beethoven learnt from Haydn came from their meetings. As for Schubert, he was too shy ever to approach Beethoven.","qualityIndicators":{"score":6.183,"pdfWordCount":2311,"pdfCharCount":12525,"pdfVersion":1.6,"pdfPageCount":6,"pdfPageSize":"498.96 x 720 pts","refBibsNative":false,"abstractWordCount":156,"abstractCharCount":945,"keywordCount":0},"title":"Second Viennese School?","pii":["S0040298200056497"],"genre":["research-article"],"host":{"title":"Tempo","language":["unknown"],"issn":["0040-2982"],"eissn":["1478-2286"],"publisherId":["TEM"],"issue":"99","pages":{"first":"8","last":"13","total":"6"},"genre":["journal"]},"ark":["ark:/67375/6GQ-LQ5ZS98N-H"],"categories":{"wos":[],"scienceMetrix":[],"scopus":["1 - Social Sciences","2 - Arts and Humanities","3 - Music"],"inist":["1 - sciences humaines et sociales","2 - philosophie"]},"publicationDate":"1972","copyrightDate":"1972","enrichments":{"type":["multicat","nb","refBibs"]},"doi":["10.1017/S0040298200056497"],"_id":"9E064F297CEDC79B7F6C1B57C58E5A4360E5F136"}