{"corpusName":"oup","keywords":{"teeft":["dahlhaus","coda","first movement","composer index","mary whittall","major work","plate number","fine distinction","personal style","rhythmic surprise","different part","church music","general literature","rita benton","similar fate","ward jones ludwig","corresponding entry","carl dahlhaus","other curiosity","clarendon press","seine zeit","english title","much more accurate indication","horn sonata","short chapter","larger heading such","sonata form","preliminary chronology","abundant internal evidence","real coherence","certain admission","many possible line","fruitful one","discernible pattern","pauline duchambge song","large area","prose style","redundant phrase","aesthetic object","sentence construction","little more","much more","many such sentence","idea more","little significance","such material","understanding meaning","translation conciseness","more obscure word","philosophical writing","author summons support","plate number index","present time","common construction","formal analysis","occasional flaw","beethoven individuality","specific formal concept","essential element","composer franz grast","formal idea","prominent detail","comtesse athenais","harmonic feature","initial premiss","glib statement","essential feature","development section","dramatic nature","instrumental music","outstanding characteristic","complex reasoning evident","musical history","eighteenth century","sonata rondo","true sonata form","pixis opus number higher","baroque concerto form","musical form","chronology fare","other reason","strange mixture","precise date","first public concert","approximate date","american declaration","baptismal date","spurious anecdote","heroic style","important event","publishing contract","triple concerto","occasional misdating","day early","other detail","kontg stephan","essential background reading","dahlhaus display knowledge","wide range","entry plate number","more recent beethoven literature","anton statement","insufficient caution","writer such","hugo riemann","arnold schmitz","more recent one","bibliography date","conversation book","immortal beloved","whole chapter","louis schlosser","present precise word","many fruitful","extant sketch","more time","necessary preparation","many virtue","significant conclusion","future scholar","baroque rhetoric","unexpected illumination","chromatic tetrachord","traditional lamento bass","sonata movement","rhetorical purpose","thematic substance","slow introduction","rhetorical device","programmatic line","different element","place such","slow movement","minor variation","different type","great freedom","large number","short theme","dramatic element","contemporary theory","apparent inconsistency","dramatic style","outstanding chapter","little investigation","missa solemnis","bibliographical publication","much motivic","submotivic abstract pitch","pitch combination","various guise","several other late beethoven work","subthematic connection","local level","finale fugue subject","other notable chapter","motivic relationship","late work","perceptive caption","concise description","critical assessment","great benefit","reader unfamiliar","oxford university press","english dictionary","concise dahlhaus approach","best section","barry cooper carl maria","henderson alice","garland composer resource manual","york london","garland research guide","eastern europe","many acknowledgement","german democratic republic","scholarly resource","item judicious","unpublished material such","typescript transcription","illegible handwriting","important manuscript material","considerable holding","deutsche staatsbibliothek","sachsische landesbibliothek","dresden house","substantial amount","manuscript material","more inaccuracy","mein vielgeliebte","anthony burgess","rechristened andrew burgess","english translation","title musical journey","louis autobiography","musical journey","louis spohr","such error","many more such misleading entry","convenient source","allgemeine musikalische zeitung"]},"author":[{"name":"BARRY COOPER"}],"articleId":["73.3.463"],"arkIstex":"ark:/67375/HXZ-PH3813R6-4","language":["eng"],"originalGenre":["book-review"],"qualityIndicators":{"score":2.233,"pdfWordCount":2183,"pdfCharCount":12868,"pdfVersion":1.2,"pdfPageCount":3,"pdfPageSize":"457 x 706 pts","pdfWordsPerPage":728,"pdfText":true,"refBibsNative":false,"abstractWordCount":0,"abstractCharCount":0,"keywordCount":0},"title":"REVIEWS OF BOOKS","genre":["book-reviews"],"host":{"title":"Music and Letters","language":["unknown"],"issn":["0027-4224"],"eissn":["1477-4631"],"publisherId":["musicj"],"volume":"73","issue":"3","pages":{"first":"463","last":"465"},"genre":["journal"],"subject":[{"value":"REVIEWS OF BOOKS"}]},"namedEntities":{"unitex":{"date":["4 and 5-12","1992","1807","1865","1971","1987","1822","1990","the eighteenth century"],"geogName":[],"orgName":["Oxford University"],"orgName_funder":[],"orgName_provider":[],"persName":["Anton Schindler","Carl Maria","Donald G. Henderson","A. B. Marx","Louis Schlosser","Arnold Schmitz","Rita Benton","Louis Spohr","Alice H. Henderson","E. T. A. Hoffmann","Andrew Burgess","Carl Dahlhaus","Ludwig van Beethoven","Anthony Burgess","Mary Whittall","Hugo Riemann","Wilhelm von Humboldt","Henry Pleasants"],"placeName":["Dresden","German Democratic Republic","Europe"],"ref_url":[],"ref_bibl":[],"bibl":[]}},"ark":["ark:/67375/HXZ-PH3813R6-4"],"categories":{"wos":[],"scienceMetrix":["1 - arts & humanities","2 - visual & performing arts","3 - music"],"scopus":["1 - Social Sciences","2 - Arts and Humanities","3 - Music"]},"publicationDate":"1992","copyrightDate":"1992","enrichments":{"type":["multicat","refBibs","teeft","unitex"]},"doi":["10.1093/ml/73.3.463"],"_id":"7F5E9C7783650A6AB22D12D6CAFF40532229A05B"}