{"corpusName":"oup","keywords":{"teeft":["gardiner","dobbeler","bowater","october","leicester","holograph","vienne","envoi","deiters","hamburg","washington holograph","elector","general flight","last movement","thematic material","william gardiner","string trio","bonn","first performance","third volume","franz","abbe","trio","violin trio","abbe dobler","dalby hall","aloys fuchs","final version","other work","single exception","american edition","abbe dobbeler","abbe clemens dobbeler","elector palatine","abb6 dobler","grand trio","allgemeine deutsche biographie","english lady","musical quarterly","bonn composition","bonn version","mancherlei abweichungen","different year"]},"author":[{"name":"CARL ENGEL"}],"articleId":["XIII.2.261"],"arkIstex":"ark:/67375/HXZ-ZD7TPK1V-N","language":["eng"],"originalGenre":["research-article"],"qualityIndicators":{"score":5.05,"pdfWordCount":7124,"pdfCharCount":38386,"pdfVersion":1.3,"pdfPageCount":19,"pdfPageSize":"451 x 674 pts","pdfWordsPerPage":375,"pdfText":true,"refBibsNative":false,"abstractWordCount":0,"abstractCharCount":0,"keywordCount":0},"title":"BEETHOVEN'S OPUS 3 AN “ENVOI DE VIENNE”?","refBibs":[],"genre":["research-article"],"host":{"title":"The Musical Quarterly","language":["unknown"],"issn":["0027-4631"],"eissn":["1741-8399"],"publisherId":["musqtl"],"volume":"XIII","issue":"2","pages":{"first":"261","last":"279"},"genre":["journal"],"subject":[{"value":"Articles"}]},"namedEntities":{"unitex":{"date":["1853","1923","October or November of 1794","1858","1820","1917","1795","1803","1888","1918","1796","1866","1792","1838","1797","1793","179","1798","1927","1794"],"geogName":["Meuse","Rhine","San","Ill"],"orgName":["Belgium and Holland","Germany the Abbe","Congress"],"orgName_funder":[],"orgName_provider":[],"persName":["Thomas-San-Galli","Jacques Rosenthal","Orlando A. Mansfield","Wilhelm Altmann","Max Franz","Mansfield","Lady Bowater","William Gardiner","Joseph Haydn","Herman Hliffer","Louis van Beethoven","Bo","Deiters","M. Prod","The","Hiersemann","Beethoven","Karl W. Hiersemann","Had Dobbeler","Schuppanzigh","Hans Gal","Gardiner","Valentine","Gustav Ernest","Bowater","Aloys Fuchs","M. J. G. Prod","Thayer","Frances Bowater","Lady Radnor"],"placeName":["Leipzig","Switzerland","Germany","United States","Munich","Bonn","Hamburgh","Hamburg","London","Vienna","Dllsseldorf","Lugano","Leicestershire","France","Leicester","England","Auch"],"ref_url":[],"ref_bibl":["January, 1794","February, 1797","Bonn, 1911","[1794]","Paris, 1796","October, 1794","April and May, 1796","October, 1917","Leipzig, 1885","November 1792","October 1794"],"bibl":[]}},"ark":["ark:/67375/HXZ-ZD7TPK1V-N"],"categories":{"wos":[],"scienceMetrix":["1 - arts & humanities","2 - visual & performing arts","3 - music"],"scopus":["1 - Social Sciences","2 - Arts and Humanities","3 - Music"]},"publicationDate":"1927","copyrightDate":"1927","enrichments":{"type":["multicat","refBibs","teeft","unitex"]},"doi":["10.1093/mq/XIII.2.261"],"_id":"8F7428DD4281B75B8359E91D5E8DE3A2952313E5"}