{"corpusName":"oup","keywords":{"teeft":["landrecht","schindler","kapellmeister","nobility pretense","nohl","maynard solomon","leipzig","ibid","nobility","musical quarterly","noble birth","beethoven","friedrich wilhelm","beethoven leben","family romance","conversation book","imperial court","hereditary nobility","imperial post","royal order","maynard","great lord","dutch particle","chief kapellmeister","little word","viennese society","archduke rudolph","prince lobkowitz","imperial kapellmeister","prince hatzfeld","ferdinand ries","royal imperial kapellmeister","noble origin","in belief","ninth symphony","musical soiree","highest nobility","seine zeitgenossen","cheap ring","solomon","ludwig","pretense"]},"author":[{"name":"Maynard Solomon"}],"articleId":["75.4.207"],"arkIstex":"ark:/67375/HXZ-6GHR77R9-R","language":["eng"],"originalGenre":["research-article"],"qualityIndicators":{"score":5.05,"pdfWordCount":7046,"pdfCharCount":38632,"pdfVersion":1.3,"pdfPageCount":18,"pdfPageSize":"464 x 706 pts","pdfWordsPerPage":391,"pdfText":true,"refBibsNative":false,"abstractWordCount":0,"abstractCharCount":0,"keywordCount":0},"title":"Beethoven: The Nobility Pretense","refBibs":[{"host":{"title":"According to Otto Jahn, Beethoven also copied this passage into his notebooks","publicationDate":"1908","author":[{"name":"Ludwig Nohl"},{"name":"Beethovens Brevier"}],"pages":{"first":"18","last":"47"}}},{"author":[{"name":"Alexander Wheeloclc Thayer"}],"publicationDate":"1964","host":{"title":"Thayer's Life of Beethoven","publicationDate":"1964","author":[],"pages":{"first":"704"}}},{"author":[{"name":"Ludwig Thayer"},{"name":" Van"}],"publicationDate":"1954","host":{"title":"Editha and Richard Sterba, Beethoven and His Nephew","publicationDate":"1954","author":[],"pages":{"first":"1907","last":"17"}}},{"host":{"author":[{"name":"Iv Thayer-Deiters-Riemann"},{"name":" Sterba"}],"pages":{"first":"148"}}},{"host":{"author":[{"name":" Thayer-Forbes"}],"pages":{"first":"712"}}},{"host":{"title":"It is doubtful that the presumption of Beethoven's nobility dates from the Bonn years. The electoral court could have been under no such illusion; kapellmeister Beethoven conducted a wine business for many years; the van Beethovens had been shopkeepers for several generations; and Cornelius van Beethoven (the composer's uncle) was entered on the list of Burghers of Bonn on Ironically, research by Raymond Van Aerde into the Flemish origins of the Beethovens raises the possibility that the van Beethovens of the thirteenth to fifteenth centuries might have been \"nobles, attached as officers to one or another great lord\" who were gradually impoverished by wars, and ultimately \"found their sustenance in the rough labor of the fields and by raising cattle","publicationDate":"1736-01-17","author":[{"name":"Erne Nohl"},{"name":" Uebe Zu Beethoven"}],"pages":{"first":"138","last":"8"}}},{"host":{"title":"A tiny but revealing manifestation of this deception lies in the substitution of the abbreviation v for van in Beethoven's correspondence, for while the Dutch particle might be taken as no sure sign of nobility , the v was almost certain to be viewed as standing for the noble von. Naturally, Beethoven often abbreviated his name to save time, but a tabulation reveals that his substitution of v for wm was probably connected with the nobility pretense","author":[{"name":" Schindler-Macardle"}],"pages":{"first":"219","last":"220"}}},{"author":[{"name":"Franz-Gerhard Wegeler"},{"name":"Ferdinand Ries"}],"host":{"title":"Biographische Notizen ilber Ludwig van Beethoven (Coblenz, 1838). Nachtrag (Coblenz, 1845)","author":[],"pages":{"first":"7"}}},{"author":[{"name":"Beethovens Nohl"},{"name":" Leben"}],"publicationDate":"1864","host":{"title":"II","publicationDate":"1864","author":[],"pages":{"first":"1867","last":"77"}}},{"author":[{"name":"Robert Bory"},{"name":" Ludwig Van Beethoven"}],"publicationDate":"1966","host":{"title":"His Life and Work m Pictures","publicationDate":"1966","author":[],"pages":{"first":"64","last":"65"}}},{"host":{"title":"Beethoven-Akten im Wiener Landesarchiv","publicationDate":"1970","author":[{"name":"Harms Jsger-Sunstenau"}],"pages":{"first":"13","last":"14"}}},{"host":{"title":"Die unsterbUche Geliebte Beethovens: Ldsung ernes vielumstrittenen ProHerru","publicationDate":"1909","author":[{"name":"W,A Thomas-San-Gaui"}],"pages":{"first":"65"}}},{"host":{"title":"Beethoven: The Last Decade","publicationDate":"1970","author":[{"name":"Martin Cooper"}],"pages":{"first":"1817","last":"1827"}}},{"title":"It would be hard to say whether or not he attached any impor- 43. Thayer-Forbes, p. 841-Schindler writes that Lichnowsky tried \"in vain to produce a change in Beethoven's sentiments on this point . . .\"in order \"by this expedient to bring the master near to the court, and as it were to reconcile it with him","author":[],"publicationDate":"1860","host":{"title":"Schindler modified this somewhat in the 3rd ed. of his Biographie","publicationDate":"1860","author":[],"pages":{"first":"70","last":"71"}}},{"host":{"title":"Nohl, however, believes that Beethoven went to Berlin in search of a position, but that it was not offered him because he failed to make any particular impression","author":[{"name":" Thayer-Forbes"}],"pages":{"first":"185","last":"79"}}},{"author":[],"publicationDate":"1946","host":{"title":"Cahiers de Conversation de Beethoven","publicationDate":"1946","author":[],"pages":{"first":"426","last":"46"}}},{"host":{"publicationDate":"1032","author":[{"name":"Iii Anderson"}]}},{"host":{"publicationDate":"1825-08-02","author":[{"name":" Ibid"}],"pages":{"first":"1228"}}},{"host":{"publicationDate":"1826","author":[{"name":" Ibid"}],"pages":{"first":"1309"}}},{"host":{"publicationDate":"1826","author":[{"name":" Ibil"}],"pages":{"first":"1413"}}},{"host":{"title":"Prod'homme, Cahiers","author":[],"pages":{"first":"426","last":"27"}}},{"host":{"title":"For an extensive review of this as reflected in the conversation books, see Kalischer , Beethoven und seine Zeitgenossen, I, 368-81. For the king's letter to Beethoven","author":[]}},{"host":{"publicationDate":"1326","author":[{"name":"Iii Anderson"}]}},{"host":{"title":"For another version 55. Kflhler and HerreAbgeschlossen soil der Burger vom hshern Menschen sein, und ich bin unter ihn gerathen","author":[{"name":"As Related"},{"name":"Fanny Holz"},{"name":" Linzbauer"},{"name":"Beethovens Cited In Nohl"},{"name":" Leben"},{"name":" Iii"},{"name":" 749"},{"name":" Nohl"},{"name":" Beethoven"},{"name":" Liszt"},{"name":" Wagner"},{"name":" Vienna"}],"pages":{"first":"111","last":"221"}}},{"host":{"author":[{"name":"Ii Anderson"}],"pages":{"first":"821"}}},{"host":{"title":"Beethoven carefully explains the relevance of the Dutch van to the question of nobility: \"Van signifies nobility and the patriciat only when it is placed between two proper names, e. g., Bentink van Dieperheim, Hooft van Vreeland, etc. etc","publicationDate":"1819-12","author":[]}},{"title":"Arnold Schmitz asserts diat Beethoven believed he belonged to a separate class of \"people of rank\" (\"Honoratioren\") by virtue of accomplishment and character. This would be congruent with an Enlightenment view—typified by Rousseau in France and Kotzebue in Germany—that aristocracy should be elective rather than hereditary, and based on merit rather than birth","author":[],"publicationDate":"1927","host":{"title":"Dos romantisches BeethovenbM","publicationDate":"1927","author":[],"pages":{"first":"1049","last":"68"}}},{"host":{"title":"Magistrat,\" a more convincing reading than Schunemann's \"common herd to Bach confirms Schmitz's reading: \"Since I have raised my nephew into a higher category, neither he nor I have anything to do with the Magistral] . For only innkeepers, cobblers and tailors come under that kind of guardianship","publicationDate":"1819","author":[{"name":" Kdhler"},{"name":"I Herre"},{"name":" Schmitz"}],"pages":{"first":"65","last":"852"}}},{"host":{"title":"human beings have only two ways of facing a power which restricts them: revolt; or else a (more or less illusory) participation, which makes it possible for them to bear their suppression","author":[{"name":"Otto Fenichel"}],"pages":{"first":"1954","last":"55"}}},{"author":[{"name":"Eduard Hanslick"}],"host":{"title":"Geschichte des Concertwesens in Wien (Vienna, 1869)","author":[],"pages":{"first":"50","last":"63"}}},{"host":{"author":[{"name":" Wegeler-Ries"}],"pages":{"first":"267","last":"68"}}},{"author":[{"name":"Joseph Schmidt-Gorg"}],"publicationDate":"1971","host":{"title":"Des Banner Backermeisters Gottfried Fischers Aufzeich' nungen uber Beethovens Jugend","publicationDate":"1971","author":[],"pages":{"first":"33","last":"34"}}}],"genre":["research-article"],"host":{"title":"The Musical Quarterly","language":["unknown"],"issn":["0027-4631"],"eissn":["1741-8399"],"publisherId":["musqtl"],"volume":"75","issue":"4","pages":{"first":"207","last":"224"},"genre":["journal"],"subject":[{"value":"Articles"}]},"namedEntities":{"unitex":{"date":["1820","eighteenth century","1825","1975","1789","1819","1808","1796","1826","1815","1820s","1809","fifteenth centuries","1867","1845","1823","1830s","1991","1806","1824"],"geogName":["Ill"],"orgName":["Hungary, Bohemia, Russia, and Germany","Austria, Vienna","Congress","Royal Swedish Academy of Music","France and Kotzebue"],"orgName_funder":[],"orgName_provider":[],"persName":["Anton Schipdler","Friedrich Wilhelm","Ludwig Nohl","Anton Schindler","Ludwig von Beethoven","W. A. Thomas","Johann Baptist","Debussy","Joseph Schmidt-Gorg","Cornelius van Beethoven","Otto Jahn","Nohl","Collected Correspondence","Hanslick","Elliot Forbes","Galitzin","Esterhizy","Louis","Gerhard von Breuning","Arnold Schmitz","Albert Leitzmann","Joseph Haydn","Schlesinger","Erich Schenk","Henry E. Krehbiel","Louis van Beethoven","Ludwig van Beethovens","Donald W. MacArdle","London Notebooks","Louis-Ferdinand","Beethoven","Martin Cooper","Pichler","A. C. Kalischer","Ludwig van Beethoven","Henry Reeve","O. E. Deutsch","Hatzfeld","Raymond Van Aerde","Schindler","Friedrich Kerst","Ferdinand Ries","Lobkowitz","Hugo Riemann","Jacques-Gabriel Prod","Fanny Linzbauer","Lichnowsky","Robert Bory","Barea","Hermann Deiters","John Russell","Fenichel","Eduard Hanslick","Franz-Gerhard Wegeler","Thayer","Kinsky","Alexander Wheeloclc","Franz Xavier","Anton Teyber","Ignace Moscheles","Richard Sterba","Spiker"],"placeName":["Leipzig","Germany","Antwerp","Bonn","Austria","Austrian Empire","Europe","Vienna","Chartres","Amsterdam","Hof","Stockholm","France","Russia","Sweden"],"ref_url":[],"ref_bibl":["London, 1877","New York, 1954","London, 1970","Letter 1542","Coblenz, 1838","Letter 1175","on February 20, 1824","Letter 1217","Vienna, 1970","Leipzig, 1902","Halle, 1909","Berlin, 1927","Letter 1546","Leipzig, 1870","December, 1826","Bonn, 1971","Stuttgart, 1913","November, 1822","Vienna, 1869","Paris, 1946","Letter 1271","1820, 1821, 1822 (Boston, 1825)","London, 1966","Berlin and Leipzig, 1908","Vienna, 1874","Letter 1194","Letter 1121","Leipzig, 1921","New York, 1966","Coblenz, 1845","Letter 1292","May, 1823","New York, 1921"],"bibl":[]}},"ark":["ark:/67375/HXZ-6GHR77R9-R"],"categories":{"wos":[],"scienceMetrix":["1 - arts & humanities","2 - visual & performing arts","3 - music"],"scopus":["1 - Social Sciences","2 - Arts and Humanities","3 - Music"]},"publicationDate":"1991","copyrightDate":"1991","enrichments":{"type":["multicat","refBibs","teeft","unitex"]},"doi":["10.1093/mq/75.4.207"],"_id":"FA0050405D9E850A093C00B0DD4C725F4169C88C"}