{"corpusName":"oup","keywords":{"teeft":["oswald","mensural","polyphony","codex","wolkenstein","montfort","welker","emmeram","minim","semibreve","wolkenstem","monody","taghorn","emmeram codex","early music","central europe","mensural notation","notation","heidelberg","treatise","up voice","free performance","seusst dort","monophonic version","german song","nova notation","university environment","simple polyphony","mensural treatise","deutsche literatur","mittelalters verfasserlexikon","hugo","traditional gothic chant notation","early music shop","love song","western polyphony","parallel fifth","veni rerum conditor","burk mangolt","sixth gathering","secular german monody","lorenz welker","mensural theory","improvized polyphony","secular song","practical music","gothic punctum","polyphonic song","second half","munchner veroffentlichungen","beethoven symphony","international repertory"]},"author":[{"name":"LORENZ WELKER","affiliations":["Lorenz Welker studied medicine in Munich and musicology and psychology m Basle and Zurich He is an assistant lecturer at the Musikwtssenschafthches Seminar, University of Heidelberg"]}],"articleId":["XVIII.2.235"],"arkIstex":"ark:/67375/HXZ-B2C6F67Q-R","language":["eng"],"originalGenre":["research-article"],"qualityIndicators":{"score":5.016,"pdfWordCount":4966,"pdfCharCount":28713,"pdfVersion":1.3,"pdfPageCount":18,"pdfPageSize":"512 x 684 pts","pdfWordsPerPage":276,"pdfText":true,"refBibsNative":false,"abstractWordCount":0,"abstractCharCount":0,"keywordCount":0},"title":"Some aspects of the notation and performance of Germansong around 1400","refBibs":[{"author":[{"name":" Germamcus 329 Der Umversitatsbiblwthek"},{"name":" Heidelberg"}],"publicationDate":"1978","host":{"title":"press For the songs of Hugo","publicationDate":"1978","author":[]}},{"host":{"title":"11 y Idem, no 29 A textual-historical interpretation has recently been offered by I Bennewitz-BehrFro welt lr sint gar hupsch und schon \" Die 'Frau Welf Lieder der Handschnften mgf 779 und cpg 329","publicationDate":"1986","author":[{"name":"Montfort Hugo Von"}],"pages":{"first":"117","last":"36"}}},{"host":{"title":"Hugo von Montfort I Die Heidelberger Handschnft cpg 329 und die gesamte Streuuberlieferung, Litterae Emfuhrung, op at s On Burk Mangolt see B Kippenberg and D Fallows","author":[{"name":"Ng "},{"name":"L Welker"}]}},{"author":[{"name":"K K The Numbering Of Oswald 's Songs Follows"},{"name":" Klein"}],"publicationDate":"1975","host":{"title":"Die Lieder Oswalds von Wolkenstem, Altdeutsche Textbibliothek, lv (Tubingen","publicationDate":"1975","author":[]}},{"host":{"title":"New Light on Oswald von Wolkenstem Central European Traditions and Burgundian Polyphony', Early Music History","publicationDate":"1982","author":[{"name":"L Welker"}],"pages":{"first":"187","last":"226"}}},{"title":"For another interpretation, see I Pelnar, Die mehrstimmigen Lieder Oswalds von Wolkenstem Edition","author":[],"publicationDate":"1981","host":{"title":"Munchner Editionen zur Musikgeschichte , n (Tutzing","publicationDate":"1981","author":[],"pages":{"first":"24","last":"7"}}},{"author":[{"name":"S Fuller"}],"host":{"title":"Discant and the Theory of Fifthing', Acta Musicologica, l (1978)","author":[],"pages":{"first":"241","last":"75"}}},{"host":{"title":"Die Improvisation in der Musik (Zurich, 1938), pp 141-2 \"A-Wn 2856, ff 188v-9r","publicationDate":"1980","author":[{"name":"Mondsee-Wiener Liederhandschnft ), Ff 190r-V"},{"name":"H Brunner"},{"name":"K Ganser"},{"name":" Hartmann"}],"pages":{"first":"185","last":"222"}}},{"title":"Die Mondsee-Wiener Liederhandschnft. in Anzeiger fur deutsches Altenum und deutsche Literatur, lxxxvi (1975). pp 12-20 l5 This is similar to Oswald's song 'Sim Gredh, Gref (Kl 77) See Pelnar","author":[{"name":"H Heger"}],"publicationDate":"1968","host":{"title":"KH Bertau, review of H Heger","publicationDate":"1968","author":[],"pages":{"first":"32","last":"5"}}},{"author":[{"name":"L Welker"}],"publicationDate":"1984","host":{"title":"Schweizer Jahrbuch fur Musikwissenschaft Neue Folge, iv","publicationDate":"1984","author":[],"pages":{"first":"41","last":"61"}}},{"title":"The Compilation and Ownership of the","author":[{"name":" Rumbold"}],"publicationDate":"1982","host":{"title":"St Emmeram' Codex","publicationDate":"1982","author":[],"pages":{"first":"161","last":"237"}}},{"author":[{"name":"\" H Lomnitzer"}],"publicationDate":"1980","host":{"title":"Die deutsche Literatur des Mittelalters Verfasserlexikon","publicationDate":"1980","author":[],"pages":{"first":"377","last":"9"}}}],"genre":["research-article"],"host":{"title":"Early Music","language":["unknown"],"issn":["0306-1078"],"eissn":["1741-7260"],"publisherId":["earlyj"],"volume":"XVIII","issue":"2","pages":{"first":"235","last":"252"},"genre":["journal"],"subject":[{"value":"Articles"}]},"namedEntities":{"unitex":{"date":["the 14th century","1450","4994S","the 18th Century","in the 15th century","1440","1990","1870","1/2/4","5th century"],"geogName":[],"orgName":["University of Heidelberg","University of Vienna","University of Heidel","University of Prague","Musical Instrument Kits"],"orgName_funder":[],"orgName_provider":[],"persName":["Oswald von Wolkenstemgesellschaft","Hugo von Zeelandia","Frans Bruggen","EMI Records","Oswald von Wolkenstein","Ian Rumbold","John Gibbons","Sim Gredh","Andrew Parrott","EMI Reflexe","Johann Himmel","Karl Bertau","Gerhard Ritter","Europe","Oswald Holer","Lorenz Welker","Red","Roger Norrington","Oswald von Wolkenstem","Tom Ward","Eric Hoeprich","Carmina BuranaVbfslH","Max Haas","Sarah Fuller","Bob van Asperen","Johannes de Muris","Melvyn Tan","London Consort","Oswald von Wolkensteia","EMI Reflexr","Hugo Spechtshart","Philippe de Vitry","Hugo von Montfort","Abgesang","Philips Classics","Barbara Haggh"],"placeName":["Melk","Bradford","Nuremberg","Munich","Heidelberg","Austria","The Hague","Graz","St Emmeram","Europe","Strasbourg","Vienna","Basel","St The","Wiesbaden","Yorkshire","Braunschweig","Cambrai","Zurich","Salzburg"],"ref_url":[],"ref_bibl":["Spechtler et al","Prague, 1981","Darmstadt, 1971","Goppingen, 1978","Zurich, 1938","Heidelberg, 1936","Innsbruck, 1980","Tutzing, 1961","Graz, 1956","Munich, Bayensche Staatsbibliothek, Clm 14274","Wiesbaden, 1981","Tutzing, 1981","Pans, 1869"],"bibl":[]}},"ark":["ark:/67375/HXZ-B2C6F67Q-R"],"categories":{"wos":[],"scienceMetrix":["1 - arts & humanities","2 - visual & performing arts","3 - music"],"scopus":["1 - Social Sciences","2 - Arts and Humanities","3 - Music"]},"publicationDate":"1990","copyrightDate":"1990","enrichments":{"type":["multicat","refBibs","teeft","unitex"]},"doi":["10.1093/em/XVIII.2.235"],"_id":"E76AF037C0456CC60589F0F7A895FCC60B59077A"}