{"corpusName":"oup","keywords":{"teeft":["creative process","first movement","development section","second subject","final version","sketchbook artaria","hard fact","variant sketch","sketchbook","second piano concerto","egmont overture","magic flute","piano sonata","second group","full score","individual work","compositional process","piano trio","music letter","case study","continuity draft","famous composer","sketch"]},"author":[{"name":"NICHOLAS MARSTON"}],"articleId":["72.4.601"],"arkIstex":"ark:/67375/HXZ-9BQF649X-6","language":["eng"],"originalGenre":["book-review"],"qualityIndicators":{"score":3.636,"pdfWordCount":3586,"pdfCharCount":19877,"pdfVersion":1.2,"pdfPageCount":5,"pdfPageSize":"462 x 708 pts","pdfWordsPerPage":717,"pdfText":true,"refBibsNative":false,"abstractWordCount":0,"abstractCharCount":0,"keywordCount":0},"title":"REVIEWS OF BOOKS","genre":["book-reviews"],"host":{"title":"Music and Letters","language":["unknown"],"issn":["0027-4224"],"eissn":["1477-4631"],"publisherId":["musicj"],"volume":"72","issue":"4","pages":{"first":"601","last":"605"},"genre":["journal"],"subject":[{"value":"REVIEWS OF BOOKS"}]},"namedEntities":{"unitex":{"date":["1820","1803","1960s","the eighteenth and nineteenth centuries","1816","1977","1991"],"geogName":[],"orgName":[],"orgName_funder":[],"orgName_provider":[],"persName":["Anderson Letter","Ernst Bloch","Ernest Bloch","Adolf Martin","Jane Mary","Heinrich Birnbach","HENDERSON Beethoven","E. T. A. Hoffmann","Egmont Overture","Johann Christoph","Dieter Kerner","John O'Shea","Ferdinand Ries","Gerhard Bohme","Barry Cooper","Alan Tyson","Carl Schachter"],"placeName":["Mannheim","Vienna","England"],"ref_url":[],"ref_bibl":["the sketch occurs on folio 122\" of the 'Kafka' Miscellany: see Joseph Kerman's edition (London, 1970"],"bibl":[]}},"ark":["ark:/67375/HXZ-9BQF649X-6"],"categories":{"wos":[],"scienceMetrix":["1 - arts & humanities","2 - visual & performing arts","3 - music"],"scopus":["1 - Social Sciences","2 - Arts and Humanities","3 - Music"]},"publicationDate":"1991","copyrightDate":"1991","enrichments":{"type":["multicat","refBibs","teeft","unitex"]},"doi":["10.1093/ml/72.4.601"],"_id":"928C00705F0CE0AE4B209DBE5B1702F9268CB57E"}