{"corpusName":"oup","keywords":{"teeft":["ssymanowski","fugue","opus","karol","musical quarterly","richard strauss","second symphony","lyric poetry","actual performance","piano virtuoso","vocal work","second movement","instrumental work","piano sonata","larger work","symphonic poem","love night","melodic invention","classical form","second theme","musical form","first rank","musical style","karol szymanowski","virtuoso"]},"author":[{"name":"ZDZISLAW JACHIMECKI"}],"articleId":["VIII.1.23"],"arkIstex":"ark:/67375/HXZ-5Q1ZXQC0-P","language":["eng"],"originalGenre":["research-article"],"qualityIndicators":{"score":5.878,"pdfWordCount":4495,"pdfCharCount":24847,"pdfVersion":1.5,"pdfPageCount":16,"pdfPageSize":"442.56 x 690.48 pts","pdfWordsPerPage":281,"pdfText":true,"refBibsNative":false,"abstractWordCount":0,"abstractCharCount":0,"keywordCount":0},"title":"KAROL SZYMANOWSKI","genre":["research-article"],"host":{"title":"The Musical Quarterly","language":["unknown"],"issn":["0027-4631"],"eissn":["1741-8399"],"publisherId":["musqtl"],"volume":"VIII","issue":"1","pages":{"first":"23","last":"37"},"genre":["journal"],"subject":[{"value":"Articles"}]},"namedEntities":{"unitex":{"date":["1912","1901","1010","1906","1902","1000","1903","1908","1910","1904","1922","1909","1911","1900","1905","1014"],"geogName":[],"orgName":[],"orgName_funder":[],"orgName_provider":[],"persName":["Richard Strauss","Karol Szymanowski","Harry Neuhaus","Love Night","Karol Ssymanowsld","Arthur Rubinstein","Karol Ssymanowiki","Szymanowski","Karol Ssymanowski","Felix Ddrmann","Strauss","Don Juan","Beethoven","Noskowski","di Volte","Sxymanowski","Gregor Fitelberg","Ssymanowski","Jaseha","Stanislawa Ssymaaowaka-Bartoscewies","Saymanowsld"],"placeName":["Cracow","Poland","Warsaw","Vienna"],"ref_url":[],"ref_bibl":[],"bibl":[]}},"ark":["ark:/67375/HXZ-5Q1ZXQC0-P"],"categories":{"wos":[],"scienceMetrix":["1 - arts & humanities","2 - visual & performing arts","3 - music"],"scopus":["1 - Social Sciences","2 - Arts and Humanities","3 - Music"]},"publicationDate":"1922","copyrightDate":"1922","enrichments":{"type":["multicat","refBibs","teeft","unitex"]},"doi":["10.1093/mq/VIII.1.23"],"_id":"561AA768C0B2310703540A2F832F1BE87F209509"}