{"corpusName":"sage","keywords":{"teeft":["trombone","chestra","fantasie","brunswick","cello","cornet","clarinet","popular records","negro melody","vienna strauss","sonata pathetique","french horn","necessiegfried idyll","cornet studies","bass studies","endresen rubank","elegischer gesang","charles wakefield cadman","robert franz","louis scarmolin","thomas morley","bonnie lass","sample copies","wood music","large number","clarinet hovey cornet robinson flute","important ones","many releases","early issue","reviews number symphony","philharthe london weingartner","best availmonic","deliberateness tempo","reviewer destrianism","number beethoven","vithis time","sterling enna cphilharmonic","album versions","prometheus overture","symphony orminor","skornicka trombone","chestra victor stokowski","best cording","number mendelssohn","symphony koussevitzky","hamilton version","third movements","music sound","vaclav countrymen composer","czech philhartalich","monic victor","hungarian music","charmevery standpoint","confirst movement","splendid themes","taining perand recording","formance oonocrti concerti numbers bach","adolph busch","busch ensemble","first confour players","concerto number type trumpet","many writers","trumpet parts","example part","concerto number brahms","flat artur","boult schnabel","version victor","concerto elgar","harty columbia","halle orchestra","fine music","melodious type","mantic manner","moderato theme","first movement","orchesballade paur6","columbia gaubert","czech philharmonic talich dances victor","hungarian nationalism","ously interpretation","beecham columbia","monic orchestra","lively performance","fine recording","design origin","phonic poems","program furthe","fine nished","entrancing performance interest","stokowski victor","short cludes prelude","wagner victor","remarkable volume records","first acts","dawn rhine journey","methods record paul","sarily phonograph library","prelude fanust overture","london cophilharmonic","music educators journal","effects overdoes","dramatic prelude","quartet beethoven","fine ensemble playning performance","chamber music reing","recent cording","quartet columbia quartet","early recording","methstrides columbia","sextet brahms","alfred hobday","second victor pini cello","lowest opus number","piano quaryear","number quartet","calvet joseph","valuable columbia","mically balance","familiar movement","fine quartet","kolisch quartet","first rate","opeira louise","significant charpentier","composer version","columbia recording","operatic series","great points","operatic recital muzio","italian lovers","welcome opera","great singer","boito cilea","atic circles","conously tains","several singers","caruso orpops chestra","best parts fiedler","martintwo records elli","suand recording","perb performance","conductor philharmonic","ensembles solos","musicon approval","hovey saxophone hovey bassoon skornicka drums yoder cello","silver threads","midsummer nights tales","ward viola","ward ward string bass","accompaniment sinfonico quartette","piano tales","clarinet method","fantasie silver threads","deep negro melody salut","canon saro","other wind insts","piano adagio","piano concert fantasie","string quartette quintette","adagio cantabile","piano capriccio","silver threads danks","negro melody concerto","piano fantasie","piano fantasie andante concertino tuba","piano silver threads","deep negro melody","brass insts","skornicka supplementaryclarinet","brunswick records","fred johnny","jerome orchestra","film swing time","recent astairegood","rogers films","tive style","winthis johnny","packard hour","next honors brunswick","records dietrich","first place","ways orcheswhose","records brunswick","instrumentation treatand variety","fine performment","kemp band","other rebrunswick","best reisman","duke ellington manner","special praise","brunswick recording","reproduction page"]},"author":[{"name":"Paul J. Weaver"}],"articleId":["10.2307_3384567"],"arkIstex":"ark:/67375/M70-WB034NB8-4","language":["eng"],"originalGenre":["other"],"qualityIndicators":{"score":3.02,"pdfWordCount":1008,"pdfCharCount":13527,"pdfVersion":1.6,"pdfPageCount":2,"pdfPageSize":"612 x 864 pts","refBibsNative":false,"abstractWordCount":1,"abstractCharCount":0,"keywordCount":0},"title":"Record Reviews","genre":["other"],"host":{"title":"Music Educators Journal","language":["unknown"],"issn":["0027-4321"],"eissn":["1945-0087"],"publisherId":["MEJ"],"volume":"23","issue":"2","pages":{"first":"70","last":"71"},"genre":["journal"]},"namedEntities":{"unitex":{"date":["1861","1936"],"geogName":["Danks Deep River","Rhine"],"orgName":["BETTONEY CO.","Jamaica Plain, POPUTI"],"orgName_funder":[],"orgName_provider":[],"persName":["Jerome Orchestra","Dietrich","N. Tscherepnine","Robert Franz","Serkin","J. N. Procter","Thomas Morley","Long Played","Hal Kemp","A. Reicha","La Chasse","Orlando di Lasso","Leners","Nat Brandwynne","My Heart","Bach","Koussevitzky","Mas Pascal","H. Saro","London CoPhilharmonic","Piccolo","Victor Stokowski","J. Strauss","C. F. Manney","Fred Johnny","Bass Studies","Echo Song","Journey Die","R. Muller","M. Thill","London Weingartner","W. H. Squire","Von Weber-Complete","Bonnie Lass","Busch","P. O. Sta","Long Eb","C. Fontana","William Played","B. B. C. Symphony","A. Louis","Robert Op","Caruso OrPops","G. Cords","L. van Beethoven"],"placeName":["Mass.","Wakefield","Columbia","Halle","Boston","America","Vienna","St. Stephen","Budapest"],"ref_url":[],"ref_bibl":[],"bibl":[]}},"ark":["ark:/67375/M70-WB034NB8-4"],"publicationDate":"1936","copyrightDate":"1936","enrichments":{"type":["refBibs","teeft","unitex"]},"doi":["10.2307/3384567"],"_id":"421F16420F2FD95C4EDE68E2AEED08A263B893F2"}