{"corpusName":"cambridge","author":[{"name":"Lionel Pike"}],"articleId":["01800"],"arkIstex":"ark:/67375/6GQ-KWVX82SC-5","language":["eng"],"originalGenre":["research-article"],"abstract":"Throughout his life Robert Simpson has been fascinated by two aspects of the music of the great Viennese classical composers: their handling of large-scale tonality, and their handling of rhythm. It has been his abiding ambition to recapture the sense of energy that Mozart, Haydn and Beethoven produced, and which has been largely lost since then. He has wanted, for example, to discover what makes a Beethoven Adagio or Scherzo, or a Haydn Finale, so utterly characteristic rhythmically. As a means of exploring this he has set himself various tasks. He wrote his First Symphony, for example, with a basic pulse throughout, upon which contrasting tempi are achieved by varying the pace of thought. This method is found in subsequent works, for example the Second, Seventh and Eleventh String Quartets, the second movement of the Third Symphony, and most of the Sixth. In these works tonality, as it is generally understood, is a potent force.","qualityIndicators":{"score":6.486,"pdfWordCount":2626,"pdfCharCount":14581,"pdfVersion":1.4,"pdfPageCount":5,"pdfPageSize":"451.44 x 697.68 pts","refBibsNative":false,"abstractWordCount":155,"abstractCharCount":944,"keywordCount":0},"title":"Robert Simpson's Ninth Symphony","pii":["S0040298200018003"],"genre":["research-article"],"host":{"title":"Tempo","language":["unknown"],"issn":["0040-2982"],"eissn":["1478-2286"],"publisherId":["TEM"],"issue":"170","pages":{"first":"19","last":"23","total":"5"},"genre":["journal"]},"ark":["ark:/67375/6GQ-KWVX82SC-5"],"categories":{"inist":["1 - sciences humaines et sociales","2 - philosophie"]},"publicationDate":"1989","copyrightDate":"1989","enrichments":{"type":["nb","refBibs"]},"doi":["10.1017/S0040298200018003"],"_id":"432183F12DCD8203C4471DA61662A101288EF758"}