{"corpusName":"oup","keywords":{"teeft":["heine","schumann","augsburg","leipzig","robert schumann","heller","heinrich","zeitschrift","heinrich heine","neue","musical quarterly","kurrer","neue zeitschrift","lieder","allgemeine zeitung","first time","youthful schumann","jean paul","rosen","gisbert rosen","unpublished diary","friend rosen","leuchtenberg gallery","delightful memory","herr doctor","heartfelt thanks","good office","neue zeitschrift flir musik","creative activity","motto book","jules janin","friedrich list","personal acquaintance","neue zeitschrift filr musik","studiosus juris"]},"author":[{"name":"FRIEDRICH SCHNAPP"}],"articleId":["XI.4.599"],"arkIstex":"ark:/67375/HXZ-HPH99NC2-D","language":["eng"],"originalGenre":["research-article"],"qualityIndicators":{"score":5.05,"pdfWordCount":6447,"pdfCharCount":35981,"pdfVersion":1.2,"pdfPageCount":20,"pdfPageSize":"449 x 666 pts","pdfWordsPerPage":322,"pdfText":true,"refBibsNative":false,"abstractWordCount":0,"abstractCharCount":0,"keywordCount":0},"title":"ROBERT SCHUMANN AND HEINRICH HEINE","genre":["research-article"],"host":{"title":"The Musical Quarterly","language":["unknown"],"issn":["0027-4631"],"eissn":["1741-8399"],"publisherId":["musqtl"],"volume":"XI","issue":"4","pages":{"first":"599","last":"616"},"genre":["journal"],"subject":[{"value":"Articles"}]},"namedEntities":{"unitex":{"date":["1842","1829","1855","1925","1844","60S","1840","1834","1839","1830"],"geogName":["Sea Cycle","Neckar","sea How"],"orgName":["Leipzig University"],"orgName_funder":[],"orgName_provider":[],"persName":["Stephen Heller","Hector Berlioz","Robert Franz","Herr Krahe","Rosen","Franz Liszt","Franz Schubert","Zimmermann","List","Friedrich Wieck","Liane von Froulay","Victor Hugo","Heinrich Heine","Gisbert Rosen","Clara Wieck","Heinrich Wilhelm","Heller","R. Schumann","Robert Schumann","Jules Janin","Beethoven","Felix Mendelssohn","Carl Krahe","von Kurrer","Theodore Baker","While","Hoffmann","Friedrich List","Jean Paul","Therese Heine","H. Heine","August Gathy","Augusta Vindelicorum"],"placeName":["Leipzig","Paris","Marburg","Nuremberg","Germany","Halle","Munich","Heidelberg","Europe","Bayreuth","Vienna","Zwickau","Hof","France","Italy","Augsburg","Eichendorf"],"ref_url":[],"ref_bibl":["February, 1828","beginning in April, 1842","May, 1881","November, 1827","March 3, 1843"],"bibl":[]}},"ark":["ark:/67375/HXZ-HPH99NC2-D"],"categories":{"wos":[],"scienceMetrix":["1 - arts & humanities","2 - visual & performing arts","3 - music"],"scopus":["1 - Social Sciences","2 - Arts and Humanities","3 - Music"]},"publicationDate":"1925","copyrightDate":"1925","enrichments":{"type":["multicat","refBibs","teeft","unitex"]},"doi":["10.1093/mq/XI.4.599"],"_id":"6857858753C5B6174EB7391C12FE5A046A72DD9F"}