{"corpusName":"sage","keywords":{"teeft":["synthesizer","percussionist","spellissey","music educators","charles ives","musicord publications","tone production","grace hawthorne","revolutionary ideas","percussion education","basic studies","radio tunes","chord symbols","georges bermont books","david hirschberg selections","outstanding composers","technical studies","keyboard facility","good teaching","david hirschberg","books hand","ideal library","nearest dealer","free catalogue","staten island","newsletters teaching guide jane beethoven carmanmoore","extra newsletters","subscription period","orderpipeline today","silverburdett company","important difference","rough handling","paper wrappers","cardboard cartons","mail copies","bulk shipments","such economy steps","other sorts","editorial quality","sufficient number","special issues","recent ones","ethnic music","open education","outstanding collection","right choices","mailing alterations","professional journal","second symphony","excellent vehicle","american paintings","edward hopper","norman rockwell","grant wood","andrew wyeth","archibald possibilities","grandma moses","thomas statue","capitol dome","thanksgiving turkey","simultaneous presentation","aural information","linda mankin assistant professor","music foothill college","altos hills","california comments","finest music","gary spellissey","excellent article","music educator","many clinics","several educators","prospective teachers","good percussion section","collins bandmaster","spellissey quotes","definite method","band directors","nondrumming teachers","handling music","school systems need","college band","young player","past years","playable arrangements","teaching percussionists","best roll","practical roll","study period","roll sound","progressive teachers music","same time","buzz rolls","first lesson","rudimental strokes","music organization","wire point","development snares","press roll","roll notation","military tradition","poor example","practical application","traditional rudimental strokes","york city","unlimited combinations","price range","demoulin robes","choral attire","minimum expenditure","individual styles","catalog today","demoulin bros","freethe brand","contemporary music catalogue","paganini shoulderpads contoured","small viola","wrophy music","compiy ohio cleveland","comprehensive catalogue","music education materials","first place music publications","ventura boulevard studio city","distinct pleasure","beautiful photo","original classics","knowledgeable musician","fundamental error","same issue","same pages","clear things","same symbol","sensible method","previous methods advocate","proper development","level task","considerable wrist control","acceptable roll sound","early school music performance groups","roll development","important point","rhythmic values","final step","other instrumentalists","true interpretation","daily exercise","complete command","music pottstown","authentic editing","poignant facets","young people","tuneful varieties","young person","british subject","happy blend","courtly dance","comic elegance","instrumental parts","local music store","trigon music preview copy","trigon music","school letterhead","hayes street nashville","popular demand","synthesizer everything","understanding synthesizers","simple instrument","precise control","electroic usic aboratories","infinite number","exciting instrument","free copy","former percussionist","careless mistake","spellisseywas tryingto","single roll","welcome extension","music split warren","prince november","good collection","high schools"]},"author":[{"name":"Linda Mankin","affiliations":["Assistant Professor of Music Foothill College Los Altos Hills, California"]}],"articleId":["10.2307_3394720"],"arkIstex":"ark:/67375/M70-P8RHBKMD-Q","language":["eng"],"originalGenre":["other"],"qualityIndicators":{"score":3.99,"pdfWordCount":1978,"pdfCharCount":12373,"pdfVersion":1.6,"pdfPageCount":3,"pdfPageSize":"612 x 861 pts","refBibsNative":false,"abstractWordCount":1,"abstractCharCount":0,"keywordCount":0},"title":"A lasting impression","genre":["other"],"host":{"title":"Music Educators Journal","language":["unknown"],"issn":["0027-4321"],"eissn":["1945-0087"],"publisherId":["MEJ"],"volume":"61","issue":"6","pages":{"first":"18","last":"18"},"genre":["journal"]},"namedEntities":{"unitex":{"date":["1974","1975","in the 18th, 19th and 20th centuries"],"geogName":["Ill"],"orgName":["Music Foothill College Los Altos Hills, California Comments on Rolllllllllll I"],"orgName_funder":[],"orgName_provider":[],"persName":["Norman Rockwell","Professor","Warren F. Prince","Gary J. Spellissey","Gary Spellissey","Grant Wood","Buryl Red","Jane Beethoven","Maurice D. Taylor","J. Spellissey","James L. Moore","Andrew Wyeth","Archibald Willard","Grace Hawthorne","H.Vernon","Please","Charles Ives","Schinstine","Thomas Crawford","Reginald Catches","Edward Hopper","Sam Ulano"],"placeName":["San Diego","Paris","Columbia","Gary","Turkey","Nashville","American","New York City","Pottstown","Calif.","Greenville","Studio City","Cleveland"],"ref_url":[],"ref_bibl":[],"bibl":[]}},"ark":["ark:/67375/M70-P8RHBKMD-Q"],"publicationDate":"1975","copyrightDate":"1975","enrichments":{"type":["refBibs","teeft","unitex"]},"doi":["10.2307/3394720"],"_id":"C5AE2CCB0D1DE58B88992F083D736515133E7368"}