{"corpusName":"oup","keywords":{"teeft":["philharmonic society","neate","ries","general meeting","musical quarterly","philharmonic member","charles neate","overture","beethoven","philharmonic","english friend","ninth symphony","music review","british museum","ferdinand ries","royal philharmonic society","george smart","primary document","philharmonic archive","biographische notizen","philharmonic concert","concert program","beethoven konversationshefte","musical activity","concert overture","first performance","silly lack","common sense judgment","london philharmonic","london publisher","beethoven overture","other work","english premiere","ludwig"]},"author":[{"name":"DAVID WARREN HADLEY"}],"articleId":["LIX.3.449"],"arkIstex":"ark:/67375/HXZ-K8RLF5NC-7","language":["eng"],"originalGenre":["research-article"],"qualityIndicators":{"score":5.05,"pdfWordCount":5122,"pdfCharCount":28504,"pdfVersion":1.3,"pdfPageCount":13,"pdfPageSize":"442 x 680 pts","pdfWordsPerPage":394,"pdfText":true,"refBibsNative":false,"abstractWordCount":0,"abstractCharCount":0,"keywordCount":0},"title":"BEETHOVEN AND THE PHILHARMONIC SOCIETY OF LONDON: A REAPPRAISAL","refBibs":[{"host":{"title":"The symphony was published by Schott in late August, 1826, twenty-eight months after iu delivery to the London society's agent","publicationDate":"1431","author":[],"pages":{"first":"1011"}}},{"title":"MacArdle (op. cit., p. 4) alluded to TK's assertion and printed a facsimile of the receipt in MacArdle and Ludwig Misch facing p. 408; and Willetts (op. tit., p. 46) noted the Philharmonic agent's obtaining the receipt, and offered the judgment that \"it seems . . . that Beethoven acted strictly within the terms of his agreement with the Society","author":[],"publicationDate":"1824-04-27","host":{"title":"New Beethoven Letters","publicationDate":"1824-04-27","author":[]}}],"genre":["research-article"],"host":{"title":"The Musical Quarterly","language":["unknown"],"issn":["0027-4631"],"eissn":["1741-8399"],"publisherId":["musqtl"],"volume":"LIX","issue":"3","pages":{"first":"449","last":"461"},"genre":["journal"],"subject":[{"value":"Articles"}]},"namedEntities":{"unitex":{"date":["1813","1860","1819","1861","1815","1822","Nineteenth Century","1827","1816","1823","1940s","1973","1817","1824"],"geogName":[],"orgName":[],"orgName_funder":[],"orgName_provider":[],"persName":["D. W. MacArdle","J. F. Burrowes","Robert Birchall","M. B. Foster","S. Sym","Anton Schindler","Ludwig Misch","Joseph Schmidt-Gorg","William Bradley","Courtesy","Otto Erich","W. Watts","Walter Gerstenberg","Henry Krehbiel","Elliot Forbes","D. Bruguier","Emily Andenon","Emily Anderson","Alexander Kyd","A. W. Thayer","N. B. Challoner","William Mann","London Philharmonic","Ludwig van Beethovens","MacArdle","Edward Schulz","D. C. Bell","Temperley","Hans Halm","Ries","Franz Wegeler","Martin Cooper","G. Herre","J. A. Sturapff","George Marek","Hans Schmidt","Pamela J. Willetts","Ludwig van Beethoven","Paul Hirsch","King Stephen","N. Mori","Ferdinand Ries","Charles Neate","Hugo Riemann","J. M. Levien","C. B. Oldman","Hermann Deiters","H. Rdhler","B.M. Loan","Thayer","George Hogarth","Georg Kinsky"],"placeName":["Leipzig","Munich","London","Athens","Vienna","York","Mainz","New Beethoven"],"ref_url":[],"ref_bibl":["London, 1970","Hayes, Middlesex, 1965","Coblenz, 1838","[1953]","London, 1871","Kassel, 1963","Its Foundation, 1813","London, 1912","by way of the Harmonicon of October, 1824","Harvard University, 1972","London, 1927","Bonn, 1970","London, 1862"],"bibl":[]}},"ark":["ark:/67375/HXZ-K8RLF5NC-7"],"categories":{"wos":[],"scienceMetrix":["1 - arts & humanities","2 - visual & performing arts","3 - music"],"scopus":["1 - Social Sciences","2 - Arts and Humanities","3 - Music"]},"publicationDate":"1973","copyrightDate":"1973","enrichments":{"type":["multicat","refBibs","teeft","unitex"]},"doi":["10.1093/mq/LIX.3.449"],"_id":"737EDB7CE0C56DDECF87176203DC874149E350B2"}