{"corpusName":"oup","keywords":{"teeft":["coda","rondo","main theme","sonata form","first movement","cadential figure","cadence","tonic","triplet","musical quarterly","piano sonata","second movement","scherzo","second half","same kind","final cadence","first theme","song form","schubert","opus","third theme","beethoven measure theme","chromatic modulation","slow movement","transitional passage","variation end","deceptive cadence","developmental bridge","triplet accompaniment return","twofold repetition","measure theme","corresponding point","second theme","beethoven theme","first phrase","right hand","part identical","quasi cadenza","corresponding theme","beethoven movement","heavenly length","piano duet","general spirit","triplet counterpoint","recapitulation","sonata","finale","exposition"]},"author":[{"name":"EDWARD T. CONE"}],"articleId":["LVI.4.779"],"arkIstex":"ark:/67375/HXZ-LDB24W3S-H","language":["eng"],"originalGenre":["research-article"],"qualityIndicators":{"score":4.802,"pdfWordCount":4752,"pdfCharCount":27260,"pdfVersion":1.3,"pdfPageCount":15,"pdfPageSize":"439 x 678 pts","pdfWordsPerPage":317,"pdfText":true,"refBibsNative":false,"abstractWordCount":0,"abstractCharCount":0,"keywordCount":0},"title":"SCHUBERT'S BEETHOVEN","genre":["research-article"],"host":{"title":"The Musical Quarterly","language":["unknown"],"issn":["0027-4631"],"eissn":["1741-8399"],"publisherId":["musqtl"],"volume":"LVI","issue":"4","pages":{"first":"779","last":"793"},"genre":["journal"],"subject":[{"value":"Articles"}]},"namedEntities":{"unitex":{"date":["1858","1928","1970","1907","1815","1948","1816","1828"],"geogName":[],"orgName":[],"orgName_funder":[],"orgName_provider":[],"persName":["V. Schubert","Franz Schubert","Adolf Bauer","Otto Erich","Gerald","Felix Salzer","Kathleen Dale","Symphony","Rondo","Ludwig Scheibler","Sonata","Dale"],"placeName":[],"ref_url":[],"ref_bibl":["Oct 1928","September, 1828","New York, 1958","Juni 1817","January, 1826"],"bibl":[]}},"ark":["ark:/67375/HXZ-LDB24W3S-H"],"categories":{"wos":[],"scienceMetrix":["1 - arts & humanities","2 - visual & performing arts","3 - music"],"scopus":["1 - Social Sciences","2 - Arts and Humanities","3 - Music"]},"publicationDate":"1970","copyrightDate":"1970","enrichments":{"type":["multicat","refBibs","teeft","unitex"]},"doi":["10.1093/mq/LVI.4.779"],"_id":"2B7EA6A94F3A54B732FEC4E425B70CC805B2BA45"}