{"corpusName":"wiley","keywords":{"teeft":["music analysis","blackwell publishing","actualisation","thematic","thematic actualisation","swinkin","jeffrey","motivic","neighbour","jeffrey swinkin","gure","semitone","other words","dahlhaus","realised","actualises","realisation","tonic","picardy","schenker","middleground","module","variation sets","trans","variation form","urlinie","right hand","schoenberg","music theory","actualised","schmalfeldt","tierce","arpeggiation","neighbour motive","ternary","variation","blackwell","conceptual motives","quaver","antecedent","neighbour motion","major chord","harmonic","foreground","conceptual motive","string quartet","eroica variations","previous variation","subsequent variations","third movement","thematic identity","metre","potentiality","schumann","alto voice","original function","potential motive","second theme","consequent phrase","semitonal ambivalence","next variation","thematic potentialities","bass line","robert schumann","tempest sonata","kevin korsyn","opening bars","tonal entities","piano sonata","oxford university press","thematic features","chord","brahms","retrospect","bass","theme","case studies","dominant elements","grace note","other cases","latent form","other hand","lower neighbour","semitone shift","seventh chord","major triad","variation points","opening phrase","variation actualises","apparent tierce","subito piano","original theme","latent feature","secondary theme","beethoven forum","jeffrey swinkin variation","large part","janet schmalfeldt","music theory spectrum","such resolution","structural import","entire variation","tonal structure","motivic actualisation","particular variations","common technique","nineteenth century","appassionata sonata","bars music analysis","whole tone","more variations","piece ends","tonal closure","ground bass","haydn variations","other variations","david witten","middle period","piece proceeds","entire work","developmental process","motivic identity","cambridge university press","actualises variation","enharmonic proxy","motivic function","leonard meyer","major tonic","single note","romantic variation","linear progression","late beethoven","ninth symphony","heiliger dankgesang","higher apex","formal boundary","second movement","thematic potentiality","piano music","encyclopaedia britannica","durational patterning","generative history","anonymous reader","analogous example","johannes brahms","formal function","musical analysis","metric compression","melodic","tempest","publishing","soprano","progression"]},"author":[{"name":"Jeffrey Swinkin","affiliations":["University of Michigan"]}],"articleId":["MUSA341"],"arkIstex":"ark:/67375/WNG-3QBKX0PF-S","language":["eng"],"originalGenre":["article"],"qualityIndicators":{"score":7.012,"pdfWordCount":20160,"pdfCharCount":113190,"pdfVersion":1.3,"pdfPageCount":53,"pdfPageSize":"484.7 x 697.3 pts","pdfWordsPerPage":380,"pdfText":true,"refBibsNative":true,"abstractWordCount":1,"abstractCharCount":0,"keywordCount":0},"title":"Variation as Thematic Actualisation: the Case of Brahms's Op. 9","genre":["article"],"host":{"title":"Music Analysis","language":["unknown"],"doi":["10.1111/(ISSN)1468-2249"],"issn":["0262-5245"],"eissn":["1468-2249"],"publisherId":["MUSA"],"volume":"31","issue":"1","pages":{"first":"37","last":"89","total":"53"},"genre":["journal"],"subject":[{"value":"ORIGINAL ARTICLES"},{"value":"ORIGINAL ARTICLE"}]},"namedEntities":{"unitex":{"date":["2011","1840s","2012","in the nineteenth century","nineteenth century"],"geogName":[],"orgName":["American Brahms Society","Blackwell Publishing Ltd"],"orgName_funder":[],"orgName_provider":[],"persName":["Ramon Satyendra","Kevin Swinden","A. Jackson","Sisman","Clara Schumann","Jacqueline Hamrit","Ari Benderly","Robert Schumann","Frank Samarotto","Leonard Meyer","Danuser","Carl Dahlhaus","Kevin Korsyn","Dahlhaus","Jacques Lacan","Janet Schmalfeldt","Quartet","Claire Boge","Wayne Petty"],"placeName":["Witten","Bonn","Dittersdorf","York"],"ref_url":[],"ref_bibl":["Boge 1990, p. 116","Gjerdingen (1988)","Danuser (1984)","Fieldman 2002, p. 119","Meyer 1973, p. 113","Dahlhaus 1991, p. 226","Adorno 1988, p. 23","Meyer 1973, p. 123","[1895]","Freud (2003)","Blackwell Publishing Ltd, 9600","Batta and Kovács (1978)"],"bibl":[]}},"ark":["ark:/67375/WNG-3QBKX0PF-S"],"categories":{"wos":[],"scienceMetrix":["1 - arts & humanities","2 - visual & performing arts","3 - music"],"scopus":["1 - Social Sciences","2 - Arts and Humanities","3 - Music"]},"publicationDate":"2012","copyrightDate":"2012","enrichments":{"type":["multicat","teeft","unitex"]},"doi":["10.1111/j.1468-2249.2012.00341.x"],"_id":"BA207998C1DED9688021D34958C7BA36EF4382BD"}