{"corpusName":"oup","keywords":{"teeft":["tromlitz","frohlich","second subject","embellishment","first movement","compendium","final version","autograph score","martha frohlich","musical genesis","beethoven compendium","discretionary ornament","articulation","latest scholarship","typical pattern","wide variety","rhythmic situation","complete movement","appropriate tonguing","further series","same composition","literal repetition","more valuable","many melodic","rhythmic pattern characteristic","eighteenth century","considerable interest","different type","typical convention","commonsense view","treatise offer valuable evidence","notate embellishment","decrescendo marking","whole phrase","performance practice","complete slow movement","essential embellishment","single example","complete set","dynamic marking","dynamic shading","spot check","great care","various problem","original text","linda bishop hartig","more successful","distinctive manner","major late work","wider audience","considerable effort","excellent edition","niggling sort","double tonguing","future edition certain omission","contemporary composer","composition other","franz anton hoffmeister","minor criticism","basic high quality","satisfying part","modern reader","barry cooper","thames hudson","recent explosion","barry word","single volume many","best feature","major beethoven reference book","immeasurable improvement","beethoven companion","right book","compendium risk","available stool","factual record","interpretative commentary","handy reference tool","factual datum","concise form","eloquent commentary","background sketch","available specialist study","little section","classical style","simple bibliographical reference","more pertinent","various contribution","redundant repetition","separate occasion","chapter hand","various calendar","family tree","formidable achievement","flute player","slight doubt","precise date","other part","seventh symphony","numerical list","ideal model","documentary reference work such","beethoven sketchbook","beethoven problem","music letter","comprehensive list","uncompleted work impossible","whole enterprise","richard taruskin","roger interpretation","ninth symphony","century music","gigantic affirmation","natural religion","whole unmanageable array","beethoven material","pragmatic drive","domesticated beethoven","less comprehensive","more problematizing","chapter place","music history","such notation","place beethoven","unique position","unpretentious shade","analyst step","pragmatist fear","william drabkin","nicholas marston","robert article","noch einmal","beethoven skizzen","zehnten symphonie","beethoven jahrbuch","tenth symphony","mozart compendium","quality paper","rich stock","photographic plate","michael spitzer","tonguing syllable","tone fuller","other syllabic combination","clarendon press","latest volume","shortest work","syllable such","useful thing","scrutiny impossible","main part","wind instrument","relevant sketchbook","many other work","excellent feature","occasional transcription error","decipherable material","sieghard brandenburg","difficult passage","analysis section","intervallic relationship","phrase structure","many useful","felicitous observation","author point","main section","more local level","other instrument","obvious similarity","dark world","more useful part","flat major second subject","late insertion","flat minor theme","several early sketch","flat major","relevant sketch","highest level","structural analysis","rigid template","fluid idea","fresh insight","much space","striking feature","scribal style","monochrome facsimile","more conspicuous","original manuscript"]},"author":[{"name":"MICHAEL SPITZER"}],"articleId":["73.4.600"],"arkIstex":"ark:/67375/HXZ-MX71NZTS-H","language":["eng"],"originalGenre":["book-review"],"qualityIndicators":{"score":2.212,"pdfWordCount":2162,"pdfCharCount":13003,"pdfVersion":1.2,"pdfPageCount":3,"pdfPageSize":"455 x 702 pts","pdfWordsPerPage":721,"pdfText":true,"refBibsNative":false,"abstractWordCount":0,"abstractCharCount":0,"keywordCount":0},"title":"REVIEWS OF BOOKS","genre":["book-reviews"],"host":{"title":"Music and Letters","language":["unknown"],"issn":["0027-4224"],"eissn":["1477-4631"],"publisherId":["musicj"],"volume":"73","issue":"4","pages":{"first":"600","last":"602"},"genre":["journal"],"subject":[{"value":"REVIEWS OF BOOKS"}]},"namedEntities":{"unitex":{"date":["1992","eighteenth century","19th Century"],"geogName":[],"orgName":[],"orgName_funder":[],"orgName_provider":[],"persName":["Linda Bishop","Anne-Louise Coldicott","Franz Anton","William Drabkin","Roger Norrington","Beethoven","Jan LaRue","Nicholas Marston","Robert Winter","Frohlich","Richard Taruskin","Barry Cooper","Cooper","Alan Tyson","Martha Frohlich"],"placeName":[],"ref_url":[],"ref_bibl":["see Johnson, 1985, p. 212","not 13 May as given in Kinsky, 1955"],"bibl":[]}},"ark":["ark:/67375/HXZ-MX71NZTS-H"],"categories":{"wos":[],"scienceMetrix":["1 - arts & humanities","2 - visual & performing arts","3 - music"],"scopus":["1 - Social Sciences","2 - Arts and Humanities","3 - Music"]},"publicationDate":"1992","copyrightDate":"1992","enrichments":{"type":["multicat","refBibs","teeft","unitex"]},"doi":["10.1093/ml/73.4.600"],"_id":"4CBA31188F5764D14F7BB040BBF558ADB52F657D"}