{"corpusName":"oup","keywords":{"teeft":["kegan paul","first part","william wallace","oxford university press","musical history","grand opera","contemporary source","hard dictum","approach comprehension","lovely form","poetio piece","unccntcious beethoven","ernest newman","librairie delagrave","ordinary existence","commonplace circumstance","human intercourse","candid student","letter music","sensual appreciation","whole truth","second category","certain point","book orpheu","second part","author ohanges ground","significant phrase","muoh persistence","preconceived pattern","sketch book show","more conventional realisation","fundamental beethoven","many quotation","great length","good numour","fine thing","certain beautiful page","least something","same exalted strain","third part","tragic world","beauty break","worthiest thing","atnyirfng variation","fervent disciple","fatal fascination","princess carolyne","last half","signal failure","predatory nature","parti prit","young professor","classical review","gold mine","rare opportunity","wagner wculd","precious fool","thornton butterworth","english version","franz liszt","large public liszt","general reader","short description","tone poem","suoh infrequent citation","less sure knowledge","suite majeurs","french edition","astonishing series","major harmony","english edition","final word","same sentence clearer","inharmonic wagnerienne","english book","poor paper","bodley head","george sand","summer month","hectio life","painful experience","main line","introductory table","less technical description","letter wagntr","herbert thompson","small number","first reading","nothing more","comedy opera","heartfelt gratitude","pleasant little book","immense seriousness","padre martini","veriest licence","guild rule","carlo getualdo","cecil gray","philip heseltine","popular treatise","fair idea","remarkable oompoaer","sensibility more","same stature","accidented progression","sudden unaccountable burst","heeeltine incline","first claim","direct line","biographical sketch","poor gesualdo","anatole france","exquisite nouveue","unhappy event","gray fix","pitiless dissection nothing more","small bottle","bitter spirit","poor privacy","engliih ayre","informative little book","keen musical intelligence","music review","same ground","english madrigal composer","lutenist composer","important part","english song","last decade","music book","great importance","musician realise","book end","technical consideration","composer presupposed","corresponding ability","chronological table","arthur sullivan","8axe wyndham","first sight","young sullivan","mendelssohn scholarship","leipzig period","crystal palace","musical centre","richard carte","comic opera","butter period","popular imagination","remarkable work","little distance","musical side","admirable letter","much sound horse sense","houre concentration","comio opera","grand opera soprano","letter tune","adequate technique","excellent work","extatio audience","saxe book nothing","dull event","successful career","praiseworthy enthusiasm","mutic armchair","philip allan","musical essay","mod place","personal predilection","muoh charm","light music","good word","better sort","much matter","whole little thing","strong disagreement","essay performance","organ work","harvey grace","strong position","muaioianly mind","great music","more acceptable","less stern","continual perfection","great deal","organ music","contrapuntal device","harmonic beauty","inherent feeling","pure organ music","pianoforte duet","basil maine","noel douglas","main title","little book","volga boat song","blue bird"]},"author":[{"name":"Sc. G."}],"articleId":["VIII.3.369"],"arkIstex":"ark:/67375/HXZ-GPZNMQR5-H","language":["eng"],"originalGenre":["book-review"],"qualityIndicators":{"score":4.396,"pdfWordCount":3013,"pdfCharCount":15403,"pdfVersion":1.5,"pdfPageCount":6,"pdfPageSize":"479 x 698 pts","pdfWordsPerPage":502,"pdfText":true,"refBibsNative":false,"abstractWordCount":0,"abstractCharCount":0,"keywordCount":0},"title":"REVIEWS OF BOOKS","genre":["book-reviews"],"host":{"title":"Music and Letters","language":["unknown"],"issn":["0027-4224"],"eissn":["1477-4631"],"publisherId":["musicj"],"volume":"VIII","issue":"3","pages":{"first":"369","last":"374"},"genre":["journal"],"subject":[{"value":"REVIEWS OF BOOKS"}]},"namedEntities":{"unitex":{"date":["10s","18s","1927"],"geogName":[],"orgName":["Oxford University"],"orgName_funder":[],"orgName_provider":[],"persName":["Heseltine","Grace","Crystal Palace","Philip Allan","Franz Liszt","Turner","J. G. Prod","Harvey Grace","George Sand","Newman","Qraoe","Princess Carolyne","Herbert Thompson","BO Mr","William","Wyndham","Philip Heseltine","Basil Maine","France","Classical","M. Prod","Arthur Sullivan","Gray","Fellowes","Heeeltine","J. S. Bach","Wallace","Peter Warlock","G. Receive","W. S. Mendl","Carlo Getualdo","Ernest Newman","Kegan Paul","Thompson","W. J. Turner","Saxe Wyndham","Mendl","Curwen","William Wallace","Noel Douglas","Cecil Gray","Rogers"],"placeName":["Leipzig","Majorca"],"ref_url":[],"ref_bibl":["July, 1920"],"bibl":[]}},"ark":["ark:/67375/HXZ-GPZNMQR5-H"],"categories":{"wos":[],"scienceMetrix":["1 - arts & humanities","2 - visual & performing arts","3 - music"],"scopus":["1 - Social Sciences","2 - Arts and Humanities","3 - Music"]},"publicationDate":"1927","copyrightDate":"1927","enrichments":{"type":["multicat","refBibs","teeft","unitex"]},"doi":["10.1093/ml/VIII.3.369"],"_id":"3C966347789A62ECE33D0F776DBD4FC857114E2E"}