{"corpusName":"sage","keywords":{"teeft":["lockhart","schirmer","fischer","york city","carl fischer","male chorus","male voices","huldah jane kenley","oliver ditson","alfred whitehead","music publishing corp","witmark sons","harold geer","birchard company","music supervisors journal music supervisors journal","sage publications","festival cantata","piano accompaniment","beethoven minuet","symphonic band","western world","field work","soprano solo"]},"author":[{"name":"Will Earhart"}],"articleId":["10.2307_3384250"],"arkIstex":"ark:/67375/M70-LKSDGDZR-8","language":["eng"],"originalGenre":["review-article"],"qualityIndicators":{"score":4.429,"pdfWordCount":2417,"pdfCharCount":14430,"pdfVersion":1.4,"pdfPageCount":2,"pdfPageSize":"612 x 900 pts","refBibsNative":false,"abstractWordCount":1,"abstractCharCount":0,"keywordCount":0},"title":"For the Male Chorus","genre":["review-article"],"host":{"title":"Music Educators Journal","language":["unknown"],"issn":["0027-4321"],"eissn":["1945-0087"],"publisherId":["MEJ"],"volume":"19","issue":"5","pages":{"first":"60","last":"62"},"genre":["journal"]},"namedEntities":{"unitex":{"date":["1933"],"geogName":["Mayhew Lake"],"orgName":["E NATIONAL BAND BOOK","For Stringed Instruments","Schirmer, Inc.","Gamble Hinged Music Co., Chicago","Carl Fischer, Inc.","Gamble Hinged Music Co.","Gray Co.","Kay Music Publishing Corp.","Schirmer, Inc, New York City","Schirmer, Inc., New York City","Oliver Ditson Company, Inc., Boston","Elkan-Vogel Co.","Sage Publications Ltd.","Oxford University","Summy Co","Carl Fischer, Inc., New York City","Oliver Ditson Co.","Schmidt Co., Boston","Sage Publications Ltd"],"orgName_funder":[],"orgName_provider":[],"persName":["H. J. Woods","C. C. Birchard","Percy Aldridge","Enrique Granados","Hazel Gertrude","Morgan","Alfred Moffat","E. Harold","Orlando Gib","Pierre Dupont","Franz Bomschein","Henry Purcell","Harvey Gaul","R. Clark","L. F. Rebmann","J. Fischer","LEE Page","C. Knight","Max T. Krone","A. E. Baker","Williams School","Robert C. Newell","C. Birchard","Ernest Read","Jessie L. Gaynor","W. R. Voris","Edward Purcell","E. Har","James H. Rogers","James A. Bland","Richard Wagner","Carl Busch","M. Witmark","Martin J. Luvaas","Tom Clark","Alfred Whitehead","John Julius","Herbert Brandvig","Michael Praetorius","Company","Cesar Franck","Johannes Brahms","Elisabeth Newman","Michael Diack","Carol Christopher","L. H. Horton","Hindsley","Will C. Macfarlane","J. Clark","Busch","Carl Deis","Morris Bu","Raymond E. Mitchell","Arthur A. Penn","James","Jeanne Boyd","Clayton F. Summy","Anton Weiss","Charles J. Rob","B. C. Gatis","Harper Maybee","O. W. McConathy","Claude Debussy","Carl F. Mueller","L. Bait","Gladys Pitcher","Carl Bohm","Dudley Peele","R. R. Peery","Franz C. Bornschein","Chenette","Ed Chenette","Mark H. Hindsley"],"placeName":["Newark","Camptown","New York City","Chicago","York","Cleveland"],"ref_url":[],"ref_bibl":[],"bibl":[]}},"ark":["ark:/67375/M70-LKSDGDZR-8"],"publicationDate":"1933","copyrightDate":"1933","enrichments":{"type":["refBibs","teeft","unitex"]},"doi":["10.2307/3384250"],"_id":"9F1ACEDC96FD8B81371C002FA6D7826BA365A2C7"}