{"corpusName":"wiley","keywords":{"teeft":["notley","blackwell publishing","journal compilation","chamber music","music analysis","late style","lateness","late works","critical forum","viennese","brahms","reception history","late chamber music","same time","genre","formal considerations","liberal politics","contemporary reviews","harvard university press","string quintet","german spirit","second nature","julian horton","other hand","musical material","tonal practice","theodor adorno","third symphony","chamber works","late music","late brahms","late beethoven","utopian idealism","minor theme","michael spitzer","late idyll","chamber idiom","second symphony","american musicological society","classical adagio","quintet","blackwell","adagio"]},"author":[{"name":"Maria Patricia O’Connor","affiliations":["University College Dublin, the Katholische Universität Eichstätt and the Ludwig‐Maximilians Universität in Munich"]}],"articleId":["MUSA284"],"arkIstex":"ark:/67375/WNG-DLZKR8Z5-F","language":["eng"],"originalGenre":["letter"],"qualityIndicators":{"score":6.332,"pdfWordCount":4320,"pdfCharCount":26712,"pdfVersion":1.4,"pdfPageCount":10,"pdfPageSize":"484.805 x 697.207 pts","pdfWordsPerPage":432,"pdfText":true,"refBibsNative":false,"abstractWordCount":1,"abstractCharCount":0,"keywordCount":0},"title":"Lateness and Brahms: Music and Culture in the Twilight of Viennese Liberalism ‐ By Margaret Notley","genre":["review-article"],"host":{"title":"Music Analysis","language":["unknown"],"doi":["10.1111/(ISSN)1468-2249"],"issn":["0262-5245"],"eissn":["1468-2249"],"publisherId":["MUSA"],"volume":"27","issue":"1","pages":{"first":"179","last":"188","total":"10"},"genre":["journal"]},"namedEntities":{"unitex":{"date":["2000","1893 or 1894","1880s","1890s","1862","1880","nineteenth century","1860s","2008"],"geogName":[],"orgName":["Harvard University","Blackwell Publishing Ltd","Germany and Robert Browning and Henry James","American Musicological Society","Blackwell Publishing Ltd."],"orgName_funder":[],"orgName_provider":[],"persName":["Late Idyll","Notley","Reinhold Brinkmann","David Brodbeck","Richard Heuberger","See Brinkmann","Hugo von Hofmannsthal","Hanslick","German Spirit","Max Kalbeck","Einstein Award","Quintet","Arnold Schoenberg","Paul Bekker","Cello","Hans F. Redlich","Ernst Krenek","Michael Spitzer","German School","Rolf Tiedemann","Sigmund Freud","Daniel Beller-McKenna","Crawford Howie","C. Lenhardt","Stephen Toulmin","Carl Schorske","Johannes Brahms","Timothy L. Jackson","Claudia Maurer","Julian Horton","Maria Patricia","Karl Kraus","Daniel Beller","Paul Hawkshaw","Anton Bruckner","Franz Joseph","Journal","Contemporary","Edmund Jephcott","O’Connor","Gustav Dömpke","Mary E. Gilbert","Leonard Stein","Geiringer","Allan Janik","Margaret Notley","Max Auer","Theodor Adorno","August Göllerich","Hans Redlich","Peter Gülke","String"],"placeName":["UK","Europe","Vienna","NE","MA","Cambridge","England","Lincoln"],"ref_url":[],"ref_bibl":["Oxford: Polity Press, 1998","University of Nebraska Press, 1994","Kassell: Bärenreiter, 1989","New York: Vintage, 1981","London: Routledge, 1984","Oxford: Basil Blackwell, 1955","London: Faber and Faber, 1975","New York and Oxford: Oxford University Press, 2007","University of Indiana Press, 2006","London: Weidenfeld and Nicolson, 1973","Blackwell Publishing Ltd., 9600","Aldershot: Ashgate, 2001"],"bibl":[]}},"ark":["ark:/67375/WNG-DLZKR8Z5-F"],"categories":{"wos":[],"scienceMetrix":["1 - arts & humanities","2 - visual & performing arts","3 - music"],"scopus":["1 - Social Sciences","2 - Arts and Humanities","3 - Music"]},"publicationDate":"2008","copyrightDate":"2008","enrichments":{"type":["multicat","refBibs","teeft","unitex"]},"doi":["10.1111/j.1468-2249.2008.00284.x"],"_id":"5EF3B3B9C575EA7365A2A8DD86A20796BF34EC33"}