{"corpusName":"cambridge","author":[{"name":"Michael Graubart"}],"articleId":["05550"],"arkIstex":"ark:/67375/6GQ-C239CGGX-Z","language":["eng"],"originalGenre":["research-article"],"abstract":"Leopold Spinner a composer in a unique position. Can there be another living composer of comparable integrity, mastery and imagination who is so little known and so seldom performed? At the age of 68 he is, I believe, one of the outstanding composers of today; and yet those who have had only a cursory glance at his published scores seem to have dismissed them as mere imitations of his master, Webern. This view misses the point completely; nevertheless one can understand why cursory glances lead to such conclusions. To quote Spinner himself: …more important for me and much more difficult to comment upon is the ‘first and simplest answer’ which ‘leaps from the pages of my published scores’, namely that I revere Webern's music. Yes, this is quite true; I do, very much; and I don't see why it should be a gross impertinence to ask such a question, even if the answer does already leap from the pages of my scores. However, I also have the greatest admiration for the music of Mozart and Haydn, Bach, Beethoven and Schubert, Brahms, Schumann, Bruckner and Mahler, Schoenberg and Berg…. Might it not be that such more or less common characteristics [between related composers of the same period] are not only the expression of personal implications, but are also the reflection of fundamental historical considerations determining the evolution of purely musical concepts? I believe that if the true historic significance of Webern's music were better understood in all its aspects—for instance, the predominance and total engagement of motivic obligation as the structurally unifying factor in a complete fusion between traditional homphonic concepts and the strictest polyphonic presentation—then perhaps it might be possible to refer in factual terms to purely musical concepts and leave all reverence and admiration to take care of themselves.","qualityIndicators":{"score":10,"pdfWordCount":5386,"pdfCharCount":31259,"pdfVersion":1.5,"pdfPageCount":14,"pdfPageSize":"488.88 x 722.88 pts","refBibsNative":false,"abstractWordCount":300,"abstractCharCount":1852,"keywordCount":0},"title":"The Music of Leopold Spinner: A Preliminary Study","pii":["S0040298200055509"],"genre":["research-article"],"host":{"title":"Tempo","language":["unknown"],"issn":["0040-2982"],"eissn":["1478-2286"],"publisherId":["TEM"],"issue":"109","pages":{"first":"2","last":"14","total":"13"},"genre":["journal"]},"ark":["ark:/67375/6GQ-C239CGGX-Z"],"categories":{"inist":["1 - sciences humaines et sociales","2 - philosophie"]},"publicationDate":"1974","copyrightDate":"1974","enrichments":{"type":["nb","refBibs"]},"doi":["10.1017/S0040298200055509"],"_id":"8E3A348FF98D829DE7A9E0CE55FE0EE992A078E3"}