{"corpusName":"oup","keywords":{"teeft":["last movement","first movement","second violin","middle section","flat quartet","pizzicato note","early quartet","lower instrument","chamber music","first violin","slow movement","theme russe","quartet","beethoven quartet","danza tedesca","other player","up instrument","gigantic power","certain passage","different instrument","second movement","many way","final chord","other hand","string quartet","meno vivace","crescendo","allegro","adagio"]},"author":[{"name":"REBECCA CLARKE"}],"articleId":["VIII.2.178"],"arkIstex":"ark:/67375/HXZ-67HRRHPS-3","language":["eng"],"originalGenre":["research-article"],"qualityIndicators":{"score":6.151,"pdfWordCount":4768,"pdfCharCount":24592,"pdfVersion":1.5,"pdfPageCount":13,"pdfPageSize":"488 x 706 pts","pdfWordsPerPage":367,"pdfText":true,"refBibsNative":false,"abstractWordCount":0,"abstractCharCount":0,"keywordCount":0},"title":"THE BEETHOVEN QUARTETS AS A PLAYER SEES THEM","genre":["research-article"],"host":{"title":"Music and Letters","language":["unknown"],"issn":["0027-4224"],"eissn":["1477-4631"],"publisherId":["musicj"],"volume":"VIII","issue":"2","pages":{"first":"178","last":"190"},"genre":["journal"],"subject":[{"value":"Articles"}]},"namedEntities":{"unitex":{"date":["1927"],"geogName":[],"orgName":[],"orgName_funder":[],"orgName_provider":[],"persName":["Boris Godounow","In","Beethoven","Harold Bauer","E.Ji"],"placeName":[],"ref_url":[],"ref_bibl":[],"bibl":[]}},"ark":["ark:/67375/HXZ-67HRRHPS-3"],"categories":{"wos":[],"scienceMetrix":["1 - arts & humanities","2 - visual & performing arts","3 - music"],"scopus":["1 - Social Sciences","2 - Arts and Humanities","3 - Music"]},"publicationDate":"1927","copyrightDate":"1927","enrichments":{"type":["multicat","refBibs","teeft","unitex"]},"doi":["10.1093/ml/VIII.2.178"],"_id":"54A9B0449CD27200C72B26F31FD5FC34DF1074F6"}