{"corpusName":"oup","keywords":{"teeft":["kettledrum","historical survey","berlioz","nineteenth century","first place","little doubt","early time","rhythmical purpose","seventeenth century","cavalry drum","early date","single head","drum"]},"author":[{"name":"PRRCIVAL R. KIRRY"}],"articleId":["IX.1.34"],"arkIstex":"ark:/67375/HXZ-JZQP2MQM-S","language":["eng"],"originalGenre":["research-article"],"qualityIndicators":{"score":4.025,"pdfWordCount":3975,"pdfCharCount":21234,"pdfVersion":1.3,"pdfPageCount":10,"pdfPageSize":"472 x 699 pts","pdfWordsPerPage":398,"pdfText":true,"refBibsNative":false,"abstractWordCount":0,"abstractCharCount":0,"keywordCount":0},"title":"THE KETTLE-DRUMS: AN HISTORICAL SURVEY","genre":["research-article"],"host":{"title":"Music and Letters","language":["unknown"],"issn":["0027-4224"],"eissn":["1477-4631"],"publisherId":["musicj"],"volume":"IX","issue":"1","pages":{"first":"34","last":"43"},"genre":["journal"],"subject":[{"value":"Articles"}]},"namedEntities":{"unitex":{"date":["1678","1928","1685","1674","in the fifteenth century","the seventeenth century","1784","from the fifth or sixth century","1692","the tenth or eleventh century A.D.","1778","1675","seventeenth century","1660","nineteenth century","1910","In the nineteenth century","1457","1604"],"geogName":[],"orgName":["France, Einbigler","Old English Instruments","Germany, Ward"],"orgName_funder":[],"orgName_provider":[],"persName":["Mendelssohn","Queen Elizabeth","Hoist","Schubert","John Cooper","Till Eulenspiegel","Peter Schmoll","Walter Vanbright","Antoine Sax","Gabriel Gordon","James Shirley","Seymour","Matthew Lock","P. Beethoven","Danish King","Manuel Ge","Ashbridge","Giovanni Coperario"],"placeName":["Germany","Versailles","Europe","Vienna","Egypt","France","Hungary","Italy","England","Dacca"],"ref_url":[],"ref_bibl":[],"bibl":[]}},"ark":["ark:/67375/HXZ-JZQP2MQM-S"],"categories":{"wos":[],"scienceMetrix":["1 - arts & humanities","2 - visual & performing arts","3 - music"],"scopus":["1 - Social Sciences","2 - Arts and Humanities","3 - Music"]},"publicationDate":"1928","copyrightDate":"1928","enrichments":{"type":["multicat","refBibs","teeft","unitex"]},"doi":["10.1093/ml/IX.1.34"],"_id":"9A88A1530787143B3B2F9ACF675C0AC86D44B511"}