{"corpusName":"oup","keywords":{"teeft":["piano sonata","cello","cresc","oboe","string quartet","quartet version","crescendo","quintet","rondo","first movement","second half","continuous crescendo","piano trio","original work","watson forbes","many case","musical momentum","dynamic marking","expression mark","vergessenes streichquartett beethoven","beethoven bearbeitungen eigener werke","approximate year","piano work","piano quintet","latter work","dynamic change","latter dynamic","musical time","more stringlike substitute","schweizerische musikzeitung","string quintet","imitative idea","string trio","quartet arrangement","cello part","second movement","filler material","perfunctory tendency","weak second","piano quartet","beethoven"]},"author":[{"name":"MYRON SCHWAGER"}],"articleId":["LIV.2.142"],"arkIstex":"ark:/67375/HXZ-H8CP76QW-T","language":["eng"],"originalGenre":["research-article"],"qualityIndicators":{"score":5.013,"pdfWordCount":4963,"pdfCharCount":27304,"pdfVersion":1.3,"pdfPageCount":19,"pdfPageSize":"428 x 701 pts","pdfWordsPerPage":261,"pdfText":true,"refBibsNative":false,"abstractWordCount":0,"abstractCharCount":0,"keywordCount":0},"title":"A FRESH LOOK AT BEETHOVEN'S ARRANGEMENTS","refBibs":[],"genre":["research-article"],"host":{"title":"Music and Letters","language":["unknown"],"issn":["0027-4224"],"eissn":["1477-4631"],"publisherId":["musicj"],"volume":"LIV","issue":"2","pages":{"first":"142","last":"160"},"genre":["journal"],"subject":[{"value":"Articles"}]},"namedEntities":{"unitex":{"date":["1802","1799","1796","1797","1805","1973","1801","1798"],"geogName":[],"orgName":[],"orgName_funder":[],"orgName_provider":[],"persName":["Hans Josef","Paul Mies","Elliot Forbes","Wilhelm Altmann","Viola CeUo","Emily Anderson","Don Giovanni","Hans Halm","Beethoven","Journal","Friedrich Munter","Georg Kinsky"],"placeName":["Munich","Bonn","Vienna"],"ref_url":[],"ref_bibl":["[1920]","Leipzig, 1925","Bonn, 1922","Leipzig, 1887","London, 1961","March 1801","November 1905","Princeton, 1964"],"bibl":[]}},"ark":["ark:/67375/HXZ-H8CP76QW-T"],"categories":{"wos":[],"scienceMetrix":["1 - arts & humanities","2 - visual & performing arts","3 - music"],"scopus":["1 - Social Sciences","2 - Arts and Humanities","3 - Music"]},"publicationDate":"1973","copyrightDate":"1973","enrichments":{"type":["multicat","refBibs","teeft","unitex"]},"doi":["10.1093/ml/LIV.2.142"],"_id":"9D66CD38A01197F0A5003ECBAE13F04EC2BB66FB"}