{"corpusName":"oup","keywords":{"teeft":["tinctoris","agricola","february","polyphony","musical understanding","early music february","consonance","trans","nothing more","johannes","xxii","cortese","josquin","polyphonic","consonant sweetness","sweetness","pope john xxii","proper composition","johannes tinctoris","savonarola","eighth book","musical sound","musical sensibility","polyphonic music","judgement","quod","treatise","early music","opera theoretica","american musicological society","musica","cusa","motet","consonant sound","king david","little more","similar view","american institute","important study","rudolph agricola","complexus effectuum musices","bonfire song","intellective faculty","paolo cortese","auditive power","cultural tendency","musical experience","external sense","good example","other hand","music historian","consonant","incomprehensible","beethoven reception","musical work","intrinsic quality","incredible sweetness","florence cathedral","perfect knowledge","heavenly thing","vocal polyphony","human being","holy father","sweet sound","harmonious sound","sweet melody","johannes hubner","monstrous song","fractio vocis","certain people","certain lasciviousness","consonant sweetness amount","unselfconscious pleasure","creative purpose","girolamo savonarola","florentine citizen","many issue","polyphonic song","modern period","numerical ratio","artistic quality","correct enjoyment","expert connoisseur","such understanding","musical sweetness","numerical proportion","many people","idle pleasure","deformed perversion","many others","musical composition","professional composer","duke ercole","formando studio","second sense","musical quarterly","recent year","ludo globi","incomprehensible sweetness","special issue","giannozzo manetti","renaissance study","leon battista alberti","medieval critic","humanist"]},"author":[{"name":"Rob C. Wegman","affiliations":["Rob C. Wegman teaches at Princeton University. His research interests include Josquin des Prez and the history of musical aesthetics."]}],"arkIstex":"ark:/67375/HXZ-HT14DLS6-L","language":["eng"],"originalGenre":["other"],"qualityIndicators":{"score":6.383,"pdfWordCount":11966,"pdfCharCount":71775,"pdfVersion":1.5,"pdfPageCount":21,"pdfPageSize":"595.44 x 841.68 pts","pdfWordsPerPage":570,"pdfText":true,"refBibsNative":false,"abstractWordCount":0,"abstractCharCount":0,"keywordCount":0},"title":"‘Musical understanding’ in the 15th century","refBibs":[{"author":[{"name":"P Schubert"}],"publicationDate":"1994","host":{"title":"Journal of musicology","publicationDate":"1994","author":[],"volume":"xii","pages":{"first":"3","last":"183"}}},{"host":{"title":"Concerning the realm of early music, see the studies presented in The second sense: studies in hearing and musical judgement from antiquity to the seventeenth century the 25th anniversary issue 'Listening practice' of Early music","publicationDate":"1991","author":[]}},{"host":{"title":"Das musikalische Horen\" in the Middle Ages and Renaissance: perspectives from pre-war","author":[{"name":"R,C Wegman"}]}},{"host":{"publicationDate":"1998","author":[{"name":" Germany '"},{"name":" Musical Quarterly"},{"name":" Lxxxii"}],"pages":{"first":"434","last":"55"}}},{"title":"Roelof Huusman): een Nederlandsch humanist der vijftiende eeuw","author":[{"name":" For This"},{"name":"See,H E J M What Follows"},{"name":"Rodolphus Van Der Velden"},{"name":" Agricola"}],"publicationDate":"1911","host":{"title":"Music in Renaissance Ferrara","publicationDate":"1911","author":[],"pages":{"first":"46","last":"787"}}},{"title":"From maker to composer: improvisation and musical authorship in the Low Countries","author":[{"name":"R,C Wegman"}],"publicationDate":"1996","host":{"title":"Journal of the American Musicological Society","publicationDate":"1996","author":[],"pages":{"first":"1450","last":"1500"}}},{"title":"And Josquin laughed Josquin and the composer's anecdote in the sixteenth century","author":[{"name":"R,C Wegman"}],"publicationDate":"1999","host":{"title":"Journal of musicology","publicationDate":"1999","author":[]}},{"host":{"title":"Sight, sound and ceremony in the chapel of Galeazzo Maria Sforza', Early music history, xii (1993)","author":[{"name":"E Welch"}],"pages":{"first":"151","last":"90155"}}},{"title":"1441-2); after Alberti See also C. Smith, 'Delia tranquillita dell'animo: architectural allegories of virtue in a dialogue by Leon Battista Alberti","author":[{"name":"Leon Battista Alberti"},{"name":" Profugiorum Ah Aerumna"},{"name":"Iii Libri"}],"publicationDate":"1988","host":{"title":"Profugiorum ab erumna libri","publicationDate":"1988","author":[],"pages":{"first":"4","last":"5103"}}},{"host":{"title":"The medieval imagination, trans. A. Goldhammer (Chicago","publicationDate":"1988","author":[{"name":"See,J Le Goff"}],"pages":{"first":"27","last":"44"}}},{"host":{"title":"Docta sanctorum patrum (1324-5); after H. Hucke, 'Das Dekret \"Docta sanctorum patrum","publicationDate":"1984","author":[{"name":"Pope John"},{"name":"Xxii "}],"pages":{"first":"119","last":"31121123"}}},{"host":{"title":"The Counter-Reformation and the Masses ofVincenzo Ruffo, Studi di Musica Veneta, ii (Vienna, 1970), espBernardino Cirillo's critique of polyphonic music of 1549: its background and resonance', Music in Renaissance cities and courts: studies in honor of Lewis Lockwood","publicationDate":"1997","author":[{"name":" See"},{"name":"L Example"},{"name":" Lockwood"}],"pages":{"first":"74","last":"135281"}}},{"host":{"title":"Sermo de sanctis apostolis Symone etjuda (c.1400); after F. Feldmann, Musik und Musikpflege im mittelalterlichen Schlesien, Darstellungen und Quellen zur schlesischen Geschichte, lxxiii","publicationDate":"1938","author":[{"name":"Johannes Hubner"}],"pages":{"first":"125","last":"365"}}},{"host":{"title":"For an English translation of the relevant passage, see R. F. Hayburn, Papal legislation on sacred music St Aelred's diatribe was still invoked in 17th-century England; see P. A. Scholes, The Puritans and music in England and New England: a contribution to the cultural history of two nations","publicationDate":"1934","author":[{"name":"St Aelred"},{"name":" Speculum Charitatis"},{"name":" Latina"}],"pages":{"first":"57118","last":"20215"}}},{"title":"Untersuchungen zu Musikpflege und Musikunterricht an den deutschen Lateinschulen vom ausgehenden Mittelalter bis um 1600","author":[{"name":" For This"},{"name":"See,K W What Follows"},{"name":" Niemoller"}],"publicationDate":"1969","host":{"title":"Kolner Beitrage zur Musikforschung","publicationDate":"1969","author":[],"pages":{"first":"615"}}},{"title":"The Calvinist attitude to music and its literary aspects and sources', Bibliotheque dhumanisme et renaissance, xix (!957)","author":[{"name":"See,O Sohngen"},{"name":"H,P Clive"}],"publicationDate":"1958","host":{"title":"Institut fur Musikwissenschaft der Humboldt-Universitat zu Berlin","publicationDate":"1958","author":[],"pages":{"first":"51","last":"6280"}}},{"author":[],"publicationDate":"1964","host":{"title":"Geschichte der Musikasthetik in Umrissen (Tutzing","publicationDate":"1964","author":[],"pages":{"first":"235"}}},{"host":{"title":"358-9; trans. Dr Leofranc Holford-Strevens. the scent of earth is more esteemed than one that suggests saffron ... Thus in all things the greatest pleasures are only narrowly separated from disgust","author":[{"name":"Politics Aristotle"}],"pages":{"first":"98","last":"100"}}},{"host":{"title":"For an important study of the notion of satiety in Cicero, see E. Fantham, 'Varietas and satietas; De oratore 3.96-103 and the limits of ornatus","publicationDate":"1948","author":[{"name":" Trans"},{"name":" Cicero"},{"name":"Trans,E W De Oratore"},{"name":"H Sutton"},{"name":" Rackham"}],"pages":{"first":"78","last":"81275"}}},{"title":"For an important study of this concept, see K.-J. Sachs, 'Pierre de La RuesMissa de Beata Virgine\" in ihrer copia aus varietas und similitudo', Analysen: Beitrage zu einer Problemgeschichte des Komponierens: Festschrift fur Hans Heinrich Eggebrecht zum 65","author":[{"name":"Johannes Tinctoris"}],"publicationDate":"1984","host":{"title":"Geburtstag","publicationDate":"1984","author":[],"pages":{"first":"155","last":"676"}}},{"host":{"title":"Music and cultural tendencies","author":[{"name":" Pirrotta"}],"pages":{"first":"154"}}},{"host":{"title":"Music and cultural tendencies","author":[{"name":" Pirrotta"}],"pages":{"first":"152"}}},{"host":{"title":"Una fonte aristotelica della sezione \"De musica","publicationDate":"1991","author":[{"name":"F Brancacci"}],"pages":{"first":"69","last":"84"}}},{"title":"The book of the courtier","author":[{"name":"Dodecachordon Glarean"},{"name":"Trans,C A Miller"}],"publicationDate":"1965","host":{"title":"trans. G. Bull","publicationDate":"1965","author":[],"pages":{"first":"206","last":"47144"}}},{"host":{"title":"Music and air: changing definitions of sound', ch.7 of Musical backgrounds for English literature","publicationDate":"1962","author":[{"name":" See"},{"name":"G,L Example"},{"name":" Finney"}],"pages":{"first":"1580","last":"1650139"}}}],"genre":["other"],"host":{"title":"Early Music","language":["unknown"],"issn":["0306-1078"],"eissn":["1741-7260"],"publisherId":["earlyj"],"volume":"XXX","issue":"1","pages":{"first":"47","last":"67"},"genre":["journal"],"subject":[{"value":"Listening Practice"}]},"namedEntities":{"unitex":{"date":["1813","in 15th century","1436","the seventeenth century","1470s","1502","the 16th century","1450","16th century","2th century","1455","in the 15th century","1440s","1484","1514","1489","in the 19th century","1480s","1438","2002","1480","1510","1324","throughout the nineteenth and twentieth centuries","1970s","the 15th century","17 th century","15th century","1549","1511","19th century","in the 16th century"],"geogName":[],"orgName":["University of North Carolina","University of Ferrara","University of Groningen","Princeton University","Harvard University","University of Chicago","American Institute","American Musicological Society","Institute of Advanced Musical Studies","ISRAEL TEL/FAX"],"orgName_funder":[],"orgName_provider":[],"persName":["Johann Heinrich","W. Seidel","K. Meyer-Baer","J. C. von Fichard","F. Feldmann","J. D. Cullington","Denley Oboe","Chris Krueger","S. Sebastiani","Richard Tunnicliffe","Leofranc Holford-Strevens","C. van Eck","C. Wright","Marco Beasley","J. Le Goff","C. Smith","K. W. Niemoller","H. Huschen","P. Schubert","Gian de Artiganova","Christopher Page","L. Lockwood","P. A. Scholes","A. M. Cummings","R. Scholz","King Solomon","F. Brancacci","Agricola","O. Sohngen","J. Sachs","Alison McQillivray","P. Macey","L. Stockman","Jacobus Barbirianus","R. M. van Heeringen","Peter Harvey","Milan Scuola","F. Zaminer","R. Schafke","V. Kofi","Rudolph Agricola","C. Turner","E. Fantham","P. Weiss","Max van Egmond","C. Palisca","Maria Sforza","Heinrich Glarean","R. F. Hayburn","D. Dionysii","P. Reinecke","J. A. Owens","Hans Heinrich","Aristotle","Han Tol","H. Burger","Gervais Tel","G. L. Finney","N. Pirrotta","Catharina Meints","F. Ohly","E. Budde","S. Sonderegger","G. Bull","R. Brinkmann","Johannes Hiibner","H. Unverricht","R. L. Crocker","J. Chatillon","Battista Alberti","David Breitman","H. Hucke","Max Wehrli","G. Ponte","Gonzalo Ruiz","H. Rackham","E. T. A. Hoffmann","Johannes Hubner","E. Kooiman","Carl Dahlhaus","H. P. Clive","Elizabeth Wallfisch","Walther Vetter","A. Goldhammer","David Fallows","La Rues","Journal","P. M. Watts","Wolfgang Gliixam-Hiro","Jacobus Barbireau","E. W. Sutton","Fiorella Brancacci","Paolo Cortese","Michael Lynn","U.S. Dollars","Guido Bizzi","R. Strohm","Via Confalonieri","P. Faltin","C. A. Miller","G. Pietzsch","C. Wegman","Duke Orsino","Bernardino Cirillo","Andrew Kirkman","W. Breig","Kenneth Slowik","Matthew Halls","A. M. Haas","E. Welch","King David","P. Gouk","H. E. J. M. van der Velden","M. Fend","Lewis Lockwood","John Thiessen","A. Seay","H. Hendrikse","F. Susemihl"],"placeName":["MELK","Venice","Tel Aviv","Bradford","Nuremberg","Germany","Urbino","Varese","Antwerp","Heidelberg","St Aelred","UK","AUSTRIA","St Bernard","American","Soest","Latina","Europe","Jerusalem","Ferrara","St Lucy","Bruges","Frankfurt","Florence","Silesia","Italy","England","Belgium"],"ref_url":[],"ref_bibl":["Leipzig, 1872","Oxford, 1984","Cologne, 1973","Wiesbaden, 1984","American Institute of Musicology, 1965","Vienna, 1970","Leipzig, 1969","Cologne: EMI Electrola CDM 7 63064 2,1989","M. Viller et al","New York, 1986","Wroclaw, 1938","London, 1991","Paris, 1931","London, 1996","Leiden, 1988","Genoa, 1988","Regensburg, 1969","Harmondsworth, 1967","Mainz, 1963","Oxford, 1998","Chicago, 1988","Zurich, 1969","Munich, 1976","New York, 1984","Main, 1971","New Brunswick, 1962","1934; R/Oxford, 1969","American Institute of Musicology, 1975,1978","London, 1948","Michigan, 1997","Berkeley, 1989","Riedel and Ferrara, 1400"],"bibl":[]}},"ark":["ark:/67375/HXZ-HT14DLS6-L"],"categories":{"wos":[],"scienceMetrix":["1 - arts & humanities","2 - visual & performing arts","3 - music"],"scopus":["1 - Social Sciences","2 - Arts and Humanities","3 - Music"]},"publicationDate":"2002","copyrightDate":"2002","enrichments":{"type":["multicat","refBibs","teeft","unitex"]},"doi":["10.1093/em/XXX.1.47"],"_id":"EB38CA8F1BCD5F01740889D309F34B004EE602EF"}