{"corpusName":"sage","keywords":{"teeft":["music educator","such attitudes","human dignity","personal philosophy","student chapter","faculty sponsor","menc student members","mendelssohn concertpiece","dale jensen","music educators","music literature","performance style","subject area","teaching students","quarter note","piano sonatas","mental sets","brief portion","lifetime student","mold enquiring","prime goal","lamar state college","music majors","great service","other discipline","entire world benefits","performance ability","pedagogical skills","music students","finer opportunity","professional competence","real audience pleaser","music program","obvious solutions","students need today","students today","doctoral candidate","technological institutes","science outdate textbooks","specific solutions","current problems","simple reason","trainees graduate","basic principles","mechanical forces","mathematical functions","same type","innate abilities","highest degree","musical application","philosophical point","great discipline","human history","present environment","many subject areas","music history","moral forces","value judgments","materialistic society","full value","quality stratifications","consumer goods increase"]},"author":[{"name":"Huot Fisher"}],"articleId":["10.2307_3390664"],"arkIstex":"ark:/67375/M70-6ZDQ1353-R","language":["eng"],"originalGenre":["research-article"],"qualityIndicators":{"score":2.946,"pdfWordCount":934,"pdfCharCount":5449,"pdfVersion":1.6,"pdfPageCount":2,"pdfPageSize":"648 x 864 pts","refBibsNative":false,"abstractWordCount":1,"abstractCharCount":0,"keywordCount":0},"title":"Basset Horn Lore","genre":["research-article"],"host":{"title":"Music Educators Journal","language":["unknown"],"issn":["0027-4321"],"eissn":["1945-0087"],"publisherId":["MEJ"],"volume":"52","issue":"4","pages":{"first":"83","last":"84"},"genre":["journal"]},"namedEntities":{"unitex":{"date":["1966"],"geogName":[],"orgName":[],"orgName_funder":[],"orgName_provider":[],"persName":["Beethoven","Dale Jensen"],"placeName":[],"ref_url":[],"ref_bibl":[],"bibl":[]}},"ark":["ark:/67375/M70-6ZDQ1353-R"],"publicationDate":"1966","copyrightDate":"1966","enrichments":{"type":["refBibs","teeft","unitex"]},"doi":["10.2307/3390664"],"_id":"4A49AD4DB2DB287481D19B0EBFFA2EC022A2BAC9"}