{"corpusName":"oup","keywords":{"teeft":["bridgetower","papendiek","wale","george bridgetower","friedrich augustus","charlotte papendiek","june","private life","african prodigy","carlton","friedrich","haymarket","viotti","carlton house","salomon","dresden","robbins landon","musical quarterly","elder bridgetower","windsor castle","dragonetti","master clement","italian opera","hanover square room","haymarket theatre","musical memoir","master bridgetower","royal archive","queen charlotte","haydn","landon","seinen beziehungen","george bridgtower","young bridgetower","kreutzer sonata","michael kelly","haydn documenta","drury lane","british library","joseph carl rosenbaum","account ledger","african prince","local press","eastern austria","prodigy","windsor","betty matthew","musical world","violin concerto","concert spirituel","mulatto friend","bath chronicle","black prodigy","young george","benefit concert","town hall","public debut","covent garden","artistic community","wilhelm cramer","charles bostock","morning chronicle","personal page","local newspaper","public recital","same year","musical activity","musical time","haydn year book","hanover square","han volkmann","george bridgetower first","signora bianchi","kreutier sonata","financial support","composer thomas attwood","majesty queen elizabeth","public record office","memoir","augustus"]},"author":[{"name":"JOSEPHINE R. B. WRIGHT"}],"articleId":["LXVI.1.65"],"arkIstex":"ark:/67375/HXZ-XVG4B947-2","language":["eng"],"originalGenre":["research-article"],"qualityIndicators":{"score":5.05,"pdfWordCount":6343,"pdfCharCount":36920,"pdfVersion":1.2,"pdfPageCount":18,"pdfPageSize":"429 x 670 pts","pdfWordsPerPage":352,"pdfText":true,"refBibsNative":false,"abstractWordCount":0,"abstractCharCount":0,"keywordCount":0},"title":"George Polgreen Bridgetower: An African Prodigy in England1789–99","refBibs":[{"host":{"title":"— Concerto [for] Violin, Master Clement, only eight years and a half old; his own composition","author":[{"name":"I Act"},{"name":" Sinfonie ; Haydn"},{"name":" Quartetto For Two"},{"name":" Violins"},{"name":" Tenor"},{"name":" Violoncello"},{"name":" By Masters"},{"name":" Clement"},{"name":" Bridgetower"},{"name":"Attwood ; Pleyel. — Ware"},{"name":"Signora Song"},{"name":" Bianchi"}]}},{"host":{"title":"— [Symphonie] Concertante for Two Violins by Master Bridgetower and Master Clement; Daveaux [Jean-Baptiste Davaux]. — Full Piece. 35 According to one eyewitness, Abbe\" George Vogler (1749-1814), the Pleyel quartet was performed by musicians whose combined ages did not encompass forty years. 38 A friendship apparently developed in London between Bridgetower and Clement during 1790","author":[{"name":"Ii Act"},{"name":"Master Overture"},{"name":" Clement"},{"name":"Signora Song"},{"name":" Storace"},{"name":" Concerto"},{"name":"Master Violin"},{"name":" Bridgetower"},{"name":" Giornovicchi"},{"name":"Signora Song"},{"name":" Bianchi"}]}},{"title":"on which we played together here in Hanover Square a [Symphonie] Concertante , and every master gave us his applause with pleasure. Have a pleasant 83 Friedrich Augustus published a testimonial in Bath, thanking the public for its support. In this document he states that his son had already performed before George III and Queen Charlotte","author":[{"name":"Dearest Friend"}],"publicationDate":"1789-12-07","host":{"title":"as well as before the Prince of Wales and the Duke of Cumberland","publicationDate":"1789-12-07","author":[]}},{"host":{"title":"Charlotte Papendiek, Court and Private Life, II","author":[],"pages":{"first":"155"}}},{"author":[],"publicationDate":"1790-03-27","host":{"title":"Times","publicationDate":"1790-03-27","author":[],"pages":{"first":"1"}}},{"title":"The Kreutier Sonata and Beethoven's Mulatto Friend,\" p. 5. yield entire and universal delight and satisfaction to every auditor\" (British Library, Add. 27593, fol. 109); quoted by Edwards","author":[],"publicationDate":"1790-07-07","host":{"title":"George Bridgetower and the Kreutier Sonata,\" p. S05. <S Charlotte Papendiek, Court and Private Life, II","publicationDate":"1790-07-07","author":[],"pages":{"first":"179"}}}],"genre":["research-article"],"host":{"title":"The Musical Quarterly","language":["unknown"],"issn":["0027-4631"],"eissn":["1741-8399"],"publisherId":["musqtl"],"volume":"LXVI","issue":"1","pages":{"first":"65","last":"82"},"genre":["journal"],"subject":[{"value":"Articles"}]},"namedEntities":{"unitex":{"date":["1980"],"geogName":[],"orgName":[],"orgName_funder":[],"orgName_provider":[],"persName":["Queen Elizabeth","Clark Fund","Joseph Schmidt-Gorg","Harvard","George Bridgetower","Hans Schmidt","Ludwig van Beethoven","Her Majesty"],"placeName":["Windsor","London","Vienna","York"],"ref_url":[],"ref_bibl":[],"bibl":[]}},"ark":["ark:/67375/HXZ-XVG4B947-2"],"categories":{"wos":[],"scienceMetrix":["1 - arts & humanities","2 - visual & performing arts","3 - music"],"scopus":["1 - Social Sciences","2 - Arts and Humanities","3 - Music"]},"publicationDate":"1980","copyrightDate":"1980","enrichments":{"type":["multicat","refBibs","teeft","unitex"]},"doi":["10.1093/mq/LXVI.1.65"],"_id":"0A32616725004754DD9EDA1ED0D6C1DD0BA79312"}