{"corpusName":"oup","keywords":{"teeft":["eisenstadt","offertory","aria","applausus","sacred work","haydn","esterhazy","timpani","eisenstadt collection","larsen","joseph haydn","regina","capo form","musical quarterly","eisenstadt part","church music","german text","second soprano","middle section","salve regina","bass part","breitkopf hartel","vienna national library","solo voice","drei haydn kataloge","salus infirmorum","lauda sion salvatorem","main section","first part","bass solo","original manuscript","woodwind instrument","middle part","fratres misericordiae","capo aria","title page","long time","esterhazy archive","soprano solo","autograph","capo","solo"]},"author":[{"name":"KARL GEIRINGER"}],"articleId":["XLV.4.460"],"arkIstex":"ark:/67375/HXZ-HJMX0GNH-J","language":["eng"],"originalGenre":["research-article"],"qualityIndicators":{"score":6.265,"pdfWordCount":4882,"pdfCharCount":26765,"pdfVersion":1.5,"pdfPageCount":15,"pdfPageSize":"438.719 x 668.88 pts","pdfWordsPerPage":325,"pdfText":true,"refBibsNative":false,"abstractWordCount":0,"abstractCharCount":0,"keywordCount":0},"title":"THE SMALL SACRED WORKS BY HAYDN IN THE ESTERHAZY ARCHIVES AT EISENSTADT","genre":["research-article"],"host":{"title":"The Musical Quarterly","language":["unknown"],"issn":["0027-4631"],"eissn":["1741-8399"],"publisherId":["musqtl"],"volume":"XLV","issue":"4","pages":{"first":"460","last":"472"},"genre":["journal"],"subject":[{"value":"Articles"}]},"namedEntities":{"unitex":{"date":["1799","1957","1784","1770s","1791","1767","1756","1763","1781","1959","1797","1805","1771","in the 18th century"],"geogName":[],"orgName":["Haydn Institute, Cologne","Budapat National Muawm","Austria, Prince","National Library, Vienna","Austria for Josephine","Vienna National Library No","Budapest National Museum","Vienna National Library"],"orgName_funder":[],"orgName_provider":[],"persName":["M. Brand","Esterhazy","Sion Salrfatorem","Werner","Johann Harich","Luigi Tomasini","Landon","Haydn","Joseph Weigl","Joseph Haydn","Sion Salvatorem","Anton Scheffstoss","H. G. Rabbins","H. Botstiber","Josephine Tomasini","Zoltan Kodil","Anna Maria","J. P. Larsen","Pater Odo","Josephus Haydn","Ludwig van Beethoven","Scheffstoss","Anthony van Hoboken","Aria de Adventu","Sandor Wolf","H. C. Robbins","Ave Regina"],"placeName":["Leipzig","Eisenstadt","Paris","Marburg","Austria","Ufa","Kassel","Darmstadt","Vienna","York","Copenhagen","Hungary","Mainz","Salzburg","Budapest"],"ref_url":[],"ref_bibl":["Ignatii Schneller, 1839"],"bibl":[]}},"ark":["ark:/67375/HXZ-HJMX0GNH-J"],"categories":{"wos":[],"scienceMetrix":["1 - arts & humanities","2 - visual & performing arts","3 - music"],"scopus":["1 - Social Sciences","2 - Arts and Humanities","3 - Music"]},"publicationDate":"1959","copyrightDate":"1959","enrichments":{"type":["multicat","refBibs","teeft","unitex"]},"doi":["10.1093/mq/XLV.4.460"],"_id":"BB4988756E49F457C26ED308E7E97E855C42D252"}