{"corpusName":"oup","keywords":{"teeft":["hensel","piano trio","therese","kruse","fifth symphony","public concert","fanny hensel","felix mendelssohn","friend therese","stefan weinzierl","josephine deym","liebhaber concerte","john passion","cello sonata","matthias kruse","mendelssohn family","mendelssohn","fuel future debate","significant contribution","previous year","other activity","marie erdody","ferdinand ries","others josephine deym","pasqualati house","much time","early eighteenthcentury musical","latest effort","diverse activity","single narrative","coherent overview","whole year","useful contribution","beethoven scholarship","ideal title","hypothetical book","major work","minor work","helmut loo","hermann jung","choral fantasia jung","various writer","slow movement","nicholas lockey princeton university","smallerscale tendency","liebhaber concert series","bella broverlubovsky","direct connection","historical topic","separate study","little overall coherence","political context","broadest level","biographical observation","several music example","large number","various type","period much","beethoven literature","similar book","twentieth century","main conclusion","critical response","several early review","early response","much centred","germanspeaking world","supplementary study","german democratic republic","much attention","apparent approval","present century","pastoral predecessor","portrait musical","disparate material","musical commentary","musical form","question such","pictorial movement such","sonata form","interesting idea","occasional storm","more emphasis","scientific investigation","biological taxonomy","major cello sonata","point inscription","specific situation","french invasion","previous month","human misery","difficult political situation","immediate surroundings","melodic similarity","first movement","sorrowful aria","largescale planning","martin zenck","spaten beethoven","such flawed premiss","proper composition","different aspect","ingenious culmination","previous setting","opening phrase","biographical background","wegzeichen musik","less persuasive","choral fantasia","little originality","several pertinent quotation","biographical account","renowned educator johann heinrich pestalozzi","good work","young child","founding several","useful overview","ennoble humanity","different way","final contribution","single season","georg olm","seventeenth century","chaotic concert situation","regular system","regular programme format","regular repertory","major advance","regular series","single venue","regular professional orchestra","function more","little interconnection","diverse array","overall content","barry cooper university","manchester fanny hensels chorwerke","stefan wolitz","wiener veroffentlichungen","han schneider","modern rediscovery","imaginary year","much activity","remarkable prodigy","trace today","many fascinating insight","minuscule portion","frenetic year","fortnightly concert","berlin family residence","public authorship","first publication","mendelssohn bartholdy","more work","principal publisher","breitkopf hartel","professional ambition","much more","posthumous publication","large bulk","full score","carl klingemann","several nineteenth","century memoir","letter eduard devrient","felix mendelssohn bartholdy","natalia macfarren","ferdinand hiller","charlotte moscheles","felix moscheles","karl klingemann","felix briefwechsel","legationsrat karl klingemann","talented pianist","acute musical judgement","paltry amount","vast bulk","public view","feminist movement","woman composer","song collection","essential fact","double counterpoint","painter wilhelm hensel","critical appraisal","groundbreaking work","victoria sirota","fanny mendelssohn hensel","boston university","marcia citron","enigmatic figure","public musical consciousness","piano piece"]},"author":[{"name":"Barry Cooper","affiliations":["University of Manchester"]}],"articleId":["gcp072"],"arkIstex":"ark:/67375/HXZ-G6H2V219-0","language":["eng"],"originalGenre":["book-review"],"qualityIndicators":{"score":2.837,"pdfWordCount":2120,"pdfCharCount":12865,"pdfVersion":1.4,"pdfPageCount":3,"pdfPageSize":"479.055 x 697.323 pts","pdfWordsPerPage":707,"pdfText":true,"refBibsNative":false,"abstractWordCount":0,"abstractCharCount":0,"keywordCount":0},"title":"1808 — ein Jahr mit Beethoven. Ed. by Ute Jung-Kaiser and Matthias Kruse.","genre":["book-reviews"],"host":{"title":"Music and Letters","language":["unknown"],"issn":["0027-4224"],"eissn":["1477-4631"],"publisherId":["musicj"],"volume":"90","issue":"4","pages":{"first":"687","last":"689"},"genre":["journal"],"subject":[{"value":"Reviews of Books"}]},"namedEntities":{"unitex":{"date":["1807","1847","1990s","2009-10-27","1808","in the seventeenth century","1850","1820s","throughout the nineteenth and twentieth centuries","1970s","1805","1879","1980s","1846"],"geogName":[],"orgName":["University of Manchester"],"orgName_funder":[],"orgName_provider":[],"persName":["Matthias Kruse","John Passion","Johann Heinrich","Charlotte Moscheles","Hans Schneider","Fanny Hensels","Helmut Loos","Felix Moscheles","Cello","Martin Zenck","Carl Klingemann","Fanny Mendelssohn","Eduard Devrient","Ferdinand Hiller","Therese von Brunsvik","M. E. von Glehn","Wilhelm Hensel","Sebastian Hensel","Beethoven","Karl Klingemann","E. T. A. Hoffmann","Fanny Hensel","Felix Mendelssohn","Natalia Macfarren","Ute JungKaiser","Marie Erdody","Felix Mendelssohn-Bartholdys","Ferdinand Ries","My Recollections","Archduke","Hermann Jung","German Democratic","Peter Gulke","Stefan Weinzierl","Stefan Wolitz","Josephine Deym"],"placeName":["Leipzig","London","Vienna","York","Zurich","Heiligenstadt"],"ref_url":[],"ref_bibl":["London, 1888","London, 1882","Boston University, 1981","London, 1869","Stuttgart, 1986","May 1809","London, 1874","Essen, 1909"],"bibl":[]}},"ark":["ark:/67375/HXZ-G6H2V219-0"],"categories":{"wos":[],"scienceMetrix":["1 - arts & humanities","2 - visual & performing arts","3 - music"],"scopus":["1 - Social Sciences","2 - Arts and Humanities","3 - Music"]},"publicationDate":"2009","copyrightDate":"2009","enrichments":{"type":["multicat","refBibs","teeft","unitex"]},"doi":["10.1093/ml/gcp072"],"_id":"E15E12B305A46017A42CDFA2EE61D4CE760ECA0D"}