{"corpusName":"sage","keywords":{"teeft":["herz","jullien","gottschalk","comettant","good music","elegant fountains","oscar comettant","fine arts","promenade concerts","marche marocaine","small number","music educators journal","church choirs","catholic churches","entire masses","great masters","organ accompaniment","much success"]},"author":[{"name":"Oscar Comettant","affiliations":["The editor is Professor of History, Kalamazoo College, Kalamazoo, Michigan"]},{"name":"Ivor D. Spencer","affiliations":["The Translator is Professor of History, Kalamazoo College, Kalamazoo, Michigan"]}],"articleId":["10.2307_3392419"],"arkIstex":"ark:/67375/M70-C5R35MV5-G","language":["eng"],"originalGenre":["research-article"],"qualityIndicators":{"score":5.004,"pdfWordCount":2992,"pdfCharCount":16853,"pdfVersion":1.5,"pdfPageCount":6,"pdfPageSize":"612 x 879 pts","refBibsNative":false,"abstractWordCount":1,"abstractCharCount":0,"keywordCount":0},"title":"Musical America 1850 as Seen Through a French Squint","genre":["research-article"],"host":{"title":"Music Educators Journal","language":["unknown"],"issn":["0027-4321"],"eissn":["1945-0087"],"publisherId":["MEJ"],"volume":"55","issue":"6","pages":{"first":"43","last":"140"},"genre":["journal"]},"namedEntities":{"unitex":{"date":["1842","1854","1969","1850","1852","1846"],"geogName":[],"orgName":["France, Germany, Italy, Spain, and England"],"orgName_funder":[],"orgName_provider":[],"persName":["William Scharfenberg","Henri Herz","Sax","Antoine Joseph","Hackett","Gottschalk","Paris Conservatory","Oscar Comettant","Francois Joseph","France","Steffenone","Fetis","Peyne","Louis Antoine","Schaffenberg","Beethoven","Van Winkle","Lind","Sontag","Leopold de Meyer","Pyne","Henry Palmer","Bristow","Fry","Ivor D. Spencer","J. H. Hackett"],"placeName":["Venice","Philadelphia","Germany","United States","New Orleans","London","American","New York City","Europe","America","Baltimore","York","France"],"ref_url":[],"ref_bibl":[],"bibl":[]}},"ark":["ark:/67375/M70-C5R35MV5-G"],"publicationDate":"1969","copyrightDate":"1969","enrichments":{"type":["refBibs","teeft","unitex"]},"doi":["10.2307/3392419"],"_id":"46B9A8DEC0BC7391B3FD95DC8912ACA88F591488"}