{"corpusName":"cambridge","author":[{"name":"Donald Mitchell"}],"articleId":["04341"],"arkIstex":"ark:/67375/6GQ-425TFXT9-R","language":["eng"],"originalGenre":["research-article"],"abstract":"In many ways Edinburgh is the most substantial, the most luxurious, the most opulent of British Festivals, yet not necessarily the most interesting or even the most significant. It is as well to remind ourselves that British Festivals did not begin with, and certainly do not end at Edinburgh. They have been characters on our musical stage for many years, although all too often they have disguised themselves with distressing reticence in the drabbest robes and made use of a property-box that has not caught up with the times. The Messiah might give way to a younger work now and again, if the suggestion were not considered revolutionary. A change round of the cast, a draft of new blood, is always refreshing, and indeed essential, if a festival is not to become a funeral. Charles Stuart, writing in TEMPO in the autumn of 1947, bemoaned the complacency of the Leeds Festival of that year and gave a list of the “Festival battle-horses”—Beethoven's Ninth Symphony, Berlioz' Te Deum, Verdi's Requiem—which drew the cortège to its final resting place. The Leeds authorities seem to have realized the importance of a blood transfusion, and Mr. Stuart could not complain of the 1950 programme, which shows this Victorian infant (born in 1858) to be still of lusty and adventurous age and embarking on the second public performance in England of Britten's Spring Symphony, besides Honegger's rarely-heard King David, Rubbra's Morning Watch Motet, Strauss's Oboe Concerto and Vaughan Williams' Sixth Symphony.","qualityIndicators":{"score":7.128,"pdfWordCount":2176,"pdfCharCount":12595,"pdfVersion":1.4,"pdfPageCount":6,"pdfPageSize":"488.88 x 722.88 pts","refBibsNative":false,"abstractWordCount":246,"abstractCharCount":1509,"keywordCount":0},"title":"British Festivals: Some Comments on their Customs","pii":["S0040298200043412"],"genre":["research-article"],"host":{"title":"Tempo","language":["unknown"],"issn":["0040-2982"],"eissn":["1478-2286"],"publisherId":["TEM"],"issue":"16","pages":{"first":"6","last":"11","total":"6"},"genre":["journal"]},"ark":["ark:/67375/6GQ-425TFXT9-R"],"categories":{"inist":["1 - sciences humaines et sociales"]},"publicationDate":"1950","copyrightDate":"1950","enrichments":{"type":["nb","refBibs"]},"doi":["10.1017/S0040298200043412"],"_id":"8B66D37C5F0DBA08B48FAAB542683A98D6F35E65"}