{"corpusName":"oup","keywords":{"teeft":["lenz","second manner","second part","nineteenth century","mozart","last piano sonata","good deal","famous article","musical criticism","first half","mozart second part","first part","third manner","musical faculty","beethoven sonata","last period","beethoven"]},"author":[{"name":"ERNEST NEWMAN"}],"articleId":["VIII.2.268"],"arkIstex":"ark:/67375/HXZ-8V31L69B-0","language":["eng"],"originalGenre":["research-article"],"qualityIndicators":{"score":3.555,"pdfWordCount":2172,"pdfCharCount":11096,"pdfVersion":1.5,"pdfPageCount":5,"pdfPageSize":"490 x 706 pts","pdfWordsPerPage":434,"pdfText":true,"refBibsNative":false,"abstractWordCount":0,"abstractCharCount":0,"keywordCount":0},"title":"WILHELM VON LENZ","genre":["research-article"],"host":{"title":"Music and Letters","language":["unknown"],"issn":["0027-4224"],"eissn":["1477-4631"],"publisherId":["musicj"],"volume":"VIII","issue":"2","pages":{"first":"268","last":"272"},"genre":["journal"],"subject":[{"value":"Articles"}]},"namedEntities":{"unitex":{"date":["the nineteenth century","1844","1852","1927"],"geogName":[],"orgName":[],"orgName_funder":[],"orgName_provider":[],"persName":["Czemy","Beethoven","E. T. A. Hoffmann"],"placeName":[],"ref_url":[],"ref_bibl":[],"bibl":[]}},"ark":["ark:/67375/HXZ-8V31L69B-0"],"categories":{"wos":[],"scienceMetrix":["1 - arts & humanities","2 - visual & performing arts","3 - music"],"scopus":["1 - Social Sciences","2 - Arts and Humanities","3 - Music"]},"publicationDate":"1927","copyrightDate":"1927","enrichments":{"type":["multicat","refBibs","teeft","unitex"]},"doi":["10.1093/ml/VIII.2.268"],"_id":"3A80934D1500AE5EE459E6223713D16F98102B16"}