{"corpusName":"cambridge","author":[{"name":"Arthur Hutchings"}],"articleId":["04452"],"arkIstex":"ark:/67375/6GQ-ZV3V77DL-T","language":["eng"],"originalGenre":["research-article"],"abstract":"We have not been so annoyed by a tendentious pronoun since Vaughan Williams used it in “Do we want to hear old music as its composers intended?”, for WE regard Cosi as Mozart's loveliest score, with its exquisite serenade-band trellised by the strings and its wealth of vintage lyricism; not even poor productions and bad singers have yet turned it into a long evening for US. Beethoven thought that Mozart wasted musical riches upon the improbable and immoral, but we excuse the narrowness of genius when it may be responsible for the ethical rapture of the best parts of Fidelio. (An improbable and immoral work, WE think. Speech days and open days arranged by prison authorities just to indulge a taste for choruses? And what a scurvy treatment of the lower sort of people! How these lofty democratic puritans kow-tow to the nobs!) WE do not share Mr. Kerman's moral values, and as he is not Beethoven we merely want to smack him when he is rude.","qualityIndicators":{"score":6.745,"pdfWordCount":2741,"pdfCharCount":14352,"pdfVersion":1.4,"pdfPageCount":5,"pdfPageSize":"488.88 x 722.88 pts","refBibsNative":true,"abstractWordCount":167,"abstractCharCount":949,"keywordCount":0},"title":"About Opera","pii":["S0040298200044521"],"refBibs":[],"genre":["research-article"],"host":{"title":"Tempo","language":["unknown"],"issn":["0040-2982"],"eissn":["1478-2286"],"publisherId":["TEM"],"issue":"47","pages":{"first":"11","last":"15","total":"5"},"genre":["journal"]},"ark":["ark:/67375/6GQ-ZV3V77DL-T"],"categories":{"inist":["1 - sciences humaines et sociales"]},"publicationDate":"1958","copyrightDate":"1958","enrichments":{"type":["nb"]},"doi":["10.1017/S0040298200044521"],"_id":"CDAA7C249E3455068A88F9C867DB8D86044125B7"}