{"corpusName":"sage","keywords":{"teeft":["music supervisors","natural music","other arts","statical forms","emotional states","sensuous pleasure","emotional state","human spirit","direct response","intellectual associations","full appreciation","sensuous","musical compositions","show pieces","main function","quick succession","michael angelo","aesthetic pleasure","human sensibility","ninth symphonyof beethoven","sistine chapel","last supper","spatial arts","other hand","single instant","wagner opera","technical harmony","such study","emotional appeal","pastoral symphony","transcendent heaven","hearer"]},"author":[{"name":"Edward Howard Griggs A. M., L.H.D., L.L.D."}],"articleId":["10.2307_3382692"],"arkIstex":"ark:/67375/M70-VMG3Z3HN-R","language":["eng"],"originalGenre":["research-article"],"qualityIndicators":{"score":7.012,"pdfWordCount":5735,"pdfCharCount":33271,"pdfVersion":1.5,"pdfPageCount":12,"pdfPageSize":"486 x 702 pts","refBibsNative":false,"abstractWordCount":1,"abstractCharCount":0,"keywordCount":0},"title":"Music's Meaning to Humanity","genre":["research-article"],"host":{"title":"Music Educators Journal","language":["unknown"],"issn":["0027-4321"],"eissn":["1945-0087"],"publisherId":["MEJ"],"volume":"11","issue":"2","pages":{"first":"10","last":"68"},"genre":["journal"]},"namedEntities":{"unitex":{"date":["1924"],"geogName":[],"orgName":[],"orgName_funder":[],"orgName_provider":[],"persName":["Harris","Divine Comedy","Kinderscenen","Lecturer","Divine Comedyor","T. Harris","Beethoven","Please","Michael Angelo","Paradise Lost","Wm"],"placeName":["Europe","Russia"],"ref_url":[],"ref_bibl":[],"bibl":[]}},"ark":["ark:/67375/M70-VMG3Z3HN-R"],"publicationDate":"1924","copyrightDate":"1924","enrichments":{"type":["refBibs","teeft","unitex"]},"doi":["10.2307/3382692"],"_id":"0420ED35FD573CA3AA29A150FC2EADBC60AAC09D"}