{"corpusName":"oup","keywords":{"teeft":["handel","tonality","fugue","colour","sharp minor","other hand","first movement","saint matthew passion","such thing","minor key","sharp route","sharp key","sharp major","slow movement","first part","hammerclavier sonata","celestial light","young lady","harmonic series","piano concerto","minor triad","simpler key","funeral march","music lover","flat major","romantic day","modern music","seventh symphony","violin sonata","main tradition","dual tradition","bach","radiance","chopin"]},"author":[{"name":"W. WRIGHT ROBERTS"}],"articleId":["XI.1.58"],"arkIstex":"ark:/67375/HXZ-2HNKGBWK-1","language":["eng"],"originalGenre":["research-article"],"qualityIndicators":{"score":5.05,"pdfWordCount":5814,"pdfCharCount":29221,"pdfVersion":1.3,"pdfPageCount":13,"pdfPageSize":"472 x 701 pts","pdfWordsPerPage":447,"pdfText":true,"refBibsNative":false,"abstractWordCount":0,"abstractCharCount":0,"keywordCount":0},"title":"KEY QUALITY","genre":["research-article"],"host":{"title":"Music and Letters","language":["unknown"],"issn":["0027-4224"],"eissn":["1477-4631"],"publisherId":["musicj"],"volume":"XI","issue":"1","pages":{"first":"58","last":"70"},"genre":["journal"],"subject":[{"value":"Articles"}]},"namedEntities":{"unitex":{"date":["eighteenth century","1930","in the seventeenth century","The eighteenth century","in eighteenth century"],"geogName":[],"orgName":[],"orgName_funder":[],"orgName_provider":[],"persName":["Symons","M. Sabaneev","Handel","Langford","Don Giovanni","Beethoven","German Requiem","Siegfried Idyll","Quartet","Chopin","Mozart","M. Sabeneev"],"placeName":["Saint Matthew","Israel"],"ref_url":[],"ref_bibl":[],"bibl":[]}},"ark":["ark:/67375/HXZ-2HNKGBWK-1"],"categories":{"wos":[],"scienceMetrix":["1 - arts & humanities","2 - visual & performing arts","3 - music"],"scopus":["1 - Social Sciences","2 - Arts and Humanities","3 - Music"]},"publicationDate":"1930","copyrightDate":"1930","enrichments":{"type":["multicat","refBibs","teeft","unitex"]},"doi":["10.1093/ml/XI.1.58"],"_id":"4A24B29A64A394CB0965F193B1B8C3946D608340"}