{"corpusName":"oup","keywords":{"teeft":["solomon","immortal beloved","antonie brentano","psychological crisis","heiligenstadt testament","maynard solomon","psychoanalytic biography","early attitude","soundscape study","little house","sonata form","reconciliation","beethoven","adult life","associate editor","psychoanalytic journal american imago","renowned beethoven scholar","great life","thorough bibliography solomon supply","critical material","further reading","significant achievement","documentary material","conversation book","deaf composer","obvious achievement","beethoven scholar","schinner book","musical quarterly woman","unmailed letter","final chapter","detective novel","solomon review","disordered letter","unspecified year","rainy weather","travel route","muddy road","mail delivery","recent rendezvous","flattering photograph","additional evidence","biographical detail","solomon point","simple presentation","such individual situation","factual detail","larger psychological drama","love affair","more general pattern","primal family relationship","early year","alcoholic father","drinking wine","quieter moment","less quiet moment","young music teacher","motherly warmth","fantasy life","otto concept","family romance","surrogate hero","simplest manifestation","final year","persistent belief","baptism certificate","same name","mysterious origin","noble birth","persistent rumor","real father","smallest detail","biographical blurb","brother carl","brother name","academic speculation","full name","brother johann","brain eater","lifelong struggle","quaint european house","unequivocal rejection","various episode","shingle roof","musical development","main theme","serious emotional consequence","psychological struggle","emotional breakdown","sexual revulsion","musical production","bombastic rhetoric","creative crisis","real chance","nephew karl","musical quarterly beethoven","unresolved issue","family constellation","book beethoven","mythical family","ambivalent feeling","past struggle","false parent","dead brother","single body","many ghost","primal figure","familiar past","nobility pretense","blood tie","last piano sonata","missa solemnis","individual crisis","final resolution","primal conflict","mere summary","musical order","character trait","psychological name","occasional excess","symbolic reading","musical juxtaposition","psychological reading","musical section","book segment","composition beethoven","critical judgment","other music authority","critical reaction","sharp contrast","ninth symphony","interpretive structure solomon","awesomely convincing","debatable part","picket fence","life end","less convincing","arguable view","logical conclusion","positive resolution","psychological drama","final direction","biographical drama move","psychological stage","final moment","necessary stage","obscure sense necessary","least useful","creative quest","psychological goal","spiritual return","unsolved problem","final reconciliation","final composition","strict form","life journey","musical form","life modulates","different direction","final return","original motif","particular culture","conscious intention","life solomon","wider cultural phenomenon","circuitous evolutionary journey","freudian psychoanalysis","certain extent","musical quarterly self","psychological struggle widi mental ghost","internal danger","more traditional","certain respect","spiritual development","contemporary beethoven","view rigor","psychological model","cultural understanding","artistic hero","childhood home present","fine life","petty human struggle","ordinary life","music edward rothstein","murray schafer","murray book","rare text","musical science","superficial first glance","noise pollution","thoughtful reader","social responsibility","major struggle","scientific investigation","sonic environment","real physical father"]},"author":[{"name":"EDWARD ROTHSTEIN"}],"articleId":["LXIV.3.389"],"arkIstex":"ark:/67375/HXZ-W708DC6P-5","language":["eng"],"originalGenre":["book-review"],"qualityIndicators":{"score":2.464,"pdfWordCount":2414,"pdfCharCount":13700,"pdfVersion":1.2,"pdfPageCount":6,"pdfPageSize":"442 x 677 pts","pdfWordsPerPage":402,"pdfText":true,"refBibsNative":false,"abstractWordCount":0,"abstractCharCount":0,"keywordCount":0},"title":"Reviews of Books","genre":["book-reviews"],"host":{"title":"The Musical Quarterly","language":["unknown"],"issn":["0027-4631"],"eissn":["1741-8399"],"publisherId":["musqtl"],"volume":"LXIV","issue":"3","pages":{"first":"389","last":"394"},"genre":["journal"],"subject":[{"value":"REVIEWS OF BOOKS"}]},"namedEntities":{"unitex":{"date":["1802","1812","1978"],"geogName":[],"orgName":[],"orgName_funder":[],"orgName_provider":[],"persName":["J. W. N. Sullivan","R. Murray","Mass","Otto Rank","Beethoven","Antonie Brentano","Solomon","Alfred A. Knopf"],"placeName":["Vietnam","Bonn","York","Heiligenstadt"],"ref_url":[],"ref_bibl":[],"bibl":[]}},"ark":["ark:/67375/HXZ-W708DC6P-5"],"categories":{"wos":[],"scienceMetrix":["1 - arts & humanities","2 - visual & performing arts","3 - music"],"scopus":["1 - Social Sciences","2 - Arts and Humanities","3 - Music"]},"publicationDate":"1978","copyrightDate":"1978","enrichments":{"type":["multicat","refBibs","teeft","unitex"]},"doi":["10.1093/mq/LXIV.3.389"],"_id":"3C554EAA746A24A2E36599A001AB5D149C01A5A9"}