{"corpusName":"oup","keywords":{"teeft":["dussek","clementi","pianoforte","london pianoforte school","musical quarterly","pinto","blom","opus","eric blom","sonata opus","great variety","other hand","first movement","beethoven","middle class","broadwood piano","chapel hill","adolf stauch","keyboard composer","minor sonata","piano sonata opus","same token","dussek sonata","keyboard sonata","john field","george frederick pinto","sonata","mozart"]},"author":[{"name":"ALEXANDER L. RINGER"}],"articleId":["LVI.4.742"],"arkIstex":"ark:/67375/HXZ-06QPJWRQ-7","language":["eng"],"originalGenre":["research-article"],"qualityIndicators":{"score":4.551,"pdfWordCount":4501,"pdfCharCount":26256,"pdfVersion":1.3,"pdfPageCount":17,"pdfPageSize":"447 x 684 pts","pdfWordsPerPage":265,"pdfText":true,"refBibsNative":false,"abstractWordCount":0,"abstractCharCount":0,"keywordCount":0},"title":"BEETHOVEN AND THE LONDON PIANOFORTE SCHOOL","refBibs":[{"author":[{"name":"@bullet Cf. Alexander Wheelock Thayer"}],"publicationDate":"1964","host":{"title":"Lift of Buthoven II","publicationDate":"1964","author":[],"pages":{"first":"919"}}},{"title":"A Scottish Encyclopedist and the Pianoforte","author":[{"name":"Edwin,M Ripin"}],"publicationDate":"1969","host":{"title":"Tht Musical Quartirly LV","publicationDate":"1969","author":[],"pages":{"first":"496"}}},{"author":[{"name":"Cf. Anton Felix Schindler"}],"publicationDate":"1966","host":{"title":"Bttthovtn As I 'Knew Him","publicationDate":"1966","author":[],"pages":{"first":"379"}}},{"host":{"title":"exchanges of clearly defined thematic material and decorative figurations between the two hands. As can be seen in Ex. 11, both Dussek and Beethoven add sonorous \"fillers\" whenever the thematic material Ex","author":[]}},{"host":{"title":"44, second mvt., mm","author":[{"name":"Op Dusiek"}],"pages":{"first":"38","last":"40"}}},{"host":{"title":"Op. 81a, second mvt., mm","author":[{"name":" Beethoven"}],"pages":{"first":"15","last":"17"}}},{"host":{"author":[{"name":" Dussck"}],"pages":{"first":"0","last":"39"}}},{"host":{"author":[{"name":"Op Beethoven"}],"pages":{"first":"106","last":"9"}}}],"genre":["research-article"],"host":{"title":"The Musical Quarterly","language":["unknown"],"issn":["0027-4631"],"eissn":["1741-8399"],"publisherId":["musqtl"],"volume":"LVI","issue":"4","pages":{"first":"742","last":"758"},"genre":["journal"],"subject":[{"value":"Articles"}]},"namedEntities":{"unitex":{"date":["1790","1818","fifteenth century","1807","1970","1814","1815","1804","1809","1800","1797","1823","1812","1798","1787","1817","1806","1794","1824"],"geogName":[],"orgName":["France for England"],"orgName_funder":[],"orgName_provider":[],"persName":["Oliver Strunk","J. B. Schaul","Ludwig van Betthovtns","Johann Andreas","J. S. Shedlock","Peter Salomon","Hubert J. Foss","Georges de Saint","Jerald Graue","J. Racek","Max Unger","John S. Shedlock","William Mason","Julius Benedict","Elliot Forbes","Adolf Stauch","Alexander L. Ringer","Richard Wagner","Paul Bekker","William S. Newman","Franz Grillparzer","German Cramer","Eric Blom","Temperley","Donald W. MacArdle","Edwin M. Ripin","Anton Felix","Michael Hamburger","Franz Wegeler","Donald Francii","V. J. Sykora","John Field","Joseph Czerny","Frederick Pinto","M. Girdlestone","Arnold Hauser","Alexander Wheelock","Ferdinand Ries","Nicholas Temperley","Carl Czerny","Sonata","Ludwig Berger","Karl Amenda","Nicholaj Temperley"],"placeName":["Garden City","Bonn","Foix","London","Europe","Vienna","York","France","England"],"ref_url":[],"ref_bibl":["London, 1958","London, 1893","Berlin, 1921","Berlin, 1942","Oberkassel bei Bonn, 1930","New York, 1950","London, 1895","Langeiualza, 1914","Prague, 1960","London, 1965","October, 1811"],"bibl":[]}},"ark":["ark:/67375/HXZ-06QPJWRQ-7"],"categories":{"wos":[],"scienceMetrix":["1 - arts & humanities","2 - visual & performing arts","3 - music"],"scopus":["1 - Social Sciences","2 - Arts and Humanities","3 - Music"]},"publicationDate":"1970","copyrightDate":"1970","enrichments":{"type":["multicat","refBibs","teeft","unitex"]},"doi":["10.1093/mq/LVI.4.742"],"_id":"1EA5367783C02EE70D5F8344F2F2440428EDD731"}