{"corpusName":"oup","keywords":{"teeft":["musical quarterly","aesthetic experience","contemporary music","other art","present time","abstract form","musical expression","future experiment","fallacy long deceased","psychological appeal","more poignant","more permanent","motive force","long period","plastic appeal","count more","special application","pictorial composition","dozen hearing","programmatic basis","single repetition","musical design","binyonand music","alpine symphony","formal beauty","musical intent","great amount","theatre music","emotional process","endless series","colour relation","verbal definition","bernard shaw","professor definition","various part","natural sequence","anxious forethought","great work","first place","second place","inferior music","inarticulate work","great value","odious charge","inspiration absent","plastic design","greater value","other incidental consideration","greatest gift","various stage","other experience","musical experience","satisfactory explanation","high degree","technical attainment","essential orderliness","perfect relation","cardinal issue","awkward subject","dazzling beam","vivisection experiment","real campaign","scientific probe","dogmatic form","creative impulse","uncompromising group","first group","strong argument","great pioneer","strong reason","utilitarian purpose","present position","equal temperament","whole face","active part","actual surgery","scientific region","direct infliction","indirect infliction","other hand","fearless explorer","equal amount","discomforting auditory sensation","literal meaning","complex activity","single word","much waste","slightest error","basil maine","same line","argument more complete","documentary evidence","alban berg","master schonberg","fiftieth birthday","emotional nature","intellectual nature","first time","cause truth","musical public","more surprising","strip bare","antivivisectionist clothes","rich swathing","laurence binyon","musical paper","deliberate taunt","manchester guardian","solemn truth","large number","peculiar tyranny","unique language","mechanical process","human daily food","definite relationship","common round","daily life","such phrase","radical heart","arbitrary connexion","much contemporary music","ample ether","platitudinizing process","daily consumption","single breath","regular interval","human sustenance","hearty meal","intrinsic value","objective process","sorry state","musical work","real necessity","manchester guardian contributor","idiomatic language","certain amount","present state","archangelic quality","verbal utterance","sonata form","natural growth","contemporary composer","associate decadence","feverish reaction","false sentiment","manchester guardian writer","domestic symphony","earthly thing","intangible thing","elegant expression","long association","human need","nothing arbitrary","wild notion","whole phrase","definite image","artificial respiration","less dependent","direct vehicle","human intercourse","more remote","extensive medium","greater liberty","greater license","many reason","more difficult","final judgment","poetic composition","poetic utterance","philosophic irrelevance","less tangible","certain type","contemporary criticism","english critic","problematic personality","vast endless","sweeter ignorance"]},"author":[{"name":"BASIL MAINE"}],"articleId":["XVIII.3.375"],"arkIstex":"ark:/67375/HXZ-8RV22TLQ-N","language":["eng"],"originalGenre":["research-article"],"qualityIndicators":{"score":3.022,"pdfWordCount":2972,"pdfCharCount":15702,"pdfVersion":1.3,"pdfPageCount":8,"pdfPageSize":"452 x 688 pts","pdfWordsPerPage":372,"pdfText":true,"refBibsNative":false,"abstractWordCount":0,"abstractCharCount":0,"keywordCount":0},"title":"SHAW, WELLS, BINYON—AND MUSIC","genre":["research-article"],"host":{"title":"The Musical Quarterly","language":["unknown"],"issn":["0027-4631"],"eissn":["1741-8399"],"publisherId":["musqtl"],"volume":"XVIII","issue":"3","pages":{"first":"375","last":"382"},"genre":["journal"],"subject":[{"value":"Articles"}]},"namedEntities":{"unitex":{"date":["1932"],"geogName":[],"orgName":[],"orgName_funder":[],"orgName_provider":[],"persName":["Alban Berg","Wells","Debussy","Don Juan","Shaw","Beethoven","Laurence Binyon","Binyon","Bernard Shaw","H. G. Wells","Fry","Even Ravel"],"placeName":["Manchester"],"ref_url":[],"ref_bibl":[],"bibl":[]}},"ark":["ark:/67375/HXZ-8RV22TLQ-N"],"categories":{"wos":[],"scienceMetrix":["1 - arts & humanities","2 - visual & performing arts","3 - music"],"scopus":["1 - Social Sciences","2 - Arts and Humanities","3 - Music"]},"publicationDate":"1932","copyrightDate":"1932","enrichments":{"type":["multicat","refBibs","teeft","unitex"]},"doi":["10.1093/mq/XVIII.3.375"],"_id":"59B9C64F4DAB9857EAA91F26AEC6FCCFEEF6ABD5"}