{"corpusName":"oup","keywords":{"teeft":["liszt","ideality","modern musical ideality","richard wagner","franz liszt","dionysius","berlioz","musical quarterly","franck","same time","nietzsche","practical reason","classical music","dramatic music","italian opera","special regard","cesar auguste franck","creative force","program music","tragic myth","sonata form","other hand","great artist","moral figure","french school","symphonic poem","musical drama","tragic sentiment","symphonic drama","great master","instinctive wisdom","last century","harmonic","franz","beethoven","ludwig"]},"author":[{"name":"GUIDO ALBERTO FANO"}],"articleId":["III.3.319"],"arkIstex":"ark:/67375/HXZ-SW3BXKT4-0","language":["eng"],"originalGenre":["research-article"],"qualityIndicators":{"score":5.05,"pdfWordCount":8124,"pdfCharCount":46710,"pdfVersion":1.3,"pdfPageCount":21,"pdfPageSize":"614 x 798 pts","pdfWordsPerPage":387,"pdfText":true,"refBibsNative":false,"abstractWordCount":0,"abstractCharCount":0,"keywordCount":0},"title":"THE CREATORS OF MODERN MUSICAL IDEALITIES","genre":["research-article"],"host":{"title":"The Musical Quarterly","language":["unknown"],"issn":["0027-4631"],"eissn":["1741-8399"],"publisherId":["musqtl"],"volume":"III","issue":"3","pages":{"first":"319","last":"339"},"genre":["journal"],"subject":[{"value":"Articles"}]},"namedEntities":{"unitex":{"date":["1917","1865","1837","the 17th century","the 19th Century","1830"],"geogName":[],"orgName":["France and Germany, Franz Liszt"],"orgName_funder":[],"orgName_provider":[],"persName":["Alphonse de Lamartine","Arnold SchOnberg","Franz Liszt","J. G. Prod","Alexander Scriabine","Eugene Ysaye","Jean Chantavoine","Auguste Franck","Victor Hugo","Divine Comedy","Richard Wagner","Friedrich Nietzsche","Antonio Bazrini","Julia Qngory","Giovanni Sgambati","Beethoven","Giuseppe Martucci","Giuseppe Verdi","Max Reger","Igor Strawinsky","Ambroise Thomas","von Wittgenstein","Emmanuel Chabrier","Claude Debussy","Maurice Ravel"],"placeName":["Naples","Leiden","Germany","Bonn","Europe","Bayreuth","Vienna","Rome","Weimar","Italy"],"ref_url":[],"ref_bibl":["November, 1834","Naples, 1918"],"bibl":[]}},"ark":["ark:/67375/HXZ-SW3BXKT4-0"],"categories":{"wos":[],"scienceMetrix":["1 - arts & humanities","2 - visual & performing arts","3 - music"],"scopus":["1 - Social Sciences","2 - Arts and Humanities","3 - Music"]},"publicationDate":"1917","copyrightDate":"1917","enrichments":{"type":["multicat","refBibs","teeft","unitex"]},"doi":["10.1093/mq/III.3.319"],"_id":"2E205F6E229FB1815B59895081802F23861C277C"}