{"corpusName":"sage","keywords":{"teeft":["lockhart","york city","schirmer","fischer","carl fischer","festival cantata","beethoven minuet","western world","field work","symphonic band"]},"author":[{"name":"Huldah Jane Kenley"}],"articleId":["10.2307_3384251"],"arkIstex":"ark:/67375/M70-Z51MV4B0-M","language":["eng"],"originalGenre":["review-article"],"qualityIndicators":{"score":3.209,"pdfWordCount":1197,"pdfCharCount":7286,"pdfVersion":1.4,"pdfPageCount":1,"pdfPageSize":"612 x 900 pts","refBibsNative":false,"abstractWordCount":1,"abstractCharCount":0,"keywordCount":0},"title":"Choral Octavo—Mixed, Unaccompanied","genre":["review-article"],"host":{"title":"Music Educators Journal","language":["unknown"],"issn":["0027-4321"],"eissn":["1945-0087"],"publisherId":["MEJ"],"volume":"19","issue":"5","pages":{"first":"62","last":"62"},"genre":["journal"]},"namedEntities":{"unitex":{"date":["1933"],"geogName":["Mayhew Lake"],"orgName":["E NATIONAL BAND BOOK","For Stringed Instruments","Carl Fischer, Inc.","Gamble Hinged Music Co.","Schirmer, Inc, New York City","Schirmer, Inc., New York City","Elkan-Vogel Co.","Sage Publications Ltd.","Oxford University","Summy Co","Carl Fischer, Inc., New York City","Hoffman Co., Chicago"],"orgName_funder":[],"orgName_provider":[],"persName":["H. J. Woods","Enrique Granados","Hazel Gertrude","Pierre Dupont","Franz Bomschein","L. F. Rebmann","LEE Page","Max T. Krone","Williams School","Ernest Read","Carl Busch","M. Witmark","Martin J. Luvaas","Tom Clark","John Julius","Herbert Brandvig","Michael Praetorius","Elisabeth Newman","Michael Diack","Carol Christopher","Hindsley","Busch","Anton Weiss","Charles J. Rob","Claude Debussy","Carl F. Mueller","Chenette","Ed Chenette","Mark H. Hindsley"],"placeName":["New York City"],"ref_url":[],"ref_bibl":[],"bibl":[]}},"ark":["ark:/67375/M70-Z51MV4B0-M"],"publicationDate":"1933","copyrightDate":"1933","enrichments":{"type":["refBibs","teeft","unitex"]},"doi":["10.2307/3384251"],"_id":"1D7150FFEB69ED332417442FD3EBF1B21F267517"}