{"corpusName":"oup","author":[{"name":"WILLIAM S. NEWMAN"}],"articleId":["LXIV.1.113"],"arkIstex":"ark:/67375/HXZ-3JB1J9K6-4","language":["eng"],"originalGenre":["book-review"],"qualityIndicators":{"score":5.439,"pdfWordCount":4056,"pdfCharCount":21933,"pdfVersion":1.5,"pdfPageCount":9,"pdfPageSize":"436 x 669 pts","pdfWordsPerPage":451,"pdfText":true,"refBibsNative":false,"abstractWordCount":0,"abstractCharCount":0,"keywordCount":0},"title":"REVIEWS OF RECORDS","genre":["book-reviews"],"host":{"title":"The Musical Quarterly","language":["unknown"],"issn":["0027-4631"],"eissn":["1741-8399"],"publisherId":["musqtl"],"volume":"LXIV","issue":"1","pages":{"first":"113","last":"121"},"genre":["journal"],"subject":[{"value":"REVIEWS OF RECORDS"}]},"namedEntities":{"unitex":{"date":["1861","1930s","in the nineteenth century","1863","1978"],"geogName":[],"orgName":[],"orgName_funder":[],"orgName_provider":[],"persName":["Kuerti","Kenneth Drake","Even Beethoven","Leopold Mozart","Malcolm Bilson","Anton Kuerti","The","Artur Schnabel","Eleanor Sniderman","German Forster","Don Mills"],"placeName":["Halle","London","York"],"ref_url":[],"ref_bibl":[],"bibl":[]}},"ark":["ark:/67375/HXZ-3JB1J9K6-4"],"categories":{"wos":[],"scienceMetrix":["1 - arts & humanities","2 - visual & performing arts","3 - music"],"scopus":["1 - Social Sciences","2 - Arts and Humanities","3 - Music"]},"publicationDate":"1978","copyrightDate":"1978","enrichments":{"type":["multicat","refBibs","unitex"]},"doi":["10.1093/mq/LXIV.1.113"],"_id":"9C33597E4BEC462AFC3C9DCB9AEDF2CC32CF1B54"}