{"corpusName":"sage","keywords":{"teeft":["stage band","improvising","jazz style","piano score","improviser","great deal","chord tones","student improviser","tone quality","easy pieces","certain amount","young improviser","instrumental teachers","high school students","representative recordings","volume paperbound","improvising jazz","concert band","order form","popular music","young musician","melodic line","stage band rehearsals","musical ideas","chord","rehearsal"]},"author":[{"name":"James Hewitt"}],"articleId":["10.2307_3390596"],"arkIstex":"ark:/67375/M70-40B21SS3-2","language":["eng"],"originalGenre":["research-article"],"qualityIndicators":{"score":4.857,"pdfWordCount":2845,"pdfCharCount":18420,"pdfVersion":1.6,"pdfPageCount":6,"pdfPageSize":"648 x 864 pts","refBibsNative":false,"abstractWordCount":1,"abstractCharCount":0,"keywordCount":0},"title":"Helping Stage Band Members Learn to Improvise","genre":["research-article"],"host":{"title":"Music Educators Journal","language":["unknown"],"issn":["0027-4321"],"eissn":["1945-0087"],"publisherId":["MEJ"],"volume":"52","issue":"2","pages":{"first":"101","last":"106"},"genre":["journal"]},"namedEntities":{"unitex":{"date":["1965","1-2-3"],"geogName":[],"orgName":["KRAUS REPRINT CORPORATION","Associated Board of the Royal Schools of Music","Piano INC.","Music Bureau, Inc","MUSIC CORPORATION"],"orgName_funder":[],"orgName_provider":[],"persName":["Andrew Adorian","Norman Dello","Brian Kelley","Neil Butterworth","Jerry Coker","Guy Halahan","Jazz Style","Douglas Jones","Glenn Miller","John Morrissey","Ronald Keates","Howard Blake","Ludwig van Beethoven","Trevor Widdicombe","Jazz Orchestra","Bill Russo"],"placeName":["San Leandro","Nice","America","N.Y.","York"],"ref_url":[],"ref_bibl":["Mutual Music Society, Inc., 1943","Prentice-Hall, Inc., 1964","Chicago: University of Chicago Press, 1961"],"bibl":[]}},"ark":["ark:/67375/M70-40B21SS3-2"],"publicationDate":"1965","copyrightDate":"1965","enrichments":{"type":["refBibs","teeft","unitex"]},"doi":["10.2307/3390596"],"_id":"9BBF944655260A374B15D217F85479FB2F74CB04"}