{"corpusName":"oup","keywords":{"teeft":["cantillation","conversation book","greatest creative achievement","private personality","sole guardianship","younger brother","hebrew bible","impulsive attitude","major bayliss","further advantage","various hand","thurston dart","manuscript paper","soloist entry","english house","american translation","human relation","editha richard sterba","closest emotional attachment","contradictory chapter","private life","paternal affection","great uncle","unbalanced disposition","incomprehensible degree","immediate cause","irrational whim","intractable karl","mother johanna","strange thing","documentary evidence","comprehensive biography","alternative setting","other authentic material","opposite direction","great artist","ordinary mortal","older type","high ethical personality","present book","ideal review","lofty myth","question stature","futile undertaking","sharpest possible focus","mysterious discrepancy","exalted ethos","many reader","crass defect","present owner","psychoanalytic study","freudian theory","human mind","irrational mode","latent symbolism","modern biography","such invaluable heuristic","great human","such aid","solid knowledge","principal freudian concept","richard sterba","ideal qualification","delicate task","chief subject","illuminating light","in life","immense central conflict","female component","more explicit","strong unconscious impulse","copious documentary extract","court deposition","other person","vital importance","such overwhelming force","inevitable in resistance","intrinsic truth","various woman","different period","recurrent pattern","initial erotic interest","emotional attachment","particular woman","defence mechanism","total withdrawal","famous letter","unsterbliche geliebte","latent misogyny","pathological character","womanless solitude","same period","attractive young carl maria","striking contrast","irate behaviour","male friend","possible doubt","homosexual proclivity","final chapter","natural family bond","immoderate love","moral damage","shady business transaction","method beethoven","plausible case","goldschmidt manuscript","private possession","long period","paranoic form","evil power","deleterious influence","actuating unconscious motive","homosexual tendency","in torment","irrational possessiveness","such repudiation","psychological process","first evincing","more positive","loving aspect","natural feeling","negative trait","basest motive","outrageous distortion","such stratagem","great name","savage outburst","irresistible fascination","filial sentiment","titanic personality","adverse psychological effect","last analysis","subsequent career","terrible experience","real sufferer","causal nexus","emotional absorption","psychological state","moral structure","abortive suicide","ultimate symbolism","substitute action","other word","real object","true significance","total rejection","complete reversal","emotional independence","moral disintegration","last ninth symphony","missa solemnis","large extent","vast emotional conflict","tragic beethoven","personal life","early thirty","irremediable loss","enlightened reader","moral judgment","inverted tendency","peculiar psychological constitution","tragic tale","profound compassion","letter pelled","mental suffering","unanswerable question","sexual ambivalence","same intensity","same lofty ethos","same degree","durable tool","solomon rosowsky","reconstructionist press","eastern church","ecphonetic accentuation","interesting aspect","special case","handelian textual scholarship","second century","possible approach","present purpose","latter term","musical conclusion valid","solomon large book","many year","gregorian plainsong","amedee gastoue","such experiment","historical test","rosowsky renounces","notated source","hebrew cantillation","internal phonetic evidence","subjective element","individual trope","hexasyllabic word","simple combination","such motif","entire verse","book limit","prophetic book","major group","jewish tradition","same sign","ecphonetic notation","different musical motif","divergent mode","author set","musical tradition","trope combination"]},"author":[{"name":"M. C."}],"articleId":["XXXIX.2.174"],"arkIstex":"ark:/67375/HXZ-JJ6QM0RW-8","language":["eng"],"originalGenre":["book-review"],"qualityIndicators":{"score":2.525,"pdfWordCount":2475,"pdfCharCount":14400,"pdfVersion":1.3,"pdfPageCount":5,"pdfPageSize":"482 x 696 pts","pdfWordsPerPage":495,"pdfText":true,"refBibsNative":false,"abstractWordCount":0,"abstractCharCount":0,"keywordCount":0},"title":"REVIEWS OF BOOKS","genre":["book-reviews"],"host":{"title":"Music and Letters","language":["unknown"],"issn":["0027-4224"],"eissn":["1477-4631"],"publisherId":["musicj"],"volume":"XXXIX","issue":"2","pages":{"first":"174","last":"178"},"genre":["journal"],"subject":[{"value":"Reviews of Books"}]},"namedEntities":{"unitex":{"date":["from the second century A.D.","1958","1816"],"geogName":[],"orgName":[],"orgName_funder":[],"orgName_provider":[],"persName":["Freudian","Freud","Carl Maria","M. Amedee","Solomon Rosowsky","Thurston Dart","Rosowsky","W. S. Beethoven","Richard Sterba"],"placeName":["York"],"ref_url":[],"ref_bibl":[],"bibl":[]}},"ark":["ark:/67375/HXZ-JJ6QM0RW-8"],"categories":{"wos":[],"scienceMetrix":["1 - arts & humanities","2 - visual & performing arts","3 - music"],"scopus":["1 - Social Sciences","2 - Arts and Humanities","3 - Music"]},"publicationDate":"1958","copyrightDate":"1958","enrichments":{"type":["multicat","refBibs","teeft","unitex"]},"doi":["10.1093/ml/XXXIX.2.174"],"_id":"A0529C56E8AA839CB1A3A10BD03ACE677B604FA0"}