{"corpusName":"oup","keywords":{"teeft":["holderlin","diotima","nono","rihm","ibid","luigi","wenn","musik","darmstadt","aphorism","wolfgang rihm","hyperion","parataxis","luigi nono","nicht","malor","adorno","holderlin fragment","emilie","wolfgang","feme","webern","ponte","friedrich holderlin","trans","friedrich","wolfli","battuto","arco","name diotima","fragment","stuttgart","scala enigmatica","ihrem brauttag","klugen ratgeber","universal edition wien","kein ende","friedrich beissner adolf beck","musikalischer kontext","dichterischer text","musical aphorism","reicher stille","musical fragment","weiss","female voice","individual event","schatten stummes reich","otto kolleritsch","piano piece","ricorda cosa","geheimere welt","contemporary music review","holderlin text","string instrument","late beethoven","trauernd versank","quattro pezzi sacri","zweifelnde haupt","komponist wolfgang rihm","pitch material","renato garavaglia","hermann scherchen","franzosische revolution","bruno maderna","casa ricordi","neuen musik","young composer","versione libera","doris dopke","late poetry","poetische logik","poetic work","seliges angesicht","einsam fremd","neue rundschau","greater secret","heimatlichen meere","neckar friedlichschonen ufern","tiefste herz","deine wogen","freude flieht","aether hinauf","claudio abbado","music theatre piece","rich silence","einem blick","stuttgart edition","brief expression","musik luiginonos","hesiod werken","mute kingdom","stiller ewiger klarheit","leiser lust","late work","friedrich spangemacher","contemporary event","schweizerische musikzeitung","endless parade","possible relationship","individual sound","intricate network","richard sieburth","parallele zwischen salomon spriichwortern","mental illness","much more","eigene fleisch","acoustic structure","more effective","artificial disturbance","susette gontard","musical context","free prose","female character","zeit legt","subject matter","early romantic fragment","piano accompaniment","single note","gerhard muller","adjacent pitch","maximum contrast","individual unit","late hymn","adolf wolfli","alexander song","dream state","sdmtliche werke","gbtter wandelten einst","hyperion schicksalslied","past era"]},"author":[{"name":"CAROLA NIELINGERVAKIL"}],"articleId":["81.2.245"],"arkIstex":"ark:/67375/HXZ-0SWJ19KL-1","language":["eng"],"originalGenre":["research-article"],"qualityIndicators":{"score":5.717,"pdfWordCount":11636,"pdfCharCount":70280,"pdfVersion":1.4,"pdfPageCount":30,"pdfPageSize":"460 x 704 pts","pdfWordsPerPage":388,"pdfText":true,"refBibsNative":false,"abstractWordCount":0,"abstractCharCount":0,"keywordCount":0},"title":"QUIET REVOLUTIONS: HÖLDERLIN FRAGMENTS BY LUIGI NONO AND WOLFGANG RIHM","refBibs":[{"host":{"title":"Holderlin's poetic work wants to cite abstractions in such a way as to give them a second order of concreteness . .. Models of this movement of abstractions, or more precisely, very general words for existing entities which waver between the latter and abstraction, like Holderlin's pet word \"Ather\" [sic], occur frequently in the late hymns","author":[],"pages":{"first":"123","last":"4"}}},{"host":{"title":"Fiir mich dagegen ist das Schweigen—die musikalische Pause—vielmehr wirklich intensiv: man lebt dort gerade wie in einem Kreuzpunkt: dort schweigt man, man sieht, man muss wach sein nach alien Richtungen.' Nono as quoted in conversation with Kropfinger, in idem","author":[],"pages":{"first":"167"}}},{"author":[{"name":"Gerard Pape"}],"publicationDate":"1999","host":{"title":"57—66, at pp. 59—60. \" Ibid","publicationDate":"1999","author":[],"pages":{"first":"8"}}},{"host":{"title":"Ins eigne Fleisch...' (revised version), as given in","publicationDate":"1985","author":[{"name":"Wolfgang Rihm"}],"pages":{"first":"15","last":"16"}}},{"host":{"author":[{"name":"M Wolfgang Rihm"}],"pages":{"first":"64"}}},{"host":{"author":[{"name":"Wolfgang Rihm"},{"name":". Musik Ist"}],"pages":{"first":"85","last":"92"}}},{"host":{"publicationDate":"1988","author":[{"name":"Wolfgang Rihm"},{"name":"Offene Stellen—abbiegen Ins Andere ', In Reinhold"},{"name":"Wolfgang Urmetzer"},{"name":" Rihm"}],"pages":{"first":"65","last":"108"}}},{"title":"Nono's influence on Rihm is also discussed in the latter's '...zu wissen', an interview of 1985 with Rudolf Frisius","author":[{"name":"See "}],"publicationDate":"1990","host":{"title":"Mainz Rexroth","publicationDate":"1990","author":[],"pages":{"first":"17","last":"29"}}},{"host":{"author":[{"name":" Rihm"}],"pages":{"first":"31"}}},{"author":[],"publicationDate":"1987","host":{"title":"der Kammermusik', Beitrdge zu Beethovens Kammermusik 79—110. 69 The remaining seven poets were Trakl","publicationDate":"1987","author":[]}},{"host":{"author":[{"name":" Rihm"}],"pages":{"first":"55","last":"6"}}},{"host":{"title":"Celan and Holderlin have been regarded as representatives of a single poetic tradition. See Otto Lorenz, Schweigen in der Dichtung: Holderlin—Rilke—Celan. Studien zur Poetik deiktisch—elliptischer Schreibweisen","publicationDate":"1989","author":[]}},{"host":{"author":[{"name":" Rihm"},{"name":"Der Freiheit '"},{"name":"Wolfgang Komponist"},{"name":" Rihm"}],"pages":{"first":"67","last":"82"}}},{"host":{"title":"Novalis famously defined the early Romantic fragment as 'literary seedcorn' in BUitenstaub, one of the many collections of early Romantic fragments published in Friedrich Schlegel's journal Athenaeum","author":[]}},{"host":{"title":"Rihm refers to another of Novalis's fragments in his 'Ins eigene Fleisch","publicationDate":"1960","author":[],"pages":{"first":"413","last":"63"}}},{"title":"Zu Wolfgang Rihms Klavierstuck Nr.6 (Bagatellen) 1 , Klaviermusik aes 20","author":[],"publicationDate":"1992","host":{"title":"JahrhunderU","publicationDate":"1992","author":[],"issue":"6","pages":{"first":"102","last":"29"}}},{"host":{"title":"Abgesangsszene Nos. 2 and 4 (1979); Umhergetrieben, Aufgewirbell (1981) for mezzo soprano, baritone, mixed chorus and flutes (one player); Umsungtn (1984) for baritone and eight instruments","publicationDate":"1976-07","author":[]}},{"host":{"title":"Artaud's works inspired Rihm's 'Poeme danse' Tuluguri (1981-2) and the cycle of instrumental pieces of the same name. His music theatre piece Die Enbenmg von Mexico (1987—91) is also based on Artaud","author":[]}},{"host":{"title":"are not, as one might assume, excerpts from the composer's earlier opera, but settings of texts by the poet Lenz himself","publicationDate":"1980","author":[{"name":" Rihm 's Lenz"}]}},{"title":"Four composers were involved in the project, each allowed to respond individually to the subject matter. The 'opera' (consisting of a libretto, Irmer's montage and four independent musical works by Gosta Neuwirth, Rihm, Georg Haas and Adolf Prestele) was premiered at Graz on 1 November 1981. The project is documented in Rudolf Klein","author":[{"name":" Rihm 's Wolfli-Liederbuch"}],"publicationDate":"1981","host":{"title":"Osteneichische Musikzeitschrifi, xxxvi","publicationDate":"1981","author":[]}},{"title":"The latest selection of Herbeck's work was compiled in 1991, after his death it provides the most comprehensive survey of his work On Rihm's interest in Herbeck, see Peter Andraschke 84—101, at pp. 92—100. 97 An extensive bibliography of works by and on Wolfli is included in the exhibition catalogue Adolf Wolfli: Zeichnungen 1904-6: 18) Der Jungling an die klugen Ratgeber (i/1","author":[{"name":"Stefan Frey"},{"name":"& Elka Spoerri"}],"publicationDate":"1987","host":{"title":"Haupt... ..wo hinauf die Freude flieht... ..zum Aether hinauf... ..im Grunde des Meeres... ..an ... Neckars friedlichschonen Ufern .. eine stille Freude mir ... wieder... Wenn aus","publicationDate":"1987","author":[],"volume":"225","issue":"23","pages":{"first":"185","last":"9"}}}],"genre":["research-article"],"host":{"title":"Music and Letters","language":["unknown"],"issn":["0027-4224"],"eissn":["1477-4631"],"publisherId":["musicj"],"volume":"81","issue":"2","pages":{"first":"245","last":"274"},"genre":["journal"],"subject":[{"value":"Articles"}]},"namedEntities":{"unitex":{"date":["2000","1950s","1992","1968","1930","1946","1975","1964","1993","1969","1960s","1971","1958","1796","1965","1954","1889","1972","1948","1970s","1950","1966","1885","1904","1940s","1973","1962","70s","1989","1991","1978","1980","1980s","1985"],"geogName":[],"orgName":["Ancient Greece and the Orient","University of Venice","Kalmiis Ltd.","Kalmus Ltd."],"orgName_funder":[],"orgName_provider":[],"persName":["Richard Strauss","Gian Francesco","Adolf Wolfli","Henri Pousseur","Werner Linden","Elka Spoerri","Stefania Woytowicz","Reinhold Brinkmann","Wolfgang Rihms","Hermann Scherchen","J. M. R. Lenz","Alexander Songs","Otto Lorenz","Friedrich Holderlin","Heinz Holliger","Josef Matthias","Aesthetics","Viet Nam","Susette Gontard","Karl Marx","Friedrich Schlegel","Ave Maria","Helmut Loos","Manfred Haiduk","Hans Joachim","Luigi Nono","Burton Pike","Klaus Kropfinger","Thomas Beckermann","Rihm","Theodor W. Adorno","Robert Musil","Walter Szmolyan","Friedrich Beissner","Erik Werbe","Luigi Monos","Reinhold Urmetzer","Wilhelm Killmayer","Rolf Tiedemann","An Diolima","Richard Samuel","Dietrich E. Sattler","Wolfgang Rihm","Enzo Mandruzzato","Hermann Spree","Renato Garavaglia","Rudolf Frisius","Hans-Jochen Irmer","Beethoven","Peter Andraschke","Wolf Biermann","Diotima","Leo Navratil","Georg Haas","Leo NavratiPs","Antonin Artaud","Ernst Herbeck","Massimo Cacciari","Nguyen Van Troi","Gerhard Muller","Doris Dopke","Luigi Mono","Bruno Maderna","Adolf Beck","Gunter Schnitzler","Dieter Rexroth","Adolf Prestele","Hans Zender","Luigi Nonos","Jakob Lenz","Helmut Lachenmann","Rudolf Klein","Erwin Piscator","Stefan Frey","Paul Celan","Sophie Wilkins","Peter Weiss","Hermann Danuser","An Diotima","Siegfried Mauser","Pierre Bertaux","Friedrich Spangemacher","O. Tschirtner"],"placeName":["Venice","Berlin","Switzerland","Germany","Vietnam","Greece","Varese","Bolivia","Munich","Mexico","Bonn","Bad Godesberg","Kassel","Darmstadt","Stuttgart","Cologne","Graz","Simplicity","Vienna","Frankfurt","York","Lower Austria","Sweden","Mainz","Zurich"],"ref_url":[],"ref_bibl":["New York, 1992","Stuttgart, 1961"],"bibl":[]}},"ark":["ark:/67375/HXZ-0SWJ19KL-1"],"categories":{"wos":[],"scienceMetrix":["1 - arts & humanities","2 - visual & performing arts","3 - music"],"scopus":["1 - Social Sciences","2 - Arts and Humanities","3 - Music"]},"publicationDate":"2000","copyrightDate":"2000","enrichments":{"type":["multicat","refBibs","teeft","unitex"]},"doi":["10.1093/ml/81.2.245"],"_id":"A47381D802A873B4BBF06E9D759DF405D9ED7BAB"}