{"corpusName":"sage","keywords":{"teeft":["natural music","music supervisors journal","statical forms","emotional states","ninth symphony","direct response","technical harmony","emotional state","show pieces","main function","sound forms","abstract elements","quick succession","full appreciation","human sensibility","michael angelo","sistine chapel","last supper","spatial arts","other hand","wagner opera","immaterial soul","such study","other arts","sensuous pleasure","hearer","last melody","subsuming rhythm","qualiyoung children","musical appeals","modern music","high measure","melody cultivation","appealing element","simplest melodies","musical aptitude","modern life","many persons","music supervisors harmony","technical sense","general usage","universal principle","technical meaning","york note","progressive application","aesthetic cultivation","great elements","brooklyn institute","latter arts","direct imitation","medicean tombs","human bodies","titian painting","corot landscape","idyllic mood","subtle atmosphere","many years","pine forest","spheric melody","wind wakens","warm summer","irregular rhythm","wind freshes","countless needles blend","slight tones","billowy waves","other senses","aromatic fragrance","pine blend","many elements","different senses","wondrous charm","eastern conference","definite type","brief melody","different persons","emotional appeal","such music","various elements","different bird songs","sombre feeling","melodic notes","tender mood","hermit thrush","further clue","bird songs spring","specific states","birds themselvcs","high kind","deep feeling","musical instruments","strident sonorousness","many forms","main business","natural world","excellent examples","such imitation","nibelungen tetralogy","minor device","mere trick","distinct elements","intentional irony","specific function","universality gence","social pleasure","abstract sound forms","different scales","chinese music","western ears","fresh discovery","time forms","forms ultl mately","tree trunk","first capital","roman arch","northern forest","music supervisors journal proportion","human sense","exact application","extravagant metaphor","liquid archictecture","legendary palace","profound truth","characteristic difference","religious worship","dynamic forms","respective effects","noblest temple","athenian greatness","blind races","dark ages","vast temple","entire structure","humanity howard griggs","greek master","definite curve","dominant idea","mere succes","further emotions","appreciative hearers","different degrees","aesthetic pleasure","human beings","same truth","musical compositions","human spirit","divine comedy","physical movement","perplexing harmony","supreme achievement","common themes","basal ideas","supreme exaltation","definite ideas","dynamic series","definite series","rhythmic appeal","definite conceptions","aspect music","dynamic succession","common series","intellectual response","analytical study","brass band","beethoven symphony","intellectual process","theoretical analysis","lively tive","intellectual pleasure","difficult problem","keen pleasure","analytical process","analytical study increases","synthetic response","interesting process","mathematical triangles","fact nected","fine talents","superior education","general title indievery opportuniity","musical peohe","fact tensive plan","tellectual associations","various works master music","difficult subject","first harmony","legitimate elements","true sense music","such work","different thing","independent masterpieces","vine comedy","german paintings ilmotifs","lustrating faust","various ways","modern train","intellectual associations","program music","such music appeal","intellectual reflections","further method","defigreat masters","nite trains","musical comsymphony","nature positions","heroic symphony","assothe career","intellectual conceptions","spring song","remarkable instance","great composers moonlight sonata","music supervisors journal losopher","masterly artist","central conflicts","good associations","interesting train","intellectual ideas","sound response","further refinement","certain forms","spiritual content","sensuous association","unique function","music appeals","imagination works","sensible world","such conditions","pure rhythm","absurd contradiction","physical body","monster geryon","greek gods","paint creation","physical light","human soul","right hand","finger touches","earliest times","absurd caricature","music supervisors","human life","third movement","transcendent heaven","golden streets","pearly gates","green grass","blue skies","gray seas","transcendant heaven","physical world","phychical series","first series","unique relation","best symbol","deepest phases","inner life","expression feelings","great music","appreciative hearer","same time","music fuses","utmost refinement","emotional susceptibility","black marks","liquid wonder","wondrous function","straight line"]},"author":[{"name":"Dr. Edward Howard Griggs","affiliations":["New York"]}],"articleId":["10.2307_3382432"],"arkIstex":"ark:/67375/M70-D4WSW474-S","language":["eng"],"originalGenre":["research-article"],"qualityIndicators":{"score":6.452,"pdfWordCount":4440,"pdfCharCount":24900,"pdfVersion":1.4,"pdfPageCount":8,"pdfPageSize":"486 x 701.88 pts","refBibsNative":false,"abstractWordCount":1,"abstractCharCount":0,"keywordCount":0},"title":"Music's Meaning to Humanity","genre":["research-article"],"host":{"title":"Music Supervisors' Journal","language":["unknown"],"issn":["1559-2472"],"eissn":["1945-0087"],"publisherId":["MEJ"],"volume":"14","issue":"1","pages":{"first":"9","last":"23"},"genre":["journal"]},"namedEntities":{"unitex":{"date":["1927"],"geogName":[],"orgName":[],"orgName_funder":[],"orgName_provider":[],"persName":["God-Michael Angelo","Harris","Divine Comedy","Spring Song","T. Harris","Architecture","Beethoven","Michael Angelo","Brooklyn Institute","Wm"],"placeName":["Europe","Vinci"],"ref_url":[],"ref_bibl":[],"bibl":[]}},"ark":["ark:/67375/M70-D4WSW474-S"],"publicationDate":"1927","copyrightDate":"1927","enrichments":{"type":["refBibs","teeft","unitex"]},"doi":["10.2307/3382432"],"_id":"E4C194F6F1B2AACAFE65E14D00A44D58AF0C25CB"}