{"corpusName":"oup","keywords":{"teeft":["metronome mark","andante","czerny","crotchet","february","allegretto","metronome","tempo","troppo","vivace","molto","minim","haslinger","allegro","early music february","trans","moscheles","metronome indication","piano sonata","leipzig","simrock","cantabile","slow movement","septet","adagio","slower tempo","first movement","first state","quaver","string quartet","performance practice","haslinger edition","simrock edition","music collection","sonata","more moderate tempo","central europe","allegro movement","piano forte","beethoven symphony","beethoven performance","piano trio","second state","movement type","adagio affettuoso","amadeus quartet","juilhard quartet","highest percentage","tempo heading","first half","slow andante","average difference","tempo indication","allegro vivace","tempo change","ninth symphony","slowest indication","fastest indication","beethoven"]},"author":[{"name":"Sandra P. Rosenblum","affiliations":["Head of the Department of Performing Arts at Concord Academy, has written on keyboard performancepractices of the late Baroque and Classical periods Her book, Performance Practices in Classic Piano Music, will be published by Indiana University Press this year"]}],"articleId":["XVI.1.59"],"arkIstex":"ark:/67375/HXZ-JH8KXX4Z-6","language":["eng"],"originalGenre":["research-article"],"qualityIndicators":{"score":6.383,"pdfWordCount":6730,"pdfCharCount":40467,"pdfVersion":1.5,"pdfPageCount":13,"pdfPageSize":"518 x 687 pts","pdfWordsPerPage":518,"pdfText":true,"refBibsNative":false,"abstractWordCount":0,"abstractCharCount":0,"keywordCount":0},"title":"Two sets of unexplored metronome marks for Beethoven's piano sonatas","refBibs":[{"author":[{"name":"Zeitmasses Hinsicht Des"}],"publicationDate":"1847","host":{"title":"namenthch bei Beethoven'schen Werken', Caeaha. xxvi","publicationDate":"1847","author":[],"pages":{"first":"88"}}},{"author":[{"name":"\" E Holmes"}],"publicationDate":"1830","host":{"title":"A Ramble among the Musicians of Germany","publicationDate":"1830","author":[],"pages":{"first":"180"}}},{"host":{"title":"Fischhof, op at","author":[],"pages":{"first":"87"}}},{"host":{"title":"A Carse, The Orchestra from Beethoven to Berlioz","publicationDate":"1948","author":[],"pages":{"first":"351"}}},{"author":[{"name":"* °g Schunemann"}],"publicationDate":"1913","host":{"title":"Geschichte des Dingierens","publicationDate":"1913","author":[],"pages":{"first":"283","last":"91"}}},{"author":[],"publicationDate":"1879","host":{"title":"Berlioz Selections from his Letters, and Writings","publicationDate":"1879","author":[],"pages":{"first":"99"}}},{"author":[{"name":"O Schreiber"},{"name":" Orchester Und"}],"publicationDate":"1844-03-15","host":{"title":"Musikalisches aus Pans', NZM. xxm","publicationDate":"1844-03-15","author":[],"pages":{"first":"41","last":"19"}}},{"title":"The methodology of tempo extrapolation from one movement to another has been discussed in R Kolisch pp 169-87. 291-312, H Beck, 'Bemerkungenzu Beethovens Tempi', BJ n (1955-6), pp 24-54, andTempo in Beethoven's Instrumental Music'. The Piano Quarterly Authentische Tempi zu den Sechs Letzten SinfonienW A Mozarts' 1 , Mozan-Jahrbuch 1962-3. pp 185-99, also Malloch, op at 50 RCA Victor LM-1745 (issued 1953)Amadeus Quartet","author":[{"name":"E Dannreuther"},{"name":"W Newman"}],"publicationDate":"1942","host":{"title":"Juilhard Quartet","publicationDate":"1942","author":[],"pages":{"first":"34","last":"7"}}},{"title":"For example","author":[],"publicationDate":"1954","host":{"title":"H Beck, Studien uberdas Tempoproblem bei Beethoven, diss","publicationDate":"1954","author":[]}},{"title":"1796)). p 44. and M Rudolf s discussion of the tempo headings in the Finale ('Nie werd ich) of Mozarfs Die Entfuhrung aus dem Serail as published in an 1822 piano reduction","author":[{"name":"J7 J F Von Schonfeld"}],"publicationDate":"1810","host":{"title":"Beethoven Impressions of Contemporaries J L Dussek. Instructions on the An of Playing the Piano Forte or Harpsichord","publicationDate":"1810","author":[],"pages":{"first":"216"}}}],"genre":["research-article"],"host":{"title":"Early Music","language":["unknown"],"issn":["0306-1078"],"eissn":["1741-7260"],"publisherId":["earlyj"],"volume":"XVI","issue":"1","pages":{"first":"59","last":"71"},"genre":["journal"],"subject":[{"value":"Articles"}]},"namedEntities":{"unitex":{"date":["1842","1829","1950s","1952","1840s","1847","1887","1819","1837","1833","1820s","1862","1811","1827","1988","1856","1805","3796","the 19th century","1830s","1841","1868","1817","1846"],"geogName":[],"orgName":["Indiana University","Werner Allgemetne Playing Keyboard Instruments","Italy, England and France","Westfield Center","Israel Studies"],"orgName_funder":[],"orgName_provider":[],"persName":["George Szell","Tobias Hashnger","Joseph Fischhof","Alexander Weinmann","Czerny","William Malloch","Carl Holz","Maria Rilke","August Wenzinger","Prague Conservatory","Malcolm Bilson","Eduard Devrient","Paul Badura-Skoda","Robert Schumann","James Caldwell","Curt Sachs","Tobias Haslingers","Beethoven","Ludwig van Beethoven","Edward Holmes","Carl Czerny","Francois Habeneck","Ignaz Schuppanzigh","Amadeus Quartet","Zeitung"],"placeName":["Leipzig","Paris","Columbia","Germany","Munich","London","Europe","Vienna","Amsterdam","York","France","Weimar","Copenhagen","Cleveland","England"],"ref_url":[],"ref_bibl":["Leipzig, 1872","London, 1887","Leipzig, 1913","Munster, 1840","i_ondon, 1841","Berlin, 1838","December 1781","June 1842","Cambridge, 1948","December 1828","Leipzig, 1834","New York, 1879","Frankfurt, 1802"],"bibl":[]}},"ark":["ark:/67375/HXZ-JH8KXX4Z-6"],"categories":{"wos":[],"scienceMetrix":["1 - arts & humanities","2 - visual & performing arts","3 - music"],"scopus":["1 - Social Sciences","2 - Arts and Humanities","3 - Music"]},"publicationDate":"1988","copyrightDate":"1988","enrichments":{"type":["multicat","refBibs","teeft","unitex"]},"doi":["10.1093/earlyj/XVI.1.59"],"_id":"93AA4219DB1E4F41C26CAF48940D95AACB924B4E"}