{"corpusName":"cambridge","author":[{"name":"Erich Hertzmann"}],"articleId":["05238"],"arkIstex":"ark:/67375/6GQ-L7JZWHMN-4","language":["eng"],"originalGenre":["research-article"],"abstract":"Beethoven stands at the pinnacle of development in the history of music. Many lines lead up to him; many lead away from him. He absorbed the different trends of thought of the 18th century and brought them to completion. At the same time he struggled towards a new language in music which was to have a fundamental influence on the trends in style of the 19th century and which is still discernible in their development in the 20th century. Thus Beethoven occupies a position of the greatest significance in the history of music: he completes one epoch and begins another and the music historians of the 19th and 20th centuries unanimously acknowledge his double rôle.","qualityIndicators":{"score":5.524,"pdfWordCount":2144,"pdfCharCount":11630,"pdfVersion":1.5,"pdfPageCount":4,"pdfPageSize":"488.88 x 722.88 pts","refBibsNative":false,"abstractWordCount":115,"abstractCharCount":668,"keywordCount":0},"title":"Beethoven: His Historical and Artistic Significance","pii":["S0040298200052384"],"genre":["research-article"],"host":{"title":"Tempo","language":["unknown"],"issn":["0040-2982"],"eissn":["1478-2286"],"publisherId":["TEM"],"issue":"35","pages":{"first":"29","last":"32","total":"4"},"genre":["journal"]},"ark":["ark:/67375/6GQ-L7JZWHMN-4"],"categories":{"wos":[],"scienceMetrix":[],"scopus":["1 - Social Sciences","2 - Arts and Humanities","3 - Music"],"inist":["1 - sciences humaines et sociales","2 - philosophie"]},"publicationDate":"1955","copyrightDate":"1955","enrichments":{"type":["multicat","nb","refBibs"]},"doi":["10.1017/S0040298200052384"],"_id":"79019C7CDFB0144BD71634627043058476DCD42F"}