{"corpusName":"oup","keywords":{"teeft":["clementi","muzio","muzio clementi","gradus","december","april","leipsic","roman master","february","musical quarterly","parnassum","breitkopf","programme","grand symphony","haydn","cramer","same time","nineteenth century","philharmonic society","first volume","publisher breitkopf","musical world","eighteenth century","paris conservatoire","piano forte","longman broderip","professional concert","haydn symphony","salomon concert","roman pianist","grand sonata","british museum","musical composition","clementi symphony","sonata","mozart","several year","best pupil","memorable evening","complete work","piano manufacturer","musical life","first place","authentic precursor","publisher artaria","documentary evidence","beethoven overture","musical talent","several month","grand professional concert","first year","same month","madeleine kayser","flat minor","fonthill abbey","important collection","first visit","first appearance","grandiose symphony","benefit concert","cocoanut wood","piano composition","johann sebastian bach","first sonata","first book","small book","vienna clementi","young girl","great master","important composition","muzio dementi","second marriage","first concert","seventh concert","morning chronicle","second part","long career","second volume","richard wagner","second time","modern sacred music","first movement","nothing more","productive activity","famous episode","overture","lyon"]},"author":[{"name":"GEORGES DE ST.-FOIX"}],"articleId":["IX.3.350"],"arkIstex":"ark:/67375/HXZ-SHKX7956-K","language":["eng"],"originalGenre":["research-article"],"qualityIndicators":{"score":5.05,"pdfWordCount":13084,"pdfCharCount":70826,"pdfVersion":1.3,"pdfPageCount":37,"pdfPageSize":"440.575 x 666 pts","pdfWordsPerPage":354,"pdfText":true,"refBibsNative":false,"abstractWordCount":0,"abstractCharCount":0,"keywordCount":0},"title":"MUZIO CLEMENTI","genre":["research-article"],"host":{"title":"The Musical Quarterly","language":["unknown"],"issn":["0027-4631"],"eissn":["1741-8399"],"publisherId":["musqtl"],"volume":"IX","issue":"3","pages":{"first":"350","last":"382"},"genre":["journal"],"subject":[{"value":"ARTICLES"}]},"namedEntities":{"unitex":{"date":["1813","1802","1799","1788","1790","1818","1820","1783 or 1784","1816 to 1827","1807","eighteenth century","1795","1825","1784","1814","1773","1780 to 1786","1832","1791","1819","1778","1780","1808","1810","the nineteenth century","1785","1815","1804","1792","1779","1822","1781","1809","1770","1800","1908","1827","1786","during the eighteenth century","1816","1805","1885","1782","1812","1801","1798","1828","1817","1806","1794","1824"],"geogName":[],"orgName":[],"orgName_funder":[],"orgName_provider":[],"persName":["J. E. Engl","Charles Clementi","J. B. Cramer","Emma Gisbome","Paris Conservatoire","Trinity College","Anton Schindler","J. Albrechtsberger","Franz Liszt","Karl Zeuner","L. Adam","Louis Berger","Max Unger","Theodor von Karajan","Princess Wolkonsky","Jean Schobert","Madeleine Kayser","Richard Wagner","Walter Scott","W. F. Collard","Court Road","Haydn","Canham","H. Clementi-Smith","H. I. M. Joseph","H. ClementiSmith","Joseph Haydn","Frederick H. Alartent","Don Giovanni","Emma Gisborne","Myra Taylor","Henriette Sontag","Queen Marie-Antoinette","Clementi","G. Clementi","Victoire Imbert-Colomes","Camille Petit","John Field","Mary Westwood","Michel Brenet","Peter Beckford","Niccolo Clementi","Salomon Concerts","Hermann Beyer","de Wyzewa","Paris Concerts","Gaetano Clementi","August Alexander","Sebastian Bach","Melanie Rochechouart","Schindler","Ferdinand Ries","M. Jones","Caroline Lehmann","Friedrich Kalkbrenner","Chronicle","Maria Gisbome","A. Romberg","John Smith","Victoire Imbert-Colomds"],"placeName":["Geneva","Paris","Switzerland","Germany","Munich","Hanover","Austria","Canada","Riga","London","Chambery","Saint Matthew","Amiens","Europe","Milan","New Symphonia","Brussels","Eternal City","Vienna","Peterborough","Meissen","Frankfurt","Rome","St. Petersburg","Stockholm","France","Russia","Cambridge","Italy","England","Worcester","Zurich"],"ref_url":[],"ref_bibl":["December, 1780","Paris, 1780","August, 1808","December, 1816","May 5, 1789","November, 1921","December, 1820","December 25, 1816","probably the one played in London in April, 1816"],"bibl":[]}},"ark":["ark:/67375/HXZ-SHKX7956-K"],"categories":{"wos":[],"scienceMetrix":["1 - arts & humanities","2 - visual & performing arts","3 - music"],"scopus":["1 - Social Sciences","2 - Arts and Humanities","3 - Music"]},"publicationDate":"1923","copyrightDate":"1923","enrichments":{"type":["multicat","refBibs","teeft","unitex"]},"doi":["10.1093/mq/IX.3.350"],"_id":"6BB234DBA6F3BEDDB9A7EA692FE9B8349998058F"}