{"corpusName":"oup","keywords":{"teeft":["isbn","verlag","aldershot","ashgate","oxford university press","schneider","tutzing","verlag ernst kuhn","franz steiner verlag","kuhn","studia slavica musicologica","yale university press","isbn music","pierre boulez","isbn beethoven","indiana university press","margaret campbell","cambridge university press","pfau verlag","robson book","archiv musikwissenschaft","olm verlag","ernst kuhn","richard boorberg verlag","musicologica berolinensia","fondazione levi","andreas wehrmeyer","california press"]},"arkIstex":"ark:/67375/HXZ-Q6F1TZVG-L","language":["eng"],"originalGenre":["other"],"qualityIndicators":{"score":2.769,"pdfWordCount":2052,"pdfCharCount":14241,"pdfVersion":1.4,"pdfPageCount":3,"pdfPageSize":"479 x 697 pts","pdfWordsPerPage":684,"pdfText":true,"refBibsNative":false,"abstractWordCount":0,"abstractCharCount":0,"keywordCount":0},"title":"Books Received","refBibs":[{"title":"ISBN 0-7546-3460-4.) Soviet Music and Society under Lenin and Stalin: The Baton and the Sickle","author":[{"name":"+ Dubois"},{"name":" Ashgate"},{"name":" Aldershot"},{"name":" Burlington"},{"name":" Vt"}],"publicationDate":"2004","host":{"title":"RoutledgeCurzon Series on Russian and East European Studies, 9","publicationDate":"2004","author":[],"pages":{"first":"45","last":"65"}}},{"title":"By David Fanning. pp. xiv + 185; CD. Landmarks in Music since 1950","author":[{"name":"Toby Faberashgate"},{"name":" Aldershot"},{"name":" Burlington"},{"name":" Vt"}],"publicationDate":"2003","host":{"title":"xviii + 294 £16.99. ISBN 0-333-98976-7.) Shostakovich: String Quartet No. 8 Internationales Musikwissenschaftliches Symposium 'Haydn & das Streichquartett' im Rahmen des 'Haydn Streichquartett Weekend': Eisenstadt, 1.-5. Mai 2002. Referate und Diskussionen","publicationDate":"2003","author":[],"pages":{"first":"35","last":"217"}}},{"title":"Studien zu Form und Gehalt By Ruth Goedicke","author":[{"name":"Sergej Prokofjews Viersätzige Klaviersonaten"}],"publicationDate":"2004","host":{"title":"Studia Slavica Musicologica, 36","publicationDate":"2004","author":[],"pages":{"first":"323"}}},{"host":{"title":"€150. ISBN 2-503-51318-2.) A Singing Ambivalence: American Immigrants between Old World and New","publicationDate":"2002","author":[{"name":"Jean-François Goudesenne"}],"pages":{"first":"1830","last":"1930"}}},{"author":[],"publicationDate":"2003","host":{"title":"By Joseph Groocock xiii + 230","publicationDate":"2003","author":[],"pages":{"first":"38","last":"99"}}},{"title":"Harmonische Struktur und Patternbildung in der Lamellophonmusik der Shona in Zimbabwe. The Art of Mbira Playing. By Gerd Grupe. pp. xx + 618","author":[{"name":"Die Kunst Des Mbira-Spiels"}],"publicationDate":"2004","host":{"title":"Musikethnologische Sammelbände","publicationDate":"2004","author":[],"pages":{"first":"19"}}},{"title":"€70. ISBN 3-7952-1127-1.) Music in Ireland","author":[{"name":"Kongressberichte Dorothea"},{"name":"E Hast"},{"name":"Stanley Scott"}],"publicationDate":"2000","host":{"title":"Experiencing Music, Expressing Culture. Musik und Biographie: Festschrift für Rainer Cadenbach","publicationDate":"2000","author":[],"pages":{"first":"525"}}},{"title":"$19.95. ISBN 0-253-21682-6.) The Keyboard in Baroque Europe","author":[{"name":"Maurice Hinson"}],"publicationDate":"2004","host":{"title":"Bloomington and Indianapolis Musical Performance and Reception","publicationDate":"2004","author":[],"pages":{"first":"50"}}},{"title":"€25. ISBN 3-89727-225-3.) Opera: The Art of Dying","author":[{"name":"Kompositorische Bartók Rezeption"}],"publicationDate":"2003","host":{"title":"By Linda Hutcheon and Michael Hutcheon. pp. x + 239","publicationDate":"2003","author":[]}},{"title":"Griechische Kunstmusik zwischen Nationalschule und Moderne","author":[{"name":"Nina-Maria Jaklitsch"}],"publicationDate":"1883","host":{"title":"Nikos Skalkottas","publicationDate":"1883","author":[],"pages":{"first":"372","last":"51"}}},{"title":"£45. ISBN 0-7546-0789-5.) The Beginnings of the Modern Philosophy of Music in England: Francis North's A Philosophical Essay of Musick (1677) with Comments of Isaac Newton, Roger North and in the Philosophical Transactions","author":[{"name":"César Franckashgate"},{"name":" Aldershot"},{"name":" Burlington"},{"name":" Vt"}],"publicationDate":"2004","host":{"title":"Werk und Rezeption The Music of Joonas Kokkonen xiv + 217 £40. ISBN 0-7546-0139-0.) Syntagma Musicum III: Michael Praetorius Oxford Early Music Series","publicationDate":"2004","author":[],"pages":{"first":"313","last":"44"}}},{"title":"€64. ISBN 3-515-08212-3.) Wege zum musikalischen Strukturalismus: René Leibowitz, Pierre Boulez, John Cage und die Webern-Rezeption in Paris um 1950 €46. ISBN 3-931264-10-6.) Biographie und Kunst als historiographisches Problem: Bericht über die internationale wissenschaftliche Konferenz anläßlich der 16","author":[],"publicationDate":"2002","host":{"title":"Beihefte zum Archiv für Musikwissenschaft, 52","publicationDate":"2002","author":[],"pages":{"first":"294"}}},{"title":"Kleinere musiktheoretische Schriften und Fragmente","author":[{"name":"Nikolai Rimsky-Korsakow"}],"publicationDate":"2004","host":{"title":"Studia Slavica Musicologica, 16","publicationDate":"2004","author":[]}},{"author":[{"name":"Sergej Prokofjew In Der Sowjetunion"}],"publicationDate":"2004","host":{"title":"Ein internationales Symposium Studia Slavica Musicologica , 35","publicationDate":"2004","author":[]}},{"host":{"title":"Ascolto e interpretazione della Schöne Müllerin (Con l'edizione del ciclo liederistico secondo la Neue Schubert-Ausgabe) By Giuseppina La Face Bianconi","publicationDate":"2004","author":[{"name":" La Casa Del Mugnaio"}],"pages":{"first":"322"}}},{"title":"€96. ISBN 3-515- 08250-6.) The Variations of Johannes Brahms £19.99. 0-9540123-3-X.) The Scoring of Baroque Concertos. By Richard Maunder","author":[{"name":"Franz Schubert"},{"name":"Andrea Lindmayr-Brandl Julian Das Fragmentarische Werk"},{"name":" Littlewood"}],"publicationDate":"2003","host":{"title":"Schubert: Perspektiven, 2 xiv + 369. (Plumbago Books","publicationDate":"2003","author":[],"pages":{"first":"394","last":"50"}}},{"title":"The Remarkable Story of his Swansong By Donald Maurice. pp. xii + 222","author":[{"name":" Bartók 's Viola"},{"name":" Concerto"}],"publicationDate":"2004","host":{"title":"Studies in Musical Genesis and Structure","publicationDate":"2004","author":[]}},{"title":"Musik-Konzepte €26. ISBN 3-88377-738-2.) Mehr als nur Töne: Aspekte des Gestischen in neuer Musik und im Musiktheater ISBN 3-89727-250-4.) Die Klaviersonaten und späten Préludes Alexander Skrjabins: Wechselbeziehungen zwischen Harmonik und Melodik. By Martin Münch","author":[],"publicationDate":"2003","host":{"title":"Bruckners Neunte im Fegefeuer der Rezeption","publicationDate":"2003","author":[],"pages":{"first":"120","last":"2"}}},{"title":"£65. ISBN 0-19-816610-9.) Uptown Conversation: The New Jazz Studies","author":[{"name":"The Battle Of Chronos"},{"name":"Orpheus Jean-Jacques Nattiez"},{"name":" Trans"},{"name":"G By Jonathan Dunsby Robert"},{"name":"Brent,Hayes O 'meally"},{"name":"Farah,Jasmine Edwards"},{"name":" Griffin"}],"publicationDate":"2003","host":{"title":"Essays in Applied Musical Semiology xx + 322. xii + 427","publicationDate":"2003","author":[],"pages":{"first":"43","last":"50"}}},{"host":{"title":"A Conductor Explores America's Music and its African American Roots By Maurice Peress. pp. x + 254 £19.99. ISBN 0-19-509822-6.) Portraits around Marc-Antoine Charpentier. By Patricia M. Ranum. pp. xiv + 640","publicationDate":"2004","author":[{"name":"Duke Dvorák"},{"name":" Ellington"}]}},{"author":[{"name":" Schumann 's Piano"},{"name":" Cycles"},{"name":"Jean The Novels Of"},{"name":" Paul"},{"name":" By Erika Reiman"}],"publicationDate":"2004","host":{"title":"xiii + 229","publicationDate":"2004","author":[],"pages":{"first":"50"}}},{"host":{"title":"By Frieder Reininghaus Katja Schneider with Sabine Sanio","publicationDate":"2004","author":[{"name":"Experimentelles Musik-Und"},{"name":" Tanztheater"}],"pages":{"first":"391","last":"72"}}},{"title":"dargestellt an Beispielen von der klassischen Vokalpolyphonie bis zur Moderne)","author":[{"name":"Engführungskontrapunktik Grundlagen Der"}],"host":{"title":"By Alexander Rovenko. Trans. by Andreas Wehrmeyer","author":[]}},{"host":{"title":"Musicologica Berolinensia, 12 €49.95. ISBN 3-928864-98-X.) Beethoven after Napoleon: Political Romanticism in the Late Works. By Stephen Rumph. pp. ix + 295","publicationDate":"2004","author":[{"name":"Ed "},{"name":"Otfried Büsing"},{"name":"Andreas Wehrmeyer"}],"pages":{"first":"241","last":"29"}}},{"title":"Tradition and Performance in Indian Music By Ritwik Sanyal and Richard Widdess. pp. xxii + 395; CD","author":[{"name":" Dhrupad"}],"publicationDate":"2004","host":{"title":"SOAS Musicology Series. (Ashgate","publicationDate":"2004","author":[],"pages":{"first":"65"}}},{"title":"By Heinrich Schenker. Trans. by Ian Bent. Ed. by William Drabkin. pp. xx + 231","author":[{"name":"Der Tonwille"}],"publicationDate":"1921","host":{"title":"Pamphlets in Witness of the Immutable Laws of Music Mozart Studien: Band 13 The Richard Strauss Companion xvi + 466","publicationDate":"1921","author":[],"pages":{"first":"1","last":"5"}}},{"title":"A Winter Journey in Poetry, Image, and Song. By Franz Schubert and Wilhelm Müller etal","author":[{"name":" Schubert 's Winterreise"}],"publicationDate":"2003","host":{"title":"£31.95","publicationDate":"2003","author":[],"pages":{"first":"232"}}},{"author":[{"name":"Elvis Costello"},{"name":"Joni,Mitchell Larry "},{"name":"David Smith"}],"publicationDate":"2004","host":{"title":"xviii + 313","publicationDate":"2004","author":[]}},{"title":"£15.95. ISBN 0-520-23831-1.) Angels and Monsters: Male and Female Sopranos in the Story of Opera","author":[],"publicationDate":"2004","host":{"title":"Performing Ethnomusicology: Teaching and Representation in World Music Ensembles vii + 322","publicationDate":"2004","author":[],"pages":{"first":"1600","last":"1900"}}},{"author":[{"name":"John Spitzer"},{"name":"Neal Zaslaw"}],"publicationDate":"2004","host":{"title":"The Birth of the Orchestra: History of an Institution xx + 614. Music in West Africa. By Ruth M. Stone. pp. xvi + 112. Experiencing Music, Expressing Culture","publicationDate":"2004","author":[],"pages":{"first":"1650","last":"1815"}}},{"host":{"title":"Musik-Konzepte, NF 123","publicationDate":"2004","author":[{"name":"Charles Ives"},{"name":"Ulrich Ed"},{"name":" Tadday"}],"pages":{"first":"16"}}},{"host":{"title":"Politics and the Ideology of the Artist François Couperin and 'The Perfection of Music'. By David Tunley. pp. viii + 172","publicationDate":"2004","author":[{"name":"The Artist-Operas Of"},{"name":"Krenek Pfitzner"},{"name":"Hindemith Claire Taylor-Jayashgate"},{"name":"Aldershot Burlington"},{"name":" Vt"}],"pages":{"first":"45"}}},{"host":{"title":"Beihefte zum Archiv für Musikwissenschaft , 53","publicationDate":"2003","author":[{"name":"Hector Der Romantische Weg Im Frühwerk Von"},{"name":" Berlioz"},{"name":"Oliver By"},{"name":" Vogel"}],"pages":{"first":"385","last":"68"}}},{"title":"By Yvonne Wasserloos €34. ISBN 3-487-12598-6.) Quellen zur Geschichte emigrierter Musiker: Sources Relating to the History of Emigré Musicians ISBN 3-598-23746-4.) Music and the Middle Class: The Social Structure of Concert Life in London","author":[{"name":"Das Leipziger Konservatorium Der Musik Im 19"}],"publicationDate":"1933","host":{"title":"Anziehungs-und Aussstrahlungskraft eines musikpädagogischen Modells auf das internationale Musikleben 19th- Century Britain","publicationDate":"1933","author":[],"pages":{"first":"224","last":"364"}}},{"host":{"title":"Heft 14","publicationDate":"2004","author":[],"pages":{"first":"192","last":"28"}}},{"title":"The Organ Music of £26. ISBN 0-521-89115-9.) Encyclopedia of Opera on Screen: A Guide to More than 100 Years of Opera Films, Videos, and DVDs Viotti and the Chinnerys: A Relationship Charted through Letters. By Denise Yim. pp. xiv + 293. Music in 19th-Century Britain Duomo di Cittadella: Profili di musicisti; catalogo del fondo musicale. By Magda-Lisa Zurlo","author":[{"name":"J,S Bach"},{"name":" Peter Williamsashgate"},{"name":" Aldershot"},{"name":" Burlington"},{"name":" Vt"}],"publicationDate":"2004","host":{"title":"x + 624 Concert Life in Eighteenth-Century Britain xvi + 299","publicationDate":"2004","author":[],"pages":{"first":"45","last":"52"}}}],"genre":["other"],"host":{"title":"Music and Letters","language":["unknown"],"issn":["0027-4224"],"eissn":["1477-4631"],"publisherId":["musicj"],"volume":"86","issue":"1","pages":{"first":"165","last":"167"},"genre":["journal"]},"namedEntities":{"unitex":{"date":["2005","1950","from the 13th Century"],"geogName":[],"orgName":["Columbia University","American Music","Cambridge University","University of Rochester Press","Indiana University","African American Roots","Harvard University","University of Wisconsin Press","Oxford University","Fondazione Levi","Kent State University","University of California Press","Yale University","American Immigrants"],"orgName_funder":[],"orgName_provider":[],"persName":["Michael von Albrecht","Jamie C. Kassler","Hector Berlioz","César Franck","Richard Maunder","Duke Ellington","Franz Steiner","Andreas Wehrmeyer","George von Albrecht","Maurice Peress","Manfred Hermann","Linda Hutcheon","Edward Jurkowski","Joachim Kramer","Manuela Schwartz","Elliott Antokoletz","Patricia M. Ranum","Joseph Groocock","Maurice Hinson","Stephen Rumph","Franz Schubert","Jeffery T. Kite-Powell","Marc Appelmans","Peter Jost","Erika Reiman","Ulrich Tadday","Victor R. Greene","Brent Hayes","Aaron Williamon","Richard Widdess","Toby Faber","Ruth Goedicke","Fabrice Preyat","Martin Münch","S. Bernardes","Marc-Antoine Charpentier","Jonathan Dunsby","Jasmine Griffin","Manolis Kalomiris","Pierre Boulez","Michael Hutcheon","Alexander Rovenko","William Weber","Robert Adlington","Susan Wollenberg","Michael Klaper","Nina-Maria Jaklitsch","William Drabkin","John Cage","François Couperin","Rachel Beckles","Dorothea E. Hast","Claire Taylor-Jay","Thomas Drescher","Christine Servais","Ian Bent","Nikolai Rimsky-Korsakow","Miguel R. Bernardes","Giuseppina La Face","Inge Kovács","Simon McVeigh","Simone Hohmaier","Johannes Brahms","Francis R. Schwartz","Horst Weber","Ken Wlaschin","J. S. Bach","Ted Solís","Wolf Hobohm","Charles Avison","David Smith","Richard Boorberg","Francesco Passadore","Ernst Kuhn","Yvonne Wasserloos","Robert G. O’Meally","Michael Broyles","Richard Somerset-Ward","Charles Ives","Donald Maurice","Rainer","Manuel Couvreur","Sabine Sanio","Denise Yim","Elvis Costello","Neil Edmunds","Stanley Scott","Julian Littlewood","Jean-Jacques Nattiez","Catherine Cessac","Jazz Studies","Heinz-Klaus Metzger","William Hayes","Pierre Dubois","Walter Reicher","Ritwik Sanyal","Wilhelm Müller","René Leibowitz","Johannes Laas","Wolfgang Ruf","Magda-Lisa Zurlo","Viola Concerto","Otfried Büsing","Jean Paul","Cordula Heymann-Wentzel","Isabel Ramos","Ruth M. Stone","Oliver Vogel","Bernhard Habla","Joni Mitchell","Georg Feder","Neal Zaslaw","Mark-Daniel Schmid","David Tunley","Peter Williams","Christopher Hogwood","Alexander Skrjabins","Margaret Campbell","Andrea LindmayrBrandl","John Spitzer"],"placeName":["Mass.","Eisenstadt","Venice","Paris","Munich","Stuttgart","London","San Benedetto","Würzburg","Bad Waltersdorf","Reims","Magdeburg","Europe","Los Angeles","America","Baltimore","Vienna","Berkeley","Lisbon","Rome","Zimbabwe","Portugal","York","Ireland","Cambridge","England","Hildesheim","Zurich","Uptown"],"ref_url":[],"ref_bibl":["Bloomington and Indianapolis, 2004","York and Oxford, 2004","York and Chichester, 2004","York and Woodbridge, 2004","Haven and London, 2004","Ohio and London, 2004","York and Oxford, 2005"],"bibl":[]}},"ark":["ark:/67375/HXZ-Q6F1TZVG-L"],"categories":{"wos":[],"scienceMetrix":["1 - arts & humanities","2 - visual & performing arts","3 - music"],"scopus":["1 - Social Sciences","2 - Arts and Humanities","3 - Music"]},"publicationDate":"2005","copyrightDate":"2005","enrichments":{"type":["multicat","refBibs","teeft","unitex"]},"doi":["10.1093/ml/gci030"],"_id":"1A1A76505F083098195255F3C916BAA4790CC9E0"}