{"corpusName":"sage","keywords":{"teeft":["music educator","music educators journal","student chapter","such attitudes","music program","human dignity","simple reason","faculty sponsor","elementary grades","human aspiration","grade levels","music education","music programs","john dressier","free copy"]},"author":[{"name":"Dale Jensen"}],"articleId":["10.2307_3390665"],"arkIstex":"ark:/67375/M70-2S05LH11-L","language":["eng"],"originalGenre":["research-article"],"qualityIndicators":{"score":5.211,"pdfWordCount":3199,"pdfCharCount":20114,"pdfVersion":1.6,"pdfPageCount":5,"pdfPageSize":"648 x 864 pts","refBibsNative":false,"abstractWordCount":1,"abstractCharCount":0,"keywordCount":0},"title":"The Challenge of Being a Music Educator","genre":["research-article"],"host":{"title":"Music Educators Journal","language":["unknown"],"issn":["0027-4321"],"eissn":["1945-0087"],"publisherId":["MEJ"],"volume":"52","issue":"4","pages":{"first":"84","last":"84"},"genre":["journal"]},"namedEntities":{"unitex":{"date":["1890","1966","1892"],"geogName":[],"orgName":["Choirs CO","OAHU PUBLISHING CO.","KITCHING COMPANY INC.","MUSIC PRIDE PUBLICATIONS INC.","Florida State University","National Assocition Uniform Member","Iowa CO.","Mallet Played Instruments for School Use","MALLET PLAYED INSTRUMENTS Bell","HANDY Organization"],"orgName_funder":[],"orgName_provider":[],"persName":["John Dressier","Robert Elmore","Wilfred G. Mears","Melody Method","H. Newman","Samuel R. Loboda","Manufacturers","Thousands","In","Carle Place","Beethoven","Woody Herman","Dale Jensen","Ian Fleming","Howard D. McKinney","Whit","Eddie Condon","Harald Rohlig"],"placeName":["Miami","Georgia","Charlotte","New Orleans","CINCINNATI","Seattle","Los Angeles","N.Y.","Chicago","N.C.","York","Calif.","Greenville","Cleveland","Detroit","Tallahassee"],"ref_url":[],"ref_bibl":[],"bibl":[]}},"ark":["ark:/67375/M70-2S05LH11-L"],"publicationDate":"1966","copyrightDate":"1966","enrichments":{"type":["refBibs","teeft","unitex"]},"doi":["10.2307/3390665"],"_id":"DE9840AB06F42FBD66A260F2EBF333B883C3490F"}