{"corpusName":"sage","keywords":{"teeft":["music educators journal","music education","high school","world today","romantic ballad march","voices change","different ways","physiological cause","seventh grade boys","elementary school soprano voices","husky baritone","octave illusion","first phase","voice changes","large group","journal readers","high school baritones","true tenors","proper care","frederick swanson","satb music","joyous cases","tenor part","music works","ttbb music","more people","fine contributions","other teachers","copyright problems","certain publishers","public domain literature","catchy arrangement","part music","many generalizations","such things","music literature","josephine holtgreve","vocal music instructor","frederick defense","frederick theory","madison clinic","welcome explanation","concert master series","school orchestra","ralph maiesky","successful concert master series","young students","johann sebastian bach","anna magdalena bach","final movement","complete series","graduation song isle","little star","several years","beautiful mornin","summer love","haunting melody","string parts","easy orchestra program","concert master series prices","conductor score","basic instrumentation","local phenomenon","eighth grade boys","several points","first stage","definite intonation problems","lower half","bass clef","approach middle","comfortable range","bottom line","happy excursions","mature bass voices","duncan mckenzie","book training","richard deyoung","tenor voice","initial drop","higher tessitura","sudden drop","bass range","comfortable range policy","alverno college","reference scores","chappell note","suitable music","gerald abraham","fifth avenue","custom model","pianos organs","piano organ dehumidifier","side panels","excessive moisture","entire keyboard","extreme bass","treble keys","installation today","gerald abraham group","universal language","human emotions","sound waves","literal translation","language barriers","geographical boundaries","literal translations","ethnical origin"]},"articleId":["10.2307_3389573"],"arkIstex":"ark:/67375/M70-8244MVZV-1","language":["eng"],"originalGenre":["other"],"qualityIndicators":{"score":3.505,"pdfWordCount":1493,"pdfCharCount":8303,"pdfVersion":1.6,"pdfPageCount":2,"pdfPageSize":"612 x 878.4 pts","refBibsNative":false,"abstractWordCount":1,"abstractCharCount":0,"keywordCount":0},"title":"That Elusive Octave","genre":["other"],"host":{"title":"Music Educators Journal","language":["unknown"],"issn":["0027-4321"],"eissn":["1945-0087"],"publisherId":["MEJ"],"volume":"48","issue":"5","pages":{"first":"16","last":"18"},"genre":["journal"]},"namedEntities":{"unitex":{"date":["November-December 1961","February-March 1962","1962"],"geogName":[],"orgName":[],"orgName_funder":[],"orgName_provider":[],"persName":["DeYoung","Ludwig von Beethoven","Frederick Swanson","Abraham","Swanson","Sebastian Bach","Cooper"],"placeName":["Milwaukee","York"],"ref_url":[],"ref_bibl":["Musart, November, 1958, p. 6"],"bibl":[]}},"ark":["ark:/67375/M70-8244MVZV-1"],"publicationDate":"1962","copyrightDate":"1962","enrichments":{"type":["refBibs","teeft","unitex"]},"doi":["10.2307/3389573"],"_id":"236E6543F58D4E67A468FA232F192D360D682F9B"}