{"corpusName":"oup","keywords":{"teeft":["autograph score","bassoon","slurring","copyist","fifth symphony","slur","clef","engraver","leipzig","full score","autograph","breitkopf hartel","string part","orchestral music","octave lower","redundant bar","bass part","slow movement","first crotchet","bassoon part","second issue","tenor clef","second violin","score show","piccolo scale","octave","first movement","first issue","flute part","modern edition","natural trumpet","other hand","same plate","such thing","litolff score","original source","orchestral part","wrong note","bass clef","first performance","first bassoon part","actual note","present score","horn part","standard edition","more difficult","original slurring","unwanted bar"]},"author":[{"name":"ADAM CARSE"}],"articleId":["XXIX.3.249"],"arkIstex":"ark:/67375/HXZ-ZKMPK5HZ-D","language":["eng"],"originalGenre":["research-article"],"qualityIndicators":{"score":5.05,"pdfWordCount":5889,"pdfCharCount":29548,"pdfVersion":1.3,"pdfPageCount":14,"pdfPageSize":"489 x 696 pts","pdfWordsPerPage":421,"pdfText":true,"refBibsNative":false,"abstractWordCount":0,"abstractCharCount":0,"keywordCount":0},"title":"THE SOURCES OF BEETHOVEN'S FIFTH SYMPHONY","refBibs":[{"host":{"author":[{"name":"Bride Nohl"},{"name":" Beethoveni"}],"pages":{"first":"39"}}},{"title":"although a lomewhat troublesome method, hai been adopted here in order that particular ban may be identified by reference to any edition of the score. But in the case of any score made before c.1850 allowance must be made for the two redundant bars in the scherzo","author":[],"publicationDate":"1938-07","host":{"title":"Numbering the ban of each njovement","publicationDate":"1938-07","author":[],"pages":{"first":"60"}}}],"genre":["research-article"],"host":{"title":"Music and Letters","language":["unknown"],"issn":["0027-4224"],"eissn":["1477-4631"],"publisherId":["musicj"],"volume":"XXIX","issue":"3","pages":{"first":"249","last":"262"},"genre":["journal"],"subject":[{"value":"Articles"}]},"namedEntities":{"unitex":{"date":["1808","1810","1826","1890s","1809","1948","1841","1938","1846","1870s"],"geogName":[],"orgName":[],"orgName_funder":[],"orgName_provider":[],"persName":["Alfred Pochon","Beethoven","Sustained"],"placeName":["Leipzig","America","Vienna"],"ref_url":[],"ref_bibl":[],"bibl":[]}},"ark":["ark:/67375/HXZ-ZKMPK5HZ-D"],"categories":{"wos":[],"scienceMetrix":["1 - arts & humanities","2 - visual & performing arts","3 - music"],"scopus":["1 - Social Sciences","2 - Arts and Humanities","3 - Music"]},"publicationDate":"1948","copyrightDate":"1948","enrichments":{"type":["multicat","refBibs","teeft","unitex"]},"doi":["10.1093/ml/XXIX.3.249"],"_id":"B4C66995712F44DA644C762C162E4A261C33076A"}