{"corpusName":"oup","keywords":{"teeft":["slow movement","pianoforte","choral symphony","variation form","next year","emperor quartet","third pianoforte trio","opus number","pianoforte trio","diabelli variation","field rank","joseph haydn","great example","foil channel","bare question","nearer haydn","little account","conventional method","much more","same period","ruol bailare","clavier solo","bonn period","real landmark","wise choice","high favour","customary barrier","seventh variation","single composition","year beethoven","more work","holiday compliment","concerted piece","occasional piece","more interesting","string quartet","piano variation","undue disdain","choral fantasia","distinctive form","harp quartet","silent interval","great masterpiece","frequent sectional theme","string quartete","successive number uniform","general outline","different aspect","theme intact","fresh presentation","wettron wynde mass","elizabethan clavier writer","recognisable alteration","constituent figure","chief musical significance","direct relation","basic melody","commonest form","lesber composer","eighteenth century","great master","successive variation","independent commentary","magnificent example","second violin beethoven","outstanding master","melodic idiom","nineteenth century","righini variation","more wonderful","pure delight","intimate emotion","same power","sonata form","central meaning","fresh garb","fresh embodiment","essential spirit","special reason","interesting diversity","whole procession","royal finale","diabeui variation","organic unity","minor quartet","innigater empfindung","little folk tune","heavier work","queer experiment","unaccompanied dueto","unsuccessful compliment","day method","melodic idea","pianoforte sonata","minor chaconne","prometheus variation","canonic number","blow movement","show more","contrapuntal treatment","third period","dozen others","contrapuntal movement","canonic imitation","less extent","more noticeable","major sonata","third variation","double counterpoint","free imitation","soft sound","unthinking critic","wrong name","exquisite purity","more spiritual","single melodic stanza","last trio","last symphony","divine presence","sheer unsurpassable beauty","undisturbed song","pure concent","serene majesty","solemnity rise","attendant mountain","ninth symphony","instrumental variation","irregular structure","same quality","message unimpeded","human utterance","pattord sonata","characteristic sentence","double bar","mark beethoven","prophetic vision","greatest virtuoso","greatest master","musical construction","larger canvas","same dramatic intensity","instrumental composer"]},"author":[{"name":"W. H. HADOW"}],"articleId":["VIII.2.126"],"arkIstex":"ark:/67375/HXZ-R10480L6-H","language":["eng"],"originalGenre":["research-article"],"qualityIndicators":{"score":1.995,"pdfWordCount":1945,"pdfCharCount":10257,"pdfVersion":1.2,"pdfPageCount":5,"pdfPageSize":"485 x 704 pts","pdfWordsPerPage":389,"pdfText":true,"refBibsNative":false,"abstractWordCount":0,"abstractCharCount":0,"keywordCount":0},"title":"VARIATION-FORM","genre":["research-article"],"host":{"title":"Music and Letters","language":["unknown"],"issn":["0027-4224"],"eissn":["1477-4631"],"publisherId":["musicj"],"volume":"VIII","issue":"2","pages":{"first":"126","last":"130"},"genre":["journal"],"subject":[{"value":"Articles"}]},"namedEntities":{"unitex":{"date":["1808","the nineteenth century","1826","1804","1809","1811","1805","1782","the eighteenth century","1806"],"geogName":[],"orgName":[],"orgName_funder":[],"orgName_provider":[],"persName":["Beethoven","Variation"],"placeName":["Bonn","Vienna","Goldberg"],"ref_url":[],"ref_bibl":[],"bibl":[]}},"ark":["ark:/67375/HXZ-R10480L6-H"],"categories":{"wos":[],"scienceMetrix":["1 - arts & humanities","2 - visual & performing arts","3 - music"],"scopus":["1 - Social Sciences","2 - Arts and Humanities","3 - Music"]},"publicationDate":"1927","copyrightDate":"1927","enrichments":{"type":["multicat","refBibs","teeft","unitex"]},"doi":["10.1093/ml/VIII.2.126"],"_id":"8ACB855188BAA075552D824C7E2D68E1D62FCD34"}