{"corpusName":"oup","keywords":{"teeft":["first movement","eroica","coda","razoumovsky","appoggiatura","fugue","mordent","razoumovsky quartet","appassionata","slow movement","development theme","musical quarterly","neapolitan","development section","fugato","fortissimo","reinterpretation","eroica symphony","supertonic","appassionato","reworking","string quartet","first subject","piano sonata","cello","middle period","registral","finale","tonic","strategic pitch","dominant seventh","lewis lockwood","prime third","second subject","neapolitan pitch","first violin","prime element","appassionata sonata","first fugue","compositional","harmonic","recapitulation","structural dominant","dominant minor ninth","diatonic supertonic","prime mordent","out movement","up line","respelled enharmonically","scherzo","entire work","funeral march","opening frame","bass theme","focal point","analytic reduction","formal section","finale opening","perfect cadence","dramatic action","central action","initial appearance","out part","harmonic progression","in line","expressive range","formal design","nottebohm note","quartet","chord","beethoven","bass motion","more extreme","style characteristic","first measure","next measure","similar procedure","heroic work","orchestral composition","cyclical procedure","finale theme","first section","enharmonic respelling","intrastructural level","expressive delineation","coda opening","registral span","first phrase","compositional technique","cello theme","razoumovsky string quartet","larger level","opening chord","direct impact","alexander wheelock thayer","articulate section","variation form","lyrical melody","bass line","neapolitan appoggiatura","first time","tonal planning","pitch reinterpretation","tonal direction","character definition","tonal digression","eroka symphony","formal placement","cyclic form","compositional procedure","contextual reinterpretation","final chord","beethoven study","alan tyson","cambridge university press","formal articulation","second fugue","ernst oster","music theory","sonata form","heroic period","haydn","sonata"]},"author":[{"name":"Barbara R. Barry"}],"articleId":["76.2.184"],"arkIstex":"ark:/67375/HXZ-GVS0WV68-R","language":["eng"],"originalGenre":["research-article"],"qualityIndicators":{"score":5.05,"pdfWordCount":9908,"pdfCharCount":57358,"pdfVersion":1.3,"pdfPageCount":32,"pdfPageSize":"467 x 702 pts","pdfWordsPerPage":310,"pdfText":true,"refBibsNative":false,"abstractWordCount":0,"abstractCharCount":0,"keywordCount":0},"title":"Pitch Interpretation and Cyclical Procedures in Middle-Period Beethoven","refBibs":[{"host":{"title":"are both examples of a more graceful style in a smaller frame than the heroic works. The heroic period is not totally subsumed by heroic works: the Eroica is followed by the Fourth Symphony, the Fifth by the Pastoral, and between the Woldstein and Appassionata Sonatas is the graceful F-major Piano Sonata, op. 54. The unilateral view of the heroic period has tended to obscure those works which do not have the great power and rhetoric of the odd-numbered symphonies from three to nine. If Beethoven considered his eighth symphony \"better\" than his seventh","author":[]}},{"host":{"title":"these questions search to clarify the interpretative meaning of complex music that borrows from existing conventions and transforms them in an individual, creative way. The same questions may be raised about the opening of the A-minor String Quartet, op. 132, as about op","author":[{"name":" Far From Sophistry"}]}},{"host":{"author":[{"name":"See Lini Hubsch"},{"name":" Ludwig Van Beethoven"}]}},{"author":[{"name":"F-Dur,I Nr"},{"name":"E-Mou,2 Nr"}],"publicationDate":"1983","host":{"title":"Nr","publicationDate":"1983","author":[],"volume":"3","pages":{"first":"63"}}},{"title":"The first movement [of the Eroica] succeeds in reconciling the formal, spatial requirements of the traditionally conceived sonata form with a discursive, narrative, temporal drama","author":[],"publicationDate":"1970","host":{"title":"The Creative World of Beethoven","publicationDate":"1970","author":[],"pages":{"first":"585","last":"604"}}},{"author":[{"name":"Ephraim Gotthold"},{"name":"Laocotm Lessing"}],"publicationDate":"1766","host":{"title":"Gesammelte Werke, 10 vols","publicationDate":"1766","author":[]}},{"title":"Nottebohm notes that the drive from C major to E minor is a constant feature through the sketch versions","author":[{"name":"Theodor Helm"},{"name":"Beethovens Streichquartette"}],"publicationDate":"1887","host":{"title":"82. 23. In the sketches for the finale of the Razoumovsky Quartet","publicationDate":"1887","author":[],"pages":{"first":"84","last":"5"}}},{"host":{"title":"It is significant that the measure's silence after the first two chords at the beginning of the first movement does not appear at the recapitulation; the two chords are given there twice, rescored, and filled in by sixteenth notes","author":[]}}],"genre":["research-article"],"host":{"title":"The Musical Quarterly","language":["unknown"],"issn":["0027-4631"],"eissn":["1741-8399"],"publisherId":["musqtl"],"volume":"76","issue":"2","pages":{"first":"184","last":"215"},"genre":["journal"],"subject":[{"value":"Articles"}]},"namedEntities":{"unitex":{"date":["1992"],"geogName":[],"orgName":[],"orgName_funder":[],"orgName_provider":[],"persName":["Quartets","Heinrich Schenker","James Webster","Elliot Forbes","Joseph Kerman","Robert B. Meikle","Razownovsky","Czemy","Philip G. Downs","Philip Downs","Dorothy Reich","Fritz Cassirer","Paul Henry","Gustav Nottebohm","Ludwig van Beethoven","Symphony","Alexander Wheelock","Ernst Oster","Razoumovsky","Razouxnovsky","Elliott Forbes","Theodor Helm","Alan Tyson","Lewis Lockwood","Nottebohm","String","Paul Rill"],"placeName":[],"ref_url":[],"ref_bibl":["Symposium Bonn 1984 (Munich: Henle, 1987)","New York: Norton, 1970","Leipzig, 1925","Cambridge: Cambridge University Press, 1982","Jahre 1803 (Leipzig: Breitkopf and Hartel, 1880)","Berlin: Aufbau, 1968","New York: Longman, 1979","Cambridge: Harvard University Press, 1984","Princeton: Princeton University Press, 1967","Leipzig: Riefer Biedermann, 1887","New York: Dover, 1984","[1966]","Munich: Wilhelm Fink, 1983","London: Oxford University Press, 1965","Leipzig: Siegel, 1910"],"bibl":[]}},"ark":["ark:/67375/HXZ-GVS0WV68-R"],"categories":{"wos":[],"scienceMetrix":["1 - arts & humanities","2 - visual & performing arts","3 - music"],"scopus":["1 - Social Sciences","2 - Arts and Humanities","3 - Music"]},"publicationDate":"1992","copyrightDate":"1992","enrichments":{"type":["multicat","refBibs","teeft","unitex"]},"doi":["10.1093/mq/76.2.184"],"_id":"6612BC15B7A7AE5FAFED066143E3B07B0F2E5340"}