{"corpusName":"oup","author":[{"name":"PETER STADLEN"}],"articleId":["XLVIII.4.330"],"arkIstex":"ark:/67375/HXZ-VHMK0DF2-Q","language":["eng"],"originalGenre":["research-article"],"qualityIndicators":{"score":5.05,"pdfWordCount":10027,"pdfCharCount":51350,"pdfVersion":1.3,"pdfPageCount":28,"pdfPageSize":"400 x 687 pts","pdfWordsPerPage":358,"pdfText":true,"refBibsNative":false,"abstractWordCount":0,"abstractCharCount":0,"keywordCount":0},"title":"BEETHOVEN AND THE METRONOME","genre":["research-article"],"host":{"title":"Music and Letters","language":["unknown"],"issn":["0027-4224"],"eissn":["1477-4631"],"publisherId":["musicj"],"volume":"XLVIII","issue":"4","pages":{"first":"330","last":"357"},"genre":["journal"],"subject":[{"value":"Articles"}]},"namedEntities":{"unitex":{"date":["1819","1826","1827","1896","1823","1922","1841","1817","1967"],"geogName":["Ill"],"orgName":[],"orgName_funder":[],"orgName_provider":[],"persName":["Professor Schmidt-Gdrg","Kurt Herbst","Anton Schindler","Karl","Paul Mia","Max Unger","Stephan Ley","Schmidt","Paul Mies","Elliot Forbes","Hermann Beck","Emily Anderson","William Mann","Trio","Anderson","Book","Rudolf Kolisch","Donald W. MacArdle","Professor Schmidt-Gorg","Francesca Caccini","A. Ch","Franz Wegeler","Beethoven","Otto Baensch","Baensch","Hans Schmidt","Ludwig van Beethoven","Altmann","Forbes","Ferdinand Ries","Turning","Heinrich Porges","Carolan","Heathcote Statham","Altmaruvs","Hugo Ricmann","Hermann Deiters","R. Conservatorio","Spiker"],"placeName":["Leipzig","Berlin","Bonn","Charlotte","Gneixendorf","Bayreuth","Vienna","Lower Austria","Mainz"],"ref_url":[],"ref_bibl":["Leipzig, 1872","Erlangen, 1954","London, 1936","April and July 1943","March 1827","Berlin and Leipzig, 1906","Leipzig, 1925","Brunswick, 1937","Munjter, 1840","Bonn, 1927","Leipzig, 1887","Munster, 1840","London, 1841","Berlin, 1943","London, 1896","London, 1961","Augsburg, 1925","Leipzig, 1916","London, 1966","Goblenz, 1838","Princeton, 1964","Brunswick, 1933"],"bibl":[]}},"ark":["ark:/67375/HXZ-VHMK0DF2-Q"],"categories":{"wos":[],"scienceMetrix":["1 - arts & humanities","2 - visual & performing arts","3 - music"],"scopus":["1 - Social Sciences","2 - Arts and Humanities","3 - Music"]},"publicationDate":"1967","copyrightDate":"1967","enrichments":{"type":["multicat","refBibs","unitex"]},"doi":["10.1093/ml/XLVIII.4.330"],"_id":"C91BCA4AB70EE579D088417C3586D22A893A37DD"}