{"corpusName":"sage","keywords":{"teeft":["music supervisors journal","good music","ninth symphony","wrong notes","perplexity","same state","educational value","musical civilization","musical truth","false value","music teachers","symphony brow","actual result","honorable rascals","sorry plight","complete beethoven","other composers","similar satisfaction","cranial loftiness","perceptibly composers","fourth generations","innumerable perthat beethoven","innumerable things","inventive minds","technical perfection","humble opinion","educational importance","school work","steadying influence","eastern conference","vast multitudes","dubious aspects","musical welfare","respectable minorities","negative attitude","ninth symphonies","contractual muddle","last movement","authoritative form","queer species","ordinary studio recital","aeolian hall","genius beethoven","genius toscanini","silly crumbs","tremendous performance","gigantic symphony","music glory","first movement","mere torso","orchestral intentions","single instrument","nondescript instruments","orchestral body","frightful manner","little tale","centenarian perplexities","similar strictures","crude substitute","same level","educational significance","real article","influence millions","view life","misleading unreality","grave danger","other field","daily receptivity","hearing something","less distortedly","false alarm","absurd waste","musical labor","orchestra fare","whole nation","sonneck editor","music supervisors journal radio","certain occasion","digital problems","physical inhibitions","supreme masters","esthetic education","theoretical willingness","daily bread","inevitable result","eugenic selectivity","exceptional members","visionary vision","musical millenium","naive willingness","tender mercies","musical life","hard labor","physical discipline","opposite view","study music","cautious tests","proper balance","many millions","exceptional talent","bumper crop","potential musicians","mere quantity","particular fascination","beethovenian vocabulary","lamentably fall","normal requirements","delicate years","pedagogical jobs","innocent notion","ideal state","capable musicians","direct contact","main thesis","other hand","arthur bodanzky","musical performance","eager youngsters","countless johns","good music part","same johns","switch music","electric lights","kilowatt hour","electric light","wonderful thing","efficiency engineers","wrong note","reverential enthusiasm","same youngster","profitable compositions","perfect statement","crudities galore","correct notes","different kind galore","indifferent attitude","true value","radio idolators","present horrors","angemusical life","american music","dubious music","reasonable level","musical decency","inferior quality","good taste","poor taste","perplexed mind wonders","curious phenomenon","queer sense","remotest hamlets"]},"author":[{"name":"O. G. Sonneck","affiliations":["Editor, The musical Quarterly"]}],"articleId":["10.2307_3382433"],"arkIstex":"ark:/67375/M70-PK2K61GF-N","language":["eng"],"originalGenre":["research-article"],"qualityIndicators":{"score":4.182,"pdfWordCount":2170,"pdfCharCount":12436,"pdfVersion":1.4,"pdfPageCount":4,"pdfPageSize":"486 x 701.88 pts","refBibsNative":false,"abstractWordCount":1,"abstractCharCount":0,"keywordCount":0},"title":"Centenarian Perplexities","genre":["research-article"],"host":{"title":"Music Supervisors' Journal","language":["unknown"],"issn":["1559-2472"],"eissn":["1945-0087"],"publisherId":["MEJ"],"volume":"14","issue":"1","pages":{"first":"25","last":"31"},"genre":["journal"]},"namedEntities":{"unitex":{"date":["1927"],"geogName":[],"orgName":[],"orgName_funder":[],"orgName_provider":[],"persName":["Sun","Edison"],"placeName":["Bonn","America","Vienna","York"],"ref_url":[],"ref_bibl":[],"bibl":[]}},"ark":["ark:/67375/M70-PK2K61GF-N"],"publicationDate":"1927","copyrightDate":"1927","enrichments":{"type":["refBibs","teeft","unitex"]},"doi":["10.2307/3382433"],"_id":"6DEC02828D2F6539C28B9AC5409BE2287BD1849E"}