{"corpusName":"oup","keywords":{"teeft":["wooldridge","weingartner","various conductor","fourth symphony","documentary study","eighth symphony","david wooldridge","barrie rockliff","ernest translation","third edition","fourth edition","jessie translation","first edition","symphonien beethoven","third german edition","individual symphony","hartel page number","fourth german edition","symphonic nach beethoven","interesting preface","critical judgement","nineteenthcentury composer","classic form","sanguinary swamp","total collapse","enlightened mind","latest electronic masterpiece","little difficulty","weingartner right","critical examination","convincing reason","scrupulous care","great performer","mod demeanour","concert platform","favourite conductor","ofbritish conductor","hamilton harty","albert coates","inexcusable breach","professional etiquette","tchaikowsky piano concerto","treacherous woodwind entry","third concerto","orchestral player","york philharmonic","dimitri mitropoulos","terrifyingly true","bruno walter realise","british orchestral player","same identical moment","orchestral musician","individual artistic stature","ernest newman","educational system","right word","gifted teacher","mediocre talent","young conductor","permanent conductor","little premature","colin davis","ninth symphony","motion study","component part","philharmonia orchestra","felix weingartner","metronome marking","unqualified praise","serious performance","biographical detail","individual conductor","same time","critical commentary","various interpretation","individual work","standard repertory","fourth discussion","further instalment","fascinating mystery","jessie crosland","first performance postdated","many month","professor description","resourceful writer","intriguing affair","interesting appendix","current stokowski seating plan","more logical","second violin","imaginary antiphony","author excuse","incidental influence","great centre","musical insensitivity","musical life","tender mercy","commercial exploitation","musician arrogant","swashbuckling caricature","musical legacy","toscanini recording","memorable performance","dover publication","robbins landon","thames hudson","first coloured reproduction","neugass portrait","private hand","poor medium","generous provision","highest standard attainable","less satisfactory","greater part","chief difficulty","separate index","general index","series number","picture page","frustrating experience","simple page reference","page number","particular quotation","john russell","expert instance","vienna secret police","substantial majority","knowledgeable people","music whatsover","herr beethoven","original timpani part","literal observation"]},"author":[{"name":"R. W."}],"articleId":["LI.4.451"],"arkIstex":"ark:/67375/HXZ-6G44X51K-K","language":["eng"],"originalGenre":["book-review"],"qualityIndicators":{"score":1.689,"pdfWordCount":1639,"pdfCharCount":9426,"pdfVersion":1.3,"pdfPageCount":3,"pdfPageSize":"413 x 685 pts","pdfWordsPerPage":546,"pdfText":true,"refBibsNative":false,"abstractWordCount":0,"abstractCharCount":0,"keywordCount":0},"title":"REVIEWS OF BOOKS","genre":["book-reviews"],"host":{"title":"Music and Letters","language":["unknown"],"issn":["0027-4224"],"eissn":["1477-4631"],"publisherId":["musicj"],"volume":"LI","issue":"4","pages":{"first":"451","last":"453"},"genre":["journal"],"subject":[{"value":"REVIEWS OF BOOKS"}]},"namedEntities":{"unitex":{"date":["1928","1970","10s","1907","1925","1897","1967"],"geogName":[],"orgName":[],"orgName_funder":[],"orgName_provider":[],"persName":["Schott","Mellers","Hamilton Harty","Jessie Crosland","Albert Coates","Eugene Goossens","Ernest Newman","Bruno Walter","H. M. Schott","La Mara","W. Beethoven","John Russell","David Wooldridge","Wooldridge"],"placeName":["Dresden","Vienna","Amsterdam","York"],"ref_url":[],"ref_bibl":[],"bibl":[]}},"ark":["ark:/67375/HXZ-6G44X51K-K"],"categories":{"wos":[],"scienceMetrix":["1 - arts & humanities","2 - visual & performing arts","3 - music"],"scopus":["1 - Social Sciences","2 - Arts and Humanities","3 - Music"]},"publicationDate":"1970","copyrightDate":"1970","enrichments":{"type":["multicat","refBibs","teeft","unitex"]},"doi":["10.1093/ml/LI.4.451"],"_id":"9ADC621F694CAF2672D97ABFE75036F2E0163DA2"}