{"corpusName":"sage","keywords":{"teeft":["schmidt","english history","entire trip","special orchestra","music reading","master craftsmen","great deal","american room","french room","political history","nazi government","same elements","full band","symphonic band","condensed score","piano book","bass clarinets","maneuver series","outright purchase","nadia boulanger","national school"]},"author":[{"name":"Helen M. Hosmer","affiliations":["Director, Crane School of Music, State Normal School, Potsdam, New York"]}],"articleId":["10.2307_3385495"],"arkIstex":"ark:/67375/M70-KZ82S7X5-0","language":["eng"],"originalGenre":["research-article"],"qualityIndicators":{"score":5.411,"pdfWordCount":3399,"pdfCharCount":21274,"pdfVersion":1.6,"pdfPageCount":4,"pdfPageSize":"648 x 864 pts","refBibsNative":false,"abstractWordCount":1,"abstractCharCount":0,"keywordCount":0},"title":"International Music Integration","genre":["research-article"],"host":{"title":"Music Educators Journal","language":["unknown"],"issn":["0027-4321"],"eissn":["1945-0087"],"publisherId":["MEJ"],"volume":"24","issue":"1","pages":{"first":"37","last":"78"},"genre":["journal"]},"namedEntities":{"unitex":{"date":["eighteenth century","from 15th Century","1937"],"geogName":["Saar"],"orgName":["State Board of Regents and credit","Austria, Munich, Nuremberg, Bamberg","University of Berlin","Germany, England, Egypt, Ireland","GAMBLE HINGED MUSIC CO.","Music Educators National Conference","IIAYNES CO","France, the United States, and Scandinavia","National School","National Conference Containing","RECORDINGS American Record Phonograph Exchange","Denmark, and Sweden","National School Vocal Home and Community Singing","HAYNES CO.","Brass With Piano Accompaniment On National Solo and Ensemble","National Contest Numbers","Music Educators Journal American Students","Germany, Austria, France, and England","National Gallery"],"orgName_funder":[],"orgName_provider":[],"persName":["Duncan Avenue","J. Olivadoti","Gershwin","Nadia Boulanger","Schmidt","George Bennett","Kennedy Scott","Pietro Good-Bye","Don Wilson","Viola Parts","Eldon Ready","George Rushford","H. M. S. Pinafore","Clara Schumann","M.E.N.C. September","Johann Strauss","Julie Plante","W. Schaeffer","A. Yon","Beethoven","Fred K. Huffer","Geoffrey O'Hara","Junior Classics","My Johnny","Adam P. Lesinsky","Bass Clarinets","E. Jackson","Laurence Powell","Mabelle Glenn","La Belle","Melody Band","Tin Soldiers","Melody Played","Karl Schnabel"],"placeName":["Erfurt","MASS.","Berlin","Coblenz","Paris","Potsdam","Nuremberg","Germany","United States","Munich","Bonn","Eisenach","St. Matthew","Montreal","Frankfort","Stuttgart","London","American","BOSTON","Europe","Bayreuth","America","Annapolis","Berkeley","Bethlehem","Chicago","YORK","York","Kansas City","JerseyCity","France","Weimar","England","Hildesheim","Mainz","Salzburg","Palestrina"],"ref_url":[],"ref_bibl":[],"bibl":[]}},"ark":["ark:/67375/M70-KZ82S7X5-0"],"publicationDate":"1937","copyrightDate":"1937","enrichments":{"type":["refBibs","teeft","unitex"]},"doi":["10.2307/3385495"],"_id":"98C9BB6BE5260E560927581FD4D9A997967FB689"}