{"corpusName":"oup","keywords":{"teeft":["rondo","octave alternation","musical quarterly","reprise","second period","wielhorsky","fugue","tema","bach variation","octave","kessler","fischhof","antecedent phrase","osservazione","first period","opus","suspension figure","rondo theme","bach","alternation","consequent phrase","final version","bach model","first phrase","antecedent","prometheus","mental digestion","beethoven theme","breitkopf hartel","first time","principal subject","treble","different octave","immediate predecessor","long time","particular attention","first variation","pitch class","principal theme","allegretto vivace","bach rondo","contrapuntal inversion","second phrase","suspension decoration","wonderful conception","bach theme","third symphony","melodic design","osservazione seconda","third phrase","dominant chord","harmonic rhythm","initial statement","first statement","second variation","other application","larger musical unit","personal copy","beethoven","soprano","variation"]},"author":[{"name":"ELLWOOD DERR"}],"articleId":["LXX.1.45"],"arkIstex":"ark:/67375/HXZ-W6KXQMW1-Z","language":["eng"],"originalGenre":["research-article"],"qualityIndicators":{"score":5.05,"pdfWordCount":7784,"pdfCharCount":41528,"pdfVersion":1.3,"pdfPageCount":32,"pdfPageSize":"445 x 670 pts","pdfWordsPerPage":243,"pdfText":true,"refBibsNative":false,"abstractWordCount":0,"abstractCharCount":0,"keywordCount":0},"title":"Beethoven's Long-Term Memory of C. P. E. Bach's Rondo in E Flat, W. 61/1 (1787), Manifest in the Variations in E Flat for Piano, Opus 35 (1802)","refBibs":[{"host":{"title":"Rondo in Eb, snippets from which Beethoven had grasped and written down in the mid-1790s, has \"gone through a process of mental digestion\" and \"come forth again.. .in [an] entirely new and wonderful conception\" in Opus 35. Doubtless, Bach would have been delighted that the seeds planted in Rondo bloomed so exquisitely fifteen years later as Beethoven's Variation in Eb","author":[{"name":" Thus"},{"name":" Bach"}],"pages":{"first":"22"}}},{"host":{"author":[{"name":" Bartleti"}],"pages":{"first":"237"}}},{"title":"Original German text reported in: Albert Leiumann's Ludwig van","author":[],"publicationDate":"1921","host":{"title":"Letters, Journals and Conversations","publicationDate":"1921","author":[],"pages":{"first":"193"}}},{"title":"My initial statement on the Bach-Beethoven connection in Op. 35 was reported inExempli Gratia1 examined Johannes Brahms's personal copy of the first printing of W. 61 and his personal copies (2) of Op. 35, preserved in A: Wgm. It is likely that Brahms had detected the interrelations beteen these two works. \\V. 61 contains his mark of ownership at the lower right-hand corner of the title page. At the upper left-hand comer of the first page of the Rondo in Efc he has written a large \"X,\" calling particular attention to this piece in his typical manner. Though his copies of Op. 35 contain no marginalia, we know that he performed Beethoven's Op. 35 in public at least once, namely on his second Viennese solo recital The program for this concert is reported on p. 22 of Kurt Hof mann's Johannes Brahms: The Man and His Work, catalogue of an exhibition of rare and unique items","author":[],"publicationDate":"1863-04","host":{"title":"Theory Only spring","publicationDate":"1863-04","author":[],"pages":{"first":"28","last":"30"}}}],"genre":["research-article"],"host":{"title":"The Musical Quarterly","language":["unknown"],"issn":["0027-4631"],"eissn":["1741-8399"],"publisherId":["musqtl"],"volume":"LXX","issue":"1","pages":{"first":"45","last":"76"},"genre":["journal"],"subject":[{"value":"Articles"}]},"namedEntities":{"unitex":{"date":["1803","1780s","1800","1984","1790s"],"geogName":[],"orgName":[],"orgName_funder":[],"orgName_provider":[],"persName":["Eva Badura-Skoda","Oswald Jonas","Emanuel Bach","Rudolf Flouinger","Elliot Forbes","Joseph Kerman","Louis Schlosser","Carl Krebs","Emily Anderson","A. W. Thayer","Joseph Haydn","P. E. Bach","Ludwig van Beethovens","Douglas P. Johnson","Hans Halm","John Bishop","Johannes Brahms","Beethoven","Alexander Ringer","Henry Hugh","Gcorg Kinsky","Ludwig van Beethoven","Julius Kapp","Christian Gottlob","Frederic Bartlett","Carl Czerny","Octave Alternation","Lothar Hoffivuin-Erbrecht","C.P.E. Bach","C. P. E. Bach"],"placeName":["Leipzig","Linz","Bonn","Wldbocity","Vienna","York","Hof","Detroit"],"ref_url":[],"ref_bibl":["London, 1970","Munich-Salzburg, 1976","Vienna, 1982","Vienna, 1970","Detroit, 1980","December, 1976","Ann Arbor, 1980","June, 1803","Princeton, 1967","Moscow, 1962","April and August, 1803","Leipzig, 1923","Cambridge, 1932","Munidi-Duisberg, 1955","Vienna, 1962","New York, 1961","Tutzing, 1975","Leipzig, 1921","January, 1803","New York, 1960","Hamburg, 1852"],"bibl":[]}},"ark":["ark:/67375/HXZ-W6KXQMW1-Z"],"categories":{"wos":[],"scienceMetrix":["1 - arts & humanities","2 - visual & performing arts","3 - music"],"scopus":["1 - Social Sciences","2 - Arts and Humanities","3 - Music"]},"publicationDate":"1984","copyrightDate":"1984","enrichments":{"type":["multicat","refBibs","teeft","unitex"]},"doi":["10.1093/mq/LXX.1.45"],"_id":"D0A5B2D1FA7942FEBF5D1064DB95232255626B7A"}