{"corpusName":"sage","keywords":{"teeft":["accpt","piano accpt","general music program","rhythmic responses","flute","musical activities","creative activities","orchestra studies","richard strauss","young child","music program","primary grades","music educators journal","personal growth","musical experience","brass instruments","radio programs","symphonic works","child growth","wood blocks","psychological principles","rhythm instruments","concert studies","tone quality","further progress","technical insights","musical experiences"]},"author":[{"name":"Janice Satterthwaite Schroeder"}],"articleId":["10.2307_3387302"],"arkIstex":"ark:/67375/M70-5ZKX781W-F","language":["eng"],"originalGenre":["research-article"],"abstract":"THE coordinator of music for the San Diego (California) County Schools presents the psychological principles of a “Growing Up With Music” program. from pre-school to adulthood.","qualityIndicators":{"score":5.151,"pdfWordCount":2839,"pdfCharCount":19430,"pdfVersion":1.6,"pdfPageCount":4,"pdfPageSize":"612 x 879 pts","refBibsNative":false,"abstractWordCount":26,"abstractCharCount":176,"keywordCount":0},"title":"Child Growth and Development through Music","genre":["research-article"],"host":{"title":"Music Educators Journal","language":["unknown"],"issn":["0027-4321"],"eissn":["1945-0087"],"publisherId":["MEJ"],"volume":"36","issue":"4","pages":{"first":"20","last":"61"},"genre":["journal"]},"namedEntities":{"unitex":{"date":["1950"],"geogName":[],"orgName":["I CONN BAND INSTRUMENT","BRASS INSTRUMENTS","CONN, LTD.","BETTONEY CO."],"orgName_funder":[],"orgName_provider":[],"persName":["Philadelphia Orchestra","Richard Strauss","N. Y. Branch","W. R. Tenney","W. A. Mozart","Catherine Van Beethoven","Sol Schoenbach","H. Baermann","J. Quantz","H. Neumann","S. Savage","H. Klose","J. Haydn","William Emnons","W.Schade","Hugo Rudel","A. Mozart","C. Jacobi","D. S. Wood"],"placeName":["San Diego","CHICAGO","York"],"ref_url":[],"ref_bibl":["Mursell, Co., 1948"],"bibl":[]}},"ark":["ark:/67375/M70-5ZKX781W-F"],"categories":{"inist":["1 - sciences humaines et sociales"]},"publicationDate":"1950","copyrightDate":"1950","enrichments":{"type":["nb","refBibs","teeft","unitex"]},"doi":["10.2307/3387302"],"_id":"C2798059CDC76F21DBC54E2DEA0C2F0711CEF985"}