{"corpusName":"oup","keywords":{"teeft":["nottebohm","early sketch","piano score","opus","piano sonata","continuity draft","musical quarterly","fols","sketchbook","autograph miscellany","folio","beethoveniana","final version","miscellany","london miscellany","schmidt","sketch sheet","loose sheet","british museum","bonn sheet","stiftung preussischer kulturbesitz","development section","autograph","joseph kerman","string quartet","berlin miscellany","facsimile","sketch","piano concerto","violin sonata","musical time","zweite beethoveniana","major quartet","such notation","venni amore","notation","trio opus","schmidt sketch list","kafka sketchbook","royal musical association","british museum catalogue","schmidt verzeichnis","sketch source","han schmidt","string trio","arnold schmitz","unbekannte skizzen","counterpoint exercise","main theme","berlin folio","large portfolio","vienna sheet","beethoven sketch","schmidt verztichnis","berlin fols","actual sketchbook","older material","wilhelm virneisel","unfinished symphony","recent study","piano music","simple point","young composer","early sheet","wilhelm vimeisel","first instinct","various kind","dominant harmony","compositional study","variation opus","miscellaneous notation","early sketchbook","long draft","entire movement","thematic form","major trio","considerable number","gustav nottebohm","fritz stein","early year","vuol ballare","double counterpoint","triple counterpoint","beethoven","transcription","bonn","sonata"]},"author":[{"name":"JOSEPH KERMAN"}],"articleId":["LVI.4.515"],"arkIstex":"ark:/67375/HXZ-G22PDSFT-7","language":["eng"],"originalGenre":["research-article"],"qualityIndicators":{"score":6.383,"pdfWordCount":8058,"pdfCharCount":44805,"pdfVersion":1.5,"pdfPageCount":24,"pdfPageSize":"442 x 678 pts","pdfWordsPerPage":336,"pdfText":true,"refBibsNative":false,"abstractWordCount":0,"abstractCharCount":0,"keywordCount":0},"title":"BEETHOVEN'S EARLY SKETCHES","refBibs":[{"host":{"title":"Furthermore, fol. 62, an autograph of Dtr friit Mann, WoO 117, is numbered \"No 4,\" referring to the position we know the long wai to have occupied in a set that Beethoven planned, but failed, to publish in 1804 (tee Kiniky-Halm","author":[],"pages":{"first":"122"}}},{"host":{"title":"12-staff paper: watermark three crescent moons), foil. 156- 57 (12-»taff: central fleur de lys), Berlin fols. 44-45 (16-staff: three crescent mooni and eagle over CFA), fol","author":[{"name":" London Fol"}],"pages":{"first":"16"}}},{"author":[{"name":"\" Joseph Kerman"}],"publicationDate":"1967","host":{"title":"The Betthovtn, Quartets","publicationDate":"1967","author":[],"pages":{"first":"7","last":"12"}}},{"title":"The Newly Discovered Autograph of Beethoven's Rondo a Capriccio, Op. 129","author":[{"name":" Ibid"}],"publicationDate":"1946","host":{"title":"Tht Musical Quarterly XXXII","publicationDate":"1946","author":[],"pages":{"first":"228","last":"29"}}},{"title":"II, 89-90) There is a facsimile of this page in Composers' Autographs Walter Gerjtenberg, plate 145, but the varioui editors did not identify the work sketched. For another facsimile of a characteristic Bonn sheet, see Stephan Ley","author":[],"publicationDate":"1927","host":{"title":"Bttlhoven als Freund der Familie Wegeler-v. Breuning","publicationDate":"1927","author":[],"volume":"1","pages":{"first":"128","last":"329"}}},{"author":[],"host":{"title":"M London, fol","author":[],"volume":"70","pages":{"first":"175","last":"76"}}},{"title":"Eine unbekannte Jugendsymphonie Beethovens?","author":[{"name":"Zweite Beethoveniana"}],"publicationDate":"1912","host":{"title":"Sammelbande der internationalen Musikgesellschaft XIII","publicationDate":"1912","author":[],"pages":{"first":"567","last":"131"}}},{"host":{"title":"154 (Autograph Miscellany, II, 127-28) ; Musical Times, XXXIII (1892)","author":[{"name":" London"}],"pages":{"first":"333","last":"34"}}},{"host":{"author":[{"name":"M Righini"}],"pages":{"first":"85","last":"86"}}}],"genre":["research-article"],"host":{"title":"The Musical Quarterly","language":["unknown"],"issn":["0027-4631"],"eissn":["1741-8399"],"publisherId":["musqtl"],"volume":"LVI","issue":"4","pages":{"first":"515","last":"538"},"genre":["journal"],"subject":[{"value":"Articles"}]},"namedEntities":{"unitex":{"date":["1799","1968","1970","1924","1848","1888","1837","1796","1804","1903","1797","1827","1892","1801","1798","1870","1792 to mid-1798","1798 to 1799"],"geogName":[],"orgName":["Keeper of Manuscripts"],"orgName_funder":["Keeper of Manuscripts"],"orgName_provider":[],"persName":["Alfred Christlieb","Dagmar von Bmch-Weiie","Joseph Fischhof","J. S. Shedlock","Tobias Haslinger","Rhode Island","Schmidt","Wilhelm Vimeisel","Ludwig Schiedermair","Siegfried Kross","Douglas Johnson","Joseph Kerman","Thomas T. Watkins","Karl Lothar","Joseph Schmidt","La Malinconia","B. Szabolcsi","An Laura","Arnold Schmitz","N. L. Fishman","Wilhelm Virneisel","Paris Contervatoire","Gustav Nottebohm","Hans Schmidt","B. Mus","Quartet","Erna Szabo"],"placeName":["Berlin","Bonn","Moscow","London","Vienna","Speyer","Glinka","Cambridge"],"ref_url":[],"ref_bibl":["London, 1970","Bonn, 1967","[1935]","Leipzig, 1865","Leipzig, 1887","November, 1792","Moscow, 1962","Leipzig, 1927","New York and London, 1967","[1921]"],"bibl":[]}},"ark":["ark:/67375/HXZ-G22PDSFT-7"],"categories":{"wos":[],"scienceMetrix":["1 - arts & humanities","2 - visual & performing arts","3 - music"],"scopus":["1 - Social Sciences","2 - Arts and Humanities","3 - Music"]},"publicationDate":"1970","copyrightDate":"1970","enrichments":{"type":["multicat","refBibs","teeft","unitex"]},"doi":["10.1093/mq/LVI.4.515"],"_id":"58A5B5D627FC23840C4D37F29002A3E7F7EB80B2"}