{"corpusName":"oup","keywords":{"teeft":["kinderman","final chapter","early piano","egmont overture","incidental music","great emphasis","important account","previous author","original language","henri arnaut","first drawing","striking action","eighteenth century","iberian piano","iberian instrument","share certain similarity","extant piano","technical study","little room","early reference","early history","great suspicion","brief account","further research","samuel crisp","dubious remark","false impression","valuable historical study","book form","many year","david rowland beethoven","pyramid piano","william kinderman","oxford university press","many book","individual composition","scholarly overview","substantial achievement","wellnigh impossible","overall account","such book","large area","same title","more accurate title","biographical part","little idea","social context","prince request","background information","beethoven biography","briefly instruction","archduke rudolph","such important figure","individual movement","violinist franz clement","beethoven work","discussion considerwrote","violin concerto","muzio clementi","major influence","several work subtle ingenuity","baron pasqualati","previous writer","house beethoven","musical insight","elegischer gesang","franz level","analytical method","virtuunofficial secretary","former teacher joseph","common topic","biographical kerman","acute observation","greater passage","musical process","several time","harmonic progression","numerous pun","other rhythm","form joke","musical narrative","valuable particular motif","individual pitch","such corrective","grumpy individual","popular myth","music example","second movement","full score","minute observation","deadly serious","heavy reading","challogical order","first movement","successful approach","contemporary work","different genre","bass line","polyphonic continuation","opening theme","much more dubious origin","majestic opening fanfare","minor quartet","inscription label","striking phrase","corresponding logy","time supply","bar beethoven transfer","fourth sion","bass progression symphony","kinderman state","cantabile work","second symphony","melodic year","several other work structure","major tonic triad","balancing presence","sixth first","major work","considerable detail","programme note","sophisticated quality","much recent","particular penchant","able composer beethoven","pianist alfred brendel","main sonata","useful descriptive survey","missa solemnis literature","several other work","compremaking original","penetrating comment","less popular work","perceptive criticism","battle symphony","other work","current prejudice","glorreiche augenblick","documentary source","small number","oratorio christus","prince karl lichonly","deafness crisis","trio account","karl amenda","middle name","original folksong setting","more numerous","other branch","sharp minor","note point","further literature","stage work","athens fourth symphony","king stephen","herzen gehn","missa solemnis","magic flute","several place","standard repertory","second edition","triple concerto","high level feier overture","profound insight","beetthe balance","late work greatest masterpiece","best general account","heavy emphasis","late one","barry cooper","introductory essay","daniel francois","herbert schneider","musikwissenschaftliche publikationen","single paragraph","darstellende kunst","early work","georg olm","hilhighly original feature","kinderman desheim","analytic criticism","frankreich zwischen","mature work","annegret fauser","freithis challenge","first sigburger beitrage","nificant work","laaber verlag","piano quartet","flat minor","impressive effort quartet","documentary bonn","violin much french music","bibliographic morass","sieghart dohring","lesley wright","sabina ratner","yves mozart","dramatic power","dynamic range","nectoux contrast","edward phillips","faure spring","superficial similarity","beethoven mind","several others"]},"author":[{"name":"BARRY COOPER"}],"articleId":["77.3.471"],"arkIstex":"ark:/67375/HXZ-3DFMC1D2-K","language":["eng"],"originalGenre":["book-review"],"qualityIndicators":{"score":2.975,"pdfWordCount":2258,"pdfCharCount":12858,"pdfVersion":1.4,"pdfPageCount":3,"pdfPageSize":"451.48 x 697.48 pts","pdfWordsPerPage":753,"pdfText":true,"refBibsNative":false,"abstractWordCount":0,"abstractCharCount":0,"keywordCount":0},"title":"REVIEWS OF BOOKS","genre":["book-reviews"],"host":{"title":"Music and Letters","language":["unknown"],"issn":["0027-4224"],"eissn":["1477-4631"],"publisherId":["musicj"],"volume":"77","issue":"3","pages":{"first":"471","last":"473"},"genre":["journal"],"subject":[{"value":"REVIEWS OF BOOKS"}]},"namedEntities":{"unitex":{"date":["1802","1799","1790","in the eighteenth century","1767","1785","1763","1933","1996","1794","1760s"],"geogName":[],"orgName":[],"orgName_funder":[],"orgName_provider":[],"persName":["William Kinderman","Francois Esprit","Yves Mozart","Lesley Wright","Galitzin","Alfred Brendel","Karl Lichonly","Samuel Crisp","Sabina Ratner","Franz Clement","Kinderman","Von Herzen","J. S. Bach","Edward Phillips","King Stephen","Sonata","Karl Amenda","Herbert Schneider"],"placeName":["Frankfurt/Main","Bonn","London","Europe","Athens","Vienna","Italy"],"ref_url":[],"ref_bibl":["New York, 1977"],"bibl":[]}},"ark":["ark:/67375/HXZ-3DFMC1D2-K"],"categories":{"wos":[],"scienceMetrix":["1 - arts & humanities","2 - visual & performing arts","3 - music"],"scopus":["1 - Social Sciences","2 - Arts and Humanities","3 - Music"]},"publicationDate":"1996","copyrightDate":"1996","enrichments":{"type":["multicat","refBibs","teeft","unitex"]},"doi":["10.1093/ml/77.3.471"],"_id":"F3668D69FEB7CC654A3C37678E8EA50041AC4D50"}