{"corpusName":"oup","keywords":{"teeft":["schiedermair","neefe","biamonti","leipzig","bonn period","beethoven leben","court musician","wind instrument","high level","several song","large number","musikalische correspondenz","hermann deiters","other work","single work","beethoven work","catalogo cronologico","piano quartet","schiedermair date","electoral court","young composer","piano trio","ludwig","beethoven"]},"author":[{"name":"MAYNARD SOLOMON"}],"articleId":["LIII.2.165"],"arkIstex":"ark:/67375/HXZ-CXLGQLT8-J","language":["eng"],"originalGenre":["research-article"],"qualityIndicators":{"score":3.593,"pdfWordCount":3543,"pdfCharCount":19655,"pdfVersion":1.3,"pdfPageCount":8,"pdfPageSize":"413 x 689 pts","pdfWordsPerPage":443,"pdfText":true,"refBibsNative":false,"abstractWordCount":0,"abstractCharCount":0,"keywordCount":0},"title":"BEETHOVEN'S PRODUCTIVITY AT BONN","refBibs":[{"host":{"title":"WoO 112) and the two airs for bass and orchestra (WoO 89 and 90) in 1788-91; Biamonti (1908) adds several fragments. The 'Autograph Miscellany from circa 1786 to 1799","publicationDate":"1970","author":[],"pages":{"first":"1790"}}},{"host":{"title":"Chronologisches Verzeichniss der Werke Ludwig van Beethovens' (Berlin, 1865), passim","author":[{"name":" Thayer"}],"pages":{"first":"205"}}},{"host":{"publicationDate":"1952","author":[{"name":" Biamonti"}],"pages":{"first":"496","last":"7"}}},{"host":{"title":"KHV passim, but cf. especially p. 741, where Kinsky-Halm apparently feel secure in attributing only WoO 109 and WoO no to this period, and even these with an approximate dating","author":[{"name":" Schiedermair"}],"pages":{"first":"179","last":"216"}}},{"author":[{"name":" Thayer-Forbes"}],"publicationDate":"1968","host":{"title":"questions the reliability of the 1789 dating of Op","publicationDate":"1968","author":[],"pages":{"first":"105","last":"416"}}},{"author":[],"host":{"title":"Ibid","author":[],"pages":{"first":"125"}}},{"author":[],"host":{"title":"Ibid","author":[],"pages":{"first":"65"}}}],"genre":["research-article"],"host":{"title":"Music and Letters","language":["unknown"],"issn":["0027-4224"],"eissn":["1477-4631"],"publisherId":["musicj"],"volume":"LIII","issue":"2","pages":{"first":"165","last":"172"},"genre":["journal"],"subject":[{"value":"Articles"}]},"namedEntities":{"unitex":{"date":["1788","1790","1784","1803","1789","1791","1785","1884","1792","1972","1786","1805","1793","1782","1787","1783"],"geogName":[],"orgName":[],"orgName_funder":[],"orgName_provider":[],"persName":["von Belderbusch","Ludwig Nohl","Minister","Karl Holz","Andreas Perner","Wilhelm von Lenz","Anton Schindler","Otto Jahn","Elliot Forbes","Joseph Kerman","H. Riemann","Paul Bekker","Von Lenz","Max Franz","An Laura","Ferdinand Rica","Willy Hess","Ludwig van Beethovens","Teodor de Wyzewa","Ludwig van Beediovens","Donald W. MacArdle","The","Gustav Nottebohm","H. Deiters","Franz Wegeler","Beethoven","Joseph Reicha","H. E. Krehbiel","Ludwig van Beethoven","Max Friedrich","Giovanni Biamonti","Ludovico van Beethoven","Alexander Whcelock","Thayer-Riemann","Jacques-Gabriel Prod","Court Musicians","Hermann Deiters","Ludwig van Beeth","Ludwig Schiedcnnair","Thayer","Erich Prieger"],"placeName":["Leipzig","Bonn","Dittersdorf","Vienna","Winterthur"],"ref_url":[],"ref_bibl":["Paris, 1927","London, 1970","Coblenz, 1838","Leipzig, 1925","London, 1882","Paris, 1909","Rome, 1952","June 1784","Paris, 1914","Munich, 1955","Leipzig, 1901","Leipzig, 1917","Chapel Hill, 1966","Berlin, 1866","New York, London & Toronto, 1932","Leipzig, 1868","Berlin, 1865","Leipzig, 1867","Wiesbaden, 1957","Princeton, 1964","Turin, 1968"],"bibl":[]}},"ark":["ark:/67375/HXZ-CXLGQLT8-J"],"categories":{"wos":[],"scienceMetrix":["1 - arts & humanities","2 - visual & performing arts","3 - music"],"scopus":["1 - Social Sciences","2 - Arts and Humanities","3 - Music"]},"publicationDate":"1972","copyrightDate":"1972","enrichments":{"type":["multicat","refBibs","teeft","unitex"]},"doi":["10.1093/ml/LIII.2.165"],"_id":"8ADE29288D36E17BAFA0E1128683A1BA79265C09"}