{"corpusName":"oup","keywords":{"teeft":["mythos","deafness","totenmaske","heiligenstadt testament","literarische mythos","song cycle","ferris","other hand","ferne geliebte","youngest brother","immortal beloved","beethoven reception","david ferris","individual song","weak opening","beethoven myth","beethoven"]},"author":[{"name":"K. M. Knittel"}],"arkIstex":"ark:/67375/HXZ-207XP4HK-W","language":["eng"],"originalGenre":["book-review"],"qualityIndicators":{"score":2.923,"pdfWordCount":2873,"pdfCharCount":17458,"pdfVersion":1.3,"pdfPageCount":4,"pdfPageSize":"479 x 697 pts","pdfWordsPerPage":718,"pdfText":true,"refBibsNative":false,"abstractWordCount":0,"abstractCharCount":0,"keywordCount":0},"title":"Review: Testament und Totenmaske: Der literarische Mythos des Ludwig van Beethoven","genre":["book-reviews"],"host":{"title":"Music and Letters","language":["unknown"],"issn":["0027-4224"],"eissn":["1477-4631"],"publisherId":["musicj"],"volume":"83","issue":"4","pages":{"first":"624","last":"627"},"genre":["journal"]},"namedEntities":{"unitex":{"date":["1818","1810","1971","2002","In the twentieth century","1827","1990"],"geogName":[],"orgName":[],"orgName_funder":[],"orgName_provider":[],"persName":["Leonard Bernstein","Anton Schindler","Ferris","David Neumeyer","H. H. Eggebrecht","Corbineau-Hoffmann","Jonathan Dunsby","Angelika CorbineauHoffmann","Dieter Kuhn","Angelika Corbineau-Hoffmann","K. M. Knittel","T. S. Eliot","David Ferris","Helm","George Bridgetower","Ludwig van Beethoven","Aldous Huxley","Ludwig Rellstab","David L. Mosley"],"placeName":["York","Hildesheim","Mainz","Auch"],"ref_url":[],"ref_bibl":["Bonn, 1988","Beethovens Streichquartette: Versuch einer technischen Analyse (Leipzig, 1885"],"bibl":[]}},"ark":["ark:/67375/HXZ-207XP4HK-W"],"categories":{"wos":[],"scienceMetrix":["1 - arts & humanities","2 - visual & performing arts","3 - music"],"scopus":["1 - Social Sciences","2 - Arts and Humanities","3 - Music"]},"publicationDate":"2002","copyrightDate":"2002","enrichments":{"type":["multicat","refBibs","teeft","unitex"]},"doi":["10.1093/ml/83.4.624"],"_id":"F556DF6C979A480F404552C01D2D4D4FF05D9958"}