{"corpusName":"oup","keywords":{"teeft":["dessauer","copyist","leonore","pencil entry","watermark","kiesling","overture","autograph","first performance","first violin","alan tyson","early sketch","same time","orchestral part","lower corner","kiesling paper","deutsche staatsbibliothek","triple concerto","pencil marking","breitkopf hartel","piano trio","next passage","autograph score","main theme","whole passage","otto jahn","fidelio overture","major overture"]},"author":[{"name":"ALAN TYSON"}],"articleId":["58.2.192"],"arkIstex":"ark:/67375/HXZ-PKT5XLNM-S","language":["eng"],"originalGenre":["research-article"],"qualityIndicators":{"score":4.896,"pdfWordCount":4846,"pdfCharCount":25012,"pdfVersion":1.3,"pdfPageCount":12,"pdfPageSize":"423 x 709 pts","pdfWordsPerPage":404,"pdfText":true,"refBibsNative":false,"abstractWordCount":0,"abstractCharCount":0,"keywordCount":0},"title":"YET ANOTHER ‘LEONORE’ OVERTURE?","refBibs":[{"author":[],"publicationDate":"1870","host":{"title":"Nottebohm in the Allgemeiiu musikalistht ^eiiung","publicationDate":"1870","author":[],"pages":{"first":"75","last":"76"}}},{"host":{"title":"For confirmation of the 1807 date for the Leonore No. 1 Overture, originally proposed by","author":[]}},{"host":{"title":"See The Letters of Bttthoven, tranj. and ed","publicationDate":"1961","author":[],"pages":{"first":"454","last":"5"}}},{"title":"Treitschke in Orpheus; Musikalisches Taschenbuch fib dm","author":[{"name":"G,F "}],"host":{"title":"JaJtr","author":[],"volume":"184","pages":{"first":"9"}}}],"genre":["research-article"],"host":{"title":"Music and Letters","language":["unknown"],"issn":["0027-4224"],"eissn":["1477-4631"],"publisherId":["musicj"],"volume":"58","issue":"2","pages":{"first":"192","last":"203"},"genre":["journal"],"subject":[{"value":"Articles"}]},"namedEntities":{"unitex":{"date":["1807","1814","1808","1810","1815","1809","1809 or 1810","1977","1805","1823","1852","1870","1806"],"geogName":[],"orgName":[],"orgName_funder":[],"orgName_provider":[],"persName":["Emily Anderson","Hans-Gunter Klein","A. W. Thayer","Willy Hess","Dessauer","I. von Seyfried","Donald W. MacArdle","Hans Halm","Sammler","Ludwig van Beethoven","D. F. Tovey","Leonore Overture","Treitschke","A. F. Schindler","Alan Tyson"],"placeName":["Leipzig","Berlin","Paris","Munich","Bonn","American","Athens","Vienna","Wiesbaden"],"ref_url":[],"ref_bibl":["London, 1936","Leipzig, 1854","Berlin, 1879","[1]","[10]","August 1810","[458]","[412]","March 1806"],"bibl":[]}},"ark":["ark:/67375/HXZ-PKT5XLNM-S"],"categories":{"wos":[],"scienceMetrix":["1 - arts & humanities","2 - visual & performing arts","3 - music"],"scopus":["1 - Social Sciences","2 - Arts and Humanities","3 - Music"]},"publicationDate":"1977","copyrightDate":"1977","enrichments":{"type":["multicat","refBibs","teeft","unitex"]},"doi":["10.1093/ml/58.2.192"],"_id":"77E2D0A8C674B1E9D0897321B5CE61723D0C326A"}