{"corpusName":"oup","keywords":{"teeft":["jahrbuch","best work","textual criticism","beethoven study","piano music","beethoven research","individual work","florian leopold gassmann","keisei sakka rehash","mensuration canon","venetian polychorality","tristan chord","strong image","structural layer","harvest home chorale","entire structure","planet orbit","judicious imagination","strongest gift","modern music","further advantage","robin stockhausen","misgiving concern","critical evaluation","prime importance","more selective","more definitive","coherent survey","extreme case","musical excellence","many stylist","much further","critical mind","elliott carter interview","charles ives","final paragraph","stephen banfield","han schmidt","martin staehelin","general study","musical analysis","many fascinating piece","extra bulk","musical example","previous issue","literal sense","long time","viennese publishing firm","first volume","more famous stunt","account douglas important discovery","artaria collection","beethoven manuscript","hubert unverricht","early chamber music","string quintet arrangement","comprehensive bibliography","other hand","william lengthy article","fine musicological knack","last year","american musicological society","precise chronology","comparison wide","older theme","beethoven scholarship","first version","anton reputation","robert winter","provocative discussion","tendi symphony","joseph unflagging research","beethoven source","walther diirr","similar vein","edward cone","beethoven issue","musical quarterly","shin augustinus work","forthcoming edition","uncomplicated handbook","general problem","modern edition","significant advance","reliable textkritische untersuchungen","interesting study","sonata autograph","editorial practice","show comparable shortcoming","primary source","minor significance","difficult task","particular aspect","compositional technique","retrograde motion","carl dahlhaus","quick tour","famous sonata movement","thematic organisation","phrase structure","rudolf klein","otto zickenheiner","contrapuntal development","late period","latter point","bold harmonic venture","second movement","trio section","consecutive fifth","major seventh","harmonic degree other","actual modulation","little more","statistical survey","such passage","various beethoven work","single example","model beethoven","more thoughtful","late piano sonata","integral group","doctoral thesis","musical style","fugal finale","contrapuntal strictness","stefan reflection","late beethoven","admirable piece","improvisatory material","less valuable","focus more","sieghard brandenburg","georg general essay","musical sketch","thoroughbass figure","selfcongratulatory tone","han retrospective study","last major beethoven todesfeier","leonore fidelio","leonore prize","reconstruction beethovenhaus","first major","global scale","more frequent","william drabkin","thematic catalog","instrumental music","isorhythmic motet technique","music index","joseph boonin","viennese school","second half","eighteenth century","basic question","many work","first step","thematic index","george catalogue","instrumental work","welcome tool","church music"]},"author":[{"name":"WILLIAM DRABKIN"}],"articleId":["59.3.347"],"arkIstex":"ark:/67375/HXZ-D2TDM216-3","language":["eng"],"originalGenre":["book-review"],"qualityIndicators":{"score":1.66,"pdfWordCount":1610,"pdfCharCount":9337,"pdfVersion":1.3,"pdfPageCount":3,"pdfPageSize":"426 x 708 pts","pdfWordsPerPage":537,"pdfText":true,"refBibsNative":false,"abstractWordCount":0,"abstractCharCount":0,"keywordCount":0},"title":"REVIEWS OF BOOKS","genre":["book-reviews"],"host":{"title":"Music and Letters","language":["unknown"],"issn":["0027-4224"],"eissn":["1477-4631"],"publisherId":["musicj"],"volume":"59","issue":"3","pages":{"first":"347","last":"349"},"genre":["journal"],"subject":[{"value":"REVIEWS OF BOOKS"}]},"namedEntities":{"unitex":{"date":["1971 or 1972","1970","1978","the eighteenth century","1927"],"geogName":[],"orgName":[],"orgName_funder":[],"orgName_provider":[],"persName":["Hubert Unverricht","Anton Schindler","Joseph Schmidt-Gorg","George R. Hill","Friedrich Slezak","Joseph Boonin","Paul Mies","Robin Maconie","Venetian","Douglas Johnson","Leonore Prize","Stefan Kunze","Willy Hess","Kay Dreyfus","Martin Staehelin","Beethoven","Bernard van der Linde","Hans Schmidt","Charles Ives","George Hill","Otto Zickenheiner","Hans-Werner Kiithen","Florian Leopold","Kurt von Fischer","Rudolf Klein","William Newman","Peter Hauschild"],"placeName":["Bonn"],"ref_url":[],"ref_bibl":[],"bibl":[]}},"ark":["ark:/67375/HXZ-D2TDM216-3"],"categories":{"wos":[],"scienceMetrix":["1 - arts & humanities","2 - visual & performing arts","3 - music"],"scopus":["1 - Social Sciences","2 - Arts and Humanities","3 - Music"]},"publicationDate":"1978","copyrightDate":"1978","enrichments":{"type":["multicat","refBibs","teeft","unitex"]},"doi":["10.1093/ml/59.3.347"],"_id":"9BC7795162F93340B49E7A579CC7420F12E887FB"}