{"corpusName":"sage","keywords":{"teeft":["edrs","edrs price","august","music educators","june","music education","contemporary music","school orchestra repertory","june moore","elementary school","curricular materials","individual compositions","music teachers","musical history","instructional program","music classes","experimental sample","piano keyboard","practice time","colorado state university","conceptual approach","individual measures","juilliard repertory project","music history","music education program","california colleges","research sessions","music department","pilot projects","union college","york state education department","music rooms","musical concepts","musical instruments","street washington","pharynx positions","current trends","school orchestra students","french horn","high school","music reading","phoenix symphony orchestra","general music","aesthetic content","control group","experimental group","posttest scores","musical composition","teaching units","ohio state university","individual differences","angeles city schools","researchin music education"]},"author":[{"name":"James A. Mason"}],"articleId":["10.2307_3344205"],"arkIstex":"ark:/67375/M70-MGHV28XM-5","language":["eng"],"originalGenre":["research-article"],"qualityIndicators":{"score":6.132,"pdfWordCount":4120,"pdfCharCount":27952,"pdfVersion":1.3,"pdfPageCount":10,"pdfPageSize":"432 x 671.88 pts","refBibsNative":false,"abstractWordCount":1,"abstractCharCount":0,"keywordCount":0},"title":"News of Research","genre":["research-article"],"host":{"title":"Journal of Research in Music Education","language":["unknown"],"issn":["0022-4294"],"publisherId":["JRM"],"volume":"17","issue":"1","pages":{"first":"160","last":"169"},"genre":["journal"]},"namedEntities":{"unitex":{"date":["1968","the Twentieth Century","1969","1966","1967"],"geogName":[],"orgName":["National Cash Junior High School","Ohio State University","Music Educators National Conference, Washington","ERIC","Research Sessions","Brass Instrument Teaching","Resources Information Center","Division of Instructional Curriculum Services","OF RESEARCH IN MUSIC EDUCATION and materials","Institute for Cultural Relations","University of Kentucky","Eastern Kentucky University","University of Illinois","Case Western Reserve University","Colorado State University","Indiana University","Society for Research","The Ohio State University","Morehead State University","OF RESEARCH Conceptual Approach","University of Kansas","Selected American Choral Compositions","National Council of the Arts","New York State Education Department, Albany","Research Foundation","National Foundation of Arts and Humanities","By Music Educators National Conference, Washington","University of Central California","University of California","Division of Musicology","Pennsylvania State University","Brigham Young University","Office of Education"],"orgName_funder":[],"orgName_provider":[],"persName":["M. Andrews","Analytical Study","Everett","Joseph G. Saetveit","Basil L. Hick","Charles L. Spohn","Phillip Cole","An Evaluation","Walter A. Lawson","Kathryn Bloom","Guy Taylor","Robert Hartwell","Harold Arberg","Charles L. Gary","Haddad","Evan Davis","Harold Wortman","Bennett Reimer","Dale L. Bartlett","Alexander Ringer","Ludwig van Beethoven","Donald Haddad","S.O.E. Appointment","Robert Schwuchow","O. M. Hartsell","Ned C. Deihl","Bernard L. Linger","D.C. Pub","June Moore","D. Ransom","Paul R. Lehman","Arberg","Improvement Program","Austin Andrews","Richard Robison","Robert J. Purdy"],"placeName":["Iowa City","Lund","D.C.","Buxtehude","San Diego","United States","Columbus","Washington","Richmond","American","Los Angeles","Baltimore","Berkeley","York","Williamsburg","Hungary","Cleveland","Budapest"],"ref_url":[],"ref_bibl":["Music Educators National Conference, 1201"],"bibl":[]}},"ark":["ark:/67375/M70-MGHV28XM-5"],"categories":{"wos":[],"scienceMetrix":["1 - arts & humanities","2 - visual & performing arts","3 - music"],"scopus":["1 - Social Sciences","2 - Arts and Humanities","3 - Music","1 - Social Sciences","2 - Social Sciences","3 - Education"]},"publicationDate":"1969","copyrightDate":"1969","enrichments":{"type":["multicat","refBibs","teeft","unitex"]},"doi":["10.2307/3344205"],"_id":"BC5537EC62AD0A66CD61D817C4C926B5612EC5DA"}