{"corpusName":"oup","author":[{"name":"Roland Graeme"}],"articleId":["13.4.184"],"arkIstex":"ark:/67375/HXZ-WW418KZC-Q","language":["eng"],"originalGenre":["other"],"qualityIndicators":{"score":2.726,"pdfWordCount":2676,"pdfCharCount":14625,"pdfVersion":1.3,"pdfPageCount":6,"pdfPageSize":"624 x 804 pts","pdfWordsPerPage":446,"pdfText":true,"refBibsNative":false,"abstractWordCount":0,"abstractCharCount":0,"keywordCount":0},"title":"Hoiger Danske. Friedrich Ludwig Aemilius Runzen","genre":["other"],"host":{"title":"The Opera Quarterly","language":["unknown"],"issn":["0736-0053"],"eissn":["1476-2870"],"publisherId":["operaq"],"volume":"13","issue":"4","pages":{"first":"184","last":"189"},"genre":["journal"],"subject":[{"value":"RECORDINGS"}]},"namedEntities":{"unitex":{"date":["1912","1788","1941","1997","1920s","1913","1789","the nineteenth century","1804","1995","1944","1984"],"geogName":["Inger Dam"],"orgName":["Danish National Radio Symphony Orchestra"],"orgName_funder":[],"orgName_provider":[],"persName":["Sultan Buurman","Henriette Bondc-Hansen","Jens Baggesen","Carl Maria","Johannes Mannov","Court Theatre","Paula Hostrup-Jessen","Schwab","Kasper Hitjby","Heinrich W. Schwab","Bo Glies","Gert Henningjensen","Gert Henning","King Ogier","Marco Polo","Beethoven","Christoph Martin","Josephine Jacoby","Roland Graeme","Johan Reuter","Friedrich Ludwig","Johan Renter","Charlotte Pedersen","Langulaffer","Danish Radio","James Manley","Michael Kristensen","Marianne Rtrholm","Huon de Bordeaux","Guido Paevatalu"],"placeName":["Philadelphia","Palermo","Tunis","Baghdad","Europe","America","Copenhagen","Italy","Ole"],"ref_url":[],"ref_bibl":["October 1907"],"bibl":[]}},"ark":["ark:/67375/HXZ-WW418KZC-Q"],"categories":{"wos":[],"scienceMetrix":[],"scopus":["1 - Social Sciences","2 - Arts and Humanities","3 - Music"]},"publicationDate":"1997","copyrightDate":"1997","enrichments":{"type":["multicat","refBibs","unitex"]},"doi":["10.1093/oq/13.4.184"],"_id":"ED051C35B24FCC619908D7E56F2A20F1A6BBE599"}