{"corpusName":"oup","keywords":{"teeft":["galant","aria","cantata","galant style","dresden","musical offering","musical quarterly","bach","italian concerto","late baroque","goldberg variation","stylistic","salient feature","christe eleison","galant element","feminine cadence","anna magdalena","note book","immediate appeal","late work","italian opera","philipp emanuel","dresden establishment","fanfare melody","dresden court","harmonic rhythm","continuo aria","peasant cantata","stylistic evolution","composite work","galant piece","eighteenth century","unison violin","stile antico","subdivided downbeat","cappriccio sopra","phrase structure","right hand","standard type","christoph wolff","musical fashion","galant leaning","italian singer"]},"author":[{"name":"FREDERICK NEUMANN"}],"articleId":["LXXI.3.281"],"arkIstex":"ark:/67375/HXZ-BMTNW808-6","language":["eng"],"originalGenre":["research-article"],"qualityIndicators":{"score":4.98,"pdfWordCount":4930,"pdfCharCount":27724,"pdfVersion":1.3,"pdfPageCount":14,"pdfPageSize":"434 x 674 pts","pdfWordsPerPage":352,"pdfText":true,"refBibsNative":false,"abstractWordCount":0,"abstractCharCount":0,"keywordCount":0},"title":"Bach: Progressive or Conservative and the Authorship of the Goldberg Aria","refBibs":[],"genre":["research-article"],"host":{"title":"The Musical Quarterly","language":["unknown"],"issn":["0027-4631"],"eissn":["1741-8399"],"publisherId":["musqtl"],"volume":"LXXI","issue":"3","pages":{"first":"281","last":"294"},"genre":["journal"],"subject":[{"value":"Articles"}]},"namedEntities":{"unitex":{"date":["1708","1737","eighteenth century","sixteenth and seventeenth centuries","the twentieth centuries","1620","1730","1603","1720","1680s","1747","the eighteenth century","1725","the sixteenth century","1985"],"geogName":[],"orgName":["American Musicological Society","American Bach"],"orgName_funder":[],"orgName_provider":[],"persName":["Gerhard Herz","Even Marshall","J. F. Agricola","Bach","Christoph Wolff","Sebastian Backs","Francesco Rognioni","Don Giovanni","Warren Kirkendale","Ursula Kirkendale","Beethoven","J. S. Bach","Philipp Emanuel","George Buelow","Nino Pirrotta","Dresden Establishment","Journal","Arthur Mendel","Aria di Romanesca","Mozart","Marshall","Anna Magdalena","Arnold Schering","Peter Williams","Aria di Ruggiero"],"placeName":["Leipzig","Buxtehude","Dresden","Hamburg","Celle","Dittersdorf","Lubeck","Weimar","Goldberg","Palestrina"],"ref_url":[],"ref_bibl":["New York, 1981","Kassel, 1957","[1984]","Ganassi (1535)","July, 1976","Wiesbaden, 1968"],"bibl":[]}},"ark":["ark:/67375/HXZ-BMTNW808-6"],"categories":{"wos":[],"scienceMetrix":["1 - arts & humanities","2 - visual & performing arts","3 - music"],"scopus":["1 - Social Sciences","2 - Arts and Humanities","3 - Music"]},"publicationDate":"1985","copyrightDate":"1985","enrichments":{"type":["multicat","refBibs","teeft","unitex"]},"doi":["10.1093/mq/LXXI.3.281"],"_id":"0CF502E30855BFA04BE64CAD6AA8B3476A1CEBB8"}