{"corpusName":"sage","keywords":{"teeft":["acoustic","acoustic resemblance","acoustic characteristics","webern","gaver","gamelan","nicola","atonal","common specification","music perception","physical source","pairing","dibben","flamenco","cadence","perfect cadence","categorisation","string quartet","musical function","flute","specification","musical material","motorbike","heavy rain","sheffield","suoni","dance music","baily","participant","triad","violin theme","structural function","vinyl hiss","violin concerto","sound examples","social context","imperfect cadence","genre","listener","musicale","physical space","different types","atonal opening","complete works","performance skill","sound source","untrained listeners","essential sound efficts","empirical study","judgement","haydn","duet","piano sonata","haydn string quartets","source specification","musical meaning","classical music","glenn gouldedition","other kinds","cultural source","windsor","untrained","clarke","sound example","significant effect","popular music","musical material nicola d1bben","novice listeners","compositional function","physical sources","vocal cadenza","sound perception","japanese vocals","individual differences","different kinds","social contexts","particular kinds","jungle chord","ecological acoustics","fire crackle","vinyl scratch","acoustic properties","reception ideology","similarity judgements","cultural specifications","emotional character","beethoven violin concerto","particular listeners","ecological psychology","edinburgh university","auditory event perception","ecological","cadenza","generative theory","tonal music","possible reasons","more attention","empirical studies","violin cadenza","sound triads","cadential function","cognitive musicology","harmonic structure","flamenco guitar duet","cultural categories","japanese music","relative frequency","acoustic character","common source","schall spezifiziert","second experiment","other participants","different ways","surface similarity","descriptive term","perfect cadence strings","string quarrer","saturday morning cleaning music","acoustic attributes","contemporary music","structural functions","gamelan voices","string instrument","formal occasion","perfect cadence piano","imperfect cadence piano","train horn","high pitch","equalised drumbeat","flute keys","bamboo canes","plastic bamboo","animal skin","atonal music","user interface","obscure percussion instrument","film music","same randomised order","verbal justifications","musical materials","orchestral gamelan sound","classical chord arpeggiated","rhetorical function","eviolin theme","physical proximity","possible pairings","inner city life","similarity judgement","class allegiances","musical material nicola dlbben","same sound","particular moments","measures anova","everyday life","aesthetic objects","discursive practices","subject position","ecological approach","interdisciplinary workshop","empirical evidence","clarendon press","oxford university press","california press","essential soundefficts","more information","cognitive psychology","balinese music","musical works","perfect cadences","similarity","chord","imperfect","vinyl"]},"author":[{"name":"Nicola Dibben","affiliations":["Music Department, University of Sheffield","Address for correspondence: Nicola Dibben Department of Music University of Sheffield 38 Taptonville Road Sheffield, S10 5GB UK","E-mail: n.j.dibben@sheffield.acuk"]}],"articleId":["10.1177_102986490100500203"],"arkIstex":"ark:/67375/M70-CCBFHRXK-9","language":["eng"],"originalGenre":["research-article"],"abstract":"Theories of auditory event perception have highlighted a distinction between “everyday” and “musical” listening. This paper challenges this account of listening in two ways: first, it extends the notion of source specification to the specification of cultural and compositional categories, and second, it argues that listening to music involves listening to what sounds specify just as much as it involves listening to the acoustic characteristics of sounds. It is argued here that the characterisation of ‘musical’ listening as attending to the acoustic character of sound is a reflection of the prevailing reception ideology of the autonomous art work. This paper reports the results of two empirical studies which provide evidence for the perception of music in terms of categories of musical material (.i.e. what sounds specify). In the first study, participants were presented with triads of musical and everyday sounds presented in conflicting pairings and asked to identify the two that were most similar. In the second study listeners were asked to give commentaries on the sounds. These listening studies showed that while listeners pay attention to the acoustic properties of sounds they are also sensitive to what sounds specify (physical source, physical space and proximity, genre, musical function, performance skill, emotional attributes and social context). The results highlight the way in which listeners privilege particular kinds of specifications, and some of the factors involved in these choices are discussed briefly in relation to a performative theory of musical meaning.","qualityIndicators":{"score":9.88,"pdfWordCount":11793,"pdfCharCount":74729,"pdfVersion":1.6,"pdfPageCount":34,"pdfPageSize":"468 x 684 pts","refBibsNative":true,"abstractWordCount":240,"abstractCharCount":1597,"keywordCount":0},"title":"What Do We Hear, When We Hear Music?: Music Perception and Musical Material","refBibs":[{"host":{"title":"Playing with signs","author":[]}},{"title":"Using tests of sound perception in fieldwork","author":[{"name":"J Baily"}],"host":{"title":"Yearbook for Traditional Music","author":[],"pages":{"first":"147","last":"73"}}},{"host":{"title":"Gender trouble: Feminism and the subversion of identity","author":[]}},{"title":"Parting Glances","author":[{"name":"D Clarke"}],"host":{"title":"The Musical Times","author":[],"pages":{"first":"680","last":"84"}}},{"title":"Theory, analysis and the psychology of music: A critical evaluation of Lerdahl, F. and Jackendoff, R. A Generative Theory of Tonal Music","author":[{"name":"E. F. Clarke"}],"host":{"title":"Psychology of Music","author":[],"volume":"14","pages":{"first":"3","last":"16"}}},{"title":"Subject position and the specification of invariants in music by Frank Zappa and P","author":[{"name":"E. F. Clarke"}],"host":{"title":"J. Harvey. Music Analysis","author":[],"volume":"18","issue":"3","pages":{"first":"347","last":"74"}}},{"title":"An ecological approach to similarity and categorisation in music","author":[{"name":"E. F. Clarke"},{"name":"N. Dibben"},{"name":"M. Ramscar"},{"name":"U. Hahn"},{"name":"E. Cambouropolos"},{"name":"H Pain"}],"host":{"title":"Proceedings of SimCat 1997: An Interdisciplinary Workshop on Similarity and Categorisation","author":[],"pages":{"first":"37","last":"41"}}},{"host":{"title":"Analysing Musical Multimedia","author":[]}},{"title":"Theorising musical meaning","author":[{"name":"N Cook"}],"host":{"title":"Music Theory Spectrum","author":[],"volume":"23"}},{"host":{"title":"Music in Everyday Life","author":[]}},{"host":{"title":"The Role of Reductional Representations in the Perception of Atonal Music","author":[]}},{"host":{"title":"The Perception of Music","author":[]}},{"host":{"title":"Everyday listening and auditory icons","author":[]}},{"title":"What in the world do we hear? An ecological approach to auditory event perception","author":[{"name":"W. W. Gaver"}],"host":{"title":"Ecological Psychology","author":[],"volume":"5","issue":"1","pages":{"first":"1","last":"29"}}},{"title":"How do we hear in the world? Explorations of ecological acoustics","author":[{"name":"W. W. Gaver"}],"host":{"title":"Ecological Psychology","author":[],"volume":"5","issue":"4","pages":{"first":"285","last":"313"}}},{"host":{"title":"A classic turn of phrase","author":[]}},{"title":"Genre and gender: The case of soap opera","author":[{"name":"C Gledhill"},{"name":"S. Hall"}],"host":{"title":"Representation: Cultural Representations and Signifying Practice","author":[],"pages":{"first":"337","last":"86"}}},{"host":{"title":"The Imaginary Museum of Musical Works: An Essay in the Philosophy of Music","author":[]}},{"title":"Similarity and Categorization","author":[{"name":"J Hampton"},{"name":"M. Ramscar"},{"name":"U. Hahn"},{"name":"E. Cambouropolos"},{"name":"H Pain"}],"host":{"title":"Proceedings of SimCat 1997: An Interdisciplinary Workshop on Similarity and Categorisation","author":[],"pages":{"first":"103","last":"09"}}},{"host":{"title":"Musical meaning in Beethoven: Markedness, correlation, and interpretation","author":[]}},{"title":"Music and Mind: Foundations of Cognitive Musicology","author":[{"name":"D Huron"}],"host":{"title":"The 1999 Ernst Block Lectures","author":[]}},{"title":"The nature of abstraction: Analysis and the Webern myth","author":[{"name":"J Johnson"}],"host":{"title":"Music Analysis","author":[],"volume":"17","issue":"3","pages":{"first":"267","last":"80"}}},{"host":{"title":"Music and Emotion: Theory and Research","author":[]}},{"host":{"title":"Music as cultural practice, 1800–1900","author":[]}},{"title":"Topic in Music: An Empirical Study of Memorability, Openess, and Emotion in Mozart's String Quintet in C major and Beethoven's String Quartet in A minor","author":[{"name":"C. L. Krumhansl"}],"host":{"title":"Music Perception","author":[],"volume":"16","issue":"1","pages":{"first":"119","last":"34"}}},{"host":{"title":"A Generative Theory of Tonal Music","author":[]}},{"title":"The recognition of sound sources and events","author":[{"name":"S McAdams"},{"name":"S. McAdams"},{"name":"E. Bigand"}],"host":{"title":"Thinking in Sound: The Cognitive Psychology of Human Audition","author":[],"pages":{"first":"146","last":"98"}}},{"title":"Perceptual scaling of synthesised musical timbres: Common dimensions, specificities, and latent subject classes","author":[{"name":"S. McAdams"},{"name":"S. Winsberg"},{"name":"S. Donnadieu"}],"host":{"title":"Psychological Research","author":[],"volume":"58","issue":"3","pages":{"first":"177","last":"92"}}},{"host":{"title":"Performance theory","author":[]}},{"host":{"title":"Sound Color","author":[]}},{"host":{"title":"Musicking: The meanings of performing and listening","author":[]}},{"title":"The retransition as sign – listener-orientated approaches to tonal closure in Haydn Sonata-form movements","author":[{"name":"M Spitzer"}],"host":{"title":"Journal of the Royal Musical Association","author":[],"volume":"121","issue":"1","pages":{"first":"11","last":"45"}}},{"title":"Analysing popular music: Theory, method and practice","author":[{"name":"P Tagg"}],"host":{"title":"Popular Music","author":[],"volume":"2","pages":{"first":"37","last":"67"}}},{"title":"(in press)","author":[{"name":"P. Tagg"},{"name":"B. Clarida"}],"host":{"title":"Ten Little Tunes","author":[]}},{"title":"Ecological acoustics: Human perception of environmental sounds","author":[{"name":"N. J. Vanderveer"}],"host":{"title":"Dissertation Abstracts International","author":[],"volume":"40","pages":{"first":"4543"}}},{"host":{"title":"A Perceptual Approach to the Description and Analysis of Acousmatic Music","author":[]}},{"title":"Perception and signification in electroacoustic music","author":[{"name":"W. L. Windsor"},{"name":"R. Monelle"},{"name":"C. T. Gray"}],"host":{"title":"Song and signification","author":[],"pages":{"first":"64","last":"74"}}},{"title":"Autonomy, Mimesis and Mechanical Reproduction in Contemporary Music","author":[{"name":"W.L. Windsor"}],"host":{"title":"Contemporary Music Review","author":[],"volume":"15","issue":"1","pages":{"first":"139","last":"50"}}},{"title":"Through and around the acousmatic: The interpretation of electroacoustic sounds","author":[{"name":"W. L. Windsor"},{"name":"S Emmerson"}],"host":{"title":"Music, Electronic Media and Culture","author":[],"pages":{"first":"7","last":"35"}}}],"genre":["research-article"],"host":{"title":"Musicae Scientiae","language":["unknown"],"issn":["1029-8649"],"eissn":["2045-4147"],"publisherId":["MSX"],"volume":"5","issue":"2","pages":{"first":"161","last":"194"},"genre":["journal"]},"namedEntities":{"unitex":{"date":["2001","the nineteenth century","1970s","1500s"],"geogName":[],"orgName":["Nicola Dlbben Department of Music University of Sheffield","Latin-American, Greece","South American, Latino, Carribean","Mongolia, China","Sheffield University Research Fund"],"orgName_funder":["Sheffield University Research Fund"],"orgName_provider":[],"persName":["Stream Water","Windsor","Evidence","Responses","Tiger Lionltiger","Adrian Moore","Trevor Wishan","Baily","Westerner","By","NICOLA DlBBEN","Frances"],"placeName":["Windsor","Inner City","American","Sheffield","Italy"],"ref_url":[],"ref_bibl":["Clarke and Dibben, 1997","Windsor, 2000, p.21","Clarke, 1999","Frances, 1988","1995, 2000","Clarke, 1993","Agawu, 1991","Huron et al. (1999)","Slawson, 1985","Hatten, 1994","based on Clarke and Dibben, 1997","cited in Huron, 1999","McAdams, Winsberg and Donnadieu, 1995","Clarke, 1986","if Cook, 1998","Spitzer, 1996","Lerdahl and Jackendoff, 1983","1995,2000","Goehr (1992)","see Hampton, 1997","Gaver, 1988","see Juslin and Sloboda, 2001","Windsor, 1995,2000","if Gaver, 1993a","Gjerdingen, 1988","Gaver, 1993","Frances, 1988, p. 318","McAdams, 1993","Gaver, 1993a, p. 2","Clarke and Dibben (1997)","Tagg, 1982","seeWindsor, 2000","Johnson, 1998"],"bibl":[]}},"ark":["ark:/67375/M70-CCBFHRXK-9"],"categories":{"wos":["1 - social science","2 - psychology, experimental"],"scienceMetrix":["1 - health sciences","2 - psychology & cognitive sciences","3 - experimental psychology"],"scopus":["1 - Social Sciences","2 - Arts and Humanities","3 - Music","1 - Social Sciences","2 - Psychology","3 - Experimental and Cognitive Psychology"],"inist":["1 - sciences humaines et sociales"]},"publicationDate":"2001","copyrightDate":"2001","enrichments":{"type":["multicat","nb","teeft","unitex"]},"doi":["10.1177/102986490100500203"],"_id":"3AFC9F20E9B1C42E2996BF626391BB934AA113CB"}