{"corpusName":"oup","keywords":{"teeft":["chezy","fidelio","rosamunde","second world","dennis point","beethoven appropriation","ninth symphony","weimar republic","gerrit waidelich","third reich","first world","first parent","second parent","western composer","original version","dennis","beethoven"]},"author":[{"name":"PETER PULZER"}],"articleId":["78.2.284"],"arkIstex":"ark:/67375/HXZ-L6CZ0249-R","language":["eng"],"originalGenre":["book-review"],"qualityIndicators":{"score":2.311,"pdfWordCount":2261,"pdfCharCount":12994,"pdfVersion":1.2,"pdfPageCount":3,"pdfPageSize":"459 x 706 pts","pdfWordsPerPage":754,"pdfText":true,"refBibsNative":false,"abstractWordCount":0,"abstractCharCount":0,"keywordCount":0},"title":"REVIEWS OF BOOKS","genre":["book-reviews"],"host":{"title":"Music and Letters","language":["unknown"],"issn":["0027-4224"],"eissn":["1477-4631"],"publisherId":["musicj"],"volume":"78","issue":"2","pages":{"first":"284","last":"286"},"genre":["journal"],"subject":[{"value":"REVIEWS OF BOOKS"}]},"namedEntities":{"unitex":{"date":["1997","1848","1947","1815","1989","1870","1927","1996"],"geogName":[],"orgName":["Loyola University","Democratic Party","Socialist Party","Nazi Party","Germany and France"],"orgName_funder":[],"orgName_provider":[],"persName":["German Social","Johann Gottlieb","Till Gerrit","Hans Schneider","Franz Schubert","Clara Zetkin","Fania Fenelon","David B. Dennis","Dennis","Rosa Luxemburg","Hermann Hesse","Franz Lachner","Kurt Eisner","Chezy","May Day","Hermann Goering","Thomas Mann","Edouard Herriot","Caroline Luise","David Dennis","Jean Paul","Leopold von Chezy","Karl Liebknecht"],"placeName":["Berlin","Germany","Bonn","Austria","Europe","Vienna","Chicago","France","Weimar"],"ref_url":[],"ref_bibl":[],"bibl":[]}},"ark":["ark:/67375/HXZ-L6CZ0249-R"],"categories":{"wos":[],"scienceMetrix":["1 - arts & humanities","2 - visual & performing arts","3 - music"],"scopus":["1 - Social Sciences","2 - Arts and Humanities","3 - Music"]},"publicationDate":"1997","copyrightDate":"1997","enrichments":{"type":["multicat","refBibs","teeft","unitex"]},"doi":["10.1093/ml/78.2.284"],"_id":"60DF92BB4C2824D80BF577AEC92A1F6500D70551"}