{"corpusName":"sage","keywords":{"teeft":["victor company","bruno walter","york city","string trio","albert coates","london symphony","music supervisors journal music supervisors journal","sage publications","minor quartet","music moves","especial interest","price essentials","vincent jones","york university","book benefitting teachers","alchin trains pupils","fine book","music students","alchin texts","doris moon teachers","great variation","dorothy gordon","folk songs","immediate attention","great deal","real love","george director","gartlan music","mason francisco examiner","washington news london star author","address richard copley","concerto grosso","early stage","orchestral development","same time","concerto style","stant contrast","full orchestra","keyboard harmony","short movements","thematic material","whole work","directness appro","second adagio","delicious pastorale","frederick weissmann","berlin state opera orchestra","johannes lasowski","hans reinicke","armin liebermann","adverse criticism need","percy handel","mere quotation","striking similarity","pastoral symphony","corelli work","short works","available russian library","stravinsky firebird","chord struc","primary chords","fine style","fine examples","chestral style","victor ballet music","great delicacy","charming tunefulness","ballet music","good contrast","right atmosphere","different countries","weaver harmony vincent jones","york university part","instant approval","special alchin training","many teachers","fied book","music study","chromatic harmony","college classes","music student","modern composers","record reviews york city alborado","walther straram","typical alborado","free recitative","many points","harmonic treatment","delphia orchestra","secondary harmonies","notable additions","splendid recording","finest examples","good point","musical idiom","effective orches","american agents","royer smith","current releases","advance subscription","usual manner","hugo wolf","beethoven piano sonatas","haydn string quartets","ballet suite","philadelphia orches","early stravinsky","whole suffi","useful educationally","modern treatment","suite form","modern schools","careful study","interesting melodies","lovely andante","dramatic bits","funeral march","various species","meistersinger overture","columbia recordings","softest parts","fine wagner record","ninth chords","many examples","berlin philharmonic","tive interpretation","superlative qualities","great climax","brass passage","whole side","second side","powerful passages","orchestral recording","columbia issues","siegfried idyll","several parts","phonic synthesis","philadelphia orchestra","victor album","alchin part","love music","glorious music","continuous work","opulent tone","fine attention","chamber music","beethoven quartets","pressive examples","fine recording","various ways","fine basis","early work","comparative squareness","straightforward development","late work","introspective atmos","high school","operettas nothing","immortal gilbert","enormous pleasure","music lover","tained nothing","single number","fine madrigal","victor catalog","second acts","final scene","high level","many artists","curtis class piano course","helen curtis director","class piano methods","public schools","kansas city","entire work","great success","grade piano classes","complete information","kimball hall","recent broadcasts","frida leider","maria olczewska","whole opera","great praise","fine aria","madre pietoso vergine","dusolina giannini","unnamed chorus","john barbirolli","finest arias","glorious voice","single wagner record","side schorr","euch macht leicht","sonne meines gluckes lacht","elizabeth schumann","fine version","chorus requiem mass","lascala forces","general comments","analytical description","chamber music compositions","excellent book","class work","original composition","albert roussel premiere world performance","goldman band","certain features","band directors","full band","vocal tito schipa","fine record","many italian pieces","worshipful mood","impassioned appeal","fine vehicle","violin concertos beethoven","joseph szigeti","lyric expressiveness","tender beauty","several places","italian cast","dramatic element","more forcefulness","dramatic effects","great value","best work","ezio pinza","maria luisa fanelli","other soloists","soft tone","great liberties","music review","nolden melodies","witmark sons","educational publications","golden melodies","fine music","descriptive notes","rcihc painn","price list","toilet preparat","warnesson dept","little symphony groups","conventional measure","consecutive measures","same tonality","yehudi menuhin","london symphony orchestra","enigma variations","fine concerto","powerful piece","great beauty","developmental skill","first rank","solo part","sample copy","victor recording","great improvement","different cadenzas","joachim cadenzas","first move","last part","rimary music","arthur edgar","arfredgar press","second endings","miscellaneous studies","tives appendix","matic tones","chromatic tones","good jane kenley","easy pieces","string quartet","string orchestra","charles clement","piano part","bass part","paul zilcher"]},"author":[{"name":"Paul J. Weaver"}],"articleId":["10.2307_3384256"],"arkIstex":"ark:/67375/M70-X9RGRQ61-C","language":["eng"],"originalGenre":["research-article"],"qualityIndicators":{"score":4.935,"pdfWordCount":2923,"pdfCharCount":17350,"pdfVersion":1.4,"pdfPageCount":3,"pdfPageSize":"612 x 900 pts","refBibsNative":false,"abstractWordCount":1,"abstractCharCount":0,"keywordCount":0},"title":"Record Reviews","genre":["research-article"],"host":{"title":"Music Educators Journal","language":["unknown"],"issn":["0027-4321"],"eissn":["1945-0087"],"publisherId":["MEJ"],"volume":"19","issue":"5","pages":{"first":"64","last":"66"},"genre":["journal"]},"namedEntities":{"unitex":{"date":["1933"],"geogName":[],"orgName":["Department of Class Piano Methods, CA","Schirmer, Inc., New York City","New York University","Sage Publications Ltd."],"orgName_funder":[],"orgName_provider":[],"persName":["Smith Com","Maria Olczewska","G. Schirmer","Frederick Weissmann","Veneziani","Paul Zilcher","John Barbirolli","Armin Liebermann","J. Fischer","Edgar French","Love Music","Hans Reinicke","Ave Maria","Hugo Wolf","Ezio Pinza","Walter","Albert Coates","Boyd","M. Witmark","London Symphony","CURTIS Director","Percy Scholes","Philadelphia Orches","Irene Minghini-Cattaneo","Washington St","Joseph Szigeti","Sabajno","Walther Straram","Frida Leider","Charles N. Boyd","Stokowski","Victor Company","Siegfried Idyll","Elizabeth Schumann","Bruno Walter","Maria Luisa","Tito Schipa","Johannes Lasowski"],"placeName":["Columbia","York City","New York City","America","San Francisco","Chicago","York","Kansas City"],"ref_url":[],"ref_bibl":[],"bibl":[]}},"ark":["ark:/67375/M70-X9RGRQ61-C"],"publicationDate":"1933","copyrightDate":"1933","enrichments":{"type":["refBibs","teeft","unitex"]},"doi":["10.2307/3384256"],"_id":"9F64F4E24746ECE90A88E1D8209A5C0F2549552D"}