{"corpusName":"oup","keywords":{"teeft":["schuppanzigh","ibid","bohm","nicht","mayseder","linke","quartett","holz","konversationshefte","programme","double performance","conversation book","beethoven konversationshefte","ebert","schuppanzigh quartet","ersten","wird","leipzig","cello","clef","trans","first performance","january","april","mahaim","auch","noch","quartet","septet","alto clef","beethoven quartett","grita","haben","late quartet","wenn","kohler","string quartet","herre","beethoven","recht","viii","spielen","schon","coda","brosche","allgemeine","schindler","sich","cello part","kann","dahlhaus","macardle","stimme","gesagt","ludwig","piano trio","other work","absolute music","johann","george smart","viola part","difficult work","first quartet","ersten auffiihrungen","first movement","first time","premiere","joseph mayseder","alfred ebert","mayseder quartet","rehearsal time","first performer","quartet player","rehearsal","joseph bohm","same evening","programming strategy","allgemeine theaterzeitung wien","quartet programme","haydn quartet","maynard solomon","second movement","beelhovens konversationshefte","treble clef","allgemeine musikalische","ersten auffuhrungen","date programme performer","last quartet","joseph linke","original tempo","ignaz schuppanzigh","more difficult","original performer","second violin","first violinist","many time","ivan mahaim","other quartet","karl holz","quintet","haydn","mozart","performer","first violin part","first violin","subsequent performance","elliot forbes","meno vivace","double promise","popular septet","main body","musical work","beethoven quartet","important factor","beethoven streichquartett","stroke sign","kristin knittel","same quartet","court orchestra","alan tyson","grita herre renate bormann","erstlich gings recht zusammen","franz weiss","technical difficulty","musical life","dagmar beck giinter brosche","nicht recht","concert life","great pain","flat major","grita herre","poor reception","conversation book entry","music review","difficult music","beethoven konversalionshefle","several time","much rehearsal time","biedermeier vienna","grosse fuge","herr schuppanzigh","popular theme","composer unknown","first hearing","meinem leben","numerous assembly","slow movement","carl maria","carl dahlhaus","innermost essence","public quartet concert","ersten aufluhrungen","beethoven septet","grita herre gunter brosche","beethoven string quintet"]},"author":[{"name":"ROBERT ADELSON"}],"articleId":["79.2.219"],"arkIstex":"ark:/67375/HXZ-FRZ9TXNG-5","language":["eng"],"originalGenre":["research-article"],"qualityIndicators":{"score":5.05,"pdfWordCount":13868,"pdfCharCount":78563,"pdfVersion":1.2,"pdfPageCount":25,"pdfPageSize":"461 x 707 pts","pdfWordsPerPage":555,"pdfText":true,"refBibsNative":false,"abstractWordCount":0,"abstractCharCount":0,"keywordCount":0},"title":"BEETHOVEN’S STRING QUARTET IN E FLAT OP. 127: A STUDY OF THE FIRST PERFORMANCES","refBibs":[{"host":{"title":"As for the quality of the rehearsals, Ebert speculated that Schuppanzigh held them in Beethoven's presence, but offered no evidence for his assertion","author":[],"pages":{"first":"939","last":"55"}}},{"host":{"title":"Metronome tempos taken from a sampling of recordings by modern quartets demonstrate a very close agreement in tempo between the main body of the finale (minim) and the coda (quaver): Talich: 116","publicationDate":"1936","author":[],"pages":{"first":"120","last":"9635"}}},{"host":{"title":"Differences here entail the coda being faster than the main body of the finale Not incidentally, Karl Holz's metronome marks for these sections are","publicationDate":"1940","author":[{"name":" Juilliard"}],"pages":{"first":"126","last":"3"}}},{"host":{"title":"Bey Piringer wird jetzt schon fleiBig das erste Quartett gemacht; es sind aber immer ihrer 5 dabey; einer mu6 Takt geben","publicationDate":"1993","author":[],"pages":{"first":"104"}}},{"title":"String Quartet in E-Flat Major","author":[{"name":"Michael Steinberg"}],"publicationDate":"1994","host":{"title":"The Beethoven Quartet Companion","publicationDate":"1994","author":[],"pages":{"first":"216","last":"27"}}},{"host":{"title":"Mechanische Schwirigkeiten sind ja nicht darinn, nur die Originalitat macht es schwer, welche man im ersten Augenblik nicht fassen kann","author":[],"pages":{"first":"198"}}},{"host":{"title":"Wir haben gestem probirt, noch ging es nicht recht; er will aber, wenn es nicht recht gut gehen konnte, die Auffiihrung auf 8 Tage verschieben./ Er sagte, daB er erst gestern das Adagio recht begrifien habe","author":[],"pages":{"first":"281"}}},{"host":{"title":"Erstlich gings nicht[s] recht zusammen, dann sprang dem SchuppfanzighJ eine Saite, was auch viel beytrug, da er nicht einmahl eine 2— Violine bey der Hand hatte","author":[],"pages":{"first":"177"}}},{"host":{"title":"Steiner sagte bey der Probe, jetzt erst fasse er es volkommen, und begreife gar nicht, wie das tin und dasselbe Quartet! sey, was SchupfpawighJ gespielt habe","author":[]}},{"host":{"title":"zu dem ich gehe Englisch studiren, kommt auch ins Quartetl; er war auch damahls drin, sagte mir aber, wenn so gespielt wurde, werde er das nachste Abonnement nicht mitmachen","author":[{"name":"M 'der Wirtschaftsrath"}],"pages":{"first":"176"}}},{"host":{"title":"Bohm sagt, Schuppanzigh extreme gar nicht","author":[],"pages":{"first":"180"}}},{"host":{"title":"Wir haben heute Probe gehabt; Mylord spielte das Quartett heute schon vortrefilich; wenn es morgen so geht, (und wir halten noch einer Probe) so hat man es nicht besser gehort', ibid. viii","author":[],"pages":{"first":"289"}}},{"host":{"title":"Geschkhte del Concertwesens in Wien, i (Vienna, 1869), 206Schuppantigh hat unendlich schon gesungen, so da6 er ofters im mitten im Spielen durch allgemeinen Applaus unterbrochen wurde","author":[{"name":"Eduard Hanslick"}],"pages":{"first":"121","last":"2"}}},{"host":{"title":"Ich wette drauf, daB es Jeder verstehn wird, der es von Biihm spielen hort./ Ich weiB aber, daB es bloB dadurch nicht durchaus verstandlich wurde, weil die /\"rim-stimme so schlecht ging","author":[],"pages":{"first":"177"}}},{"host":{"title":"Bohm hat wochentlich an 3 Orten Quartet tm, wo immer 3 Quartetten, und am Ende ein ib&stuck gemacht wird, welches er spielt","author":[],"pages":{"first":"178"}}},{"title":"Musical Life in Biedermeier Vienna","author":[{"name":"Alice,M Morrow"},{"name":" Hanson"}],"publicationDate":"1985","host":{"title":"Concert Life in Haydn's Vienna","publicationDate":"1985","author":[],"pages":{"first":"446","last":"96"}}},{"host":{"title":"Sie waren durch die ersten Quartelten schon zu ermiidet gewesen als daB dies neue Quartett: noch gut hatten spielen konnen","author":[{"name":" Linke Sagte Mir"}]}},{"host":{"title":"Holz had apparently suggested the double performance to Schuppanzigh earlier: 'das hab ich ihnen schon in der Friih gesagt, da hat aber Herr Schuppanzigh mich ausgelacht', loc. cit","author":[]}},{"host":{"title":"Der Hitze war auch sehr groB, sie haben sehr geschwitz', ibid","author":[],"pages":{"first":"52","last":"3"}}},{"author":[{"name":"H. Bertram Cox"},{"name":"&,C L E Cox"}],"publicationDate":"1907","host":{"title":"Leaves from the Journal of Sir George Smart","publicationDate":"1907","author":[],"pages":{"first":"109","last":"961"}}},{"host":{"title":"Thayer's Life of Beethoven","author":[],"pages":{"first":"962"}}},{"host":{"publicationDate":"1825-09-29","author":[{"name":" Op"}],"pages":{"first":"53","last":"4"}}},{"title":"Bescheidung entgegen gehn, dass sie sie fiirerst nich in ihrer Ganzheit fassen, dass bei jedem unverstanden Satz nur ihr Unvermogen die Schuld tragt, und Beethoven ihm nicht ohne Opfer hatte entgegen kommen. Wer mit diesem Sinn den letzten Offenbarungen Beethovens naht, ist wiirdig und fahig sie zu vernehmen und eher oder spater zu verstehen","author":[],"publicationDate":"1828","host":{"title":"467—8; given in Ludwig van Beethoven","publicationDate":"1828","author":[],"pages":{"first":"99"}}},{"title":"Beethoven himself arranged the Grosse Fugc for piano duet in 1826, and Hoffmeister published a four-hand arrangement of Op. 127 in June of that same year. loa 'a quatre mains muB man es durchnehmen, jede Woche einen Satz recht ordentlich","author":[],"publicationDate":"1827","host":{"title":"303—4; given in Ludwig van Beethoven","publicationDate":"1827","author":[],"pages":{"first":"558","last":"25"}}},{"title":"° Sir George Smart, given in Thayer's Life of Beethoven","author":[{"name":" Athw"}],"publicationDate":"1825-04-28","host":{"title":"961—2. Rellstab, Aus meinem Leben, given in Beethoven","publicationDate":"1825-04-28","author":[],"pages":{"first":"941","last":"184"}}},{"host":{"title":"115 Given in Thayer's Life of Beethoven, p. 962. Beethoven Op. 95 (substituted for premiere of Op. 127), Septet Op. 20; Spohr Double Quartet","publicationDate":"1977","author":[{"name":"Maynard Solomon"},{"name":" Beethoven"}],"pages":{"first":"319"}}},{"author":[],"host":{"title":"581 13 Feb 1825 Works by Haydn","author":[]}},{"author":[],"publicationDate":"1825-03","host":{"title":"Beethoven Op","publicationDate":"1825-03","author":[],"volume":"127"}},{"host":{"title":"Mar 1825 Originally intended to include Beethoven Op. 127 (refused by Beethoven); programme unknown 18 Mar 1825 Beethoven Op","author":[],"pages":{"first":"127"}}},{"author":[],"publicationDate":"1825-03","host":{"title":"Beethoven Op","publicationDate":"1825-03","author":[],"volume":"127","pages":{"first":"27"}}},{"author":[],"publicationDate":"1825-04-07","host":{"title":"Beethoven Op","publicationDate":"1825-04-07","author":[],"volume":"127"}},{"author":[],"publicationDate":"1825-04","host":{"title":"Beethoven Op","publicationDate":"1825-04","author":[],"volume":"127"}},{"author":[],"publicationDate":"1825-04","host":{"title":"Beethoven Op","publicationDate":"1825-04","author":[],"volume":"127","issue":"1"}},{"author":[],"publicationDate":"1825-09-09","host":{"title":"Beethoven Op","publicationDate":"1825-09-09","author":[],"volume":"132"}},{"host":{"title":"Piano Trio from Op. 70, Piano Trio Op","author":[{"name":"Beethoven Op"}],"pages":{"first":"97"}}},{"host":{"publicationDate":"0127","author":[{"name":" Sep 1825 Beethoven"},{"name":" Op"}]}},{"host":{"author":[{"name":" Nov 1825 Beethoven"},{"name":" Op"}],"pages":{"first":"132"}}},{"host":{"publicationDate":"0132","author":[{"name":" Nov 1825 Beethoven"},{"name":" Op"}]}},{"author":[{"name":"Jan 1826 Works By Haydn"},{"name":"& Mozart"}],"host":{"title":"Beethoven String Quintet Op","author":[],"volume":"29"}},{"host":{"author":[{"name":"Beethoven Op"}],"pages":{"first":"127"}}},{"author":[],"host":{"title":"Schuppanzigh Quartet, Friedlowsky (elf Schuppanzigh Quartet\" Schuppanzigh Quartet 23 Schuppanzigh Quartet","author":[],"volume":"24"}},{"author":[],"host":{"title":"Bohm Quartet","author":[],"volume":"23"}},{"author":[],"host":{"title":"Bohm Quartet 26 Schuppanzigh Quartet 27 Schuppanzigh Quartet","author":[],"volume":"28"}},{"author":[],"host":{"title":"Bohm Quartet","author":[],"volume":"29"}},{"author":[],"host":{"title":"Mayseder Quartet","author":[],"volume":"30"}},{"author":[],"host":{"title":"Mayseder Quartet","author":[],"volume":"31"}},{"author":[],"host":{"title":"Mayseder Quartet","author":[],"volume":"32"}},{"author":[],"host":{"title":"Mayseder Quartet 33 Schuppanzigh Quartet","author":[],"volume":"34"}},{"author":[],"host":{"title":"Schuppanzigh Quartet, Czerny 35 Schuppanzigh Quartet","author":[],"volume":"36"}},{"host":{"author":[{"name":" Holz"}],"pages":{"first":"39"}}},{"author":[],"host":{"title":"Mayseder Quartet 40 Schuppanzigh Quartet 41 Schuppanzigh Quartet","author":[],"volume":"42"}},{"host":{"title":"Die ersten Auffuhrungen von Beethovens Es-Dur Quartett (op. 127) im Friihling 1825', Die Musik, ix","publicationDate":"1910","author":[{"name":"Alfred Ebert"}],"pages":{"first":"42","last":"63"}}},{"host":{"publicationDate":"1978","author":[{"name":" Ludwig Van Beethovens"},{"name":" Konversationshefte"},{"name":"Ed Vii"},{"name":"Heinz Kohler"},{"name":"Grita "},{"name":"Renate Bormann"}],"pages":{"first":"385","last":"344"}}},{"host":{"title":"2< Ludwig van Beethovens Konversationshefte, vii","author":[{"name":" Ebert"}],"pages":{"first":"56","last":"393"}}},{"host":{"author":[{"name":" Ebert"}],"pages":{"first":"101","last":"30"}}},{"host":{"author":[{"name":" Ludwig Van Beethovens"},{"name":" Konverstionshtfte"}],"pages":{"first":"403","last":"526"}}},{"host":{"author":[{"name":"Beethoven Mahaim"}],"pages":{"first":"53"}}},{"host":{"author":[{"name":" Macardle"}],"pages":{"first":"14"}}},{"author":[],"publicationDate":"1964","host":{"title":"Thayer's Life of Beethoven","publicationDate":"1964","author":[],"pages":{"first":"962"}}},{"host":{"author":[{"name":"Beethoven Mahaim"}],"pages":{"first":"53"}}},{"host":{"publicationDate":"1988","author":[{"name":" Ludwig Van Beethovens"},{"name":" Konversationshefte"}],"pages":{"first":"415"}}},{"host":{"author":[{"name":"Beethoven Mahaim"}],"pages":{"first":"54"}}},{"host":{"title":"Thayer's Life of Beethoven","author":[{"name":" Loc"}],"pages":{"first":"973"}}},{"host":{"author":[{"name":" Ludwig Van Beethovens"},{"name":" Konversationshefte"}],"pages":{"first":"397","last":"8"}}},{"host":{"title":"130 with 'Grosse Fuge' (premiere), Piano Trio Op","publicationDate":"1826-03","author":[{"name":"Beethoven Op"}]}},{"host":{"author":[{"name":" Nov 1826 Beethoven"},{"name":" Op"}]}},{"title":"Romberg Potpourri ; Randhartinger songs; Winckler variations, piano, string quartet 28 Dec 1826 Haydn 'Quartet in G major'; Stefan Franz Variations (vn); Vorisek Rondo brillant, piano, string quartet; Rossini 'Prayer","author":[],"publicationDate":"1826-12","host":{"title":"Beethoven String Quintet Op","publicationDate":"1826-12","author":[],"volume":"29"}},{"title":"Heinrich Herz Adagio and Rondo, piano, string quartet; Rossini Trio from // barbiere di Siviglia; Spohr Aria and chorus from Faust; Schubert 'Sehnsucht' 16 Apr 1827 Schubert Octet D.803; Beethoven An die feme Geliebte Op. 98; 'Piano Concerto in E flat major' (Op. 73?) arr. two pianos and string quartet 22","author":[{"name":"Jan "},{"name":"Romberg Quartet In"},{"name":"E ; Leopold Jansa Polonaise"}],"publicationDate":"1827-04","host":{"title":"Beethoven Op","publicationDate":"1827-04","author":[],"volume":"130"}},{"author":[],"host":{"title":"Dec 1827 Schubert Piano Trio D.929 23 Mar 1828 Beethoven Op","author":[]}},{"host":{"title":"887 (premiere) Performers Schuppanzigh Quartet 43 Schuppanzigh Quartet","author":[]}},{"author":[],"host":{"title":"Schuppanzigh Quartet 45 Schuppanzigh Quartet","author":[],"volume":"46"}},{"host":{"author":[{"name":"Schuppanzigh Quartet"},{"name":" Melzer"},{"name":"Hradezky Klein"}]}},{"author":[],"host":{"title":"Bohm Quartet","author":[],"volume":"54"}},{"host":{"title":"Schubert: a Documentary Biography, trans","publicationDate":"1946","author":[{"name":"Otto,Erich "},{"name":"Deutsch "}],"pages":{"first":"510"}}},{"host":{"author":[{"name":"Beethoven Mahaim"}],"pages":{"first":"56"}}},{"host":{"author":[{"name":"Schubert Deutsch"}],"pages":{"first":"582","last":"3"}}},{"host":{"author":[{"name":" 48 Ibid"}],"pages":{"first":"580","last":"49"}}},{"host":{"author":[{"name":" Macardle"},{"name":" Beethoven"},{"name":" Schuppanzigh '"}]}},{"host":{"author":[{"name":"Schubert Deutsch"}],"pages":{"first":"698"}}},{"host":{"author":[{"name":" Macardle"},{"name":" Beethoven"},{"name":" Schuppanzigh '"},{"name":" Mahaim"}],"pages":{"first":"69"}}}],"genre":["research-article"],"host":{"title":"Music and Letters","language":["unknown"],"issn":["0027-4224"],"eissn":["1477-4631"],"publisherId":["musicj"],"volume":"79","issue":"2","pages":{"first":"219","last":"243"},"genre":["journal"],"subject":[{"value":"Articles"}]},"namedEntities":{"unitex":{"date":["1820","1825","1993","1819","1821","1808","1998","1826","1820s","1838","in the nineteenth century","nineteenth century","1827","1910","1816","1823","1863","the eighteenth century","1824","from 16 February to the middle of March 1825"],"geogName":[],"orgName":["Harvard University"],"orgName_funder":[],"orgName_provider":[],"persName":["Hans Robert","Roger Lustig","Karl Holz","Steinberg","Karl-Heinz Kdhler","Quartets","Anton Schindler","Karl","Heinz Schony","L. Spohr","Holz","O. G. Sonneck","Tobias Haslinger","Carl Maria","Ludwig van Beeethovens","Ludwig van Beelhovens","Karl-Heinz Kohler","Hanslick","Otto Erich","Franz Weiss","Kristin Knittel","Joseph Bohm","Elliot Forbes","A. B. Marx","Joseph Kerman","Galitzin","Robert Martin","Renate Bormann","Stefan Kunze","Ivan Mahaim","Sue Morrow","Gerhard von Breuning","Even Schuppanzigh","Schlesinger","Lydia Goehr","Sein Bruder","Ludwig van Beethovens","Emil Platen","Even Galitzin","In","Eric Blom","Ludwig von Beethovens","Even Weber","Merk","Robert Schumann","Karl Gottlieb","Al Signore","Ludwig van Bathovens","Beethoven","Nikolay Galitzin","Count","Joseph Linke","Timothy Bahti","Carl Dahlhaus","Wien","Dagmar Beck","Solomon","Theodore Albrecht","Robert Winter","Johann","Harold Truscott","Ludwig van Beethoven","Bey Piringer","Peter Poschner","Henry Mins","Even Karl","Bohm","Martin Kreisig","Joseph Bdhm","Carl Czerny","Lichnowsky","Ludwig Rellstab","Roger Fiske","Michael Steinberg","Eduard Hanslick","Alan Tyson","Franz Variations","Lewis Lockwood","Joseph Mayseder","Bertram Cox","Joseph Merk","Gunter Brosche"],"placeName":["Leipzig","Bonn","Los Angeles","Vienna","Berkeley","Brighton","Frankfurt","York","Russia","Cambridge","Auch","St Petersburg"],"ref_url":[],"ref_bibl":["Philips 426050, 1990","November 1822","CBS Masterworks M3K 37873,1982","Princeton University, 1992","[1825]","April 1825","March 1825","Vienna, 1869","January 1826","Biddulph LAB 083, 1993: 1936"],"bibl":[]}},"ark":["ark:/67375/HXZ-FRZ9TXNG-5"],"categories":{"wos":[],"scienceMetrix":["1 - arts & humanities","2 - visual & performing arts","3 - music"],"scopus":["1 - Social Sciences","2 - Arts and Humanities","3 - Music"]},"publicationDate":"1998","copyrightDate":"1998","enrichments":{"type":["multicat","refBibs","teeft","unitex"]},"doi":["10.1093/ml/79.2.219"],"_id":"334419B0AE825897F1AEC0962798CCD6D41BEDC6"}