{"corpusName":"sage","keywords":{"teeft":["chinned","anacrusis","metric","response modes","jrme","significant differences","chinned responses","chinning","kindergarten students","figural","pattern perception","music education","unfamiliar songs","kindergarten","music expression","cadence phrases","schleuter schleuter","sound patterns","melodic contexts","elementary music education","rhythm patterns","preferred mode","verbal learningand","metric organization","small number","vocal response","pitch pattern","group settings","individual testing","jrme table","accuracy scores","response mode","preferred chinning","common practice","music perception","familiar songs","cadence"]},"author":[{"name":"Peggy D. Bennett","affiliations":["University of Texas at Arlington"]}],"articleId":["10.2307_3344610"],"arkIstex":"ark:/67375/M70-891VL8CK-F","language":["eng"],"originalGenre":["research-article"],"abstract":"The purpose of this study was to investigate the length of patterns children perceived from melodic contexts and their preference and accuracy in three response modes for demonstrating those patterns. Eighteen students, six each from Grades 4, 2, and kindergarten, participated in 10 videotaped sessions and were asked to demonstrate their perceptions in vocal, motor, and graphic response modes. Results indicated that students were not significantly more accurate in one response mode than in another, nor were age-groups significantly different from each other in accuracy of responses. The most frequently preferred response mode was the vocal mode, and mode preferences became more varied with increased age. Results also indicated that each age-group perceived patterns fitting a four-beat duration significantly more frequently than other pattern lengths. Also, with apparent focus on figural groupings, 16 of the 18 students accurately included anacruses in their response patterns more than 50% of the time.","qualityIndicators":{"score":7.421,"pdfWordCount":3621,"pdfCharCount":24793,"pdfVersion":1.3,"pdfPageCount":12,"pdfPageSize":"432 x 683.88 pts","refBibsNative":true,"abstractWordCount":150,"abstractCharCount":1016,"keywordCount":0},"title":"Children's Pattern Perception, Accuracy, and Preference in Three Response Modes","refBibs":[{"title":"Perceptual problem solving in music: Some proposals for future research","author":[{"name":" Bamberger J."},{"name":" Brody M."}],"host":{"title":"Psychomusicology","author":[],"volume":"4","issue":"1-2","pages":{"first":"33","last":"58"}}},{"host":{"title":"An exploratory study of children's multi-sensory responses to symbolizing musical sound through speech rhythm patterns","author":[]}},{"title":"Learning is organized by chunking","author":[{"name":" Buschke H."}],"host":{"title":"Journal of Verbal Learning and Verbal Behavior","author":[],"volume":"15","pages":{"first":"313","last":"324"}}},{"host":{"title":"Rhythmic structure of music","author":[]}},{"title":"Intonation grouping and related words in free recall","author":[{"name":" Glanzer M."}],"host":{"title":"Journal of Verbal Learning and Verbal Behavior","author":[],"volume":"15","pages":{"first":"85","last":"92"}}},{"host":{"title":"Tonal and rhythm patterns for objective analysis","author":[]}},{"host":{"title":"The development of auditory discrimination and performance of pitch, rhythm and melody in preschool children","author":[]}},{"host":{"title":"Toward a generative theory of tonal music","author":[]}},{"title":"The magical number seven, plus or minus two: Some limits on our capacity for processing information","author":[{"name":" Miller G. A."}],"host":{"title":"Psychobgy Review","author":[],"volume":"43","pages":{"first":"81","last":"97"}}},{"host":{"title":"The psychology of music","author":[],"pages":{"first":"177"}}},{"host":{"title":"Cognitive psychobgy","author":[],"pages":{"first":"233"}}},{"title":"The effect of vocalization on melodic memory conservation","author":[{"name":" Pembrook R."}],"host":{"title":"Journal of Research in Music Education","author":[],"volume":"35","pages":{"first":"155","last":"169"}}},{"title":"A final report on a three-year investigation of the rhythmic abilities of pre-school aged children","author":[{"name":" Rainbow E."}],"host":{"title":"Bulletin of the Council for Research in Music Education","author":[],"volume":"66-67","pages":{"first":"69","last":"73"}}},{"title":"The relationship of grade level and sex differences to certain rhythmic responses of primary grade children","author":[{"name":" Schleuter S."},{"name":" Schleuter L."}],"host":{"title":"Journal of Research in Music Education","author":[],"volume":"33","pages":{"first":"23","last":"29"}}},{"host":{"title":"Note grouping: A method for achieving expression and style in musical performance","author":[]}},{"title":"Toward a model for rhythm development","author":[{"name":" Upitis R."},{"name":" J. C. Peery"},{"name":" I. W. Peery"},{"name":" T. W. Draper"}],"host":{"title":"Music and child development","author":[],"pages":{"first":"55","last":"79"}}},{"title":"Discrimination of pitch direction by preschool children with verbal and nonverbal tasks","author":[{"name":" Webster P."},{"name":" Schlentrich K."}],"host":{"title":"Journal of Research in Music Education","author":[],"volume":"30","pages":{"first":"151","last":"161"}}},{"title":"A developmental view of children's singing","author":[{"name":" Welch G."}],"host":{"title":"British Journal of Music Education","author":[],"volume":"3","pages":{"first":"295","last":"302"}}}],"genre":["research-article"],"host":{"title":"Journal of Research in Music Education","language":["unknown"],"issn":["0022-4294"],"publisherId":["JRM"],"volume":"39","issue":"1","pages":{"first":"74","last":"85"},"genre":["journal"]},"namedEntities":{"unitex":{"date":["1991"],"geogName":[],"orgName":["Richards Institute of Music Education and Research","Music Department, University of Texas"],"orgName_funder":[],"orgName_provider":[],"persName":["Dot Avg","Helen Richards","Zoltan Kodaly","Peggy D. Bennett","L. Beethoven","To","Winston Figure"],"placeName":[],"ref_url":[],"ref_bibl":["Miller, 1956","Cooper & Meyer, 1960","Bennett, 1981","Gordon, 1976","Bamberger & Brody, 1984","Klanderman, 1979","Mursell, 1937","Buschke, 1976","Schleuter & Schleuter, 1985","Upitis, 1987","Pembrook (1987)","Rainbow, 1981","Lerdahl & Jackendoff, 1983, p. 13","Glanzer, 1976","Webster & Schlentrich, 1982"],"bibl":[]}},"ark":["ark:/67375/M70-891VL8CK-F"],"categories":{"wos":[],"scienceMetrix":["1 - arts & humanities","2 - visual & performing arts","3 - music"],"scopus":["1 - Social Sciences","2 - Arts and Humanities","3 - Music","1 - Social Sciences","2 - Social Sciences","3 - Education"],"inist":["1 - sciences humaines et sociales"]},"publicationDate":"1991","copyrightDate":"1991","enrichments":{"type":["multicat","nb","teeft","unitex"]},"doi":["10.2307/3344610"],"_id":"1BB1F50258A58BEADE787ACB42E0453A3890FDFD"}