{"corpusName":"oup","keywords":{"teeft":["kreutzer","february","early music february","july","sulzer","kreutzer1","kreutzer1 sonata","clarchen","handel","gesprach","trochaic","sheldonian","woldemar","iambic","sanguineus","fest","dittersdorf","contre","contre coup","viotti","treatise","second movement","first movement","july sheldonian theatre handel","fest fortgefuhrtes gesprach","methode","grande methode","slow introduction","title page","orpheus","sonata","keen sensibility","musical rhetoric","penetrating dialogue","kreutzer sonata","musical dialogue","famous violinist","coup anciens","innovative composer","latter half","musical idea","opening bar","more intriguing","owen jander","opening phrase","trochaic rhythm","opening page","entire work","royal firework","rhythmic character","concerto player","melodic line","rodolphe kreutzer","july nuneham park music","distinct parallel","textless instrumental music","violin concerto","artistic development","insane asylum","extreme haste","steadfast zeal","monsieur orpheus","grove dictionary","musical instrument","water music royal philharmonic orchestra outdoor concert","finale","violinist","coup","beethoven","violin","adagio"]},"author":[{"name":"Owen Jander","affiliations":["Catherine Mills Davis Professor of Music History at Wellesley College in Massachusetts, USA"]}],"articleId":["XVI.1.34"],"arkIstex":"ark:/67375/HXZ-7QTP4MZ2-5","language":["eng"],"originalGenre":["research-article"],"qualityIndicators":{"score":5.05,"pdfWordCount":7719,"pdfCharCount":44718,"pdfVersion":1.3,"pdfPageCount":16,"pdfPageSize":"518 x 685 pts","pdfWordsPerPage":482,"pdfText":true,"refBibsNative":false,"abstractWordCount":0,"abstractCharCount":0,"keywordCount":0},"title":"The ‘Kreutzer’ Sonata as dialogue","genre":["research-article"],"host":{"title":"Early Music","language":["unknown"],"issn":["0306-1078"],"eissn":["1741-7260"],"publisherId":["earlyj"],"volume":"XVI","issue":"1","pages":{"first":"34","last":"49"},"genre":["journal"],"subject":[{"value":"Articles"}]},"namedEntities":{"unitex":{"date":["1802","1733","1803","the 18th century","18th century","nineteenth centuries","1809","1988","1786","1805","1782","1790s","1798","1787","1980s"],"geogName":[],"orgName":["Musical Instruments"],"orgName_funder":[],"orgName_provider":[],"persName":["Kreutzer","Rodolphe","Donald Tovey","Paris Conservatoire","Sulzer","Sunday","Magdalen College","Johann Georg","Davis Professor","Karl Ditters","Albert Orpheus","The","Louis Spohr","Beethoven","Pierre Baillot","Pierre Rode","Classic","Kurt Schaffer","Ludwig van Beethoven","Rodolphe Kreutzer","Dictionary","Friedrich Rochlitz","Gottlieb Stephanie","German Opera","Sonata","Carl Heinnch","Michel Woldemar","C. P. E. Bach"],"placeName":["Leipzig","Paris","Nuremberg","Bonn","Dittersdorf","Vienna","ROME","Amsterdam","York","OXFORD","Oxford"],"ref_url":[],"ref_bibl":["Munich, 1980","Cambridge, 1985","Henle, 1955","Rudoistadt and Leipzig, 1782","[1803]","Pnnceton, 1964","Schirmer, 1894","London, 1984","May 1803","New York, 1973","Vienna, 1787","London, 1944","New Haven and London, 1983","New York, 1977","Geneva, 1974","Hildesheim, 1970"],"bibl":[]}},"ark":["ark:/67375/HXZ-7QTP4MZ2-5"],"categories":{"wos":[],"scienceMetrix":["1 - arts & humanities","2 - visual & performing arts","3 - music"],"scopus":["1 - Social Sciences","2 - Arts and Humanities","3 - Music"]},"publicationDate":"1988","copyrightDate":"1988","enrichments":{"type":["multicat","refBibs","teeft","unitex"]},"doi":["10.1093/earlyj/XVI.1.34"],"_id":"5676A363327461533069CCC26ABC536939343E6F"}