{"corpusName":"oup","keywords":{"teeft":["pastoral symphony","sinfonia","caracteristica","schindler","pastoral style","ranz","sinfonia caracteristica","annotation","sandberger","vaches","first movement","poetic idea","musical quarterly","characteristic piece","same time","third movement","principal theme","eighteenth century","pastoral character","pastoral","repetitive","drone bass","adolf sandberger","expressive character","london sketchbook","repetitive structure","characteristic symphony","second movement","scherzo","friedrich","various movement","fifth symphony","anton schindler","neue folge","classic period","ninth symphony","single expressive character","eroica symphony","string quartet","other composition","vaches melody","seventh symphony","willi kahl","sketchbook","paul bekker","pastoral piece","first edition","piano sonata","first page","funeral march","particular kind","overall unity","total idea","musical composition","other hand","country dance","country life","christian gottfried korner","parallel third","pastoral composition","violin concerto","such element","justin heinrich knecht","sonate pathstique","major work","fundamental idea","definite object","austrian folk music","carl czerny","slow movement","ferdinand ries","scherzo proper","prussian state library","zweitt bttthoveniana","sketchbook grasnick","strophic form characteristic","village musician","fourth movement","fifth movement","instrumental music","comprehensive discussion","beethoven"]},"author":[{"name":"F. E. KIRBY"}],"articleId":["LVI.4.605"],"arkIstex":"ark:/67375/HXZ-898QWMSF-M","language":["eng"],"originalGenre":["research-article"],"qualityIndicators":{"score":5.05,"pdfWordCount":7040,"pdfCharCount":40658,"pdfVersion":1.3,"pdfPageCount":19,"pdfPageSize":"450 x 681 pts","pdfWordsPerPage":371,"pdfText":true,"refBibsNative":false,"abstractWordCount":0,"abstractCharCount":0,"keywordCount":0},"title":"BEETHOVEN'S PASTORAL SYMPHONY AS A SINFONIA CARACTERISTICA","refBibs":[{"host":{"title":"Both interpretations are encountered 14 Engliih translation as given in Thayer-Forbes, II","author":[],"pages":{"first":"888"}}},{"host":{"title":"Add. 31766, fol. 2 r . Published in Ein Skizztnbuch zur PtutoraUinfonU op. 68 und zu dtn Trios op Neue Folge, 1. Reihe","publicationDate":"1961","author":[{"name":"Ms London"},{"name":"British Museum"}]}},{"title":"See his letter of","author":[],"publicationDate":"1820-03-16","host":{"title":"Dtr Brief wichstl iwischtn Gottht und","publicationDate":"1820-03-16","author":[]}},{"host":{"title":"Haydn in der 'Schopfung' und in den 'Jahreszeiten,' Beethoven in seinen Charaktersinfonien und in der","publicationDate":"1915","author":[{"name":" Ztlter"}]}},{"title":"Hirtengesang Wohltatige mit Dank an die Gottheit verbundene Gefilhle nach dem SturmAusdrucks dd Danka Compare the slightly different and lesi correct reading given by Nottebohm","author":[{"name":"Zweitt Nottebohm"},{"name":" Bttthoveniana"}],"host":{"title":"Ein Skizzenbuch zur Pastoralsinjon.it op","author":[],"pages":{"first":"10","last":"375"}}},{"host":{"author":[{"name":" Stimmen"}]}},{"title":"16\\ See Ein Skizzenbuch zur Chorfantasie op. 80 und zu anderen Werken Neue Folge, 1. Reihe","author":[],"publicationDate":"1957","host":{"title":"Sketchbook Grasnick","publicationDate":"1957","author":[],"volume":"3","pages":{"first":"92"}}},{"title":"Beethoven and the geselliges Litd Music and Letters, XLVII (1966), 116-25, as well as Joseph Muller-Blattau, \"Das Finale der Neunten Sinfonie","author":[{"name":"See,F E Kirby"}],"publicationDate":"1966","host":{"title":"Von der Vielfalt der Musik","publicationDate":"1966","author":[],"pages":{"first":"269","last":"84"}}},{"host":{"title":"Zu den geschichtlichen Voraussetzungen","author":[{"name":" Sandberger"}],"pages":{"first":"190","last":"94"}}}],"genre":["research-article"],"host":{"title":"The Musical Quarterly","language":["unknown"],"issn":["0027-4631"],"eissn":["1741-8399"],"publisherId":["musqtl"],"volume":"LVI","issue":"4","pages":{"first":"605","last":"623"},"genre":["journal"],"subject":[{"value":"Articles"}]},"namedEntities":{"unitex":{"date":["1965, 1967, and 1968","1818","1783 or 1784","in the eighteenth century","eighteenth century","1970","In the eighteenth century","1751","1815","16 and 24-32","1820s","1768","1838","in the nineteenth century","1885","the eighteenth century","the eighteenth centuries","in the 18th Century"],"geogName":[],"orgName":["American Muticological Socitty","Ford Foundation","John La Parte Given Foundation, Inc"],"orgName_funder":[],"orgName_provider":[],"persName":["Anton Schindler","Justin Heinrich","Franz Liszt","Max Hecker","Willi Kahl","La Chasse","Karl Schonewolf","Paul Mies","Ludwig Schiedermair","I. Reihe","Adolf Kalijcher","Friedrich Schlegel","Even Beethoven","Elliot Forbes","Ludwig van Btethoven","Louis Schlosser","Alexander L. Ringer","Richard Wagner","Paul Bekker","James Thomson","Ludwig Schudtrmair","Johann Friedrich","London Sketchbook","Carl Friedrich","Arnold Schmitz","Dagmar Weise","Wolfgang Seifert","Albert Leitzmann","Ferdinand Friedrich","I. Jahrgang","A. Hyatt-King","Leopold Mozart","Schering","Don Giovanni","Donald W. MacArdle","Karl Iken","Robert Schumann","Joseph Muller-Blattau","Erwin R. Jacobi","Franz Wegeler","F. E. Kirby","Beethoven","H. W. Hamann","B. Sirola","E. T. A. Hoffmann","Hugo Goldschmidt","Abraham Peter","M. Bozman","Rossini","Adolf Sandberger","Dagmar Weisc","Alexander Wheelock","Ludwig Tieck","Friedrich Rochlitz","Alexander Hyatt-King","Ferdinand Ries","Christian Gottlob","Carl Czerny","Jean Paul","Ludwig Rellstab","Karl Amenda","London","Christian Fiiger","K. Schonewolf","Carl Spazier","Heinz Given","Christian Gottfried","C. P. E. Bach"],"placeName":["Leiden","Berlin","Germany","Munich","Bonn","Regensburg","Edinburgh","Kassel","Bremen","Dittersdorf","Vienna","Weimar"],"ref_url":[],"ref_bibl":["Lonniuer Dtutung (Leipzig, 1934","Berlin, 1906","Freiburg im Breisgau, 1966","Leipzig, 1925","Hamburg, 1786","Darmstadt, 1959","two volumes; Leipzig, 1792","Berlin, 176163","Zurich, 1915","Halle, 1953","Bonn, 1937","Kaisel, 1952","January 6, 1787","Berlin, 1936","Leipzig, 1806","Vienna, 1927","Leipzig, 1921","Leipzig, 1915"],"bibl":[]}},"ark":["ark:/67375/HXZ-898QWMSF-M"],"categories":{"wos":[],"scienceMetrix":["1 - arts & humanities","2 - visual & performing arts","3 - music"],"scopus":["1 - Social Sciences","2 - Arts and Humanities","3 - Music"]},"publicationDate":"1970","copyrightDate":"1970","enrichments":{"type":["multicat","refBibs","teeft","unitex"]},"doi":["10.1093/mq/LVI.4.605"],"_id":"CF40229B7915E04298AB9EDDA7EA3145A0826521"}