{"corpusName":"oup","keywords":{"teeft":["overlegato","kroll","violin sonata","piano sonata","fauser","work such","paris fair","rochester press","sonata","other lyrical work","subtle preparation","interesting observation","harmonic choice","william petre","chord decrease","melodic movement","sharp chord","flat chord","similar frequency","grouping piece","sixteenth century","similar method","english psalm setting","final part","musical collection","obsessive concern","book end","comprehensive index","main argument","side issue","musical quotation","additional unnumbered example","cadential pattern","easie introduction","practicall musicke","tenor part","john harley end","english composer","deserving further consideration","musical structure","brief passage","more substantial","certain abruptness","ambitious love","beethoven violin sonata","lewis lockwood","tonal choice","mark kroll","illinois press","paper first","boston university international beethoven","beethoven scholarship","many such symposium","disparate collection","specialized study","larger subject area","comprehensive coverage","wellfocused subject","specific expressive purpose","minor sonata","little more","single paragraph","other hand","offer paper","general overview","welcome feature","little overlap","subject matter","separate study","chronological order","last violin sonata","final paper","performance practice","consecutive part","coherent whole","first scholarly book","beethoven sonata","unprecedented depth","whole subject","first paper","sieghard brandenburg","brief account","fragmentary sonata","vuol ballare","german dance","early work","broad overview","much more unconventional structure","sudden shift","cello sonata","flat side","more original","early reception","hostile review","original artaria edition","other publisher","separate opus number","grasp lewis attention","useful general account","pertinent comment","melodic refinement","more speculative suggestion","critical review","sharp contrast","rhyme scheme","richard kramer","present essay","main concern","piano variation","radical nature","possible effect","immediate successor","original violin sonata","william drabkin","more general survey","harmonic analysis","opening adagio","true precedent","unusual tonal scheme","several aspect","final violin sonata","maynard solomon","pastoral feature","pastoral element","out movement","many previous writer","pastoral style","less persuasive","extraordinary expansion","usual signifier","final paper mark kroll","wonderful move","main note","convincing evidence","first type","great stress","correct position","wonderful legato","second type","quote several passage","further support","anton schindler","statement such","common application","fact beethoven","many example","similar one","kroll advocate","horrid unresolved dissonance","useful overall account","equal weight","important feature","useful research","interesting aspect","worthy complement","recent book","other genre","ooper musical encounter","vocem straight","minor cadence","annegret fauser","eastman study","major chord","isbn letter","musical friendship","richard miller","universal exhibition","twentieth century","annegret credit","comprehensive book","vital role","invaluable indicator","french view","many official organizer","show french supremacy","bourgeois readership","ethnographically aware julien tiersot","universal music theory","claude debussy","surface trapping","vietnamese contribution","gamelan texture","official russian concert","heterophonic musical language","musical encounter","ideal subject","various way","world tour","parisian bourgeoisie","good deal less","troubled political period","president third republic","professor fauser","undoubted skill","historical musicologist","high percentage","meticulous research","important issue","exotic other","cultural analyst","objective historical reportage","sociopolitical reflection","neologism such","obvious feminist issue","latest american concept","historical phenomenology","discourse network","fascinating press argument"]},"author":[{"name":"Barry Cooper"}],"articleId":["gcl030"],"arkIstex":"ark:/67375/HXZ-T8V90FJC-7","language":["eng"],"originalGenre":["book-review"],"qualityIndicators":{"score":4.314,"pdfWordCount":2264,"pdfCharCount":13170,"pdfVersion":1.6,"pdfPageCount":3,"pdfPageSize":"479 x 697 pts","pdfWordsPerPage":755,"pdfText":true,"refBibsNative":false,"abstractWordCount":0,"abstractCharCount":0,"keywordCount":0},"title":"The Beethoven Violin Sonatas: History, Criticism, Performance. Ed. by Lewis Lockwood and Mark Kroll. pp. x + 164. (University of Illinois Press, Urbana and Chicago, 2004, £34.95. ISBN 0-252-02932-1.)","genre":["book-reviews"],"host":{"title":"Music and Letters","language":["unknown"],"issn":["0027-4224"],"eissn":["1477-4631"],"publisherId":["musicj"],"volume":"87","issue":"4","pages":{"first":"625","last":"627"},"genre":["journal"],"subject":[{"value":"Reviews of Books"}]},"namedEntities":{"unitex":{"date":["1799","2000","the nineteenth and twentieth centuries","in the sixteenth century","2006","1889","1793"],"geogName":[],"orgName":["University of Rochester Press","Boston University"],"orgName_funder":[],"orgName_provider":[],"persName":["Bruce Smith","Richard Miller","Anton Schindler","Jules Verne","Thomas Morley","Carnot","Paris World","Julien Tiersot","Suhnne Ahn","William Drabkin","Mark Kroll","Margaret G. Cobb","Richard Kramer","Beethoven","German Dances","Claude Debussy","Augusta Holmès","Lewis Lockwood"],"placeName":["Rochester","NY","Europe"],"ref_url":[],"ref_bibl":["Urbana and Chicago, 2004"],"bibl":[]}},"ark":["ark:/67375/HXZ-T8V90FJC-7"],"categories":{"wos":[],"scienceMetrix":["1 - arts & humanities","2 - visual & performing arts","3 - music"],"scopus":["1 - Social Sciences","2 - Arts and Humanities","3 - Music"]},"publicationDate":"2006","copyrightDate":"2006","enrichments":{"type":["multicat","refBibs","teeft","unitex"]},"doi":["10.1093/ml/gcl030"],"_id":"E4930FEDF41D9CC20F99EDC865233D7F52796C7D"}