{"corpusName":"oup","keywords":{"teeft":["diabelli","april","june","schirmer","ries","schindler","february","florin","musical quarterly","nottebohm","schlesinger","diabelli variation","july","beethoven","other hand","first copy","undated letter","shorter part","french edition","schirmer letter","archduke rudolph","josephstadt theater","ferdinand ries","missa solemnis","same work","date february","sonata","publisher","beethoven number","other reason","address side","beethoven letter","first performance","several publisher","brother johann","other work","schirmer autograph","wiener zeitung","normal length","beautiful paper","thematic catalogue","minor sonata","insignificant note","first letter","maurice schlesinger","imperial highness","manuscript copy","other word","first beethoven jahrbuch","first place","schlesinger edition","infinite pain","available evidence","british publisher","british right","important work","other country","nephew karl","ninth symphony","autograph"]},"author":[{"name":"O. G. SONNECK"}],"articleId":["XIII.2.294"],"arkIstex":"ark:/67375/HXZ-4QJ1VK6S-S","language":["eng"],"originalGenre":["research-article"],"qualityIndicators":{"score":5.05,"pdfWordCount":9357,"pdfCharCount":50957,"pdfVersion":1.3,"pdfPageCount":27,"pdfPageSize":"459 x 678 pts","pdfWordsPerPage":347,"pdfText":true,"refBibsNative":false,"abstractWordCount":0,"abstractCharCount":0,"keywordCount":0},"title":"BEETHOVEN TO DIABELLI : A LETTER AND A PROTEST","refBibs":[{"author":[],"host":{"title":"tmb «eft«mnt ©jf Rn> «m 9 (»fff, in Kr *irntfrMrfrralSe 9hro. 1038","author":[],"pages":{"first":"txpm StotttintcttioK, i Srf «Wi* } r i ; t t! I ci t f i B b i » g * ( f i"}}},{"host":{"title":"Aiiiioiiiicciueiit of the First Performance of the Ninth Symphony and tlie \"Missa Solemnis\" at Vienna","author":[]}}],"genre":["research-article"],"host":{"title":"The Musical Quarterly","language":["unknown"],"issn":["0027-4631"],"eissn":["1741-8399"],"publisherId":["musqtl"],"volume":"XIII","issue":"2","pages":{"first":"294","last":"316"},"genre":["journal"],"subject":[{"value":"Articles"}]},"namedEntities":{"unitex":{"date":["1871","1807","9885","1819","1808","1918","1826","1822","1827","1823","1852","1881","1870","1927","1824"],"geogName":["Ill"],"orgName":[],"orgName_funder":[],"orgName_provider":[],"persName":["Karl Holz","Max Unger","Bach","Martin Schlesinger","Galitzin","Louis SchlOsser","Edward Speyer","Speyer","Don Giovanni","Maurice Schlesinger","Johann van Beethoven","Ries","Antonia von Brentano","Beethoven","C. F. Peters","C. Spina","K. K. Osterreichischen","Ludwig van Beethoven","Ernest Newman","Rudolph E. Schirmer","Ferdinand Ries","Lobkowitz","Gustave Schirmer","Krehbiel","Whether","Kinsky","Heinrich Steger","Steger"],"placeName":["Leipzig","Berlin","Paris","Germany","Leidesdorf","Hetzendorf","Josephstadt","London","Athens","Vienna","York","St. Petersburg","England"],"ref_url":[],"ref_bibl":["certainly not published prior to April, 1823","August, 1822","June, 1823","May, 1823"],"bibl":[]}},"ark":["ark:/67375/HXZ-4QJ1VK6S-S"],"categories":{"wos":[],"scienceMetrix":["1 - arts & humanities","2 - visual & performing arts","3 - music"],"scopus":["1 - Social Sciences","2 - Arts and Humanities","3 - Music"]},"publicationDate":"1927","copyrightDate":"1927","enrichments":{"type":["multicat","refBibs","teeft","unitex"]},"doi":["10.1093/mq/XIII.2.294"],"_id":"B9D91815814F1043BDB9EFC9A1CBABBD480B9501"}