{"corpusName":"oup","keywords":{"teeft":["prima","meyerbeer","prima donna","musical life","musical quarterly","beethoven trio","same time","opera house","greater part","great influence","younger nourrit","grand opera","romanticism","chopin"]},"articleId":["XVII.3.389"],"arkIstex":"ark:/67375/HXZ-HDRS0K4B-S","language":["eng"],"originalGenre":["research-article"],"qualityIndicators":{"score":5.05,"pdfWordCount":5996,"pdfCharCount":33579,"pdfVersion":1.2,"pdfPageCount":15,"pdfPageSize":"618 x 801 pts","pdfWordsPerPage":400,"pdfText":true,"refBibsNative":false,"abstractWordCount":0,"abstractCharCount":0,"keywordCount":0},"title":"MUSICAL LIFE IN PARIS (1817–1848)1","genre":["research-article"],"host":{"title":"The Musical Quarterly","language":["unknown"],"issn":["0027-4631"],"eissn":["1741-8399"],"publisherId":["musqtl"],"volume":"XVII","issue":"3","pages":{"first":"389","last":"403"},"genre":["journal"],"subject":[{"value":"Articles"}]},"namedEntities":{"unitex":{"date":["1813","1831","1825","1832","1931","1880","1816","1828","1830","1817","1824"],"geogName":[],"orgName":[],"orgName_funder":[],"orgName_provider":[],"persName":["Auber","Franz Liszt","George Sand","Franz Schubert","Henri Hen","Felix Mendelssohn","Leo","M. Pixis"],"placeName":["Naples","Utrecht","Berlin","Paris","Germany","Halle","Caen","Nice","Warsaw","Europe","Vienna","Manchester","Weimar","Italy"],"ref_url":[],"ref_bibl":[],"bibl":[]}},"ark":["ark:/67375/HXZ-HDRS0K4B-S"],"categories":{"wos":[],"scienceMetrix":["1 - arts & humanities","2 - visual & performing arts","3 - music"],"scopus":["1 - Social Sciences","2 - Arts and Humanities","3 - Music"]},"publicationDate":"1931","copyrightDate":"1931","enrichments":{"type":["multicat","refBibs","teeft","unitex"]},"doi":["10.1093/mq/XVII.3.389"],"_id":"F95A2AEBB1F2A0AFBC56DB29759F1D57487D0243"}