{"corpusName":"sage","keywords":{"teeft":["music series","first movement","third movement","master composers","white house","line score","fifth movement","piano sonata movements","fourth graders","music education","second movement","piano sonatas","music educators","music texts","vast repertoire","line scores","yale report","short piano pieces","introductory measures","music series text books","inane verses","simplified accompaniments","music search","2see charles","school music materials","music educators journal","american school systems","music series textbooks","current music texts","other condemnations","several firms","ample folk material","tasteless parodies","famous symphony themes","erroneous transcriptions","famous concerto","appalling quality","authentic contributions","eminent composers","school music series textbooks","texts offer","older text","official report","central place","original form","different approach","fourth movements","sixth symphony","music education programs","different bird flute","fourth movement","first graders","chromatic passages","real understanding","symphony themes","majorityof music series textbooks","musical expression","vast difference","instrumental works","simplified arrangementsof","vocal music","current authors","piano sonata movement","beethoven works","scherzo form","american book","other articles","beet role","senior book","yale university","outstanding illustration","sixth volumes","original editions","popular example","many series","yale seminar findings","short paragraph","musical terminology","dent lesson plan","musical examples","charles fowler","introductory motive","bridge passage","associate professor","single staff","same lesson","separate paragraphs","exposition section","states department","whole symphony","additional line scores","complete exposition","full score","accurate tempo","dynamic markings","thematic entrance","comprehensive line score","distinct sections","various passages","lack skill","score reading","gain experience","architectural analogy","newer text","subject matter","interesting contrast","northern illinois university","early children","piano music","lesson plans","older texts","clap hands","staccato passages","legato passages","simplified piano versions","little music","background music","several texts","older series","abbreviated excerpt","harmonic structure","condensed accompaniment","real mood","sixteenth notes","such editorial liberties","unaltered beethoven works","simplified symphony","authentic piano pieces","country dance","kindergarten volume","rhythmic study","older lesson plans","major difference","specific movement","feelmusic educators journal","children change body position","initial understanding","imaginative abilities","deeper exploration","creative resources","many improvements","student music books","more detail","greater depth","lesson material","many students","specific statements","thematic contrast","authentic presentation","planning lessons","student editions","different series","total number","beethoven compositions","current music textbooks","larger number","wider variety","song melodies","egmont overture","interesting study","variations form","arts edition","piano composition","rondo form","double bass","presentation beethoven","school music texts","emphasis emanates","music study","european orientation","final analysis","music textbook","music teacher","particular situation","school education","greater world"]},"articleId":["10.2307_3392929"],"arkIstex":"ark:/67375/M70-5TH966VP-P","language":["eng"],"originalGenre":["research-article"],"qualityIndicators":{"score":3.936,"pdfWordCount":1924,"pdfCharCount":12249,"pdfVersion":1.5,"pdfPageCount":3,"pdfPageSize":"612 x 879 pts","refBibsNative":false,"abstractWordCount":1,"abstractCharCount":0,"keywordCount":0},"title":"Elementary and Junior High School","genre":["research-article"],"host":{"title":"Music Educators Journal","language":["unknown"],"issn":["0027-4321"],"eissn":["1945-0087"],"publisherId":["MEJ"],"volume":"57","issue":"4","pages":{"first":"37","last":"43"},"genre":["journal"]},"namedEntities":{"unitex":{"date":["1970","1964"],"geogName":[],"orgName":["Northern Illinois University","American Book Company","Follett Educational Corporation","Rinehart and Winston, Inc.","Office of Education","Yale University"],"orgName_funder":[],"orgName_provider":[],"persName":["Charles Fowler","Charles B. Fowler","U.S. DeWelfare","Egmont Overture","Claude V. Palisca","Yale"],"placeName":[],"ref_url":[],"ref_bibl":["April-May 1965"],"bibl":[]}},"ark":["ark:/67375/M70-5TH966VP-P"],"publicationDate":"1970","copyrightDate":"1970","enrichments":{"type":["refBibs","teeft","unitex"]},"doi":["10.2307/3392929"],"_id":"86F0A8158F88B9F68B1E382EF00CF502AF8CA44D"}