{"corpusName":"sage","keywords":{"teeft":["fowles","aural knowledge","bess daniels","note book","music appreciation","carl fischer","priceless gift","great admiration","profound knowledge","wholehearted admiration","singleminded love","last quartets","undivided praise","sacred charge","ordinary demands","good faith","critical dicta","beethoven periods","good reason","second stages","musical pilgrim series","grand fugue","various quartets","various features","great scholarship","small part","copious quotations","fine book","music supervisors journal","oxford ernest fowles","university press","american branch","american musicians","lecture tour","music teachers","national association","next winter","latest book","musical culture","proper path","librairie felix alcan","tonal things","large stock","first hearing","formal harmony","psychological understanding","next moment","actual material","explicit directions","successive steps","joyful mastery","music supervisors","musical reactions","such occasions","better teacher","tonal phenomena","such refinement","better musicianship","young people","january number","interesting articles","hilda andrews","animal music","interesting discussion","midsummer dream","playtime programs","little people","pocket guide","brief biography","percy grainger","sight reading","half dozen","piano compositions","grainger arrangements","youthful technic","adult magazines","different ages","small child","incidental inclusion","foreign words","serious articles","huldah jane teachers","music appreciation note book","standard study","impressive group","sunset place","gigantic mountain range","inexperienced teacher","outstanding feature","appeal function","general survey","various phases","high school children","absolute music","specific purposes","present nothing","sincere study","band music folio","jane kerley","clarice giddings","frances taylor","musical world","folk songs","beethoven number","orchestra field","better results","simpler numbers","introductory word","other numbers","older children","dictation method","bainbridge crist","melodious pieces","second grade","teaching material","interesting harmonically","hand melody","russian danseuse","staccato accompaniment","hand study","legato chords","favorite melodies","uninterrupted phrasing"]},"author":[{"name":"Will Earhart"}],"articleId":["10.2307_3382393"],"arkIstex":"ark:/67375/M70-ZM9LGH8D-5","language":["eng"],"originalGenre":["review-article"],"qualityIndicators":{"score":3.567,"pdfWordCount":1555,"pdfCharCount":9050,"pdfVersion":1.4,"pdfPageCount":2,"pdfPageSize":"486 x 702 pts","refBibsNative":false,"abstractWordCount":1,"abstractCharCount":0,"keywordCount":0},"title":"Ear, Eye and Hand in Harmony-Study","genre":["review-article"],"host":{"title":"Music Educators Journal","language":["unknown"],"issn":["0027-4321"],"eissn":["1945-0087"],"publisherId":["MEJ"],"volume":"15","issue":"5","pages":{"first":"85","last":"87"},"genre":["journal"]},"namedEntities":{"unitex":{"date":["1929"],"geogName":[],"orgName":["Schirmer, Inc.","Carl Fischer, Inc.","Schmidt Co.","National Association"],"orgName_funder":[],"orgName_provider":[],"persName":["J. Lawrence","Ernest Fowles","J. de Marliave","Percy Grainger","Jane Kerley","Music Folio","Henry W. Hart","Clarice Giddings","Fowles","To","Daniels","Felix Alcan","Bess Daniels","Lucia di Lammermoor","Frances"],"placeName":["Los Angeles","America","York"],"ref_url":[],"ref_bibl":[],"bibl":[]}},"ark":["ark:/67375/M70-ZM9LGH8D-5"],"publicationDate":"1929","copyrightDate":"1929","enrichments":{"type":["refBibs","teeft","unitex"]},"doi":["10.2307/3382393"],"_id":"EA4CDB41500AE442A4C60C0447BEC0C064773627"}