{"corpusName":"oup","keywords":{"teeft":["schindler","schiller","wegeler","musical quarterly","intellectual education","certain number","nephew karl","complete work","beethoven","latin phrase","other subject","friend wegeler","minster school","eighteenth century","same time","immortal beloved","small format","german author","german poet","wilhelm meister","vienna edition","young beethoven","last day","goethe"]},"author":[{"name":"J. G. PROD'HOMME"}],"articleId":["XIII.2.169"],"arkIstex":"ark:/67375/HXZ-Q7M9FBP5-Z","language":["eng"],"originalGenre":["research-article"],"qualityIndicators":{"score":5.05,"pdfWordCount":5305,"pdfCharCount":29332,"pdfVersion":1.3,"pdfPageCount":16,"pdfPageSize":"446 x 673 pts","pdfWordsPerPage":332,"pdfText":true,"refBibsNative":false,"abstractWordCount":0,"abstractCharCount":0,"keywordCount":0},"title":"BEETHOVEN'S INTELLECTUAL EDUCATION","refBibs":[{"host":{"title":"Furthermore, there were two volumes of Tiedge (\"Elegien,\" \"Urania\") whence Beethoven took his Song of Hope; Render's poetic works; Matthison's \"Lyrische Anthologie\" (in sixteen volumes); the complete works of Goethe, Schiller, Klopstock, more or less in assorted sizes and usually in small pocket-size format; Hblty, two tragedies by Apel","author":[]}},{"title":"Die Betrachtungen Uber die Werke Gottes im Reiche der Natur und der Vorsehung This work, which was translated into every European tongue—notably into French, by Elizabeth Christine, Queen of Prussia, in 1777, and revised to appear in new or abridged editions up to 1835— had for its object, declared the author, \"to draw lessons of wisdom and virtue from the contemplation of natural objects It was a species of scientific encyclopedia, very elementary, accompanied by meditations and pious hymns, in 365 chapters. Its simplicity, its variety—a different subject in physics, natural or moral history was considered every day—were bound to please Beethoven; in these meditations he found that sentiment of vague religiosity so approached to the Deism which was in fashion during the eighteenth century and which was, practically, all the religion Beethoven had. It is certain that he found a great charm in its perusal. We have said enough and said it, perhaps, in even too great detail, to make it possible for the reader to form an idea in which degree Beethoven possessed a general education. And, taking into account what is positively known to us: his writings, his books (which, quite positively, do not cover all his reading), his conversation (unfortunately, we usually hear only his interlocutor's voice), we may convince ourselves that he had acquired a sum total of knowledge very superior to that possessed by many musicians of his day. His literary taste, serious and austere","author":[],"host":{"title":"Considerations Anent God's Works in the Realms of Nature and of Providence), by the pastor Christian Sturm","author":[]}}],"genre":["research-article"],"host":{"title":"The Musical Quarterly","language":["unknown"],"issn":["0027-4631"],"eissn":["1741-8399"],"publisherId":["musqtl"],"volume":"XIII","issue":"2","pages":{"first":"169","last":"182"},"genre":["journal"],"subject":[{"value":"Articles"}]},"namedEntities":{"unitex":{"date":["1799","1818","1777","eighteenth century","1795","1825","1803","1819","1808","4 and 9-10","1810","1796","1826","1815","1792","1781","1811","1840","during the eighteenth century","1816","1823","1812","1798","1828","1817","1927","1824","1783"],"geogName":[],"orgName":["Breitkopfs","India, Assyria, Chaldea and Egypt"],"orgName_funder":["Breitkopfs"],"orgName_provider":[],"persName":["Kuffner","Jeitteles","C. Potter","Court Theatre","King Philip","Thomas Moore","Bettina von Arnim","Walter Scott","La Fontaine","Lichnowski","Karl Peters","von Scheden","Edward Schulz","King Lear","La Nouvelle","Johann van Beethoven","Christoph Kuffner","Claudine de Villabella","J. J. Rousseau","Elizabeth Christine","Adolf Sandberger","Charlotte von Schiller","King Stephen","Don Carlos","Constant Prince","Frederick M. Martens","Lobkowitz","Wilhelm Meister","Teresa Malfatti","Cornelius Nepos","W. Ch","Sandberger","Christian Sturm","Therese Malfatti","Moritz","El Principe"],"placeName":["Venice","Berlin","Bonn","Austria","Edinburgh","Stuttgart","Athens","Vienna","Augsburg"],"ref_url":[],"ref_bibl":["Altona, 1796","Vienna, 1805","April, 1816","November 6, 1819","August 8, 1809","April, 1826","so he wrote Matthisson on August 4, 1800","December, 1819","March, 1820","letter of July 26, 1809","Gra'tzer pocket edition, 1824","Liege, 1724"],"bibl":[]}},"ark":["ark:/67375/HXZ-Q7M9FBP5-Z"],"categories":{"wos":[],"scienceMetrix":["1 - arts & humanities","2 - visual & performing arts","3 - music"],"scopus":["1 - Social Sciences","2 - Arts and Humanities","3 - Music"]},"publicationDate":"1927","copyrightDate":"1927","enrichments":{"type":["multicat","refBibs","teeft","unitex"]},"doi":["10.1093/mq/XIII.2.169"],"_id":"A68E9087F52173E0BC789015FB9EE37B42D60ED5"}