{"corpusName":"oup","keywords":{"teeft":["ducat","thomson","february","july","december","november","george thomson","october","september","votre","refu","august","vienne","january","lettre","violoncello","trois","fry","gold ducat","vols","avec","amanuensis","april","song setting","chaque","leipzig","canzonettas","beethoven","flute","irish air","gothic script","scottish song","beethoven refu","beethoven samtiiche briefe","receipt","scottish melody","scottish air","deuxieme livraison","english poem","present editor","mois dernier","flute part","english word","grande bretagne","violin sonata","national air","beethoven vienne","english song","present letter","quintet","previous month","cent ducat","piano part","trois quintettos","minor error","votre lettre","petite excursion","string quartet","english text","other record","last half","right hand","letter beethoven","thomas coutts","national library","british museum","hermann deiters","ducat more","irish melody","vocal range","deutsch bearbeitet","beethoven refu votre lettre","beethoven letter","florin copying cost","more melody","continental melody","aurez refu","continental air","prose text","music letter","berlin leipzig","chaque melodie","welsh setting","violin part","present article","young lady"]},"author":[{"name":"DONALD W. MACARDLE"}],"articleId":["37.1.27"],"arkIstex":"ark:/67375/HXZ-NLZVXBMR-L","language":["eng"],"originalGenre":["research-article"],"qualityIndicators":{"score":5.05,"pdfWordCount":9853,"pdfCharCount":50468,"pdfVersion":1.3,"pdfPageCount":23,"pdfPageSize":"433 x 707 pts","pdfWordsPerPage":428,"pdfText":true,"refBibsNative":false,"abstractWordCount":0,"abstractCharCount":0,"keywordCount":0},"title":"BEETHOVEN AND GEORGE THOMSON","genre":["research-article"],"host":{"title":"Music and Letters","language":["unknown"],"issn":["0027-4224"],"eissn":["1477-4631"],"publisherId":["musicj"],"volume":"37","issue":"1","pages":{"first":"27","last":"49"},"genre":["journal"],"subject":[{"value":"Articles"}]},"namedEntities":{"unitex":{"date":["1813","1818","10s","18s","1814","1810","1815","1804","1811","1816","1805","1812","1817","1806","15s","1956","1806 or 1807"],"geogName":[],"orgName":["National Airs","Germany and France","Germany, Poland, Russia, the Tyrol, Venice and Spain","National Library of Scodand"],"orgName_funder":[],"orgName_provider":[],"persName":["Ludwig Misch","J. S. Shedlock","April Thomson","Bishop","Th","L. V. Beethoven","Haydn","Thomas Coutts","Thomson","Joseph Haydn","Louis van Beethoven","Ludwig van Beethovens","James Grahame","Henry Edward","Don Giovanni","Beethoven","George Thomson","Ludwig van Beethoven","Julius Kapp","A. Receipt","William Arbuthnot","Hugo Riemann","Richard Aldrich","Luigi van Beethoven","de Musique","Hermann Deiters","Giuseppe Wirmbs","John Smith"],"placeName":["Leipzig","Edinbourg","Germany","Scotland","Edinburgh","Malta","London","Celle","Edimbourg","Simplicity","Vienna","Glasgow","Britain","York","England","New Beethoven"],"ref_url":[],"ref_bibl":["Zurich, 1939","Kal 1055","[1953]","February 1815","London, 1898","Leipzig, 1923","[1951]","[1927]","February 1812","July 1816","Leipzig, 1910","London, 1909","Bonn, 1935","[1888]","July 1810"],"bibl":[]}},"ark":["ark:/67375/HXZ-NLZVXBMR-L"],"categories":{"wos":[],"scienceMetrix":["1 - arts & humanities","2 - visual & performing arts","3 - music"],"scopus":["1 - Social Sciences","2 - Arts and Humanities","3 - Music"]},"publicationDate":"1956","copyrightDate":"1956","enrichments":{"type":["multicat","refBibs","teeft","unitex"]},"doi":["10.1093/ml/37.1.27"],"_id":"053AFEF9F561A692637A3E2707B79561612349F4"}