{"corpusName":"oup","keywords":{"teeft":["eroica","second group","first group","duple","second section","naive listener","first movement","musical quarterly","first section","triple meter","recapitulation","sonata principle","bass line","opening theme","duple meter","tonic","heiligenstadt testament","first group material","fifth degree","melodic material","dramatic tension","metrical irregularity","eroica symphony","dislocated triple meter","third section","last time","opening material","third symphony","last section","original material","beethoven","triadic nature","first symphony","first chord","sonata opus","dramatic development","other part","formal procedure","exposition material","metrical tension","other material","dramatic function","formal function","first appearance","higher revelation","first melody","dramatic purpose","rhythmic figure","orderly arrangement","benefit humanity","final section","final measure","minor mode","same melody","piano work","sonata form","theatrical drama","opening melody","poetic idea","formal recapitulation","bass figure","other word","meter","listener","chord","opus"]},"author":[{"name":"PHILIP G. DOWNS"}],"articleId":["LVI.4.585"],"arkIstex":"ark:/67375/HXZ-97VRW04F-D","language":["eng"],"originalGenre":["research-article"],"qualityIndicators":{"score":5.05,"pdfWordCount":7920,"pdfCharCount":41335,"pdfVersion":1.3,"pdfPageCount":20,"pdfPageSize":"434 x 675 pts","pdfWordsPerPage":396,"pdfText":true,"refBibsNative":false,"abstractWordCount":0,"abstractCharCount":0,"keywordCount":0},"title":"BEETHOVEN'S “NEW WAY” AND THE EROICA","genre":["research-article"],"host":{"title":"The Musical Quarterly","language":["unknown"],"issn":["0027-4631"],"eissn":["1741-8399"],"publisherId":["musqtl"],"volume":"LVI","issue":"4","pages":{"first":"585","last":"604"},"genre":["journal"],"subject":[{"value":"Articles"}]},"namedEntities":{"unitex":{"date":["1802","1970","1803","1804","1800","1823","1801"],"geogName":[],"orgName":[],"orgName_funder":[],"orgName_provider":[],"persName":["Carl Czemy","O. G. Sonneck","Donald W. McArdle","Emily Anderxon","Beethoven","Symphony","Schindler","Sonata","A. F. Schindler"],"placeName":["Vienna","Heiligenstadt"],"ref_url":[],"ref_bibl":["New York, 1926","Bettina von Arnim to Goethe; letter of May 28, 1810","London, 1961"],"bibl":[]}},"ark":["ark:/67375/HXZ-97VRW04F-D"],"categories":{"wos":[],"scienceMetrix":["1 - arts & humanities","2 - visual & performing arts","3 - music"],"scopus":["1 - Social Sciences","2 - Arts and Humanities","3 - Music"]},"publicationDate":"1970","copyrightDate":"1970","enrichments":{"type":["multicat","refBibs","teeft","unitex"]},"doi":["10.1093/mq/LVI.4.585"],"_id":"B3A8399034F7E18CD03FB934E10A5AE3DD350BB3"}