{"corpusName":"oup","keywords":{"teeft":["rossini","pesaro","musical quarterly","hiller","marginal note","petite","ferdinand hiller","liceo rossini","tanti palpiti","little stroll","tragic scene","musical quarterly rossini","stabat mater","original title","second mort","sacred music","avec accompagnement","right hand","petite fanfare","young lady","fine tobacco","little piece","offenbach capriccio","grand orchestra","little composition","first time","serious opera","high price","chromatic scale","mozart"]},"author":[{"name":"EDGAR ISTEL"}],"articleId":["IX.3.401"],"arkIstex":"ark:/67375/HXZ-QDZ5Z1MG-7","language":["eng"],"originalGenre":["research-article"],"qualityIndicators":{"score":5.05,"pdfWordCount":9034,"pdfCharCount":49962,"pdfVersion":1.3,"pdfPageCount":22,"pdfPageSize":"449 x 668 pts","pdfWordsPerPage":411,"pdfText":true,"refBibsNative":false,"abstractWordCount":0,"abstractCharCount":0,"keywordCount":0},"title":"ROSSINI : A STUDY","genre":["research-article"],"host":{"title":"The Musical Quarterly","language":["unknown"],"issn":["0027-4631"],"eissn":["1741-8399"],"publisherId":["musqtl"],"volume":"IX","issue":"3","pages":{"first":"401","last":"422"},"genre":["journal"],"subject":[{"value":"ARTICLES"}]},"namedEntities":{"unitex":{"date":["1923","1887","8000","1814","1861","1822","1816","1828","1469","1824","1864"],"geogName":[],"orgName":[],"orgName_funder":[],"orgName_provider":[],"persName":["Mendelssohn","Queen Elizabeth","William TeU","Louise PilletWill","Douce Melodie","May God","La Chanson","Marginal","La Cena","G. Rossini","Edmond Michotte","Don Giovanni","Ferdinand Hiller","Wille","Antonio Zanolini","Beethoven","Henri Beyle","Alessandro Sforza","Italians","Rossini","To","Theodore Baker","La Scala","Maria Stuart","Mettemich"],"placeName":["Naples","Leipzig","Pesaro","Venice","Paris","Switzerland","Devonshire","Tirana","Seville","London","Passy","Europe","Milan","Marlborough","Vienna","France","San Bartolo","Italy","Courbevoie"],"ref_url":[],"ref_bibl":["Cologne, 1877","Paris, 1829","Bologna, 1875"],"bibl":[]}},"ark":["ark:/67375/HXZ-QDZ5Z1MG-7"],"categories":{"wos":[],"scienceMetrix":["1 - arts & humanities","2 - visual & performing arts","3 - music"],"scopus":["1 - Social Sciences","2 - Arts and Humanities","3 - Music"]},"publicationDate":"1923","copyrightDate":"1923","enrichments":{"type":["multicat","refBibs","teeft","unitex"]},"doi":["10.1093/mq/IX.3.401"],"_id":"00609A374755CD7E121B26DD8EA8F0C006A2385B"}