{"corpusName":"sage","keywords":{"teeft":["february","barbershop","january","bowling","telephone number","high school","instrumental contest","high school students","more information","string quartet","young artists orchestra","band instrument repair","gettysburg college","eastman school","sweet adelines","composition prize","boston university school","entry deadline","louisiana state university","state university","hymn society","nonreturnable copies","individual work stations","small business operations","storme reeds","gettysburg"]},"articleId":["10.2307_3396437"],"arkIstex":"ark:/67375/M70-GB0V8NQV-R","language":["eng"],"originalGenre":["other"],"qualityIndicators":{"score":3.522,"pdfWordCount":1510,"pdfCharCount":9962,"pdfVersion":1.6,"pdfPageCount":3,"pdfPageSize":"594 x 828 pts","refBibsNative":false,"abstractWordCount":1,"abstractCharCount":0,"keywordCount":0},"title":"Competitions","genre":["other"],"host":{"title":"Music Educators Journal","language":["unknown"],"issn":["0027-4321"],"eissn":["1945-0087"],"publisherId":["MEJ"],"volume":"71","issue":"5","pages":{"first":"61","last":"63"},"genre":["journal"]},"namedEntities":{"unitex":{"date":["1986","1985"],"geogName":[],"orgName":["Sweet Adelines, Inc.","Band Instrument Repair","National Convocation of the HSA","National Headquarters, Texas Christian Unil","University of Massachusetts","Fine Arts Center","American Guild of Organists, Ann Arbor and Detroit","Bratton Corp.","Sweet Adelines, Inc","Boston University","Louisiana State University","Bowling Green State University","Department of Music and Dance","Adelines, Inc","National Convention of the AGO","Music Department, Gettysburg College, Gettysburg"],"orgName_funder":[],"orgName_provider":[],"persName":["Virginia Marks","Frederick A. Speck","Russell Getz","Just Do","P.O. Box","Dennis Sayer","Amadeus Mozart","Franz Haydn","Prices","Jon Engberg","Ludwig van Beethoven","Competition","M. Storme"],"placeName":["Portsmouth","D.C.","Rochester","IA","Ann Arbor","Columbus","Washington","American","America","Dublin","York","St. Petersburg","Sioux City","OK","Tulsa","Cleveland","OH"],"ref_url":[],"ref_bibl":[],"bibl":[]}},"ark":["ark:/67375/M70-GB0V8NQV-R"],"publicationDate":"1985","copyrightDate":"1985","enrichments":{"type":["refBibs","teeft","unitex"]},"doi":["10.2307/3396437"],"_id":"6DA3B830974A9ADE0EE91EA4E48DD940A3E257A1"}