{"corpusName":"oup","keywords":{"teeft":["emily","bronte","emily bronte","higher abstraction","wuthering height","last sonata","professor wallace","other word","musical analysis","romantic equilibrium","great novel"]},"author":[{"name":"PHILIP BARFORD"}],"articleId":["69.1.85"],"arkIstex":"ark:/67375/HXZ-1F24K70D-0","language":["eng"],"originalGenre":["book-review"],"qualityIndicators":{"score":2.76,"pdfWordCount":2710,"pdfCharCount":15266,"pdfVersion":1.3,"pdfPageCount":4,"pdfPageSize":"471 x 707 pts","pdfWordsPerPage":678,"pdfText":true,"refBibsNative":false,"abstractWordCount":0,"abstractCharCount":0,"keywordCount":0},"title":"REVIEWS OF BOOKS","genre":["book-reviews"],"host":{"title":"Music and Letters","language":["unknown"],"issn":["0027-4224"],"eissn":["1477-4631"],"publisherId":["musicj"],"volume":"69","issue":"1","pages":{"first":"85","last":"88"},"genre":["journal"],"subject":[{"value":"REVIEWS OF BOOKS"}]},"namedEntities":{"unitex":{"date":["1842","1950s","nineteenth century","1988","1860s","1984","1911","from August 1820 to October 1847","1835"],"geogName":[],"orgName":["Fromm International"],"orgName_funder":[],"orgName_provider":[],"persName":["Mendelssohn","Nigel Fortune","Rudolf Elvers","Bernard Bosanquet","Maria Rosa","Beethoven","Craig Tomlinson","Wallace","Denis Arnold","Felix Mendelssohn","Ludwig van Beethoven","Emily Bronte","Robert K. Wallace"],"placeName":["Sorrento","Brussels","Vienna","York","Wuthering Heights"],"ref_url":[],"ref_bibl":["London, 1971"],"bibl":[]}},"ark":["ark:/67375/HXZ-1F24K70D-0"],"categories":{"wos":[],"scienceMetrix":["1 - arts & humanities","2 - visual & performing arts","3 - music"],"scopus":["1 - Social Sciences","2 - Arts and Humanities","3 - Music"]},"publicationDate":"1988","copyrightDate":"1988","enrichments":{"type":["multicat","refBibs","teeft","unitex"]},"doi":["10.1093/ml/69.1.85"],"_id":"3E9274BC41817AD70C90BFA072671DC1F48D4055"}