{"corpusName":"oup","keywords":{"teeft":["good music","american crowd music","popular music","municipal band","musical quarterly","park band","central park","cheap music","poor music","fine art","gospel hymn","smaller park","star spangled banner","municipal control","park concert","better music","influential minority","good thing","american composer","large group","beethoven symphony","reason more","other word","band concert","larger rhythm","municipal government","community music","week conductor","large band","chief occasion","park board","musical union","york city","best music","better class","good program"]},"author":[{"name":"T. CARL WHITMER"}],"articleId":["IV.1.98"],"arkIstex":"ark:/67375/HXZ-SSBBLDJB-L","language":["eng"],"originalGenre":["research-article"],"qualityIndicators":{"score":5.05,"pdfWordCount":7454,"pdfCharCount":39620,"pdfVersion":1.3,"pdfPageCount":21,"pdfPageSize":"618 x 798 pts","pdfWordsPerPage":355,"pdfText":true,"refBibsNative":false,"abstractWordCount":0,"abstractCharCount":0,"keywordCount":0},"title":"THE ENERGY OF AMERICAN CROWD MUSIC","refBibs":[{"host":{"author":[{"name":"City—baltimore Name Of"}]}},{"author":[],"publicationDate":"1916589","host":{"title":"Population","publicationDate":"1916589","author":[],"pages":{"first":"620"}}},{"host":{"title":"What percentage foreign? by Census 1910, 13.8% foreign born white","author":[]}},{"host":{"title":"What appropriation this year for bands? a. $11,520 for Park Band; b. $10,000 for Municipal Band","author":[]}},{"host":{"title":"How many bands? Two, one the Park Band, and the other the Municipal Band","author":[]}},{"host":{"title":"How much are Conductors of bands paid? $40.00 per week conductor of Park Band, which gives seven concerts a week. $36.00 per week conductor of Municipal Band, which gives six concerts a week","author":[]}},{"host":{"title":"Do you think a large band under one Conductor for chief occasions, split up into two bands for small parks practicable?","author":[]}},{"host":{"title":"Have you a supervisor or supervising committee to pass on quality of programs? No; but the Park Board keeps in touch with all","author":[]}}],"genre":["research-article"],"host":{"title":"The Musical Quarterly","language":["unknown"],"issn":["0027-4631"],"eissn":["1741-8399"],"publisherId":["musqtl"],"volume":"IV","issue":"1","pages":{"first":"98","last":"116"},"genre":["journal"],"subject":[{"value":"Articles"}]},"namedEntities":{"unitex":{"date":["1918","1915","1916"],"geogName":[],"orgName":["Department of Fine Arts of the University of Arkansas","Department of Public Works, Robert Swan","University of Kansas","American Crowd Music","Department of Parks, Boroughs of Manhattan and Richmond","Mayor and Board of Estimates","Department of Fine Arts"],"orgName_funder":[],"orgName_provider":[],"persName":["John F. Ireton","Virginia Infantry","Arthur Farwell","Director","Alabama Infantry","Robert W. Valentine","Louis W. Fehr"],"placeName":["Minneapolis","Rochester","Side","United States","San Antonio","Montreal","Washington","Richmond","Canada","American","New York City","Cincinnati","Atlanta","America","Baltimore","Chicago","YORK","York","Kansas City","Ireland","Quebec","Indianapolis","Louisville","Cleveland","Detroit"],"ref_url":[],"ref_bibl":[],"bibl":[]}},"ark":["ark:/67375/HXZ-SSBBLDJB-L"],"categories":{"wos":[],"scienceMetrix":["1 - arts & humanities","2 - visual & performing arts","3 - music"],"scopus":["1 - Social Sciences","2 - Arts and Humanities","3 - Music"]},"publicationDate":"1918","copyrightDate":"1918","enrichments":{"type":["multicat","refBibs","teeft","unitex"]},"doi":["10.1093/mq/IV.1.98"],"_id":"69D110FD8FEA8C914C4992FD9CE906E96EB4E02C"}