{"corpusName":"oup","keywords":{"teeft":["british museum","allegretto","rivista","rondo","unknown early work","duet","mozart","piano solo","jeune beethoven","flat major","incomplete first movement","absolute certainty","eighteenth century","early beethoven"]},"author":[{"name":"JACK WERNER"}],"articleId":["XXII.1.36"],"arkIstex":"ark:/67375/HXZ-95F6TVV5-5","language":["eng"],"originalGenre":["research-article"],"qualityIndicators":{"score":1.858,"pdfWordCount":1808,"pdfCharCount":9677,"pdfVersion":1.2,"pdfPageCount":5,"pdfPageSize":"619 x 799 pts","pdfWordsPerPage":362,"pdfText":true,"refBibsNative":false,"abstractWordCount":0,"abstractCharCount":0,"keywordCount":0},"title":"FOUR UNKNOWN EARLY WORKS BY BEETHOVEN","genre":["research-article"],"host":{"title":"Music and Letters","language":["unknown"],"issn":["0027-4224"],"eissn":["1477-4631"],"publisherId":["musicj"],"volume":"XXII","issue":"1","pages":{"first":"36","last":"40"},"genre":["journal"],"subject":[{"value":"Articles"}]},"namedEntities":{"unitex":{"date":["1941","in the eighteenth century","1791","1919","1921","1786","1937","1926","1771","1940","the eighteenth century","1905"],"geogName":[],"orgName":[],"orgName_funder":[],"orgName_provider":[],"persName":["E. Droz","Donald Tovey","Christian Bach","Georges de Saint","W. A. Mozart","Barclay Squire","M. de Saint","Julian Marshall","W. Guatelli-Bey","W. C. Smith","Franz Joseph"],"placeName":["Bonn","Austria","Foix","Vienna","England"],"ref_url":[],"ref_bibl":[],"bibl":[]}},"ark":["ark:/67375/HXZ-95F6TVV5-5"],"categories":{"wos":[],"scienceMetrix":["1 - arts & humanities","2 - visual & performing arts","3 - music"],"scopus":["1 - Social Sciences","2 - Arts and Humanities","3 - Music"]},"publicationDate":"1941","copyrightDate":"1941","enrichments":{"type":["multicat","refBibs","teeft","unitex"]},"doi":["10.1093/ml/XXII.1.36"],"_id":"74C262C541E9A6F7685DAB4C6CDD1EF9140C7F61"}