{"corpusName":"oup","keywords":{"teeft":["string quartet","public performance","first movement","violin sonata","original form","string player","first subject","piano trio","second period work","third period","such work","stringed instrument","opening subject","chamber work","slow movement","beethoven trio","stringed","trio","sonata","quintet","autumnal type","other musician","ensemble player","ensemble music","keyboard instrument","hearing fine performance","various period","fine pianist","chamber music","piano style","sonata form","distinct advance","original sonata","stringed instrument player","kreutxer sonata","great basnmowaki quartet","pianist content himbelf","long trio","wcddstein sonata","many household","many characteristic","much disparity","more lovely","violin bonatas","first melody","original subject","fresh treatment","first trio","development section","treatment need","special treatment","subject matter","more intellectual view","instrumental music","imaginative thoroughness","solo sonata","scale work","obvious disadvantage","many sonata","modern piano","many modern work","form sound","violin solo","discursive piano accompaniment","intimate charm","kreutzer sonata","last trio","modern rhetorical style","theee splendid work","more intimate","introspective last sonata","effective orchestral version","chamber musio","such intensification","piano quartet","piano quintete","kreutzer sonata scritta","piano quintet form","extra stringed","brief comparison","chief difference","more modern musician","stilo molto concertante","third movement","middle movement","chambermuflic atmosphere","triple time","wistful serenity","whole work","lyrical violin","early work","subordinate part","duet sonata","regular form","expressive adagio","lively scherto","remarkable feature","monday popular concert day","subsequent variation","greatest freeedom","adagio section modulating","modern pianist","enormous amount","juvenile performnnces need","wind instrument","piano dash","brilliant variation","episodical variation","fugal manner","whole movement","constant animation","whole sonata contrast","more sober work","more variety","brahms work","greater harmonic richness","much difference","accompaniment figure","feminine beethoven","masculine strength","stronger infusion","large scale work","grand manner","greater definiteness","fine music","beautiful music","other hand","certain movement","trout quintet","last movement","original theme","such adventure","exquisite slow movement","noble repose","corresponding theme","lovely cantabile","beethoven chamber music","effective treatment","ideal combination","greater richness","modern work","older master","special kind","proper balance","wider appeal","appropriate manipulation","french school","last string quartet","other form","actual sound","primal impulse","pure artistry","mere slickness","perfect performance","professional string quartet party","supreme test","executive artist","musical amateur","technical ability","cello part","musical insight","high order","other part","keen sense"]},"author":[{"name":"RICHARD WALTHEW"}],"articleId":["VIII.3.317"],"arkIstex":"ark:/67375/HXZ-DWX3H0RD-G","language":["eng"],"originalGenre":["research-article"],"qualityIndicators":{"score":3.55,"pdfWordCount":2167,"pdfCharCount":11541,"pdfVersion":1.5,"pdfPageCount":5,"pdfPageSize":"479 x 699 pts","pdfWordsPerPage":433,"pdfText":true,"refBibsNative":false,"abstractWordCount":0,"abstractCharCount":0,"keywordCount":0},"title":"CHAMBER MUSIC","genre":["research-article"],"host":{"title":"Music and Letters","language":["unknown"],"issn":["0027-4224"],"eissn":["1477-4631"],"publisherId":["musicj"],"volume":"VIII","issue":"3","pages":{"first":"317","last":"321"},"genre":["journal"],"subject":[{"value":"Articles"}]},"namedEntities":{"unitex":{"date":["1927"],"geogName":[],"orgName":[],"orgName_funder":[],"orgName_provider":[],"persName":["W. Vol"],"placeName":[],"ref_url":[],"ref_bibl":[],"bibl":[]}},"ark":["ark:/67375/HXZ-DWX3H0RD-G"],"categories":{"wos":[],"scienceMetrix":["1 - arts & humanities","2 - visual & performing arts","3 - music"],"scopus":["1 - Social Sciences","2 - Arts and Humanities","3 - Music"]},"publicationDate":"1927","copyrightDate":"1927","enrichments":{"type":["multicat","refBibs","teeft","unitex"]},"doi":["10.1093/ml/VIII.3.317"],"_id":"89E76A94970BE68674FCD078CB0340854BEB3C14"}