{"corpusName":"oup","keywords":{"teeft":["krumpholz","gelinek","same time","piano teacher","first time","many year","young beethoven","musical quarterly","long time","mozart","other composer","good violinist","several year","ferdinand ries","last year","great deal","other hand","prince lichnowsky","beethoven"]},"author":[{"name":"CARL CZERNY"}],"articleId":["XLII.3.302"],"arkIstex":"ark:/67375/HXZ-HPWVKHHH-N","language":["eng"],"originalGenre":["research-article"],"qualityIndicators":{"score":5.05,"pdfWordCount":6434,"pdfCharCount":34116,"pdfVersion":1.3,"pdfPageCount":18,"pdfPageSize":"449 x 673 pts","pdfWordsPerPage":357,"pdfText":true,"refBibsNative":false,"abstractWordCount":0,"abstractCharCount":0,"keywordCount":0},"title":"RECOLLECTIONS FROM MY LIFE","genre":["research-article"],"host":{"title":"The Musical Quarterly","language":["unknown"],"issn":["0027-4631"],"eissn":["1741-8399"],"publisherId":["musqtl"],"volume":"XLII","issue":"3","pages":{"first":"302","last":"317"},"genre":["journal"],"subject":[{"value":"ARTICLES"}]},"namedEntities":{"unitex":{"date":["1802","1842","1829","1750","1790","1807","1836","1803","1819","1810","1815","1804","1851","1827","1786","1816","1805","1806","1956"],"geogName":[],"orgName":[],"orgName_funder":[],"orgName_provider":[],"persName":["Esterhazy","Johann Baptist","Johann Andreas","Joseph Gelinek","Cappi","Emanuel Bach","Eugene Scribe","Andreas Streicher","Joseph Mayieder","Robinson Crusoe","Johann Schenk","Even Paganini","Anton Wranitzky","Franz Krommer","Ernest Sanders","Diabelli","Franz Xaver","John Field","Nanette Stein","Joseph Lipavsky","Iichnowsky","Sebastian Bach","Ferdinand Ries","Lichnowsky","Sonata","My Life"],"placeName":["Naples","Paris","Germany","Bonn","Poland","Leopoldstadt","Prague","Europe","Vienna","St Leopold","York","Czernin","Hungary","Augsburg","Mainz"],"ref_url":[],"ref_bibl":["[1842]"],"bibl":[]}},"ark":["ark:/67375/HXZ-HPWVKHHH-N"],"categories":{"wos":[],"scienceMetrix":["1 - arts & humanities","2 - visual & performing arts","3 - music"],"scopus":["1 - Social Sciences","2 - Arts and Humanities","3 - Music"]},"publicationDate":"1956","copyrightDate":"1956","enrichments":{"type":["multicat","refBibs","teeft","unitex"]},"doi":["10.1093/mq/XLII.3.302"],"_id":"7DDD727B6D5A212C475D7447936038865752AC6C"}