{"corpusName":"sage","keywords":{"teeft":["ninth symphony","music business","menc members","music education","music industry","ical reception","maud hickey","northwestern university","music composition","mencresources orderformon page","practical advice","appendices offer","practical information","parent survey forms","student population distribution surveys","individual student progress charts","compelling framework","practical solutions","face music education today","useful tool","future music educators","music supervisors","final movement","first chapters","philosophical foundation","thorough description","political forces","twentieth century","olympic games","music supervisor","diane warner","shenendehowacentral schools","clifton park","racist government","leonard formance","berlin wall","word esteban buch","richard miller","european union chicago press","official anthem","cursory backgrounds bibliography","music examples","world history","middle school","high school","music teacherswill disthe","huge volume","class discussions","indisunderliethe historyof","conductors preparingperernwestern thereis formances","other texts","recent publications","parthese sentences","concludticular aspects","first nights","lenge esteban buch","thomas forrest kelly","yale university press","first performance","various politsymphony","production ical agendas","teaching music composition","simple theme","music educators journal beethoven","late beethoven","california press","material beethoven","other works","conductor daniel barenboim","political events","pantheon books","lewis lockwood","brief chapter","political background","political history","electronic media","different cultures","same images","young artist","other topics","money management","employment issues","financial audits","copyright issues","composition instruction","technical information","bennett reimer","music attorney","miles davis","barry manilow","simon garfunkel","accounting professions charge fees","business managers","high school music educator","choral music educationat","professional career","georgia state university","reachedat reading","youabout addition","high school library","guidance resource center","clear understanding","business works","young artists","business side","depth descriptions","personal manager","accessible business manager","furthest things","young mind","attorney stress","right support staff securities","stock options","store newt spotlight","music classroom learnhow","audio recording","classroom administration","music educators manageall aspects","music classroom","popular spotlight series","comprisingarticles previouslypublished","menc resources order form"]},"author":[{"name":"Patrick K. Freer","affiliations":["Assistant professor of choral music education at Georgia State University, can be reached at","E-mail: pfreer@gsu.edu"]}],"articleId":["10.2307_3400026"],"arkIstex":"ark:/67375/M70-ZZH2162W-G","language":["eng"],"originalGenre":["other"],"qualityIndicators":{"score":3.127,"pdfWordCount":1115,"pdfCharCount":7809,"pdfVersion":1.6,"pdfPageCount":2,"pdfPageSize":"612 x 879 pts","refBibsNative":false,"abstractWordCount":1,"abstractCharCount":0,"keywordCount":0},"title":"Beethoven's Ninth: A Political History","genre":["other"],"host":{"title":"Music Educators Journal","language":["unknown"],"issn":["0027-4321"],"eissn":["1945-0087"],"publisherId":["MEJ"],"volume":"90","issue":"5","pages":{"first":"52","last":"53"},"genre":["journal"]},"namedEntities":{"unitex":{"date":["the twentieth century","2004"],"geogName":[],"orgName":["Georgia State University"],"orgName_funder":[],"orgName_provider":[],"persName":["Richard Miller","La Marseillaise","Miles Davis","Peter M. Thall","Diane Warner","Esteban Buch","Barry Manilow","Maud Hickey","Pat Benatar","Forrest Kelly","Patrick K. Freer","Edward W. Said","Daniel Barenboim","Lewis Lockwood","W. W. Norton"],"placeName":["IL","United States","Chicago","York","European Union","Rhodesia"],"ref_url":[],"ref_bibl":["New York: Pantheon Books, 2002","Berkeley: University of California Press, 2003","New Haven: to scrutinize the ways in which this Yale University Press, 2000"],"bibl":[]}},"ark":["ark:/67375/M70-ZZH2162W-G"],"publicationDate":"2004","copyrightDate":"2004","enrichments":{"type":["refBibs","teeft","unitex"]},"doi":["10.2307/3400026"],"_id":"5C8E5C4E226C36FBAE66F2F60A8E355ED0F839A5"}