{"corpusName":"wiley","keywords":{"teeft":["music analysis","fonte","blackwell publishing","fenaroli","gjerdingen","riepel","second half","corrupt minuet","eighteenth century","hermaphrodite","paget","minuet","narmour","fenarolis","fenaroli schema","ibid","penn school","fonte schema","violet paget","schema","keyboard sonata","oxford university press","mozart","imaginary museum","minor mode","musical style","major mode","musical phrase","true intentions","sixth degree","blackwell","musical phrases","eternal laws","musical text","interpretive communities","local scale degrees","villa borghese","general terms","other hand","music cognition","cognitive schemata","phrase type","nineteenth century","chicago press","same style","scale degrees","different eras","fenaroli schemata","other parts","literary phrase","hermaphrodite fonte","keyboard sonatas","outer parts","sixth chord","oeuvres complettes","harmonic progress","sonata form","gjerdingen music","musical texts","complete edition","musical works","galant style","life sciences","john rice","music perception","wolfgang amadeus mozart","exemplar"]},"author":[{"name":"ROBERT O. GJERDINGEN","affiliations":["Northwestern University"]}],"articleId":["MUSA326"],"arkIstex":"ark:/67375/WNG-F1P43JL6-1","language":["eng"],"originalGenre":["article"],"abstract":"The Romantic and Modern reception and reinterpretation of eighteenth‐century music stretches over a period much longer than that of the eighteenth century itself, in the process forming its own authenticity and norms. Modern editors of eighteenth‐century music must occasionally grapple with musical texts which appear to violate either the earlier or later standards. A minuet whose text seemed ‘obviously corrupt’ to the official editors of Mozart's keyboard sonatas would probably have seemed highly artful yet utterly normative to Mozart or his audiences. A focus on the norms of musical phrases was proposed by the Victorian author Violet Paget, writing under the pseudonym Vernon Lee. Her immersion in eighteenth‐century music at an early age, along with her training in the Italian tradition, gave her a unique position from which to comment on the differences between the musical culture of her own time and that of Mozart and his Italian models.","qualityIndicators":{"score":8.788,"pdfWordCount":7802,"pdfCharCount":44270,"pdfVersion":1.3,"pdfPageCount":22,"pdfPageSize":"484.7 x 697.3 pts","pdfWordsPerPage":355,"pdfText":true,"refBibsNative":true,"abstractWordCount":149,"abstractCharCount":954,"keywordCount":0},"title":"Mozart's Obviously Corrupt Minuet","genre":["article"],"host":{"title":"Music Analysis","language":["unknown"],"doi":["10.1111/(ISSN)1468-2249"],"issn":["0262-5245"],"eissn":["1468-2249"],"publisherId":["MUSA"],"volume":"29","issue":"1‐3","pages":{"first":"61","last":"82","total":"22"},"genre":["journal"]},"namedEntities":{"unitex":{"date":["1732","1893","1788","in the eighteenth century","1795","1975","1762","1960s","1971","the nineteenth century","90s","1907","twentieth centuries","1890s","twentieth century","1780s","in the twentieth century","in the nineteenth century","nineteenth century","1970s","during the eighteenth century","1977","2010","1760","1980","the eighteenth century","1980s","1870s"],"geogName":[],"orgName":["Associated Board of the Royal Schools of Music","Blackwell Publishing Ltd","University of California","University of Pennsylvania"],"orgName_funder":[],"orgName_provider":[],"persName":["Ann Evans","Oscar Wilde","G. Schirmer","Mary Cassatt","Henry James","George Sand","Nicola Sala","Charles Burney","Aurore Dupin","Stanley Fish","Valentino Fioravanti","A. B. Marx","John Singer","Wolfgang Iser","John Lateran","Charlotte Brontë","Joseph Riepel","Lee","Lydia Goehr","Edith Wharton","Leonardo Leo","Paget","Lili Kraus","King Lear","Burney","Violet Paget","Diana Deutsch","Beethoven","Vernon Lee","Arthur Koestler","John Rice","Santa Maria","Walter Pater","Leonard B. Meyer","Hugo Riemann","Heartz","George Eliot","Gaetano Capocci","Mozart","Thomas Bauman","J. R. Smythies"],"placeName":["Naples","Munich","San Giacomo","UK","Regensburg","Mannheim","Stuttgart","Suez","New York City","Bologna","Europe","Berkeley","Rome","Chicago","York","Italy"],"ref_url":[],"ref_bibl":["December 1761","June 1762","Lee 1880, p. 139","Lee 1908, p. 128","Paisiello, 1788","Plath and Rehm (1985)","Raymar 1931","January 1762","Eitan and Granot (2006)","New York: Oxford University Press, 1992","Blackwell Publishing Ltd, 9600"],"bibl":[]}},"ark":["ark:/67375/WNG-F1P43JL6-1"],"categories":{"wos":[],"scienceMetrix":["1 - arts & humanities","2 - visual & performing arts","3 - music"],"scopus":["1 - Social Sciences","2 - Arts and Humanities","3 - Music"],"inist":["1 - sciences humaines et sociales"]},"publicationDate":"2010","copyrightDate":"2010","enrichments":{"type":["multicat","nb","teeft","unitex"]},"doi":["10.1111/j.1468-2249.2011.00326.x"],"_id":"A7333BC9044FCD8CA664C2B6AC283542ADF1BE8B"}