{"corpusName":"oup","keywords":{"teeft":["clementi","eroica","contredanse","motivic","mies","thematic","reference theme","prometheus music","musical quarterly","clementi material","prometheus","walter engelsmann","second period","piano sonata","threefold assertion","principal theme","third symphony","paul mies","funeral march","contredanse bass","poetic idea","beethoven","hugo riemann","thematic idea","single tone","better understanding","major theme","beethoven letter","minor sonata","lower dominant note","other hand","opening theme","other word","reference material","alfred lorenz","compositional process","polyphonic texture","thematic solution","reference procedure","term finalsinfonie","possible significance","clementi movement"]},"author":[{"name":"ALEXANDER L. RINGER"}],"articleId":["XLVII.4.454"],"arkIstex":"ark:/67375/HXZ-RW4NTS7X-T","language":["eng"],"originalGenre":["research-article"],"qualityIndicators":{"score":4.79,"pdfWordCount":4740,"pdfCharCount":27572,"pdfVersion":1.2,"pdfPageCount":15,"pdfPageSize":"444 x 675 pts","pdfWordsPerPage":316,"pdfText":true,"refBibsNative":false,"abstractWordCount":0,"abstractCharCount":0,"keywordCount":0},"title":"CLEMENTI AND THE EROICA","refBibs":[{"author":[{"name":"Gustav Nottebohm"}],"publicationDate":"1880","host":{"title":"Ein Skizzenbuch von Beethoven aus. dem Jahre 1803","publicationDate":"1880","author":[],"pages":{"first":"52"}}},{"host":{"title":"Beethovens Prometheus-Musik ein Variationenwerk, in Die Musik, IX (1909-10)","author":[{"name":"Hugo Riemann"}],"pages":{"first":"23"}}},{"author":[],"publicationDate":"1954","host":{"title":"Mies in Beethoven Jahrbuch","publicationDate":"1954","author":[],"pages":{"first":"47"}}},{"author":[{"name":"Georg Schiinemann"},{"name":"Czernys Erinnerungen An Beethoven"}],"publicationDate":"1939","host":{"title":"Neues Beethoven Jahrbuch","publicationDate":"1939","author":[],"pages":{"first":"67"}}},{"host":{"author":[{"name":"Alexander Wheelock Thayer"},{"name":"Ludwig Van Beethovens Leben"}],"pages":{"first":"1872"}}}],"genre":["research-article"],"host":{"title":"The Musical Quarterly","language":["unknown"],"issn":["0027-4631"],"eissn":["1741-8399"],"publisherId":["musqtl"],"volume":"XLVII","issue":"4","pages":{"first":"454","last":"468"},"genre":["journal"],"subject":[{"value":"Articles"}]},"namedEntities":{"unitex":{"date":["1802","the 18th century","1804","1780s","1961","1823","1782","1801"],"geogName":[],"orgName":[],"orgName_funder":[],"orgName_provider":[],"persName":["Lorenz","Anton Schindler","Georges de Saint","Alfred Lorenz","Paul Mies","Rasumovsky","Paul Bekker","Arnold Schmitz","Gustav Mahlers","Ludwig van Beethovens","Fritz Cassirer","Gustav Nottebohm","Michael Hamburger","Walter Engelsmann","Adolf Sandberger","Rudolph Reti","Julius Kapp","Quartet","Hugo Riemann","Auguste Serieyx","Gustav Mahler","Giuseppe Sard","Sonata","Kurt von Fischer","Ernst Bucken","Donald Francis"],"placeName":["Leipzig","Potsdam","Munich","Bonn","Foix","Vienna","York","Heiligenstadt"],"ref_url":[],"ref_bibl":[],"bibl":[]}},"ark":["ark:/67375/HXZ-RW4NTS7X-T"],"categories":{"wos":[],"scienceMetrix":["1 - arts & humanities","2 - visual & performing arts","3 - music"],"scopus":["1 - Social Sciences","2 - Arts and Humanities","3 - Music"]},"publicationDate":"1961","copyrightDate":"1961","enrichments":{"type":["multicat","refBibs","teeft","unitex"]},"doi":["10.1093/mq/XLVII.4.454"],"_id":"0C9E050DB6E6A39806EDCF10F0D79B902423248B"}