{"corpusName":"oup","author":[{"name":"ELAINE BRODY"}],"articleId":["3.24"],"arkIstex":"ark:/67375/HXZ-G228MJ3W-D","language":["eng"],"originalGenre":["research-article"],"qualityIndicators":{"score":5.05,"pdfWordCount":5952,"pdfCharCount":31931,"pdfVersion":1.3,"pdfPageCount":14,"pdfPageSize":"618 x 801 pts","pdfWordsPerPage":425,"pdfText":true,"refBibsNative":false,"abstractWordCount":0,"abstractCharCount":0,"keywordCount":0},"title":"Operas in Search of Brahms","refBibs":[{"host":{"title":"Letter to the author dated 27","publicationDate":"1983-01","author":[]}},{"author":[{"name":"See Alfred Orel"},{"name":"Johannes Brahms Und"},{"name":"Julius Allgcycr"}],"publicationDate":"1964","host":{"title":"Erne Kinstlerfreundsthaft in Briefen","publicationDate":"1964","author":[],"pages":{"first":"62"}}},{"host":{"title":"Johannes Brahms und Julius AJlgcycr , letter of 11 September 1869 from. Allgcyer to Brahms","author":[{"name":"See "}],"pages":{"first":"128","last":"7"}}},{"host":{"title":"would not interfere too much on that score. 12. The date is incorrect here. Brahms has written instead of \"1870,\" an error commonly made immediately after the start of a new year. 13. His publishers at that time","publicationDate":"1869-01","author":[]}},{"host":{"title":"Fritz Simrock, of course, was his principal publisher","author":[]}},{"host":{"title":"Gebr. Paetcl , 1898), p. 37; see also Johannes Brahms: Briefwechsel VIII, cd","publicationDate":"1915","author":[]}},{"title":"Widmann, Johannes Brahms in Ermnerungen , p. 45. 34-Robert Haven Schauffler, The Unknown Brahms","author":[{"name":"Aloys Grcither"},{"name":"Wolfgang,Amadl Mozart"}],"publicationDate":"1933-03","host":{"title":"Brahms und die Fraucn Psychoanalytische Bewegung","publicationDate":"1933-03","author":[],"volume":"5","pages":{"first":"142","last":"33"}}},{"title":"See also Sigmund FreudContributions to the Psychology of Love, A Special Type of Object Choice Made by Men","author":[{"name":"Richard Specht"},{"name":"Johanna Brahms"}],"publicationDate":"1925","host":{"title":"Johanna Brahms: Weg, Werk und Wdt","publicationDate":"1925","author":[],"pages":{"first":"192","last":"216"}}},{"host":{"publicationDate":"1927","author":[{"name":"Berthold Iitzmann"},{"name":"Clara Schumann"}],"pages":{"first":"230"}}},{"host":{"title":"Max Friedlindcr reported these details about Brahms's childhood to Schauffler; sec Schauffler, The Unknown Brahms, p. 226. 37. Schauffler quotes Frau Professor Brail with regard to these incidents in ibid","author":[],"pages":{"first":"259"}}},{"author":[{"name":"Hdene Deutsch"}],"publicationDate":"1930","host":{"title":"Psychoanalyse der Neurosen","publicationDate":"1930","author":[]}},{"host":{"title":"The Unknown Brahms","author":[{"name":" Cited By Schauffler"}],"pages":{"first":"277"}}},{"host":{"title":"TurgeneVs Scenario for Brahms","author":[{"name":" Waddington"}]}}],"genre":["research-article"],"host":{"title":"The Opera Quarterly","language":["unknown"],"issn":["0736-0053"],"eissn":["1476-2870"],"publisherId":["operaq"],"volume":"3","issue":"4","pages":{"first":"24","last":"37"},"genre":["journal"],"subject":[{"value":"Articles"}]},"namedEntities":{"unitex":{"date":["1853","March—April 1933","1869","1871","1858","1887","1930","1894","1883","1872","1859","1982","1810","1890","1862","1860s","1863","1892","the fifteenth century","1881","1870","1897","1870s","1864"],"geogName":["Danube"],"orgName":["New Zealand Slavonic Journal"],"orgName_funder":[],"orgName_provider":[],"persName":["Heinrich von Herzogenberg","Ivan Turgenev","Leopold Schmidt","Prokofiev","Brahms","Julius Allgeyer","Wagner","Robert Haven","Hermann Levi","Carlo Gozzi","Karl Rcinthaler","Fm","Max Kalbeck","Helene Deutsch","Julius Rietz","Richard Specht","Anna Ettlinger","Clara Schumann","J. V. Widmann","Max Kalbcck","Sigmund Freud","Eduard Devrient","Eric Blom","Morgan Library","Patrick Waddington","Friedlindcr","G. A. Burger","Allgeyer","Friedrich Lux","Beethoven","Eric Cancpa","Turgenev","Pauline Viardot","Emanuel Geibel","Julie Schumann","Hermine Spies","Fritz Simrock","Hermann Goetz","Otto Biba","Aloys Grcither","Joseph Viktor","Julius Allgcycr","Alfred Orel","Elisabeth von Stockhausen","Alfred von Ehrmann","Fll","Paul Heyse","Hitschand","Levi","Johanna Brahms","Joachim","Heyse","Julius Alldaughter","Berthold Iitzmann","James Strachcy","Heinrich Bulthaupt","Alice Barbi"],"placeName":["Naples","Leipzig","Delphi","Karlsruhe","Switzerland","Munich","London","Poitiers","Heilbronn","Vancouver","Europe","Vienna","Rotterdam","York","Winterthur","Baden-Baden","Italy"],"ref_url":[],"ref_bibl":["Berlin: Deutsche Brahms-GeseUschaft, 1915","Tutzing: Hans Schneider Verlag, 1964","Leipzig: Breitkopf & H a n d , 1933","Leipzig: Breitkopf & H a n d , 1927","May 1870","Vienna: Intemanonaler Psydioanah/tischer Verlag, 1930","New York: Dutton, 1930","London: Hogarth Press, 1925"],"bibl":[]}},"ark":["ark:/67375/HXZ-G228MJ3W-D"],"categories":{"wos":[],"scienceMetrix":[],"scopus":["1 - Social Sciences","2 - Arts and Humanities","3 - Music"]},"publicationDate":"1985","copyrightDate":"1985","enrichments":{"type":["multicat","refBibs","unitex"]},"doi":["10.1093/oq/3.4.24"],"_id":"EBB35658A3FEC8CC999810E870E2CF8A46C09295"}