{"corpusName":"oup","keywords":{"teeft":["berlioz","hector berlioz","peculiar power","subject suitable"]},"author":[{"name":"A. E. BRENT SMITH"}],"articleId":["VII.4.340"],"arkIstex":"ark:/67375/HXZ-Z057NWLH-L","language":["eng"],"originalGenre":["research-article"],"qualityIndicators":{"score":4.083,"pdfWordCount":2700,"pdfCharCount":14013,"pdfVersion":1.5,"pdfPageCount":7,"pdfPageSize":"488 x 702 pts","pdfWordsPerPage":386,"pdfText":true,"refBibsNative":false,"abstractWordCount":0,"abstractCharCount":0,"keywordCount":0},"title":"HECTOR BERLIOZ","genre":["research-article"],"host":{"title":"Music and Letters","language":["unknown"],"issn":["0027-4224"],"eissn":["1477-4631"],"publisherId":["musicj"],"volume":"VII","issue":"4","pages":{"first":"340","last":"346"},"genre":["journal"],"subject":[{"value":"Articles"}]},"namedEntities":{"unitex":{"date":["1822","1926"],"geogName":[],"orgName":[],"orgName_funder":[],"orgName_provider":[],"persName":["Brahms","Schubert","Robinson Crusoe","Julius Caesar","King Lear","Beethoven","To","God Baid","Bates","Jane Austen"],"placeName":[],"ref_url":[],"ref_bibl":[],"bibl":[]}},"ark":["ark:/67375/HXZ-Z057NWLH-L"],"categories":{"wos":[],"scienceMetrix":["1 - arts & humanities","2 - visual & performing arts","3 - music"],"scopus":["1 - Social Sciences","2 - Arts and Humanities","3 - Music"]},"publicationDate":"1926","copyrightDate":"1926","enrichments":{"type":["multicat","refBibs","teeft","unitex"]},"doi":["10.1093/ml/VII.4.340"],"_id":"67341F7492579EEC1395FDDE5E75B68A95BF8E09"}