{"corpusName":"cambridge","author":[{"name":"Robin Hull"}],"articleId":["06011"],"arkIstex":"ark:/67375/6GQ-THMZ5SS3-3","language":["eng"],"originalGenre":["research-article"],"abstract":"It is a striking paradox that Ethel Smyth's music, though strongly wrought, demands for its true effect an exceptional care in performance. Indifferent playing of her more robust pages can make them sound both tedious and heavy-fisted; a first-rate interpretation of the Mass in D, so memorable under Sir Adrian Boult, can give likelihood to the fantasy that Beethoven respected her sufficiently to raise his hat. Her delight at that greeting would have been mingled with surprise. Despite her sturdy and justifiable belief that she had something worth-while to say, backed up by a pertinacity which had to be experienced to be believed, Ethel Smyth judged shrewdly the distance separating her from ‘great’ composers, and even in tribute this judgment must be upheld. It is quite a different thing to claim, nor ought one to claim less, that her best works contain qualities of undeniable greatness.","qualityIndicators":{"score":4.447,"pdfWordCount":695,"pdfCharCount":4083,"pdfVersion":1.4,"pdfPageCount":5,"pdfPageSize":"504 x 738 pts","refBibsNative":false,"abstractWordCount":146,"abstractCharCount":899,"keywordCount":0},"title":"Dame Ethel Smyth","pii":["S0040298200060113"],"genre":["research-article"],"host":{"title":"Tempo","language":["unknown"],"issn":["0040-2982"],"eissn":["1478-2286"],"publisherId":["TEM"],"issue":"7","pages":{"first":"114","last":"114","total":"1"},"genre":["journal"]},"ark":["ark:/67375/6GQ-THMZ5SS3-3"],"categories":{"wos":[],"scienceMetrix":[],"scopus":["1 - Social Sciences","2 - Arts and Humanities","3 - Music"],"inist":["1 - sciences humaines et sociales","2 - philosophie"]},"publicationDate":"1944","copyrightDate":"1944","enrichments":{"type":["multicat","nb","refBibs"]},"doi":["10.1017/S0040298200060113"],"_id":"8E04C6132DD8946DC16EB74AC371035E63E28E5C"}