{"corpusName":"oup","keywords":{"teeft":["adorno","music appreciation hour","thematic","music education","concert stage","classical music","eiffel tower","thematic programming","rubric","critique","string quartet","beethoven symphony","empirical reality","twentieth century","music history","music appreciation","great work","program note","musical literacy","modern technology","particular performance","visual art","musical quarterly","western concert music","effective thematic rubric","westminster cathedral","other form","standard repertoire","repertoire"]},"author":[{"name":"Leon Botstein"}],"articleId":["78.2.177"],"arkIstex":"ark:/67375/HXZ-MTNB78JN-S","language":["eng"],"originalGenre":["other"],"qualityIndicators":{"score":4.639,"pdfWordCount":4589,"pdfCharCount":26427,"pdfVersion":1.2,"pdfPageCount":12,"pdfPageSize":"490 x 723 pts","pdfWordsPerPage":382,"pdfText":true,"refBibsNative":false,"abstractWordCount":0,"abstractCharCount":0,"keywordCount":0},"title":"Music, Technology, and the Public","genre":["other"],"host":{"title":"The Musical Quarterly","language":["unknown"],"issn":["0027-4631"],"eissn":["1741-8399"],"publisherId":["musqtl"],"volume":"78","issue":"2","pages":{"first":"177","last":"188"},"genre":["journal"],"subject":[{"value":"Notes from the Editor"}]},"namedEntities":{"unitex":{"date":["in the nineteenth and twentieth centuries","1950s","1941","1990s","The nineteenth and twentieth centuries","1960s","the nineteenth century","1930s","twentieth century","1994","in the twentieth century","nineteenth century","1940s"],"geogName":[],"orgName":["EPCOT Center"],"orgName_funder":[],"orgName_provider":[],"persName":["Leonard Bernstein","Adrienne Fried","Leon Botstein","Joe DiMaggio","Sigmund von Hausegger","Haydn","Hans Pfitzner","Karl Kraus","Derek Scott","Judit Frigyesi","Max von Schillings"],"placeName":["American","Europe","Japan","America","Hollywood","Orlando"],"ref_url":[],"ref_bibl":[],"bibl":[]}},"ark":["ark:/67375/HXZ-MTNB78JN-S"],"categories":{"wos":[],"scienceMetrix":["1 - arts & humanities","2 - visual & performing arts","3 - music"],"scopus":["1 - Social Sciences","2 - Arts and Humanities","3 - Music"]},"publicationDate":"1994","copyrightDate":"1994","enrichments":{"type":["multicat","refBibs","teeft","unitex"]},"doi":["10.1093/mq/78.2.177"],"_id":"43B58714A28F155AD9824AF527D20794DE1B6299"}