{"corpusName":"oup","keywords":{"teeft":["fidelio","leonore","operatic composer","libretto","musical composition","minor symphony","rational human","other composer","symphonic poem","musical personality","natural mode","drama pure","absolute music","dramatic situation","dramatic action","professor dent","operatic"]},"author":[{"name":"DYNELEY HUSSEY"}],"articleId":["VIII.2.243"],"arkIstex":"ark:/67375/HXZ-0XMR7Z34-P","language":["eng"],"originalGenre":["research-article"],"qualityIndicators":{"score":5.709,"pdfWordCount":4326,"pdfCharCount":23058,"pdfVersion":1.5,"pdfPageCount":18,"pdfPageSize":"473 x 695 pts","pdfWordsPerPage":240,"pdfText":true,"refBibsNative":false,"abstractWordCount":0,"abstractCharCount":0,"keywordCount":0},"title":"BEETHOVEN AS A COMPOSER OF OPERA","genre":["research-article"],"host":{"title":"Music and Letters","language":["unknown"],"issn":["0027-4224"],"eissn":["1477-4631"],"publisherId":["musicj"],"volume":"VIII","issue":"2","pages":{"first":"243","last":"252"},"genre":["journal"],"subject":[{"value":"Articles"}]},"namedEntities":{"unitex":{"date":["1600","1807","1814","The nineteenth century","1804","1805","1806"],"geogName":[],"orgName":[],"orgName_funder":[],"orgName_provider":[],"persName":["Dent","An Italian","Friedrich TreitBchke","Stefan von Breuning","Estorhazy","Ferdinand Paer","Lea Deux","Sebastian Mayer","Pierre Qaveaux","Don Giovanni","Butterfly","Anna Milder","Beethoven","Joseph Ferdinand","J. N. Bonilly","Le Nozze","Constance Moxart","E. J. Dent","Lobkowitz","Paul Becker"],"placeName":["Paris","Dresden","Athens","Vienna","France","England"],"ref_url":[],"ref_bibl":[],"bibl":[]}},"ark":["ark:/67375/HXZ-0XMR7Z34-P"],"categories":{"wos":[],"scienceMetrix":["1 - arts & humanities","2 - visual & performing arts","3 - music"],"scopus":["1 - Social Sciences","2 - Arts and Humanities","3 - Music"]},"publicationDate":"1927","copyrightDate":"1927","enrichments":{"type":["multicat","refBibs","teeft","unitex"]},"doi":["10.1093/ml/VIII.2.243"],"_id":"10DD01D1907FB7E60EE1BF33D73EDA695C1B376D"}