{"corpusName":"oup","keywords":{"teeft":["symphonic form","first movement","professor taylor","sonata form","various movement","profound logic","penal servitude","tristan","twentiethcentury composition technique","modern opera","author endears","english reader","generous appreciation","petite histoire","musique anglaise","winchester troper","richard rodney bennett","english composer","genie souriant","sensibility po6tique","sont souvent dignes","6tonnant musicien","brusques modulation","succession dissonantes","sont parmi","musique religieuse","sonate itajienne","vieux consort","viol polyphonique","genre meme","chacun passe","work such","gevievalement conventionelle","vaughan williams","first great english musician","little ungrateful","good measure","technical term","condensed bibliography","comparative chronology","musical history","wide margin","potted biography","small illustration","gerald abraham beethoven","profound logic1","symphonic analysis","lionel pike","athlone press","tone poem","important issue","tonal control","thematic unity","relative weight","tonal function","musique telle pouvait etre considdree","critical study","empty adulation","meilleur disciple","elusive friend","programme music","pastoral symphony","first important example","other concept","musical structure","nineteenth century","paper analysis","unusual field","noble piece","greater achievement","historical perspective","symphonic output","unnecessary exercise","other work","chef strauss","full orchestra","second subject group","ninth symphony","major tonic","minor tonic","relative major","second symphony","sonataform exposition","other genre","matter little","concert overture corolian","high road","exceptional piece","last decade beethoven","submediant tonality","occasional lapse","symphonic development","fourth symphony","first note","large part","tonal construction","whole piece","beethoven symphony","beethoven illustration","less relevant example","bruckner symphony","book merit","william drabkin richard wagner","ronald taylor","penetrating ring","john louis digaetani","fairleigh dickenson university press","ssociated university press","elegant essay","spiritual development","musicographie romanesque","prize song","individual piece","vast amount","biographical material","accurate assessment","various circle","certain idea","fliegendg hollander","higher powep","absurd exaggeration","musical world","first performance","veriest amateur","curious piano version","meistersinger overture","ernst kurth","alfred lorenz","more recent german wagner scholar","copious bibliography","robert wagner","john rienzi","little reading","music letter","original version","tannhduser overture","first scene","paris version","general musical history","parisian spectacular opera","first empire","july monarchy","german lawyer","total punishment","delphine potocka","year imprisonment","other criminal","ring anthology"]},"author":[{"name":"WILLIAM DRABKIN"}],"articleId":["60.4.451"],"arkIstex":"ark:/67375/HXZ-ZPR3SC40-V","language":["eng"],"originalGenre":["book-review"],"qualityIndicators":{"score":1.654,"pdfWordCount":1604,"pdfCharCount":9091,"pdfVersion":1.3,"pdfPageCount":3,"pdfPageSize":"411 x 706 pts","pdfWordsPerPage":535,"pdfText":true,"refBibsNative":false,"abstractWordCount":0,"abstractCharCount":0,"keywordCount":0},"title":"REVIEWS OF BOOKS","genre":["book-reviews"],"host":{"title":"Music and Letters","language":["unknown"],"issn":["0027-4224"],"eissn":["1477-4631"],"publisherId":["musicj"],"volume":"60","issue":"4","pages":{"first":"451","last":"453"},"genre":["journal"],"subject":[{"value":"REVIEWS OF BOOKS"}]},"namedEntities":{"unitex":{"date":["1952","1979","the nineteenth century","1930s"],"geogName":[],"orgName":[],"orgName_funder":[],"orgName_provider":[],"persName":["Alfred Lorenz","Ernst von Pidde","Rodney Bennett","Ernst Kurth","Richard Wagner","Pike","ABRAHAM Beethoven","Ronald Taylor","Robert Raynor","July Monarchy","John Louis","Lionel Pike","John Deathridge"],"placeName":["Hagen"],"ref_url":[],"ref_bibl":[],"bibl":[]}},"ark":["ark:/67375/HXZ-ZPR3SC40-V"],"categories":{"wos":[],"scienceMetrix":["1 - arts & humanities","2 - visual & performing arts","3 - music"],"scopus":["1 - Social Sciences","2 - Arts and Humanities","3 - Music"]},"publicationDate":"1979","copyrightDate":"1979","enrichments":{"type":["multicat","refBibs","teeft","unitex"]},"doi":["10.1093/ml/60.4.451"],"_id":"40D82AEEE2E77E036F14DFC2A4BC32B8893D755A"}