{"corpusName":"sage","keywords":{"teeft":["thad","first melody","music classes","music class","domain project","limerick","music notation","musical knowledge","simple instruments","links concepts","compositional process","musical concepts","creative work","kindof hardto","bell sets","best work","aesthetic education"]},"author":[{"name":"Lyle Davidson","affiliations":["Lecturer in education at Harvard University's Graduate School of Education and Chairman of the Undergraduate Theory Department at the New England Conservatory of Music"]}],"articleId":["10.2307_3401078"],"arkIstex":"ark:/67375/M70-NXB9V3RV-S","language":["eng"],"originalGenre":["research-article"],"abstract":"Encouraging creativity among students is a matter of providing an environment in which students have responsibility for their own learning. Lyle Davidson, lecturer in education at Harvard University's Graduate School of Education and chairman of the Undergraduate Theory Department at the New England Conservatory of Music, reviews the conditions needed for such learning.","qualityIndicators":{"score":5.871,"pdfWordCount":3235,"pdfCharCount":21154,"pdfVersion":1.6,"pdfPageCount":5,"pdfPageSize":"594 x 861 pts","refBibsNative":false,"abstractWordCount":53,"abstractCharCount":372,"keywordCount":0},"title":"Tools and Environments for Musical Creativity","genre":["research-article"],"host":{"title":"Music Educators Journal","language":["unknown"],"issn":["0027-4321"],"eissn":["1945-0087"],"publisherId":["MEJ"],"volume":"76","issue":"9","pages":{"first":"47","last":"51"},"genre":["journal"]},"namedEntities":{"unitex":{"date":["1988","1990"],"geogName":[],"orgName":["American Dream"],"orgName_funder":[],"orgName_provider":[],"persName":["Lyle Davidson","Van Dyne","Larry Scripp","Burt Bacharach","Joan Meyaard","Ludwig van Beethoven","Sebastian Bach","Patricia Welsh","Gibson","Green"],"placeName":["Pittsburgh","Boston"],"ref_url":[],"ref_bibl":["April 1989","Spring 1988","Spring1988"],"bibl":[]}},"ark":["ark:/67375/M70-NXB9V3RV-S"],"categories":{"inist":["1 - sciences humaines et sociales","2 - art et archeologie"]},"publicationDate":"1990","copyrightDate":"1990","enrichments":{"type":["nb","refBibs","teeft","unitex"]},"doi":["10.2307/3401078"],"_id":"A21215423389FF4565AF05F04BEBA5B47096FD2D"}