{"corpusName":"oup","keywords":{"teeft":["sinfonia","modem","grand sinfonia","modern performance","philharmonic society","total time","ninth symphony","slow movement","average modern timing","modern timing","whole work","modern conductor","mozart","first part","sixth symphony","performance speed","whole movement","modem one","timing","haydn","instrumental part","musical world","case timing","first movement","early nineteenth century","london subscription concert","cipriani potter","modern recording","other work","vocal piece","nineteenth century","orchestral work","part first","movement slower","modern time","consistent tendency","modern one","whole smart","third concert","separate movement","symphony haydn","less clear","slow tempo","long interval","short one","london orchestra","british museum","tempo","beethoven"]},"author":[{"name":"NICHOLAS TEMPERLEY"}],"articleId":["47.4.323"],"arkIstex":"ark:/67375/HXZ-LKKFMBNF-B","language":["eng"],"originalGenre":["research-article"],"qualityIndicators":{"score":4.972,"pdfWordCount":4922,"pdfCharCount":28263,"pdfVersion":1.3,"pdfPageCount":16,"pdfPageSize":"414 x 681 pts","pdfWordsPerPage":308,"pdfText":true,"refBibsNative":false,"abstractWordCount":0,"abstractCharCount":0,"keywordCount":0},"title":"TEMPO AND REPEATS IN THE EARLY NINETEENTH CENTURY","refBibs":[{"host":{"author":[{"name":"Grand February: Haydn"},{"name":" Sinfonia"}],"pages":{"first":"22"}}},{"host":{"author":[{"name":"Grand Beethoven"},{"name":"D Sinfonia In"}],"pages":{"first":"34"}}},{"title":"British Museum, C.6i.h.2. Reproduced by courtesy of the Trustees of the British Museum.) Grand Sinfonia","author":[{"name":"Grand Ries"},{"name":" Sinfonia"}],"host":{"title":"Eflat 21 M[inutes] (From the Smart collection of programmes","author":[]}},{"title":"Pria che spunti","author":[{"name":" Aria"},{"name":"Begrez Signor"}],"host":{"title":"Cimani.ia","author":[]}},{"title":"Gema quL-oc'aliiiaGlee, Mrs. DICKOXS, Messrs. TERRAIL, HAWK-;, «r:d Mri.i.is'Ex Oh, Nanny, wilt thougang with me","author":[{"name":"( Scena"},{"name":" Ms"},{"name":"G Madame"},{"name":" Bellochi"}],"host":{"title":"Madame GEORCU BELI.OCHI MV\\ Sigr.or AMitnocETTi","author":[]}},{"host":{"title":"Ahpailate!\" Finale to t!ic Fir^t Act of Figaro rARTSECOXD Sintcnia in D ^jXS../9lif. Beethoven. fa avatina, ^ladanic dtoiu.i BKLI.OCHI, \" Di piacer","author":[{"name":" Sc-Na"},{"name":" Mrs"}]}}],"genre":["research-article"],"host":{"title":"Music and Letters","language":["unknown"],"issn":["0027-4224"],"eissn":["1477-4631"],"publisherId":["musicj"],"volume":"47","issue":"4","pages":{"first":"323","last":"336"},"genre":["journal"],"subject":[{"value":"Articles"}]},"namedEntities":{"unitex":{"date":["1600","eighteenth century","1825","1837","in the nineteenth century","nineteenth century","NINETEENTH CENTURY","1845","1841","1835","1794"],"geogName":[],"orgName":["University of Michigan","Cambridge University"],"orgName_funder":[],"orgName_provider":[],"persName":["La Clemenza","Aronowsky","S. Aronowsky","T.Muore","C. Smith","Thomas Cooke","Leonard J. Savage","Ltd","Singers","Rodney Dale","Don Giovanni","C. L. E. Cox","SyiARP","Long Docs","Men","Charles Cudworth","Bertram Cox"],"placeName":["Berkshire","Edinburgh","Soho","London","Manchester","Dublin","York","Cambridge"],"ref_url":[],"ref_bibl":["New York, 1894","London, 1907","London, 1929","Cambridge, 1948","London, 1959"],"bibl":[]}},"ark":["ark:/67375/HXZ-LKKFMBNF-B"],"categories":{"wos":[],"scienceMetrix":["1 - arts & humanities","2 - visual & performing arts","3 - music"],"scopus":["1 - Social Sciences","2 - Arts and Humanities","3 - Music"]},"publicationDate":"1966","copyrightDate":"1966","enrichments":{"type":["multicat","refBibs","teeft","unitex"]},"doi":["10.1093/ml/47.4.323"],"_id":"F65111722521EC934F0746306204E5D73C0DB1D6"}