{"corpusName":"oup","keywords":{"teeft":["first performance","good temper","first time","ninth symphony"]},"author":[{"name":"A. H. F. S."}],"articleId":["XV.1.1"],"arkIstex":"ark:/67375/HXZ-BWQFGKTT-3","language":["eng"],"originalGenre":["research-article"],"qualityIndicators":{"refBibsNative":false,"abstractWordCount":0,"abstractCharCount":0,"keywordCount":0,"score":2.464,"pdfWordCount":2414,"pdfCharCount":11386,"pdfVersion":1.2,"pdfPageCount":6,"pdfPageSize":"460 x 704 pts","pdfWordsPerPage":402,"pdfText":true},"title":"SIX NEW LETTERS OF BEETHOVEN","genre":["research-article"],"host":{"title":"Music and Letters","language":["unknown"],"issn":["0027-4224"],"eissn":["1477-4631"],"publisherId":["musicj"],"volume":"XV","issue":"1","pages":{"first":"1","last":"6"},"genre":["journal"],"subject":[{"value":"Articles"}]},"namedEntities":{"unitex":{"date":["1934","25/9/26","1795","1825","21/11/14","1811","23/5/14"],"geogName":[],"orgName":[],"orgName_funder":[],"orgName_provider":[],"persName":["Joseph Ludwig","German Beethoven","Ludwig van Beethowen","Franz Oliva","Otto Erich","Spicker","Anton Diabelli","Don Giovanni","F. Treitschke","Tobias Hasslinger","Ludwig van Beethoven","Maximilian Stoll","Friedrich Treitschke"],"placeName":["Leipzig","Munich","Austria","Roman","Vienna","Hungary","Mainz"],"ref_url":[],"ref_bibl":["May, 1938"],"bibl":[]}},"ark":["ark:/67375/HXZ-BWQFGKTT-3"],"categories":{"wos":[],"scienceMetrix":["1 - arts & humanities","2 - visual & performing arts","3 - music"],"scopus":["1 - Social Sciences","2 - Arts and Humanities","3 - Music"]},"publicationDate":"1934","copyrightDate":"1934","enrichments":{"type":["multicat","refBibs","teeft","unitex"]},"doi":["10.1093/ml/XV.1.1"],"_id":"15727464B39C104C49ACFEAC3A59FD87B4F220E6"}