{"corpusName":"oup","author":[{"name":"DONALD W. MACARDLE"}],"articleId":["XLVI.1.23"],"arkIstex":"ark:/67375/HXZ-DCGKDVK1-K","language":["eng"],"originalGenre":["research-article"],"qualityIndicators":{"score":5.05,"pdfWordCount":5630,"pdfCharCount":28940,"pdfVersion":1.3,"pdfPageCount":12,"pdfPageSize":"422 x 685 pts","pdfWordsPerPage":469,"pdfText":true,"refBibsNative":false,"abstractWordCount":0,"abstractCharCount":0,"keywordCount":0},"title":"BEETHOVEN AND FERDINAND RIES","refBibs":[{"host":{"title":"The Life of Ludwig van Beethoven","author":[{"name":"A,W Thayer"}],"pages":{"first":"312"}}},{"host":{"title":"Dictionary of Music and Musicians","author":[{"name":"Grove "}]}},{"author":[{"name":"Emily Anderson"}],"host":{"title":"The Letters of Beethoven', No. 51","author":[]}},{"host":{"title":"Geschichte des Concertwesens in Wien","author":[{"name":"E Hanslick"}],"pages":{"first":"211"}}},{"host":{"publicationDate":"1957","author":[{"name":"W Hess"}],"pages":{"first":"90"}}}],"genre":["research-article"],"host":{"title":"Music and Letters","language":["unknown"],"issn":["0027-4224"],"eissn":["1477-4631"],"publisherId":["musicj"],"volume":"XLVI","issue":"1","pages":{"first":"23","last":"34"},"genre":["journal"],"subject":[{"value":"Articles"}]},"namedEntities":{"unitex":{"date":["1813","1802","1818","1820","1825","1814","1803","1821","1837","1826","1815","1804","1965","1822","1809","1838","1800","1816","1805","1823","November or December 1815","1830","1817","1803 or 1804","1806","1794","March or April 1823","16"],"geogName":[],"orgName":[],"orgName_funder":[],"orgName_provider":[],"persName":["Harriet Mangeon","Peter von Winter","Simrock","Karl","J. S. Shedlock","Max Unger","Kirchhofer","Quintet","Two","Emily Anderson","Stephan von Breuning","A. W. Thayer","Friedrich Stein","Johann Beethoven","In","Donald W. MacArdle","The","Ries","Antonie von Brentano","Beethoven","A. C. Kalischer","W. Hess","Johann","Ludwig van Beethoven","Schindler","Lichnowsky","Thayer","E. Hanslick","G. Schunemann"],"placeName":["Leipzig","Coblenz","Paris","Munich","Bonn","London","Cologne","Diisseldorf","Vienna","Wuppertal","Aachen","Frankfurt","St. Petersburg","Stockholm","Russia","Silesia","England","Heiligenstadt"],"ref_url":[],"ref_bibl":["September 1825","February 1819","March 1823","February and September 1819","June 1823"],"bibl":[]}},"ark":["ark:/67375/HXZ-DCGKDVK1-K"],"categories":{"wos":[],"scienceMetrix":["1 - arts & humanities","2 - visual & performing arts","3 - music"],"scopus":["1 - Social Sciences","2 - Arts and Humanities","3 - Music"]},"publicationDate":"1965","copyrightDate":"1965","enrichments":{"type":["multicat","refBibs","unitex"]},"doi":["10.1093/ml/XLVI.1.23"],"_id":"3E3EEF9D47AEF2FC0ACF215C6E9164B8AF12FCC8"}