{"corpusName":"oup","keywords":{"teeft":["capriccio","rondo","nottebohm","noble manuscript","diabelli","leipzig","musical quarterly","first symphony","first movement","noble sketch","simple rondo","development section","initial motive","nottebohm sketch","czerny","last page","unfinished symphony","rondo capriccio","other hand","second theme","main motive","front page","string quartet","late period","early work","beethoven scholar","rondo finale","autograph","beethoven","manuscript","current edition","best concerto","musical text","capo sign","whole movement","facsimile reproduction","concert tour","sketch form","same page","facsimile page","more exact","major piano","last return","musical time","leichte kaprice","anonymous editor","carl czerny","original title","major trio","zweite beethoveniana","minor episode","figurated variation","special treatment","bravura passage","first version","second part","alternate version","older version","first page","unfinished","sketch"]},"author":[{"name":"ERICH HERTZMANN"}],"articleId":["XXXII.2.171"],"arkIstex":"ark:/67375/HXZ-SQMZDKV5-W","language":["eng"],"originalGenre":["research-article"],"qualityIndicators":{"score":5.05,"pdfWordCount":6973,"pdfCharCount":38037,"pdfVersion":1.3,"pdfPageCount":27,"pdfPageSize":"455 x 663 pts","pdfWordsPerPage":258,"pdfText":true,"refBibsNative":false,"abstractWordCount":0,"abstractCharCount":0,"keywordCount":0},"title":"THE NEWLY DISCOVERED AUTOGRAPH OF BEETHOVEN'S RONDO A CAPRICCIO, OP. 1291","refBibs":[{"host":{"author":[{"name":" Thayer-Riemann"}],"pages":{"first":"240"}}},{"host":{"author":[{"name":"Op Thayer-Riemann"}],"pages":{"first":"26"}}},{"host":{"title":"Quoted in Kent, op. dt, 1,232. Beethoven's Rondo <i Capricdo 195 always had an immediate appeal as an effective, entertaining, and not too difficult show piece; It will undoubtedly continue to appear on programs—in a form, I hope, more faithful to the intentions of the composer","author":[]}}],"genre":["research-article"],"host":{"title":"The Musical Quarterly","language":["unknown"],"issn":["0027-4631"],"eissn":["1741-8399"],"publisherId":["musqtl"],"volume":"XXXII","issue":"2","pages":{"first":"171","last":"195"},"genre":["journal"],"subject":[{"value":"Articles"}]},"namedEntities":{"unitex":{"date":["1799","1794 or 1795","1795","1946","1789","1872","18th century","1929","1796","1826","1804","1792","1800","1840","1823","the 19th century","1798","1828","1817","1794","1945"],"geogName":[],"orgName":[],"orgName_funder":[],"orgName_provider":[],"persName":["Eugene Allen","Wilhelm von Lenz","Capriccio","Ervin Major","J. S. Shedlock","A. Noble","C. A. Spina","Max Unger","Ludwig Schiedermair","B. Zweite","Dittersdorf","Alfred Kalucher","Haydn","Albrecht","Anton Diabelli","An Laura","Joseph Haydn","Bernhard Marx","Trio","Gustav Nottebohm","Rudolf von Tobel","Friedrich Kent","Carl Pieper","Beethoven","Friedrich von Matthison","Hans von Biilow","Theodor von Frimmel","Wilhelm Heyer","Noble","Concerto","To","York Chapter","Ludwig van Beethovent","Court Councillor","Carl Czerny","Hummel","Lichnowsky","G. ProdTiomme","Eugene","Theodor Veidl","Pleyel","C.P.E. Bach","L. van Beethoven"],"placeName":["Leipzig","Munich","Bonn","Bratislava","Stuttgart","Prague","Vienna","Winterthur","St. Petersburg","Copenhagen","Hungary"],"ref_url":[],"ref_bibl":["[56]","[204]","Berlin and Leipzig, 1906","[126]","[8]","[104]","[ 125]","Leipzig and Winterthur, 1872","[80]","Vienna (1792)","[367]","Bern and Leipzig, 1938, p. 128","[307]","[251]","Musikalischc Analyse, Cologne, 1925, p. 157"],"bibl":[]}},"ark":["ark:/67375/HXZ-SQMZDKV5-W"],"categories":{"wos":[],"scienceMetrix":["1 - arts & humanities","2 - visual & performing arts","3 - music"],"scopus":["1 - Social Sciences","2 - Arts and Humanities","3 - Music"]},"publicationDate":"1946","copyrightDate":"1946","enrichments":{"type":["multicat","refBibs","teeft","unitex"]},"doi":["10.1093/mq/XXXII.2.171"],"_id":"4E610C6D2EF7C4FF1CAC7449A73CDFEF1B113C09"}