{"corpusName":"oup","keywords":{"teeft":["berwald","stockholm","stenhammar","first movement","string quartet","second movement","short phrase","musical personality","chamber music","choral work","wilhelm stenhammar","allegro molto","bengt overstrom","gunnar hallhagen","unaccompanied violin","third movement","last movement","bengt ericson","swedish press","stockholm conservatory","late beethoven","sverige radio relp","tempo simultaneity","development section","third theme","first swedish composer","entire movement","choral"]},"author":[{"name":"DOUGLAS TOWNSEND"}],"articleId":["L.1.124"],"arkIstex":"ark:/67375/HXZ-RP2S2X5T-0","language":["eng"],"originalGenre":["book-review"],"qualityIndicators":{"score":2.829,"pdfWordCount":2779,"pdfCharCount":15524,"pdfVersion":1.3,"pdfPageCount":7,"pdfPageSize":"440 x 671 pts","pdfWordsPerPage":397,"pdfText":true,"refBibsNative":false,"abstractWordCount":0,"abstractCharCount":0,"keywordCount":0},"title":"REVIEWS OF RECORDS","genre":["book-reviews"],"host":{"title":"The Musical Quarterly","language":["unknown"],"issn":["0027-4631"],"eissn":["1741-8399"],"publisherId":["musqtl"],"volume":"L","issue":"1","pages":{"first":"124","last":"130"},"genre":["journal"],"subject":[{"value":"REVIEWS OF RECORDS"}]},"namedEntities":{"unitex":{"date":["1829","1818","1920s","1964","1740","1866","1734","1739","1849","1735","1729","1892","1841","1806","1916","1835"],"geogName":[],"orgName":["University of Goteborg","Italy, France, and England"],"orgName_funder":[],"orgName_provider":[],"persName":["Janice Harsanyi","A. B. Delia","Benedetto Marcello","Hilda Waldeland","Alessandro Scarlatti","Bernardo Pasquini","The","Robert Layton","Charles Ives","Manuel Salsamendi","Philadelphia String","Franz Betwald","Berwald","Lars Fryd","Franz Berwald","Eva Vicens","Domenico Zipoli","Wilhelm Stenhammar"],"placeName":["Vienna","Montevideo","Stockholm","Uruguay"],"ref_url":[],"ref_bibl":["Stuttgart, 1899","Stockholm, 1898"],"bibl":[]}},"ark":["ark:/67375/HXZ-RP2S2X5T-0"],"categories":{"wos":[],"scienceMetrix":["1 - arts & humanities","2 - visual & performing arts","3 - music"],"scopus":["1 - Social Sciences","2 - Arts and Humanities","3 - Music"]},"publicationDate":"1964","copyrightDate":"1964","enrichments":{"type":["multicat","refBibs","teeft","unitex"]},"doi":["10.1093/mq/L.1.124"],"_id":"82A58B64A31383B87B9387C4F26769CB2A03D031"}