{"corpusName":"wiley","keywords":{"teeft":["ives","charles ives","blackwell publisher","music analysis","concord sonata","reinventing","reinventing ives","ives study","george ives","lambert","compositional","feder","tonality","geoffrey","yale university press","philip lambert","gilmore","tone road","musical language","memo","programme music","universe symphony","american musicological society","cambridge university press","geoffrey block","choral work","european music","ives legend","violin sonata","ives literature","maynard solomon","first part","piano sonata","same time","solomon","blackwell","sonata","thoreau","compositional history","young ives","full orchestra score","psalm setting","work such","string quartet","compositional imagination","vivian perlis","music manuscript","major work","musical split personality","european tradition","coherent whole","other example","second part","twentieth century","european contemporary","european composer","ives scholarship","fourth symphony","celestial railroad","manifold source","last movement","first version","such speculation","editorial work","important point","first generation","paper type","ives scholar","great many","european counterpart","heart attack","book charles ives","whole sonata","first publication","beethoven fifth symphony motif","final chapter","john kirkpatrick","yale university","systematic music","chromatic scale","combination cycle","transposition cycle","william brook","charles music","oxford university press","european past","york time","david nicholls","many year"]},"author":[{"name":"Bob Gilmore","affiliations":["University of Newcastle"]}],"articleId":["MUSA110"],"arkIstex":"ark:/67375/WNG-91531N1Z-B","language":["eng"],"originalGenre":["article"],"qualityIndicators":{"score":7.012,"pdfWordCount":10455,"pdfCharCount":60061,"pdfVersion":1.3,"pdfPageCount":23,"pdfPageSize":"482 x 694 pts","pdfWordsPerPage":455,"pdfText":true,"refBibsNative":false,"abstractWordCount":1,"abstractCharCount":0,"keywordCount":0},"title":"Reinventing Ives","genre":["article"],"host":{"title":"Music Analysis","language":["unknown"],"doi":["10.1111/(ISSN)1468-2249"],"issn":["0262-5245"],"eissn":["1468-2249"],"publisherId":["MUSA"],"volume":"19","issue":"1","pages":{"first":"101","last":"123","total":"23"},"genre":["journal"]},"namedEntities":{"unitex":{"date":["1974","2000","1912","1990s","the twentieth century","1894","the Twentieth Century","1929","1960s","1918","1920","1907","1947","1987","1914","1954","1919","1908","1915","1955","1904","1922","1909","1985","1915 or 1919"],"geogName":[],"orgName":["American Music","American Music Newsletter","ß Blackwell Publishers Ltd.","Blackwell Publishers Ltd.","Institute for Studies","Oxford University","American Musicological Society","Yale University"],"orgName_funder":[],"orgName_provider":[],"persName":["Vivian Perlis","Ruth Solie","Donal Henahan","Morgan","Wolfgang Rathert","Fredric Lieberman","Geoffrey Block","Thoreau","Henry Cowell","E. Miller","Igor Stravinsky","R. Murray","Charles Edward","Lou Harrison","Henry David","Carol Baron","William Brooks","Horatio Parker","History","Jan Swafford","Judith Tick","Max Smith","Sidney Robertson","My Father","George Ives","Olin Downes","Robert Craft","Robert Morgan","H. Wiley","An Overview","Solomon","James Sinclair","Memos","David Lewin","Ives","Journal","Scarlet Letter","Emerson Overture","Robert Morris","Elliott Carter","Lambert","Larry Austin","Lawrence Gilman","J. Peter","Gender","Stephen Foster","Stuart Feder","Philip Lambert","John Kirkpatrick","David Nicholls","Robert D. Morris"],"placeName":["NewYork","America","York","Cambridge","Veracity"],"ref_url":[],"ref_bibl":["New Haven: Yale University Press, 1992","New York: Norton, 1970","New Haven: Yale University Press, 1997","Moto Et Al","Cambridge: Cambridge University Press, 1998","September 1911","New Haven: Yale University Press, 1974","New Haven: Yale University Press, 1985","New Haven: Yale University Press, 1996","Berkeley: University of California Press, 1993","Princeton: Princeton University Press, 1996","Cambridge: Cambridge University Press, 1997","New York: Norton, 1996","Cambridge: Cambridge University Press, 1996","American Experimental Music, 1890","New Haven, 1960","Cambridge: Cambridge University Press, 1990","New York: Norton, 1972","Yale University, 1995","Oxford: Oxford University Press, 1998","London: Faber and Faber, 1968","New Haven: Yale University Press, 1987"],"bibl":[]}},"ark":["ark:/67375/WNG-91531N1Z-B"],"categories":{"wos":[],"scienceMetrix":["1 - arts & humanities","2 - visual & performing arts","3 - music"],"scopus":["1 - Social Sciences","2 - Arts and Humanities","3 - Music"]},"publicationDate":"2000","copyrightDate":"2000","enrichments":{"type":["multicat","refBibs","teeft","unitex"]},"doi":["10.1111/1468-2249.00110"],"_id":"61C110CBCE7A233AD7C30D46E4E78C4294C82FF2"}