{"corpusName":"sage","keywords":{"teeft":["pulver","music supervisors journal","parker school","volkwein brothers","onebook author","various composers","bekker attacks","musical form","last chapters","remarkable chapters","flattering offer","german radio corporation","carnegie institute","name pulver","pulver traces brahms","family tree","whole life","chapters contemporaries","artistic characteristics","pianist teacher","opus number","contemporary compositions","other composers","landon ronald","series title","carl fischer","fine arts","little volume","vocal instruction","beethoven literature","head voice","human angle","choral works","irrelevant facts","mere figures","eventful life","small exception","other fact","personal opinion","school teachers","artistic manner","corps samuel","musical matters","real understanding","uneventful life","heap superlatives","free booklet","pages itled","school department today","last year","school dept","lincoln street","foremost makers","rhythmical instruments","philip allan","small book","musical items","real honesty","edward dutton","poignant criticism aind","long time","creative effort","creativc lexpression","musical world","special issue","progressive education","quarterly review","creative spirit","emotional reactions","formal grade","routine study","public schools","work premier series","choral societies choirs","year book press series","church music","instrumental music","music supervisors","press book","museum street","progressive education association","psychological tests","musical talent","eastman school","seashore talent tests","musical guidance","sensory test","seashore test","beethoven clentenlial syiiiposilum","musicians club","studio teachers","splendid biography","music store","worthwhile articles","liberty avenue","artistic singingmax schoen","experimental study","technical study","ludwig ludwig"]},"author":[{"name":"William B. Downing"}],"articleId":["10.2307_3382458"],"arkIstex":"ark:/67375/M70-GNM44NT3-R","language":["eng"],"originalGenre":["review-article"],"qualityIndicators":{"score":3.41,"pdfWordCount":1398,"pdfCharCount":8074,"pdfVersion":1.4,"pdfPageCount":2,"pdfPageSize":"486 x 701.88 pts","refBibsNative":false,"abstractWordCount":1,"abstractCharCount":0,"keywordCount":0},"title":"Vocal Pedagogy","genre":["review-article"],"host":{"title":"Music Supervisors' Journal","language":["unknown"],"issn":["1559-2472"],"eissn":["1945-0087"],"publisherId":["MEJ"],"volume":"14","issue":"1","pages":{"first":"87","last":"87"},"genre":["journal"]},"namedEntities":{"unitex":{"date":["31","1927"],"geogName":[],"orgName":["Carnegie Institute of Technology, Pittsburgh, Pa","University of Kansas","University of Iowa","School Drum Corps SAMUEL G"],"orgName_funder":[],"orgName_provider":[],"persName":["V. Parker","Andre de Hevesy","Johannes Brahms-Jeffrey","Landon Ronald","M. Stanton","Ave Maria","Stanton","Bekker","Liberty Avenue","Schoen","Carl Fischer","You Can","Pulver","Parker School"],"placeName":["Pittsburgh"],"ref_url":[],"ref_bibl":[],"bibl":[]}},"ark":["ark:/67375/M70-GNM44NT3-R"],"publicationDate":"1927","copyrightDate":"1927","enrichments":{"type":["refBibs","teeft","unitex"]},"doi":["10.2307/3382458"],"_id":"696425FF63D6EF5723C82E0509BD748F92D3B47B"}