{"corpusName":"oup","keywords":{"teeft":["liszt","weimar","dresden","musical germany","july","musical quarterly","cesar franck","franck","josie bates","first violin","horn player","natural horn","percussion instrument","valve horn","young musician","stabat mater","symphonic poem","young pupil","programme music","schola cantorum","claude debussy","little trombone","several occasion","eduard lassen","young french colleague","middle age","young frenchman","great artist","detestable ballet","german trip","musical life","german music","first performance","pasdeloup concert","dress rehearsal","orchestral performance","small orchestra","weber","valve","rehearsal"]},"author":[{"name":"LEON VALLAS"}],"articleId":["XXV.2.176"],"arkIstex":"ark:/67375/HXZ-HH0HMNB5-Q","language":["eng"],"originalGenre":["research-article"],"qualityIndicators":{"score":5.05,"pdfWordCount":7381,"pdfCharCount":39595,"pdfVersion":1.2,"pdfPageCount":19,"pdfPageSize":"618 x 798 pts","pdfWordsPerPage":388,"pdfText":true,"refBibsNative":false,"abstractWordCount":0,"abstractCharCount":0,"keywordCount":0},"title":"THE DISCOVERY OF MUSICAL GERMANY BY VINCENT D'INDY IN 1873","genre":["research-article"],"host":{"title":"The Musical Quarterly","language":["unknown"],"issn":["0027-4631"],"eissn":["1741-8399"],"publisherId":["musqtl"],"volume":"XXV","issue":"2","pages":{"first":"176","last":"194"},"genre":["journal"],"subject":[{"value":"Articles"}]},"namedEntities":{"unitex":{"date":["1842","1939","1930","1832","1861","1873","1878","the fifteenth century","1905"],"geogName":["Lake Starnberg"],"orgName":["American John Orth"],"orgName_funder":[],"orgName_provider":[],"persName":["William Tell","Heinrich Vogl","Franz Liszt","Liszt","Hartel","Anton Urspruch","German Arthur","Hermann Levi","Reuther","Franz Anton","John Orth","Julius Rietz","Richard Wagner","Paris Conservatory","Richard Metzdorff","Louise Courtois","Dalila Liszt","Berthold Kellermann","Marianne","Don Giovanni","The","Cesar Franck","La Redemption","Johannes Brahms","Beethoven","Eduard Lassen","Pichler","German Requiem","Egmont Overture","Josie Bates","Walter von Stoking","Adolphe JuIIien","Sebastian Bach","Camille Saint-Saens","Claude Debussy","Amy Fay","Indy","Henri Cochin","B. Sourdillon","Merry Wives"],"placeName":["Leipzig","Paris","Marburg","NUREMBERG","Germany","MUNICH","Dresden","Munich","Austria-Hungary","Windsor","Eisenach","Austria","American","Prague","Versailles","BAYREUTH","VIENNA","Bayreuth","Brussels","Vienna","Chicago","WEIMAR","France","Weimar","SALZBURG","Salzburg"],"ref_url":[],"ref_bibl":["June 1873","December 1905","July 1873"],"bibl":[]}},"ark":["ark:/67375/HXZ-HH0HMNB5-Q"],"categories":{"wos":[],"scienceMetrix":["1 - arts & humanities","2 - visual & performing arts","3 - music"],"scopus":["1 - Social Sciences","2 - Arts and Humanities","3 - Music"]},"publicationDate":"1939","copyrightDate":"1939","enrichments":{"type":["multicat","refBibs","teeft","unitex"]},"doi":["10.1093/mq/XXV.2.176"],"_id":"EDA1842F56D87B0D9C1D50D73C1D536208910552"}