{"corpusName":"oup","keywords":{"teeft":["palestrina","polyphony","westminster retrospect","holy week","westminster cathedral","early music","english music","musical time","terry","euge bone","daily telegraph","english cathedral","british museum","varley robert","catholic church music","choral","eton choirbook","westminster cathedral choir archive","tudor church music","choral scholar","richard terry","barclay squire","henry phillips","musical history","beethoven symphony","motu proprio","vaughan williams","philip heseltine","expression mark","library edition","catholic church","other essay","british library","practical method","training chorister","tone quality","church music","alto choral scholar","cathedral","choir"]},"author":[{"name":"Timothy Day","affiliations":["Timothy Day is a music curator in the sound archive of the British Library"]}],"articleId":["XXII.2.296"],"arkIstex":"ark:/67375/HXZ-TMH93X2Z-R","language":["eng"],"originalGenre":["other"],"qualityIndicators":{"score":5.05,"pdfWordCount":5522,"pdfCharCount":31032,"pdfVersion":1.3,"pdfPageCount":13,"pdfPageSize":"524.639 x 688.559 pts","pdfWordsPerPage":425,"pdfText":true,"refBibsNative":false,"abstractWordCount":0,"abstractCharCount":0,"keywordCount":0},"title":"Sir Richard Terry and 16th-Century polyphony","refBibs":[{"host":{"title":"On an early sixteenth-century ms. of English music in the library of Eton College', Archaeologia , Ivi","publicationDate":"1898","author":[{"name":"W "},{"name":"Barclay Squire"}],"pages":{"first":"102"}}},{"author":[{"name":"E Walker"}],"publicationDate":"1907","host":{"title":"A history of music in England","publicationDate":"1907","author":[],"pages":{"first":"27"}}},{"host":{"title":"A history of music in England","author":[{"name":" Walker"}],"pages":{"first":"39"}}},{"host":{"title":"The singing church","publicationDate":"1945","author":[{"name":"C "},{"name":"Henry Phillips"}],"pages":{"first":"73"}}},{"host":{"title":"Canned music', Voodooism in music","publicationDate":"1934","author":[{"name":"R,R Terry"}]}},{"host":{"title":"The heritage of music","publicationDate":"1927","author":[{"name":"R,R Terry"},{"name":"Giovanni Pierluigi Da Palestrina"}],"pages":{"first":"1"}}},{"host":{"title":"The divorce of music and letters', On music's borders","publicationDate":"1927","author":[{"name":"R,R Terry"}]}},{"host":{"title":"The divorce of music and letters', p.178. 19 Dictionary of national biography","author":[{"name":"Terry "}]}},{"host":{"author":[{"name":"Westminster Andrews"},{"name":" Retrospect"}]}},{"host":{"title":"Letter in Daily telegraph","publicationDate":"1934-03","author":[]}},{"host":{"title":"Music-hall songs', On music's borders","author":[{"name":"Terry "}],"pages":{"first":"170"}}},{"host":{"title":"Art or entertainment', Voodooism in music","author":[{"name":"Terry "}],"pages":{"first":"27"}}},{"author":[{"name":"R "},{"name":"Vaughan Williams"}],"publicationDate":"1987","host":{"title":"The letter and the spirit', National music and other essays","publicationDate":"1987","author":[],"pages":{"first":"124"}}},{"host":{"author":[{"name":" Terry"},{"name":" Smyth"},{"name":" The Roman"},{"name":" Mass"}],"pages":{"first":"58"}}},{"host":{"publicationDate":"1934","author":[{"name":"C Terry In"},{"name":"Peter Gray"},{"name":" Warlock"}],"pages":{"first":"271"}}},{"host":{"title":"Memoirs of an amateur musician","publicationDate":"1946","author":[{"name":"E,H Fellowes"}],"pages":{"first":"82"}}},{"host":{"title":"Why is church music so bad?', A forgotten psalter and other essays","publicationDate":"1929","author":[{"name":"R,R Terry"}],"pages":{"first":"105"}}},{"host":{"author":[{"name":"Westminster Andrews"},{"name":" Retrospect"}],"pages":{"first":"39"}}},{"host":{"title":"The only published commercial recording of the choir of King's College under Mann's direction was issued posthumously in 1931 and contains unaccompanied four-part versions of two songs from Schemelli's Gesangbuch: HMV 63707","author":[{"name":"Westminster Andrews"},{"name":" Retrospect"}],"pages":{"first":"10","last":"11"}}},{"host":{"author":[{"name":"Terry "}],"pages":{"first":"105"}}},{"host":{"title":"A glimpse of the style on which Grace is commenting may perhaps be had from a recording of the Cappella Sistina singing Palestrina's Sicut cervus made in","publicationDate":"1922-06","author":[{"name":"H Grace"}],"pages":{"first":"419"}}},{"author":[],"host":{"title":"Musical times, xli (]goo)","author":[],"pages":{"first":"4","last":"4"}}},{"host":{"title":"Catholic church music","author":[{"name":"Terry "}],"pages":{"first":"99"}}},{"host":{"title":"A treatise on a practical method of training choristers","publicationDate":"1898","author":[{"name":"J Varley Roberts"}],"pages":{"first":"4"}}},{"host":{"author":[{"name":"A Varley Roberts"}],"pages":{"first":"5"}}},{"host":{"author":[{"name":"Westrninster Andrews"},{"name":" Retrospect"}],"pages":{"first":"66"}}},{"host":{"publicationDate":"1952","author":[{"name":"G Sir"},{"name":" Dyson"}],"pages":{"first":"492"}}},{"host":{"title":"The essential fitness of the old music', Catholic church music","author":[{"name":"Terry "}],"pages":{"first":"47"}}},{"author":[{"name":"W,H Auden"}],"publicationDate":"197317","host":{"title":"Forewords and afterwords","publicationDate":"197317","author":[],"pages":{"first":"393"}}},{"host":{"title":"disc; reissue of single-sided discs 04806 and 04807","author":[{"name":" Auden"},{"name":" Walter De La"},{"name":" Mare"}],"pages":{"first":"394","last":"42"}}},{"host":{"title":"80 r.p.m. discs; reissue of single-sided discs 04781,04783 and 04784","publicationDate":"1909-03","author":[],"pages":{"first":"44","last":"1"}}},{"author":[{"name":"G Malcolm"}],"publicationDate":"1962","host":{"title":"Fifteenth Aldeburgh Festival programmebook","publicationDate":"1962","author":[],"pages":{"first":"15"}}},{"host":{"author":[{"name":" Malcolm"},{"name":" Boys"}],"pages":{"first":"16"}}},{"host":{"title":"As, for example, in a performance of Gibbons's Hosanna to the Son of David; Columbia 4211 (lo\" 80 r","publicationDate":"1927","author":[]}},{"host":{"author":[{"name":"Memoirs Fellowes"}],"pages":{"first":"94"}}},{"host":{"title":"A question of idiom', On music's borders","author":[{"name":"Terry "}],"pages":{"first":"188"}}},{"host":{"title":"The obsession of the hymntune' , On musk's borders","author":[{"name":"Terry "}],"pages":{"first":"202"}}},{"host":{"title":"Musical changes I have seen in twenty-three years', [London] Evening news","publicationDate":"1924-03-19","author":[{"name":"R,R Terry"},{"name":"E,A R L Y M U S I C Advertisers"},{"name":"E,A R L Y M U S I C M A Y For"}]}}],"genre":["other"],"host":{"title":"Early Music","language":["unknown"],"issn":["0306-1078"],"eissn":["1741-7260"],"publisherId":["earlyj"],"volume":"XXII","issue":"2","pages":{"first":"296","last":"308"},"genre":["journal"],"subject":[{"value":"PERFORMING MATTERS"}]},"namedEntities":{"unitex":{"date":["1934","1893","1923","1952","1840s","1898","1575","1928","in the 20th century","1917","10s","the 16th century","1880s","1920s","1924","the 18th century","1913","1902","1931","1850","1907","1895","the 20th century","in the 18th and 19th centuries","1925","1890s","1930s","the 15th and 16th centuries","1994","1550","1903","1891","1921","1910","1896","1589","1591","the 19th century","1922","19th century","1911","1900","1886","1870s"],"geogName":[],"orgName":["Vatican and the Sistine Chapel","Oxford University"],"orgName_funder":[],"orgName_provider":[],"persName":["Henry Davey","H. Auden","E. Walker","C. Henry","Townsend Warner","Ethel Smyth","Francisco Guerrero","Albert Hall","R. R. Terry","Robert White","M. H. Eslava","Christopher Page","Roman Catholicism","Giovanni Pierluigi","Lilian Bayliss","Magdalen College","R. R. TerryfileVI","Barclay Squire","Aguilera de Heredia","Dean Nicholas","Roman Mass","Juan Navarro","James Runciman","Mann","Philip Heseltine","Eton Choirbook","Dean Inge","Roman School","Arthur Boyars","A. H. Mann","Thomas Wingham","F. Pedrell","H. F. Andrews","Eton College","E. H. Fellowes","C. Gray","Zechariah Buck","George Malcolm","G. Dyson","H. Grace","NICHOLAS McGEGAN","Peter Warlock","Stephen Adams","George Dyson","Peter Philips","E. H. Felpany","J. Foss","J. Varley","Edward Dent","War","Giovanni Anerio","G. E. P. Arkwight","St Peter","John Keble","R. Terry","Trustees","Terry","Henry Phillips","Richard Terry"],"placeName":["Columbia","Windsor","St Francis","St Nicolas","Aston","London","Madrid","Europe","Norwich","America","Baltimore","Barcelona","Aldeburgh","Chichester","Cambridge","Eton","England","Worcester","Oxford","Palestrina","St Theresa"],"ref_url":[],"ref_bibl":["London 1934","May 1909","London, 1898","London, 1946","London, 1929","June 1931","London, 1923","London, 1934","London, 1945","October 1993","London, 1927","Oxford, 1907","London, 1895","Aldeburgh, 1962"],"bibl":[]}},"ark":["ark:/67375/HXZ-TMH93X2Z-R"],"categories":{"wos":[],"scienceMetrix":["1 - arts & humanities","2 - visual & performing arts","3 - music"],"scopus":["1 - Social Sciences","2 - Arts and Humanities","3 - Music"]},"publicationDate":"1994","copyrightDate":"1994","enrichments":{"type":["multicat","refBibs","teeft","unitex"]},"doi":["10.1093/earlyj/XXII.2.296"],"_id":"8EF5DAEC88C762F2F4262E090A57E151E496549F"}