{"corpusName":"oup","keywords":{"teeft":["abb6 vogler","yard gate","hunting chorus","beethoven","joseph sonnleithner","time partner","music business","economic condition","endless variation","african theme","native source","musical performance","indefatigable pianist","possible variation","dumb astonishment","strange performance","childish recollection","dark curtain","common passage","passionate lover","deepest attention","other opportunity","common staircase","piano untouched","country house","tumbledown house","ugly house","daughter lisa","report raiher frivolous","great interest","white handkerchief","right hand","first time","frivolous fair","peasant boy","teasing remark","next time","vulgar brawl","worthy magistrate","usual fashion","unwilling company","good deal","ludwig stoll","small singer","anything useful","anything more","empty babbler","moritz dietrichstein","head manager","town theatre","small predicament","last composition","great worth","other hand","other consideration","latest tendency","powerful finale","melodramic third","same count","personal consideration","business manager","untidy night attire","small door","certain extent","eager conversation","pathetic picture","domestic life","work life","musical entertainment","whole work","other exception","other alteration","much discussion","much more","business side","herr rellstab","everything different","herr schindler","such circumstance","next room","open carriage","immediate neighbourhood","hearty handshake","long journey home","loud laugh","capital trick","opposite direction","offence such","different circumstance","fbanz gbillpabzeb","many thought","single note","black attire","actor auschntz","next morning","second half","real emotion","affectionate emotion","reality empty","real creative power","yield fruit","individual truth","more difficult","first part","whole kingdom","high esteem","wider sphere","unfettered flight","copious stuff","herr eellbtab","konradin rreutzer","publisher wallishauser","better place","raschem schritt","freilich geht sein schatten","geht durch dickicht","sein streben","nach vorn","aeinen muth","stiirzt hinein","andern ufer steigt","setzt fort","unbezwungnen lauf","klippe angelangt holt weifc","das jedem bangt","abgrund ubersetzt","andem schwer","sieger steht","mann mich","beethoven mahnt","whole nation","german people","swift stride","fain check","further bank","letter native intellectual flower","heroic master","german song","great master","splendid mouthpiece","immortal fame","bitter grief","shipwrecked clasp","beautiful sister","capricious theme","fearful point","creation overflow","impetuous symphony","beautiful glimpse","swan song","highest sense","common throng","finest point","whole realm","loving kindness","second self","heart humane","whole world","door open","great one","time inviolable","return home","unborn generation","late mary katherine horgan","great german dramatist","second tragedy","more ambitious work","classic style","golden fleece","viennese public","several prose tale","good example","proee penetrating","popular dramatic author","national poet","public ceremony","standard edition","volume hnve","countless notebook"]},"author":[{"name":"FRANZ GRILLPARZER"},{"name":"MARY KATHERINE HORGAN"}],"articleId":["IV.1.54"],"arkIstex":"ark:/67375/HXZ-39D6Z933-K","language":["eng"],"originalGenre":["research-article"],"qualityIndicators":{"score":3.527,"pdfWordCount":3477,"pdfCharCount":17194,"pdfVersion":1.3,"pdfPageCount":8,"pdfPageSize":"474 x 696 pts","pdfWordsPerPage":435,"pdfText":true,"refBibsNative":false,"abstractWordCount":0,"abstractCharCount":0,"keywordCount":0},"title":"RECOLLECTIONS OF BEETHOVEN","genre":["research-article"],"host":{"title":"Music and Letters","language":["unknown"],"issn":["0027-4224"],"eissn":["1477-4631"],"publisherId":["musicj"],"volume":"IV","issue":"1","pages":{"first":"54","last":"61"},"genre":["journal"],"subject":[{"value":"Articles"}]},"namedEntities":{"unitex":{"date":["1923","1906","1822","1804 or 1805","1840","1816"],"geogName":[],"orgName":[],"orgName_funder":[],"orgName_provider":[],"persName":["Ludwig Stoll","Beethoven","Ala Sieger"],"placeName":["Germany","Austria","Hetzendorf","Vienna","Heiligenstadt"],"ref_url":[],"ref_bibl":[],"bibl":[]}},"ark":["ark:/67375/HXZ-39D6Z933-K"],"categories":{"wos":[],"scienceMetrix":["1 - arts & humanities","2 - visual & performing arts","3 - music"],"scopus":["1 - Social Sciences","2 - Arts and Humanities","3 - Music"]},"publicationDate":"1923","copyrightDate":"1923","enrichments":{"type":["multicat","refBibs","teeft","unitex"]},"doi":["10.1093/ml/IV.1.54"],"_id":"8CE2C9AB122E6F771B17527F1910D3BD2B4174A3"}