{"corpusName":"oup","keywords":{"teeft":["adorno","musical language","adomo","suhrkamp","discursive","tonality","mediation","tonal harmony","thematic development","discursive structure","late style","late work","thematic","social reality","rolf tiedemann","formal structure","first movement","late beethoven","bare convention","tonal center","gesammelte schriften","particular moment","musical material","conceptual structure","same time","carl dahlhaus","musical quarterly","objectivity","subjectivity","absolute spirit","middle period","universal status","dynamic development","musical detail","subjective element","integral style","harmonic","historical level","harmonic structure","logical element","melodic material","natural expression","objective form","harmonic progression","entire movement","existent particular","social organization","classical style","aesthetic form","musical experience","objective spirit","dynamic tension","dialectical opposition","negative dialectic","traditional sonata form","integral unity","technological domination","beethoven fragment","last work","linguistic character","divine name","discursive system","missa solemnis","social content","totality","beethoven","kant","conceptual"]},"author":[{"name":"Colin Sample"}],"articleId":["78.2.378"],"arkIstex":"ark:/67375/HXZ-0RBDQD8M-D","language":["eng"],"originalGenre":["book-review"],"qualityIndicators":{"score":5.05,"pdfWordCount":6519,"pdfCharCount":38447,"pdfVersion":1.2,"pdfPageCount":16,"pdfPageSize":"492 x 720 pts","pdfWordsPerPage":407,"pdfText":true,"refBibsNative":false,"abstractWordCount":0,"abstractCharCount":0,"keywordCount":0},"title":"Adorno on the Musical Language of Beethoven","genre":["book-reviews"],"host":{"title":"The Musical Quarterly","language":["unknown"],"issn":["0027-4631"],"eissn":["1741-8399"],"publisherId":["musqtl"],"volume":"78","issue":"2","pages":{"first":"378","last":"394"},"genre":["journal"],"subject":[{"value":"Essay Review"}]},"namedEntities":{"unitex":{"date":["1969","1994"],"geogName":[],"orgName":["American Musicologteal Society"],"orgName_funder":[],"orgName_provider":[],"persName":["B. Lindner","Ludwig Wittgenstein","Anton Schindler","W. M. Liidke","Henry Pickford","Rose Subotnik","Wittgenstein","Adorno","Immanuel Kant","Charles Rosen","G. E. M. Anscombe","Theodor W. Adomos","Theodor W. Adorno","Rolf Tiedemann","The","German Critique","Max Horkheimer","Joachim Uhde","E. B. Ashton","Michael P. Steinberg","Carl Dahlhaus","Josef Friichtl","Adomo","Journal","J. Cummings","Paul Attinello","W. W. Norton"],"placeName":["Frankfurt","York"],"ref_url":[],"ref_bibl":["Stuttgart: Reclam, 1974","Frankfurt: Suhrkamp, 1975","Frankfurt: Suhrkamp, 1980","Frankfurt: Suhrkamp, 1991","New York: Macmillan, 1965","New York: Macmillan, 1953","Frankfurt: Suhrkamp, 1973","Hamburg: Meiner, 1955","New York: Seabury, 1973","New York: Continuum, 1988","Frankfurt: Suhrkamp, 1971","Frankfurt: Suhrkamp, 1993"],"bibl":[]}},"ark":["ark:/67375/HXZ-0RBDQD8M-D"],"categories":{"wos":[],"scienceMetrix":["1 - arts & humanities","2 - visual & performing arts","3 - music"],"scopus":["1 - Social Sciences","2 - Arts and Humanities","3 - Music"]},"publicationDate":"1994","copyrightDate":"1994","enrichments":{"type":["multicat","refBibs","teeft","unitex"]},"doi":["10.1093/mq/78.2.378"],"_id":"9FF9BBC51AD6D02D69995901A64C9BFB5FEA90BE"}