{"corpusName":"oup","keywords":{"teeft":["ridley","oxford university press","professional performer","ordinary listener","musical knowledge","music philosophy","serious trouble","oxford companion","aaron ridley","main chapter","musical term","alison latham","musical work","other hand"]},"author":[{"name":"Jonathan Dunsby"}],"arkIstex":"ark:/67375/HXZ-QVGSRNF9-L","language":["eng"],"originalGenre":["other"],"qualityIndicators":{"score":5.109,"pdfWordCount":3059,"pdfCharCount":17302,"pdfVersion":1.6,"pdfPageCount":4,"pdfPageSize":"479 x 697 pts","pdfWordsPerPage":765,"pdfText":true,"refBibsNative":false,"abstractWordCount":0,"abstractCharCount":0,"keywordCount":0},"title":"The Philosophy of Music: Theme and Variations. By Aaron Ridley. pp. viii + 178. (Edinburgh University Press, Edinburgh, 2004, £16.99. ISBN 0-7486-0902-4.)","genre":["other"],"host":{"title":"Music and Letters","language":["unknown"],"issn":["0027-4224"],"eissn":["1477-4631"],"publisherId":["musicj"],"volume":"87","issue":"2","pages":{"first":"295","last":"298"},"genre":["journal"]},"namedEntities":{"unitex":{"date":["1970","1986","2001","2006","nineteenth century"],"geogName":[],"orgName":["Oxford University","Musicological National Park","Edinburgh University"],"orgName_funder":[],"orgName_provider":[],"persName":["Alison Latham","Reinhold Brinkmann","Edward Cone","Steven Mithen","Frank Sinatra","Glenn Gould","Jamie Cullum","Roger Scruton","Charles Darwin","Frank Ll","Arnold Schoenberg","Nicholas Cook","J. A. Westrup","Gerald","Sigmund Freud","Leonard Meyer","Beethoven","Denis Arnold","Antonio Damasio","Stephen Davies","Don Michael","Eduard Hanslick","Percy A. Scholes"],"placeName":["Paris","Vienna","San Francisco","York"],"ref_url":[],"ref_bibl":["Oxford, 2005"],"bibl":[]}},"ark":["ark:/67375/HXZ-QVGSRNF9-L"],"categories":{"wos":[],"scienceMetrix":["1 - arts & humanities","2 - visual & performing arts","3 - music"],"scopus":["1 - Social Sciences","2 - Arts and Humanities","3 - Music"]},"publicationDate":"2006","copyrightDate":"2006","enrichments":{"type":["multicat","refBibs","teeft","unitex"]},"doi":["10.1093/ml/gci188"],"_id":"E14DC9841DABCBEDC05D8193CDC3D6824FDEDE09"}