{"corpusName":"oup","keywords":{"teeft":["quartet","quartet version","late quartet","string quartet","critical report","complex theoretical matter such","substantial reservation","plausible guess","wolff report","natural sign","woodwind part","incomplete requiem","equal status","misleading impression","requiem fragment","siissmayr movement","tolerably accurate","real cohesion","individual contribution","joseph discussion","division work","first group","musical technical term","piano sonata","collegiaf audience","quartet party","normal context","small audience","public performance","ignaz schuppanzigh","less conversational","more virtuosic","concert audience","late period","other listener feeling","private world","vocal part","cause particular difficulty","valuable insight","essential qualitative","stylistic difference","robert winter","several city","public quartet recital","allgemeine musikalische","neue zeitschrift","richard maunder journal","beethoven quartet companion","initial question","work winter robert martin","california press","quartet recital","nineteenth century","familiar detail","main purpose","maynard solomon","recent study","beeting descriptive commentary","much emphasis","cultural context","general essay","augemeine musikalische","stress beet","same time","second modernity","half step","least stable","little reference","genuine insight","leon contribu","diffuse survey","ical scene","early nineteenth","nothing obvious","broad conclusion","lack real substance","ordinary musician","music lover","late beethoven analyst","impossible guide","technical term","italian direction such","certain lack","sonata form ground","many quartet lover","bridge account","general musical condition","beetwith robert contribution","performance issue","penetrating discussion","quartet player","occasional indication","much more","prince lobkowitz","interpretative opinion","lobkowitz archive","much intellectual debate steinberg","generous patron","beethoven quartet","friend reader","ignaz dembscher","information essay","michael ence","blow account","great analytical insight","irritatingly naive","third chord","first violin","background detail","annuity contract","earliest music","piano quartet","prince commission","little potential","financial consideration","several publisher","conversation book","publisher moritz schlesinger","more quartet","nephew more money","other great work","beethoven konversationshefte","kohler grita herre","such depth","principal reason","work straight","total neglect","analytical tool","abundant sketch","numerous historical","musical insight","integral part","historical commentary","musical amateur","autograph score","first edition","coherent picture","wide appeal","anything more","barry cooper beethoven bearbeitungen britischer lieder","wilhelm fink","isbn folksong setting","doubtful authenticity","petra book","continental setting","british one","scottish musical culture","george thomson commissioning","german reader","little material","strenuous effort","scottish background","clan system","gaelic language","pibroch music","scottish folksong","early date","less class distinction","folksong repertory","cursory overview","manuscript source","full detail","instrumental part","neue beethoven gesamlausgabe"]},"author":[{"name":"BARRY COOPER"}],"articleId":["76.3.445"],"arkIstex":"ark:/67375/HXZ-NXQ74L95-H","language":["eng"],"originalGenre":["book-review"],"qualityIndicators":{"score":2.31,"pdfWordCount":2260,"pdfCharCount":13088,"pdfVersion":1.2,"pdfPageCount":3,"pdfPageSize":"455 x 707 pts","pdfWordsPerPage":753,"pdfText":true,"refBibsNative":false,"abstractWordCount":0,"abstractCharCount":0,"keywordCount":0},"title":"REVIEWS OF BOOKS","genre":["book-reviews"],"host":{"title":"Music and Letters","language":["unknown"],"issn":["0027-4224"],"eissn":["1477-4631"],"publisherId":["musicj"],"volume":"76","issue":"3","pages":{"first":"445","last":"447"},"genre":["journal"],"subject":[{"value":"REVIEWS OF BOOKS"}]},"namedEntities":{"unitex":{"date":["1994","1820s","nineteenth century","1995","1801"],"geogName":[],"orgName":[],"orgName_funder":[],"orgName_provider":[],"persName":["Steinberg","Leon Botstein","Karl-Heinz Kohler","Petra Weber-Bockholdt","Joseph Kerman","Galitzin","Robert Martin","Wilhelm Fink","Ludwig van Beethovens","The","Beethoven","Robert Winter","George Thomson","COOPER Beethovens","Lobkowitz","Michael Steinberg"],"placeName":["Leipzig","Munich","Scotland","Vienna","Berkeley"],"ref_url":[],"ref_bibl":["September 1825"],"bibl":[]}},"ark":["ark:/67375/HXZ-NXQ74L95-H"],"categories":{"wos":[],"scienceMetrix":["1 - arts & humanities","2 - visual & performing arts","3 - music"],"scopus":["1 - Social Sciences","2 - Arts and Humanities","3 - Music"]},"publicationDate":"1995","copyrightDate":"1995","enrichments":{"type":["multicat","refBibs","teeft","unitex"]},"doi":["10.1093/ml/76.3.445"],"_id":"69D09DE10597F6E31D3A292517EDCBC20A1C229B"}