{"corpusName":"oup","keywords":{"teeft":["klein","carl hols","burlington magazine","hair spring","idealising tendency","definite idea","great composer","whole matter","beethoven aeussere erscheinung","brief summary","height beethoven","thick black hair","bushy eyebrow","deepset eye","last epithet","strong growth","mouth broad","deep cleft","finger short","frimmel base","contemporary portrait","franz klein","klein mask","louis idealised","ferdinand schimon","many others","less importance","little sketch","plaster bust","royal philharmonic","english sculptor","moderate talent","more convincing","truest sense","more accurate impression","sculptor klein","actual basis","mechanical process","adequate more","chancing expression","various aspect","successful portrait","popular conception","heavy plaster","soft part","prominence greater","actual face","oiled tissue paper","whole head","best artist","erroneous impression","different proportion","interesting thing","much better","magnificent record","great figure","eighteenth century","sculptor houdon","possible interest","mechanical reproduction","many book","letter society wafl","least reliable","death mask","false impression","barclay squire","edward article","philharmonic societv","alwayb present","second violin","schuppaniigh quartet","great liking","conversation book","royal library","first authority","aeussere erscheinung","ijeethoven bust","philharmonic concert","musical time","actual appearance","chronological order","amsere erscheinung","biographiache nottmen","copper engraving","christian homeman","graf franc brunsvik","full face","sculptor franz klein","good etching","blasius hofel","louis letronne","second painting","last year","tnlented artist","fresh memory","asterisk mark","kind permission","adolf menael"]},"author":[{"name":"W. BARCLAY SQUIRE"}],"articleId":["VIII.2.122"],"arkIstex":"ark:/67375/HXZ-BG6VH2PJ-Q","language":["eng"],"originalGenre":["research-article"],"qualityIndicators":{"score":2.966,"pdfWordCount":1583,"pdfCharCount":8178,"pdfVersion":1.5,"pdfPageCount":8,"pdfPageSize":"474 x 698 pts","pdfWordsPerPage":198,"pdfText":true,"refBibsNative":false,"abstractWordCount":0,"abstractCharCount":0,"keywordCount":0},"title":"BEETHOVEN'S APPEARANCE","genre":["research-article"],"host":{"title":"Music and Letters","language":["unknown"],"issn":["0027-4224"],"eissn":["1477-4631"],"publisherId":["musicj"],"volume":"VIII","issue":"2","pages":{"first":"122","last":"124"},"genre":["journal"],"subject":[{"value":"Articles"}]},"namedEntities":{"unitex":{"date":["1871","1818","1814","1859","1821","1818 or 1819","1804 or 1805","1838","1816","1812","1801","1817","the eighteenth century","1927"],"geogName":[],"orgName":[],"orgName_funder":[],"orgName_provider":[],"persName":["Franc Brunsvik","L. Heuberger","Adolf Menael","J. F. Heckel","A. Dietrich","C. Horneman","Ferdinand Schimon","J. D. Boehm","Edward Speyer","Christian Homeman","J. P. Lyser","Speyer","W. J. Mahler","J. Schaller","J. C. Stieler","J. Stieler","G. StainhanBer","J. Neidl","F. Schimon","Louis Letronne","F. G. Waldmuller","Carl Hols","Franz Klein","A. Hofel"],"placeName":["Vienna","France"],"ref_url":[],"ref_bibl":["Munich, 1905"],"bibl":[]}},"ark":["ark:/67375/HXZ-BG6VH2PJ-Q"],"categories":{"wos":[],"scienceMetrix":["1 - arts & humanities","2 - visual & performing arts","3 - music"],"scopus":["1 - Social Sciences","2 - Arts and Humanities","3 - Music"]},"publicationDate":"1927","copyrightDate":"1927","enrichments":{"type":["multicat","refBibs","teeft","unitex"]},"doi":["10.1093/ml/VIII.2.122"],"_id":"06350B8845639047FAB386CC619A62DB2CEA0200"}