{"corpusName":"cambridge","author":[{"name":"Zoltán Kodály"}],"articleId":["02728"],"arkIstex":"ark:/67375/6GQ-K66Q67R4-N","language":["eng"],"originalGenre":["research-article"],"abstract":"When searching for Hungarian character in music, we must start out from a wider circle, where we can still find some traces of it, and then work towards increasing density. A linguist pays attention to words which can be found scattered in Latin documents or words which were picked up by foreign authors in a distorted or misinterpreted form. Sometimes one finds a phrase of melody also in a foreign musical work, the rhythm of which we feel to be of Hungarian provenance. Therefore it is necessary for us to examine the works of foreign composers, which by title or by theme, contain some Hungarian characteristics. It is possible that they have preserved Hungarian melodies, the Hungarian source of which cannot be found. On the other hand there are certain works which can approach the Hungarian character in music without taking over melodies at all. The existence of a special Hungarian musical idiom is proved by the fact that also foreigners can learn it, and can use it, as a language, well or badly. However, the nationality of the composer may be superimposed—especially in more serious works—on the foreign melodies he has borrowed. Beethoven's works based on Russian themes cannot be called Russian music, nor his Turkish March Turkish. In his Scottish songs he adapted even Scottish melodies to his own musical language. Still there is a ‘cantus firmus’ and, in some cases, we can speak about bilingual music when accompaniment and melody belong to two different musical languages.","qualityIndicators":{"score":9.988,"pdfWordCount":5005,"pdfCharCount":27066,"pdfVersion":1.4,"pdfPageCount":9,"pdfPageSize":"488.88 x 722.88 pts","refBibsNative":false,"abstractWordCount":249,"abstractCharCount":1495,"keywordCount":0},"title":"Folk Music and Art Music in Hungary","pii":["S0040298200027285"],"genre":["research-article"],"host":{"title":"Tempo","language":["unknown"],"issn":["0040-2982"],"eissn":["1478-2286"],"publisherId":["TEM"],"issue":"63","pages":{"first":"28","last":"36","total":"9"},"genre":["journal"]},"ark":["ark:/67375/6GQ-K66Q67R4-N"],"categories":{"wos":[],"scienceMetrix":[],"scopus":["1 - Social Sciences","2 - Arts and Humanities","3 - Music"],"inist":["1 - sciences humaines et sociales"]},"publicationDate":"1963","copyrightDate":"1963","enrichments":{"type":["multicat","nb","refBibs"]},"doi":["10.1017/S0040298200027285"],"_id":"DE009CBF02E49A98B21168EE96655E097E60703A"}