{"corpusName":"sage","keywords":{"teeft":["leonoreno","second movement","concerted criticism","ostinato figure","first time","twomeasure rest","right hand","sociological plane","egalitarian sympathies","french revolution","napoleon bonaparte","better order","title page","bonaparte symphony","prescient exclamation","greater tyrant","fidel castro","soviet allegiances","ninth text","next time","magic reunites","soft wings","joyful kiss","prostrate fall","third appearance","sixteenth notes","same music","rock influences","miguel rios","album song","responsive chord","astounding passage","variation number","real legacy","last piano sonata","music educators journal","musical prescience","nineteenth century","composer today","relevant state","stravinsky schoenand today","future ages","attitudetoward craft","crucial questionfor","composers today","jaded audiences","chatteras music","mirrorthese artistsare holdingup","life suggestssomethingratherdamningabout society","capacityfor takinginfinitepains","ninth symphony appearedfirst","trivial formin","more trivialtext","right place","finale december","other worksbeforebeethovencould writeit","single opera","principal theme","successive entries","rewrittenas leonoreno","decidedto test","improvedin spite","opening allegros","last variantof","recapitulasatisfactorily tion","recapitulation missingin leonoreno","existenceof leonoreno","opening scenes","monkey aroundwith","completelynew everything","performance whichit","leonore overtureswould","ratherthan transposeleonoreno","tonal balances","piano music","vertical statement","exclamation point","triadic fanfare","youthful overture","fifth measure","harmonic element","harmonic support","rlif rirs","iruil allegretto","winds strings andre malraux","high renaissance painting","greatest masterpieces","organic growth","occasional miscalculations","intentional potboilers","battle symphony","latter category","great vineyard","choral fantasy","triple concerto","fugue movement","fifth sonata","introductory theme","king stephen overture","eighth symphony","middle movements","fifth symphonies","first hearing","cadenza beethoven","second piano concerto","cadenza overwhelms","leonore overtures","interesting thing","same time","piano concerto","george bernard shaw","obvious sensationalism","seventh symphony","unquestioned masterpiece","large catalogs","cadenza"]},"author":[{"name":"David Ward-Steinman","affiliations":["Professor of Music, San Diego State College, is serving as Composer-in-Residence for the Tampa Bay area, Florida, under a grant from the Ford Foundation-MENC Contemporary Music Project."]}],"articleId":["10.2307_3392928"],"arkIstex":"ark:/67375/M70-ZSPVH6M9-K","language":["eng"],"originalGenre":["research-article"],"qualityIndicators":{"score":3.982,"pdfWordCount":1970,"pdfCharCount":12976,"pdfVersion":1.5,"pdfPageCount":4,"pdfPageSize":"612 x 879 pts","refBibsNative":false,"abstractWordCount":1,"abstractCharCount":0,"keywordCount":0},"title":"At 200, Beethoven can Still Rock Youth","genre":["research-article"],"host":{"title":"Music Educators Journal","language":["unknown"],"issn":["0027-4321"],"eissn":["1945-0087"],"publisherId":["MEJ"],"volume":"57","issue":"4","pages":{"first":"33","last":"36"},"genre":["journal"]},"namedEntities":{"unitex":{"date":["1970","1814","in the nineteenth century","1940s"],"geogName":[],"orgName":[],"orgName_funder":[],"orgName_provider":[],"persName":["Fidel Castro","Beethoven","Milton Cross","Andre Malraux","Bernard Shaw","James Goodfriend"],"placeName":[],"ref_url":[],"ref_bibl":[],"bibl":[]}},"ark":["ark:/67375/M70-ZSPVH6M9-K"],"publicationDate":"1970","copyrightDate":"1970","enrichments":{"type":["refBibs","teeft","unitex"]},"doi":["10.2307/3392928"],"_id":"8DEB9246483C23889FC771AD6F37DFC87F49DA07"}