{"corpusName":"oup","keywords":{"teeft":["amara","aria","lohengrin","lucine","february","nedda","november","harvuot","january","ludne","onstage","duet","elia","countess","paolis","rosalind","metropolitan opera record club","april","lucine amara","high note","chest voice","mimi","cleva","metropolitan opera","richard tucker","aida","clifford harvuot","ritorna vincitor","william albright","breath control","mario","silvio","alessio","figaro","rudolf","george london","giorgio tozzi","waltz song","paul franke","york city","metropolitan opera guild","conductor performance","chorus fausto cleva","carmen","general manager","george cehanovsky remendado","thomas beecham","pierre monteux","final duet","countess almaviva","flower song","suor angelica","tito gobbi","saturday matinee broadcast","clarion high","lovely souvenir","dove sono","compact disc","mildred miller","verdi requiem","jerome hines","louis sgarro metropolitan opera orchestra","fine souvenir","english translation","roberta peter","francisco opera","role amara","martial singher nicklausse","clifford harvuot crespel","norman scott","sandra warfield metropolitan opera orchestra","comme autrefois","heidi krall","high tessitura","lucme amara donjosi","margaret rqggero morale","tone color","remarkable degree","easy power","richard tucker prince gremin","eugene onegin","rudolf bing","quick tempo","eleanor steber","clifford harvuot dancaire","nile scene","tomb scene","triumphal scene","ludne amara","fernem land","bridal chamber scene","flawed performance","great opera","maureen forrester","chesty authority","beethoven ninth","david benedict","great warmth","amara onstage","disc","mitropoulos","soprano"]},"author":[{"name":"WILLIAM ALBRIGHT"}],"articleId":["9.1.110"],"arkIstex":"ark:/67375/HXZ-391P4Q31-P","language":["eng"],"originalGenre":["research-article"],"qualityIndicators":{"score":6.383,"pdfWordCount":9836,"pdfCharCount":58366,"pdfVersion":1.5,"pdfPageCount":31,"pdfPageSize":"617 x 800 pts","pdfWordsPerPage":317,"pdfText":true,"refBibsNative":false,"abstractWordCount":0,"abstractCharCount":0,"keywordCount":0},"title":"Amara on Disc","refBibs":[{"host":{"title":"comic flair and beauty of tone. It can be dossi) and, asked to name the greatest Toscas done!\" (p. 168). in his experience","author":[]}},{"title":"Alvery great one Places where roles were first performed: Nos. 1, 39: San Francisco Opera Metropolitan Opera Connecticut Opera Association , Hartford; No. 26: Tcrme di Caracalla, Rome; Nos Central City Opera Festival, Colorado; No. 37: San Juan Opera Festival, Puerto Rico; No. 43: Tulsa Opera, Oklahoma; No. 44: Berkshire Music Festival (Tanglewood), Lenox, Massachusetts; No. 50: Canadian Opera, Toronto; No. 51: Dayton Opera Association, Ohio; No. 54: Plan Nacional de l'Opcra, Caracas","author":[{"name":"Irving Kolodin"}],"host":{"title":"The Metropolitan Opera whom he was currcndy performing A Candid History Amara has sung more than +00 recitals and concerts widi orchestra, including performances of the Beethoven Nindi and Mahler Second and Eighth Symphonies","author":[],"pages":{"first":"33","last":"35"}}}],"genre":["research-article"],"host":{"title":"The Opera Quarterly","language":["unknown"],"issn":["0736-0053"],"eissn":["1476-2870"],"publisherId":["operaq"],"volume":"9","issue":"1","pages":{"first":"110","last":"136"},"genre":["journal"],"subject":[{"value":"Articles"}]},"namedEntities":{"unitex":{"date":["1963","1950s","1952","1992","1957","1975","1960s","1976","1965","1930s","1921","1908","1955","1949","1956"],"geogName":["Lake City","Nile"],"orgName":["University of Southern California Opera Theater Los Angeles","American Opera Society, New York City","Cleveland Institute of Music"],"orgName_funder":[],"orgName_provider":[],"persName":["Amara Donjosi","Lucine Anutra","Frederica von Stade","Fausto Cleva","Giuseppe Valdengo","Belen Ampardn","Amara CoppeTius","John Reardon","Max Rudolf","Gianni Schiccbi","Conner Cherubino","Fritz Reiner","Albert Da Costa","Clifford Harvuot","Swan Knight","Brian Sullivan","Eugene Ontgin","Roberta Peters","WILLIAM Olga","John Alexander","London Tatyana","Carmen Frasquita","Arthur Bliss","Martha Ltpton","Elias Antonia","Heidi KraU","Fernando Corena","Richard Woitach","Irving Kolodin","Joseph Szulc","Donna Elvira","Amara Canto","ARA Monostatos","Rosalind Elias","Amara Rodolfo","Paul Franke","Joaquin Turina","Judith Keller","Sandra Warfield","Don Jose","Emilia Cundari","Smith Conrad","Prima Donna","Richard Wagner","Marsh Nobles","EMI Angel","Euridice Euridice","Elisabeth Rethberg","Amadeus Mozart","Luane Amara","William Dupne","Christa Ludwig","Victor Orchestra","Miracle","Amaru Radames","Amaru Lenski","Madelaine Chambers","Walter Klcine","William Ledbetter","Barry Morell","Rudolf Bing","J. Heffernan","Stevens Antonia","Frank Guarrera","Nicola Moscona","Amara","Calvin Marsh","La Gioconda","Jacques Offenbach","Robert Merrill","Gianni Raimondi","Boris Godunov","Carmen Micaela","Mario Cuomo","Thomas Hayward","Robert Sherman","Ellen Orford","John Glenn","Grcmin","Frank Valentino","Alexander Saunderson","Lawrence Davidson","Giorgio Tozzi","Eugene Oncgin","Richard Hageman","Thomas Martin","Mario Zanasi","Faust Marguerite","Frank Guarrrm","Pierre Monteux","Peter Ilich","John Macurdy","Kurt Herbert","Artur Bodanzky","Laurel Hurley","Tommaso Traetta","Theodor Uppman","Amara Lenski","Rosa Ponselle","Kate Pinkcrton","Helen Vanni","Don Josc","Nadine Conner","George Cehanovsky","Erich LeinsdorFs","George London","King Henry","Spring Waters","Milan Lovro","EMI Classics","Eugene Onegin","Mario Sereni","Adamo Didur","Sara Tucker","Nicolai Gedda","Amara Queen","Heidi Krall","Rita Gorr","Richard Tucker","Samuel Barber","Tito Gobbi","Judith Blegen","Ruggero Leoncavallo","Maureen Forrester","Stevens Micada","Bruno Walter","Don Carlo","Andrea Chtnicr","Alessio de Paolis","Salvatorc Baccaloni","Eugene Ormandy","Margaret Roggero","Elisabeth Grummer","Tibor Kozma","Francis Robinson","Rita Coir","Anthony Voice","John Gutman","Chorus","Joan Sutherland","Martha Upton","Giuseppe de Luca","Mildred Allen","Martial Singher","Amaru Canto","Claudia Muzio","James McCracken","Jerome Hines","Emma Eames","Lucine Amara","Norman Scott","Gretel Gertrude","Jean Morel","Amara MarceUo","London Green","Thomas Beecham","Amara Count","Giovanni Martinelli","King David","Alice Ford","Kurt Baura","Margaret Roggcro","M. Rummel","David Benedict","Helene Parras","Lady Billows"],"placeName":["Monaco","New Tork","Konya","Berkshire","Columbia","San Juan","Hartford","Columbus","Dayton","Moscow","New York City","Central City","Puerto Rico","Toronto","Bayreuth","America","San Francisco","Leinsdorf","Rome","New Tbrk","York","Caracas","Cambridge","Tulsa","Cleveland","Osie","Douglas"],"ref_url":[],"ref_bibl":["December 1970"],"bibl":[]}},"ark":["ark:/67375/HXZ-391P4Q31-P"],"categories":{"wos":[],"scienceMetrix":[],"scopus":["1 - Social Sciences","2 - Arts and Humanities","3 - Music"]},"publicationDate":"1992","copyrightDate":"1992","enrichments":{"type":["multicat","refBibs","teeft","unitex"]},"doi":["10.1093/oq/9.1.110"],"_id":"7E7F0CB282188AD3B461846DD09DF632B4A2775E"}