{"corpusName":"oup","keywords":{"teeft":["reicha","conservatoire","composition musicale","berlioz","antonin reicha","right hand","operatic composition","paris conservatoire","compositeur dramatique","orchestral innovation","nineteenth century","revolutionary idea"]},"author":[{"name":"NORMAN DEMUTH"}],"articleId":["XXIX.2.165"],"arkIstex":"ark:/67375/HXZ-8QSB5S05-K","language":["eng"],"originalGenre":["research-article"],"qualityIndicators":{"score":3.246,"pdfWordCount":3196,"pdfCharCount":17300,"pdfVersion":1.3,"pdfPageCount":8,"pdfPageSize":"488 x 695 pts","pdfWordsPerPage":400,"pdfText":true,"refBibsNative":false,"abstractWordCount":0,"abstractCharCount":0,"keywordCount":0},"title":"ANTONÍN REICHA","genre":["research-article"],"host":{"title":"Music and Letters","language":["unknown"],"issn":["0027-4224"],"eissn":["1477-4631"],"publisherId":["musicj"],"volume":"XXIX","issue":"2","pages":{"first":"165","last":"172"},"genre":["journal"],"subject":[{"value":"Articles"}]},"namedEntities":{"unitex":{"date":["1799","1829","1788","1831","1818","during the nineteenth century","1814","1920s","1808","the nineteenth century","1826","1833","1811","1800","1948","1805","1870","2 and 3-4","1835","1794","1824"],"geogName":[],"orgName":[],"orgName_funder":[],"orgName_provider":[],"persName":["Hector Berlioz","Paris Conservatoire","Maria Theresa","Adolphe Adam","Reicha","Charles Burney","Cesar Franck","Antonin Reicha","Ludwig van Beethoven","Michael William","Sonata"],"placeName":["Paris","Bonn","Vienna","England"],"ref_url":[],"ref_bibl":[],"bibl":[]}},"ark":["ark:/67375/HXZ-8QSB5S05-K"],"categories":{"wos":[],"scienceMetrix":["1 - arts & humanities","2 - visual & performing arts","3 - music"],"scopus":["1 - Social Sciences","2 - Arts and Humanities","3 - Music"]},"publicationDate":"1948","copyrightDate":"1948","enrichments":{"type":["multicat","refBibs","teeft","unitex"]},"doi":["10.1093/ml/XXIX.2.165"],"_id":"53A9A6A40F5FEF363CC4BF5FD2AE23CDBC7F29FF"}