{"corpusName":"oup","author":[{"name":"HUGO COLE"}],"articleId":["XXXIII.3.243"],"arkIstex":"ark:/67375/HXZ-6ZJM18LR-C","language":["eng"],"originalGenre":["research-article"],"qualityIndicators":{"score":2.685,"pdfWordCount":2635,"pdfCharCount":14544,"pdfVersion":1.2,"pdfPageCount":7,"pdfPageSize":"485 x 694 pts","pdfWordsPerPage":376,"pdfText":true,"refBibsNative":false,"abstractWordCount":0,"abstractCharCount":0,"keywordCount":0},"title":"SOME MODERN TENDENCIES IN NOTATION","genre":["research-article"],"host":{"title":"Music and Letters","language":["unknown"],"issn":["0027-4224"],"eissn":["1477-4631"],"publisherId":["musicj"],"volume":"XXXIII","issue":"3","pages":{"first":"243","last":"249"},"genre":["journal"],"subject":[{"value":"Articles"}]},"namedEntities":{"unitex":{"date":["1952"],"geogName":[],"orgName":[],"orgName_funder":[],"orgName_provider":[],"persName":["Beethoven","To","William Barnes"],"placeName":["Dorsetshire"],"ref_url":[],"ref_bibl":[],"bibl":[]}},"ark":["ark:/67375/HXZ-6ZJM18LR-C"],"categories":{"wos":[],"scienceMetrix":["1 - arts & humanities","2 - visual & performing arts","3 - music"],"scopus":["1 - Social Sciences","2 - Arts and Humanities","3 - Music"]},"publicationDate":"1952","copyrightDate":"1952","enrichments":{"type":["multicat","refBibs","unitex"]},"doi":["10.1093/ml/XXXIII.3.243"],"_id":"71C3C07C589F039474B987A64FFE3A9121DDB917"}