{"corpusName":"oup","keywords":{"teeft":["liszt","berlioz","nichols","theme type","early period","hugh macdonald","roger nichols","whole stall","faust yesterday","exotic fruit","penetrating comment","innovative feature","william caplin note","previous theory","theme structure need refinement","several category","sound approach","category need","wider range","final analysis","slow movement","pathetique sonata","wider variety","tonal direction","major matter","plant life","excellent account","fantastic digression","beethoven journal","much more succinct","algebraic symbol","music theory","quarter note","foreground progression","lower octave","william kinderman","klaus kropfinger","least show concern","other cause","factual error","early return","bassoon date","cryptic reference","lockwood claim","same number","violin sonata","significant error","bonn paper","first movement","second movement","such blemish","beethoven forum","regular source","nebraska press","beethoven study series","bibliographical citation","large number","early one","present volume","prince lichnowsky","barry cooper berlioz","first major patron","slender lichnowsky archive","much detail","faber faber","london boston","berlioz letter","continuous narrative","recording event large","short biographical introduction","appropriate point","sensitive choice","letter mix","long sentence","such fidelity","original anglophone reader","fact nature","artistic life","decision europe","particular strength","current english usage","unpublished letter","conversational form","final volume","correspondence generalssuch","interesting volume","official careful","supplicatory letter","sound false","activity prose","important artistic episode letter","relevant letter","ally french sentence structure","berlioz remark","slight anticlimax","personal level","elusive amelie","full text","common french attention","partial replacement","english version","natural flow","beloved sister nanci","cause adele","novemin order","particular narrative","peculiof letter","various subject","arly french construction","seamless succes","audience response","salle entiere sion","particular narrative thread","levee avec","obscure other facet","parterre leve debout","such metaphorical","term denotlocal detail","overall coherence","favouring letter","lematic translation","first instance","grammatical difficulty","entire audience business","considerable trepidation","glenn stanley attempt","reader risk","grammatical mayhem","similar problem","letter describmain problem","instance concern","french word","french sentence struc","tactical construction","berlioz ture","splitting better","entire hall","more problematic case","more widespread","early set","donne faust hier","work better","late letter","serious fall","sense more","sister nanci","state interest","haut lieu economie","moque comme","niggardly attitude","high place","many letter","pained description","drunken outburst","further draft","original french","first publication","substantial number","jacques bilingual nouvelles lettres","pleasurable book","anglophone berliozians","more note","original french text","problematic phrase","more information","great pity","piano variation","michael saffle","franz liszt study series","pendragon press","liszt literature","many excellent biography","further light","outstanding study","transcendental execution","informative opening chapter","vormarz germany custom","saffle move","document available","german concert","business document","certain unfamiliar memoir","last fascinating rarity","ostpreussisches jugendleben","matinee recital","meinem leben","wilhelm liibke","dortmund casino","artistic individuality"]},"author":[{"name":"K.E."}],"articleId":["77.2.284"],"arkIstex":"ark:/67375/HXZ-HFB16HT9-S","language":["eng"],"originalGenre":["book-review"],"qualityIndicators":{"score":2.912,"pdfWordCount":2195,"pdfCharCount":13009,"pdfVersion":1.4,"pdfPageCount":3,"pdfPageSize":"446.48 x 689.48 pts","pdfWordsPerPage":732,"pdfText":true,"refBibsNative":false,"abstractWordCount":0,"abstractCharCount":0,"keywordCount":0},"title":"REVIEWS OF BOOKS","genre":["book-reviews"],"host":{"title":"Music and Letters","language":["unknown"],"issn":["0027-4224"],"eissn":["1477-4631"],"publisherId":["musicj"],"volume":"77","issue":"2","pages":{"first":"284","last":"286"},"genre":["journal"],"subject":[{"value":"REVIEWS OF BOOKS"}]},"namedEntities":{"unitex":{"date":["1799","1842","1790","1807","1847","1836","1843","1791","1819","1848","1844","Between March 1840 and October 1845","1849","1840","1970s","1786","1782","1868","1996","1864"],"geogName":[],"orgName":["Germany of the Vormarz","Congress"],"orgName_funder":[],"orgName_provider":[],"persName":["Roger Nichols","Jacques Barzun","Wagner","Wilhelm Liibke","La Esmeralda","Saffle","Berlioz","Opera","K. G. von Leonhard","Nanci","COOPER Berlioz","Kropfinger","Caplin","Ludwig Passarge","Kinderman","Beethoven","Hugh Macdonald","An English","Michael Saffle"],"placeName":["Dortmund","Germany","Heidelberg","Bonn","Mannheim","Stuttgart","Benin","Europe","Vienna","Mainz"],"ref_url":[],"ref_bibl":["New York, 1954","Leipzig, 1906","August 1843","Berlin, 1893"],"bibl":[]}},"ark":["ark:/67375/HXZ-HFB16HT9-S"],"categories":{"wos":[],"scienceMetrix":["1 - arts & humanities","2 - visual & performing arts","3 - music"],"scopus":["1 - Social Sciences","2 - Arts and Humanities","3 - Music"]},"publicationDate":"1996","copyrightDate":"1996","enrichments":{"type":["multicat","refBibs","teeft","unitex"]},"doi":["10.1093/ml/77.2.284"],"_id":"D667B0F4B73884ADC9B369DDDE2D57145820E9A4"}