{"corpusName":"oup","keywords":{"teeft":["stanza","metric","thematic structure","quaternary","motivic","thematic","piano sonata opus","folksong","enjambement","theorist","syllable","third verse","classical music","musical quarterly","second movement","popular dance","fifth symphony","quaternary stanza structure","classical theme","tonic","riemann","instrumental music","motivic relationship","primary theme","binary period","first movement","syllable count","third movement","fourth symphony","folk music","wilhelm fischer","slow movement","next example","metric pattern","opus","haydn","ninth symphony","gott erhalte franz","stanza structure","typical pattern","leonard ratner","thorough analysis","different version","quaternary stanza","beethoven theme","traditional concept","period structure","common denominator","verse meter","gerald abraham","henry hadow","subprimary level","eighteenth century","classic period","last movement","thematic section","piano trio","higher level","metric structure","durch nacht","dance form","seventh symphony","stanza concept","structural aspect","short verse","rich ornamentation","galant style","friedrich blume","verse","cadence","finale"]},"author":[{"name":"DÉNES BARTHA"}],"articleId":["LVI.4.759"],"arkIstex":"ark:/67375/HXZ-BGSR1CC6-X","language":["eng"],"originalGenre":["research-article"],"qualityIndicators":{"score":5.05,"pdfWordCount":6953,"pdfCharCount":38431,"pdfVersion":1.3,"pdfPageCount":20,"pdfPageSize":"436 x 677 pts","pdfWordsPerPage":348,"pdfText":true,"refBibsNative":false,"abstractWordCount":0,"abstractCharCount":0,"keywordCount":0},"title":"ON BEETHOVEN'S THEMATIC STRUCTURE","refBibs":[{"host":{"title":"It does not form a period, since both of its segments close on the dominant","author":[]}},{"host":{"title":"AA b-bA\". {Note that verse 3 is halved","author":[{"name":"Qss "}]}},{"host":{"title":"Verses 3-4: Enj. The left-hand figure is the more conspicuous in that it is used only at this spot (*) within the sixteen-measure theme","author":[]}}],"genre":["research-article"],"host":{"title":"The Musical Quarterly","language":["unknown"],"issn":["0027-4631"],"eissn":["1741-8399"],"publisherId":["musqtl"],"volume":"LVI","issue":"4","pages":{"first":"759","last":"778"},"genre":["journal"],"subject":[{"value":"Articles"}]},"namedEntities":{"unitex":{"date":["5","in the eighteenth century","1970","1964","6","7 and 10-11","1785","2","8 and 9-16","1771","19th century"],"geogName":[],"orgName":[],"orgName_funder":[],"orgName_provider":[],"persName":["Henry Hadow","Ernst Kurth","H. Goldschmidt","Edward T. Cone","Joseph Haydn","Grosvenor W. Cooper","Alfred Einstein","Gerald","Leonard Ratner","Geneva Psalms","Paul Henry","Jan LaRue","Hans Gil","C.Opuj","Leonard B. Meyer","Guido Adler","J. Haydn","Walter Wiora","Friedrich Blume","Kurt von Fischer","Wilhelm Fischer","W. Cooper","William Newman"],"placeName":["Vienna","Budapest"],"ref_url":[],"ref_bibl":["Kauel, 1967","London, 1892","New York, 1968","Chicago, 1960","London, 1938"],"bibl":[]}},"ark":["ark:/67375/HXZ-BGSR1CC6-X"],"categories":{"wos":[],"scienceMetrix":["1 - arts & humanities","2 - visual & performing arts","3 - music"],"scopus":["1 - Social Sciences","2 - Arts and Humanities","3 - Music"]},"publicationDate":"1970","copyrightDate":"1970","enrichments":{"type":["multicat","refBibs","teeft","unitex"]},"doi":["10.1093/mq/LVI.4.759"],"_id":"A47CA1DF0B231A5DC832163545D1CC35CE9C37BC"}