{"corpusName":"oup","keywords":{"teeft":["artwork","absolute music","esthetic theory","esthetic","musical quarterly","richard wagner","instrumental music","musical drama","beethoven symphony","other art","vocal music","separate art","human feeling","real life","dramatic action","operatic theory","musical esthetic","same time","in life","dramatic theory","early romantic esthetic","pure instrumental music","creative artist","esthetic treatment","special medium"]},"author":[{"name":"EDWARD ARTHUR LIPPMAN"}],"articleId":["XLIV.2.209"],"arkIstex":"ark:/67375/HXZ-CJCZ2JG8-V","language":["eng"],"originalGenre":["research-article"],"qualityIndicators":{"score":4.83,"pdfWordCount":4780,"pdfCharCount":26681,"pdfVersion":1.3,"pdfPageCount":12,"pdfPageSize":"449 x 679 pts","pdfWordsPerPage":398,"pdfText":true,"refBibsNative":false,"abstractWordCount":0,"abstractCharCount":0,"keywordCount":0},"title":"THE ESTHETIC THEORIES OF RICHARD WAGNER","genre":["research-article"],"host":{"title":"The Musical Quarterly","language":["unknown"],"issn":["0027-4631"],"eissn":["1741-8399"],"publisherId":["musqtl"],"volume":"XLIV","issue":"2","pages":{"first":"209","last":"220"},"genre":["journal"],"subject":[{"value":"Articles"}]},"namedEntities":{"unitex":{"date":["1860","1957","1850","1958","In the 19th century","1840","1880","the first centuries","the 19th century","1879","1841","1870","1857"],"geogName":[],"orgName":[],"orgName_funder":[],"orgName_provider":[],"persName":["Wagner","Charles Darwin","Richard Wagner","German Stabreim","E. T. A. Hoffmann"],"placeName":["Greece","Los Angeles","Bayreuth","Zurich","Palestrina"],"ref_url":[],"ref_bibl":[],"bibl":[]}},"ark":["ark:/67375/HXZ-CJCZ2JG8-V"],"categories":{"wos":[],"scienceMetrix":["1 - arts & humanities","2 - visual & performing arts","3 - music"],"scopus":["1 - Social Sciences","2 - Arts and Humanities","3 - Music"]},"publicationDate":"1958","copyrightDate":"1958","enrichments":{"type":["multicat","refBibs","teeft","unitex"]},"doi":["10.1093/mq/XLIV.2.209"],"_id":"BE98375A32ACABFD1A4BB7107DF16729D2109D23"}