{"corpusName":"wiley","keywords":{"teeft":["rhetorical","journal compilation","blackwell publishing","music analysis","hepokoski","sonata theory","closure","darcy","string quartet","tonic","cadential","hyland","module","thematic","recapitulation","tonality","sonata form","ibid","cresc","expositional","thematic material","rotational","chromaticism","tetrachord","caplin","tonal closure","motivic","bass progression","cadence","musical space","rotational principle","sonata space","sonata","thematic return","sonata principle","rhetorical elements","tonal elision","articulation","exposition","progression","musical time","dominant recapitulation","string quintet","tonal form","chromatic tetrachord","slow introduction","double return","blackwell","tonal","musical surface","grand antecedent","rhetorical demarcation","instrumental music","tonal factors","primary theme","tonic harmony","cadential arrival","fourth symphony","other words","rhetorical form","chromatic dyads","chromatic motive","formal design","auxiliary cadence","oxford university press","schubert","rhetorical closure","late stage","rhetorical parameters","introductory theme","tonic presentation","second rotation","rhetorical signals","viola part","consequent phrase","tonal concerns","beethoven forum","tonal music","tonal shift","tonic chord","william caplin","critical inquiry","orientated interpretation","normative practice","formal closure","secondary parameters","harmonic progression","tonic arrival","tonic deferral","piano trio","expositional space","fifth symphony","structural import","medial caesura","second half","punctuation model","continuous exposition","individual movements","home tonic","fortspinnung module","james hepokoski","freie satz","music theory","musical form","musicae scientiae","sonata analysis","second symphony","thematic module","developmental activity","main theme","music theory spectrum","presentation phrase","cambridge university press","adagio introduction","deformation"]},"author":[{"name":"Anne M Hyland","affiliations":["King's College, Cambridge"]}],"articleId":["MUSA296"],"arkIstex":"ark:/67375/WNG-26WR9HDV-0","language":["eng"],"originalGenre":["article"],"abstract":"This article addresses the issue of parametric non‐congruence as it affects the articulation of closure in the first movement of Schubert's String Quartet in C major, D. 46. This movement displays two formal irregularities which render it problematic in relation to sonata theory: first, the presentation of new thematic material in the exposition does not correspond with a modulation to the dominant key, and second, the recapitulation of the primary theme commences over an active bass progression. As such, D. 46/i provides an apt setting for an appraisal of how effective sonata theory is in the treatment and understanding of closure when the very elements which ought to express it are ostensibly incompatible. The distinction I draw between tonal (syntactic) and rhetorical (semantic) closure in this article (founded in the work of Kofi Agawu, among others) aims at demonstrating that the adherence to a hierarchical perspective of form in which tonality dominates is of little service when examining a work in which local cadential closure is persistently evaded. Ultimately, my analysis shall illustrate the through‐composed design of this movement and, in so doing, question the unrelenting reliance on cadence and contrapuntal closure as delineators of sonata space.","qualityIndicators":{"score":9.364,"pdfWordCount":11117,"pdfCharCount":66564,"pdfVersion":1.3,"pdfPageCount":32,"pdfPageSize":"484.7 x 697.3 pts","pdfWordsPerPage":347,"pdfText":true,"refBibsNative":true,"abstractWordCount":197,"abstractCharCount":1279,"keywordCount":0},"title":"Rhetorical Closure in the First Movement of Schubert's Quartet in C major, D. 46: A Dialogue with Deformation","genre":["article"],"host":{"title":"Music Analysis","language":["unknown"],"doi":["10.1111/(ISSN)1468-2249"],"issn":["0262-5245"],"eissn":["1468-2249"],"publisherId":["MUSA"],"volume":"28","issue":"1","pages":{"first":"111","last":"142","total":"32"},"genre":["journal"]},"namedEntities":{"unitex":{"date":["2009","1979","1820","eighteenth century","2006","1785","twentieth century","2007"],"geogName":[],"orgName":["Blackwell Publishing Ltd","Blackwell Publishing Ltd."],"orgName_funder":[],"orgName_provider":[],"persName":["Su Yin","Naomi Cumming","Steve Larson","Heinrich Schenker","Schenker","Vetter","James Webster","William Caplin","Charles Rosen","Paul Wing","Joan Stambaugh","Michael Spitzer","Robert Adlington","Warren Darcy","Daniel Coren","Patricia Carpenter","Max Paddison","Jean Sibelius","Julian Horton","Nicholas Marston","Gordon Sly","Satz","Walther Vetter","Smith","Symphony","V. Ko","Thomas F. Dunhill","James Hepokoski","David Epstein","Mark Anson-Cartwright"],"placeName":["Poland","Freiburg im Breisgau","Warsaw","Cambridge"],"ref_url":[],"ref_bibl":["Mak 1997, p. 161","Hepokoski and Darcy 2006, p. 612","Caplin 2004, p. 97","Anson-Cartwright 2007, p. 1","Webster 1992, p. 28","Hepokoski and Darcy 2006, p. 13","Marston 2000b","Mitchell 1980, p. 544","Hepokoski and Darcy 2006, p. 52","Hepokoski and Darcy 2006, p. 29","Smith 1994, p. 238","Hepokoski and Darcy (2006, p. 29)","Agawu 1991, p. 81","Coren 1974, p. 573","Morgan 1980, p. 529","Beach (1993)","Caplin 2004, p. 56","Rosen 1988, p. 393","Smith 1994, p. 237","Sly (2001)","Black 1997","Adorno 2005, p. 7","Hepokoski and Darcy 2006, p. 276","Dunhill 1927, p. 18","Caplin 2004, p. 77","Marston (2000a)","Webster (2009)","Spitzer 2007, p. 151","Hepokoski and Darcy 2006","Sly 2001, p.121","Blackwell Publishing Ltd., 9600","Epstein 1979, p. 195","Anson-Cartwright 2007, p. 2"],"bibl":[]}},"ark":["ark:/67375/WNG-26WR9HDV-0"],"categories":{"wos":[],"scienceMetrix":["1 - arts & humanities","2 - visual & performing arts","3 - music"],"scopus":["1 - Social Sciences","2 - Arts and Humanities","3 - Music"],"inist":["1 - sciences humaines et sociales"]},"publicationDate":"2009","copyrightDate":"2009","enrichments":{"type":["multicat","nb","teeft","unitex"]},"doi":["10.1111/j.1468-2249.2010.00296.x"],"_id":"59FFC0F9BEA4854147D9F6B3A5D3752215793BE2"}