{"corpusName":"oup","keywords":{"teeft":["metrical structure","metrical","metrical accent","structural accent","grouping structure","downbeat","anacrusis","grouping","hierarchical","musical quarterly","metrical level","tonal music","accentuation","cadence","structural downbeat","next larger level","other hand","metrical analysis","smaller level","upbeat","grouping boundary","musical structure","metrical pattern","particular level","structural anacrusis","phenomenal accent","accent","metrically","meter","spatial analogy","generative theory","metrical hierarchy","generative music theory","larger level","metrical grid","musical flow","fifth symphony","regular alternation","tonal motion","pitch structure","measure level","inherent grouping","musical surface","smallest level","same metrical level","third level","formal theory","weak metrical point","harmonic","phenomenal","classical tonal music","phenomenal accentuation","metrical accentuation","rhythmic complexity","region overlap","rhythmic structure","musical signal","conductor wave","antecedent phrase","geometric point","musical intuition","consequent phrase","harmonic arrival","analytic notation","successive measure","large level","thematic parallelism","grouping overlap","musical cognition","metrical theory","harmonic rhythm","last section","first measure","global level","metrical shift","conservative hearing","previous pattern","radical hearing","other respect","beethoven scherzo","rhythmic analysis","traditional prosody","larger metrical level","motivic cell","haydn minuet","listener tap","full cadence","structural parallel","regular pattern","such case","rhythmic intuition","present purpose","musical group","fourth measure","next phrase","music theory","larger group","hierarchical organization","local anacrusis","first movement","notation"]},"author":[{"name":"FRED LERDAHL"},{"name":"RAY JACKENDOFF"}],"articleId":["LXVII.4.479"],"arkIstex":"ark:/67375/HXZ-MV82N1Z8-0","language":["eng"],"originalGenre":["research-article"],"qualityIndicators":{"score":5.05,"pdfWordCount":8267,"pdfCharCount":46583,"pdfVersion":1.3,"pdfPageCount":28,"pdfPageSize":"448 x 677 pts","pdfWordsPerPage":295,"pdfText":true,"refBibsNative":false,"abstractWordCount":0,"abstractCharCount":0,"keywordCount":0},"title":"On the Theory of Grouping and Meter","refBibs":[],"genre":["research-article"],"host":{"title":"The Musical Quarterly","language":["unknown"],"issn":["0027-4631"],"eissn":["1741-8399"],"publisherId":["musqtl"],"volume":"LXVII","issue":"4","pages":{"first":"479","last":"506"},"genre":["journal"],"subject":[{"value":"Articles"}]},"namedEntities":{"unitex":{"date":["1981","5","6","19S","9"],"geogName":[],"orgName":[],"orgName_funder":[],"orgName_provider":[],"persName":["Leonard Bernstein","David Marr","Samuel Jay","Grosvenor Cooper","Elliot Forbes","Andrew Irabrie","Andrew Imbrie","Edward T. Cone","A. Tyson","An Introduction","C. Komar","Arthur Koroar","Leonard B. Meyer","Roger Sessions","Ernst Oster","David Epstein","Carl Schachter","Donald Francis"],"placeName":["Mass.","Halle","Vienna","Cambridge"],"ref_url":[],"ref_bibl":["New York, 1971","Leipzig, 1903","San Francisco, 1981","New York, 1975","New York, 1968","New York, 1979","New York, 1951","Chicago, 1960","New York, 1973","Princeton, 1971","New Haven, 1976","New York, 1972","Vienna, 1921"],"bibl":[]}},"ark":["ark:/67375/HXZ-MV82N1Z8-0"],"categories":{"wos":[],"scienceMetrix":["1 - arts & humanities","2 - visual & performing arts","3 - music"],"scopus":["1 - Social Sciences","2 - Arts and Humanities","3 - Music"]},"publicationDate":"1981","copyrightDate":"1981","enrichments":{"type":["multicat","refBibs","teeft","unitex"]},"doi":["10.1093/mq/LXVII.4.479"],"_id":"20E836177F68B1D701113FA8762E41397BFD378D"}