{"corpusName":"oup","keywords":{"teeft":["major sonata","minor quartet","fugue","coda","first movement","mendelssohn","piano sonata","eric werner","slow movement","seventh chord","late beethoven","early work","third movement","heiliger dankgesang","robert schumann","fugue subject","slow introduction","semiquaver transition","principal theme","second movement","sonata"]},"author":[{"name":"JOSCELYN GODWIN"}],"articleId":["LV.3.272"],"arkIstex":"ark:/67375/HXZ-D1FHZKLZ-N","language":["eng"],"originalGenre":["research-article"],"qualityIndicators":{"score":2.744,"pdfWordCount":2694,"pdfCharCount":14791,"pdfVersion":1.2,"pdfPageCount":14,"pdfPageSize":"429 x 704 pts","pdfWordsPerPage":192,"pdfText":true,"refBibsNative":false,"abstractWordCount":0,"abstractCharCount":0,"keywordCount":0},"title":"EARLY MENDELSSOHN AND LATE BEETHOVEN","genre":["research-article"],"host":{"title":"Music and Letters","language":["unknown"],"issn":["0027-4224"],"eissn":["1477-4631"],"publisherId":["musicj"],"volume":"LV","issue":"3","pages":{"first":"272","last":"285"},"genre":["journal"],"subject":[{"value":"Articles"}]},"namedEntities":{"unitex":{"date":["1974","1835"],"geogName":[],"orgName":[],"orgName_funder":[],"orgName_provider":[],"persName":["Mendelssohn","Anton Schindler","Philip Radcliffe","Julius Rietz","Donald MacArdlc","Fanny Raymond","Robert Schumann","Philip Radcliffc","Sonata","Queen Victoria"],"placeName":[],"ref_url":[],"ref_bibl":["E major sonata, 1826","London, 1963","London, 1966"],"bibl":[]}},"ark":["ark:/67375/HXZ-D1FHZKLZ-N"],"categories":{"wos":[],"scienceMetrix":["1 - arts & humanities","2 - visual & performing arts","3 - music"],"scopus":["1 - Social Sciences","2 - Arts and Humanities","3 - Music"]},"publicationDate":"1974","copyrightDate":"1974","enrichments":{"type":["multicat","refBibs","teeft","unitex"]},"doi":["10.1093/ml/LV.3.272"],"_id":"89EB6748D241BB2F8E4F3B9DDFD00285C2C74F9C"}