{"corpusName":"oup","keywords":{"teeft":["lehre","ibid","pedagogy","nageli","herbart","pestalozzi","sich","anschauung","alte","satz","ruhe","bewegung","theorist","bernstein","musiklehre","swanwick","musical knowledge","alte musiklehre","pestalozzian","musical composition","musik","music theory","durch","first edition","music education","theil","nicht","pedagogical","dahlhaus","noch","enculturation","johann","compositional","naturalization","musical development","entwickelnd","nach","beneke","logier","einem","offenbar","diesterweg","auch","abschnitt","leipzig","trans","marx","nineteenth century","progression","treatise","music pedagogy","relational idea","alte musikuhre","judgement","riemann","tonic","friedrich","musical experience","keith swanwick","second edition","teaching method","education theory","pestalozzian method","mental respiration","musical object","music history","musical understanding","pedagogical method","sixth edition","musical education","cognitive","pedagogue","music psychology","first principle","musical ability","psychological process","mental model","ihre pflege","mental life","melodic contour","beethoven hero","musical parameter","piano sonata","berlin university","dynamic model","national curriculum","scott burnham","final stage","higher level","operative knowledge","course material","howard gardner","early nineteenth century","general principle","opening chapter","composition treatise","erster abschnitt","music analysis","second section","cognitive development","weak classification","sonata form","figure such","marx point","compositional course","century music","compositional activity","fundamental element","effective medium","language acquisition","musical style","musikalischen komposition","universal school","hermann helmholtz","matthaus zeheter","developmental progression","gottfried wilhelm fink","musical structure","subsequent edition","bestimmt abgeschlossenes einfaches tongebilde","bestimmende form entgegen","simple form","gestaltende wille","implicative pattern","first theorist","formal principle","concrete example","attainment target","metrical structure","first part","johann theory","second part","music theorist","gary hatfield","gestalt school","beethoven reception","sensuous impression","johann pestalozzi","prime form","early nineteenth","formal theory","educational theory","neunzehnten jahrhunderts","other hand","dynamic impulse","theoretical category","lotte thaler","pedagogue such","notated curve","octave scale","organische form","deeper level","separate discipline","compositional mastery","late stage","many way","modern theorist","modern discourse","fourth edition","quadratic model","musical form","first stage","pianistic stage","third stage","lehre rehearses","early childhood","developmental psychology","opposite tendency","lyle davidson","wrong reason","vocal form","first regard","second regard","more abstract level","normative side","core science","aesthetic side","johann friedrich herbart","high level","associationist psychology","much more","highest level","foundational stage","whole scale","german tradition","empirical perspective","georg sowa","musical phrase","weiter abschnitt","summary example","sequential repetition","fifth symphony","charles plummeridge","cognitive rhythm","formal step","other word","fourth step","blissful playfulness","in life","erster theil","zweiter theil","eric clarke","personal experience","das"]},"author":[{"name":"MICHAEL SPITZER"}],"articleId":["79.4.489"],"arkIstex":"ark:/67375/HXZ-RRV20X1T-S","language":["eng"],"originalGenre":["research-article"],"qualityIndicators":{"score":5.05,"pdfWordCount":20658,"pdfCharCount":123803,"pdfVersion":1.2,"pdfPageCount":38,"pdfPageSize":"462 x 707 pts","pdfWordsPerPage":544,"pdfText":true,"refBibsNative":false,"abstractWordCount":0,"abstractCharCount":0,"keywordCount":0},"title":"MARX'S ‘LEHRE’ AND THE SCIENCE OF EDUCATION: TOWARDS THE RECUPERATION OF MUSIC PEDAGOGY","refBibs":[{"host":{"title":"Henry & Emmie Felkin as The Science of Education: its General Principles Deduced from its Aim The best recent book on Herbart's pedagogy in English is Harold B. Dunkel, Herbart and Herbartianism: an Educational Ghost Story See also Catherine Isabel Dodd, Introduction to the Herbarlian Principles of Teaching An Introduction to Herbart's Science and Practice of Education","publicationDate":"1897","author":[{"name":"Henry,M Felkin"}]}},{"host":{"title":"So ist doch der Zusammenhang dieser Anfange mit dem gewordenen Kunstwerk einen hohern Grad von Kunstbildung voraussetzt'. 120 Ibid","author":[{"name":"Die Marx"},{"name":" Musiklehre"}],"pages":{"first":"10","last":"11"}}},{"title":"The editors cite two works by Herbart dealing specifically with music, his Psychologische Betrachtungen u'ber die Lehre des Tons (1811) and Psychologische Untersuchungen (1839): 'Herbart felt that since harmonic relationships were based on mathematical principles, music's effect on us might be definable in terms of the way those principles operate","author":[],"publicationDate":"1988","host":{"title":"See Music and Aesthetics in the Eighteenth and Early-Nineteenth Centuries Cambridge","publicationDate":"1988","author":[],"pages":{"first":"306","last":"8"}}},{"title":"The most obvious distinction is probably between data-driven and conceptually-driven operations. Data-driven processes involve bottom-up analysis of perceptual features. Thus, for example, deciding how many vowels there are in the word WHITE is a data-driven process, and reading versus hearing a word will require different data-driven operations. In contrast, conceptuallydriven processes are much more top-down and involve the extraction of meaning. Knowing that white is the opposite of black would be an example","author":[{"name":"See David"},{"name":"W Green"}],"publicationDate":"1852","host":{"title":"Cognitive Science: an Introduction","publicationDate":"1852","author":[],"pages":{"first":"28","last":"127"}}},{"host":{"title":"The Science of Education, p. 131° See Felkin, An Introduction to Herbart's Science and Practice of Education","author":[{"name":" Herbart"}],"pages":{"first":"117"}}},{"title":"Wir beginnen mit dem Einfachsten, namlich mit einer einzigen Tonreihe . . . [Die Tone der Tonfolge] konnen einander so folgen, dass wir von tiefem Tonen zu hohem, oder von hohem zu tiefem, oder auch hin und her gehen","author":[{"name":"Marx "}],"publicationDate":"1837","host":{"title":"The School of Musical Composition Marx, Die Lehre","publicationDate":"1837","author":[],"pages":{"first":"12","last":"18"}}},{"host":{"title":"The School of Musical Composition","author":[{"name":"Marx "}],"pages":{"first":"12"}}},{"host":{"publicationDate":"1837","author":[{"name":"Die Marx"},{"name":" Lehre"}],"pages":{"first":"23"}}},{"host":{"title":"There are some subtle changes from the first edition (p. 26), indicated in parentheses. Italicized text indicates interpolationWir uns in kleinen","publicationDate":"1863","author":[{"name":"Die Marx"},{"name":" Lehre"}],"pages":{"first":"32"}}},{"host":{"title":"Gleichwohl bewegen wir uns mit ihm in der That auf demselben Pfade; wir haben denselben Weg schon jetit betreten, sind nur viel wetter zuriick; seine Ziele [seine Ideen] sind nur entlegenere, ihm allein (oder Wenigern) gesetzte [angehorige], wahrend unsere die allgemeinsten sind Daher eben konnen und mussen wir uns noch von jedem Schritt Rechenschaft geben und stets genau an das Vorhandene anschliessen","author":[]}},{"host":{"title":"See Bumham, Beethoven Hero","author":[]}},{"host":{"publicationDate":"1863","author":[{"name":"See,A B Marx"},{"name":" Ludwig Van Beethoven"}],"pages":{"first":"276"}}},{"host":{"title":"jener Spielseligkeit zuwider sein wurde, der Beethoven vor Vielen sich gern Liberlasst, wie er denn durch alle hohen Stunden und bittern Leiden hindurch stets der kindliche, nur gar zu gern frohe Mensch geblieben ist'. Marx's notion of 'play' is also indebted to Schiller's theory of the 'play-drive', the aesthetic condition through which the 'sense-drive' is reconciled with the 'formal-drive'. See Friedrich Schiller, On the Aesthetic Education of Man","publicationDate":"1967","author":[{"name":" Ibid"}],"pages":{"first":"276","last":"7"}}},{"host":{"title":"und vereinigte sich mil ihm zu einem griissern Ganzen, der Peri ode, in der jene beiden als Vordersatz und Nachsatz stehen; 9. beide letztere offenbarten ihren eigenthumlichen Karakter durch die urspriinglich einem jeden gebiihrende Ricbtung der Melodie Hjermit haben wir die drei Grundformen aller musikalischen Konstruktion Satz — Periode —Gang, hervorgefuhpt und die Bedingangen ihres Baaes erkannt. Zweiter Abschnitt. Eigne Erfindung einstimmiger Satze. Nach diesen voraasgegangenen Betrachtangen hebt nan die eigne, allmahlig freier werdende Thatigkeit desJiingers an, die darin besteht, aus den oben aafgewiesenen Formen immer neae and reichere zu entfalten; — und zwar auf dieselbe Weise, die uns bis bierher gefiihrt hat. Ueberall, von der ersten gegebnen Grundlage an, machten wir nns klar, was wir besassen, was unserc Toagebilde enthielten, was sie nach ihrem Zwccke noch foderte n oder'zulies.'sen; dies gab uns stets das noch Fehlende oder Neae an die Hand","author":[{"name":"— Elementen"},{"name":" Toaisch"},{"name":" Rhythmisch — Abzaschliessen"},{"name":" Nnd Wurde Zam Satze"}]}},{"host":{"author":[{"name":"Beethoven Burnham"},{"name":" Hero"}],"pages":{"first":"70"}}},{"host":{"title":"On the Classification and Framing of Knowledge', loc. cit.: 'With integrated codes, the pedagogy is likely to proceed from the deep structure to the surface structure","author":[{"name":" Bernstein"}]}},{"title":"I borrow the term 'regulatory images' from the work of the creativity theorist Howard Gruber on Darwin's sketches. See his Darwin on Man: a Psychological Study of Scientific Creativity","author":[],"publicationDate":"1974","host":{"title":"Three Books about Beethoven', Music Analysis, xv","publicationDate":"1974","author":[],"pages":{"first":"343","last":"66"}}},{"author":[],"publicationDate":"1996","host":{"title":"Concepts of World Music and their Integration within Western Secondary Music Education', Teaching Music","publicationDate":"1996","author":[],"pages":{"first":"152","last":"67"}}},{"title":"Die Musiktheorie im 18 Dahlhaus seems to associate 'psychology' purely with the Gestalt school","author":[],"publicationDate":"1984","host":{"title":"Grundzuge einer Systematic, Geschichte der Musiktheorie, x","publicationDate":"1984","author":[]}}],"genre":["research-article"],"host":{"title":"Music and Letters","language":["unknown"],"issn":["0027-4224"],"eissn":["1477-4631"],"publisherId":["musicj"],"volume":"79","issue":"4","pages":{"first":"489","last":"526"},"genre":["journal"],"subject":[{"value":"Articles"}]},"namedEntities":{"unitex":{"date":["1887","1832","1960s","1810","1850","1998","the nineteenth century","Nineteenth Centuries","1809","in the twentieth century","1838","Nineteenth Century","1863","1852","1841","19th Century"],"geogName":[],"orgName":["Berlin University","National Curriculum","TEACH US TODAY We"],"orgName_funder":[],"orgName_provider":[],"persName":["Even Marx","Marx Lehre","Howard Gardner","Richard Jalcoby","Johann Bernhard","Bernstein","Scott Bumham","Christian Natorp","David W. Bernstein","Henry Felkin","Catherine Dodd","Logier","Karl Gottlob","Charles Plummeridge","Walter Heise","Harold B. Dunkel","Max Winkler","Tuiskon Ziller","Friedrich Adolf","Thomas Christensen","Kenneth Clarke","Johann Herbart","Nageli","Jean Piaget","Lyle Davidson","Johann Logier","Charles-Simon Catel","Lehre","A. B. Marx","Gary Spruce","Scott Burnham","Marx","Sigrid Abel-Struth","Johann Friedrich","Joseph Riepel","Nicholas Cook","Wilhelm Fink","David W. Green","Bernhard Marx","Wilhelm Rein","Michael Young","Patrick Shove","German Oratorio","Friedrich Dittes","Elizabeth Wilkinson","Russell Kahl","Friedrich Eduard","Louis Spohr","Universal-Lexicon","An Introduction","Richard Hunter","Johann Mattheson","Adam Hitler","Bruno Repp","Keith Swanwick","Gertrude Teaches","Howard Gruber","Thomas S. Kuhn","Hermann Ebbinghaus","John Rink","Michael Pfeiffer","Gang","June Tillman","Matthaus Zeheter","Carl Dahlhaus","Henry M. Felkin","Herbert Hayward","Pestalozzi","Eugene Walter","Kate Silber","Johann N. Schmidt","Ludwig van Beethoven","Eric Clarke","Thomas Kuhn","Friedrich Wahner","John Sloboda","Gerhard Braun","German Idealism","Leonard B. Meyer","Gary Hatfield","Hermann Helmholtz","Hugo Riemann","Christopher Hatch","Walter Wiora","Johann Pestalozzi","Lucy E. Holland","P. J. Stock","Catherine Isabel","Friedrich Schiller","Music","Wilhelm von Humboldt","J. B. Logier","Colin Griffin","Malcolm S. Knowles","Hans Georg","James Day","David Jones","Basil Bernstein","Friedrich Schleiermacher","Glenn Stanley","Rita Aiello","Heinrich Koch","James F. Brennan","Max Schipke","Kurt-Erich Eicke"],"placeName":["Leipzig","Leiden","Berlin","Switzerland","Interlaken","Greece","Munich","Regensburg","Kassel","Darmstadt","Stuttgart","London","Leibnitz","Europe","Athens","Frankfurt","Chicago","Middletown","York","Cambridge","England","Mainz","Zurich","Auch"],"ref_url":[],"ref_bibl":["1st edn, 1837","Brandeis University, 1988","National Curriculum, London, 1992","AmZ, 1811, p. 28","4th edn, 1852","Education and Science, 1992","Wurdlingen, 1847"],"bibl":[]}},"ark":["ark:/67375/HXZ-RRV20X1T-S"],"categories":{"wos":[],"scienceMetrix":["1 - arts & humanities","2 - visual & performing arts","3 - music"],"scopus":["1 - Social Sciences","2 - Arts and Humanities","3 - Music"]},"publicationDate":"1998","copyrightDate":"1998","enrichments":{"type":["multicat","refBibs","teeft","unitex"]},"doi":["10.1093/ml/79.4.489"],"_id":"FF7A8E644CC485A90A8854F27AAB6F3215C4624C"}