{"corpusName":"oup","keywords":{"teeft":["franck","cesar","egoism","cesar franck","sonata form","responsive expression","spiritual environment","fifth symphony","human progress","significant work","classical structure","gradual process","widest possible foundation","classical form","spiritual process","classical element","chief glory","spiritual insight","papal infallibility","analytical form","latest work","classical egoism","adequate consciousness","dean inge","classical tradition","classical composer","classical style","ninth symphony","same time","cyclical treatment","last year","beethoven","aspiration"]},"author":[{"name":"R. V. DAWSON"}],"articleId":["XI.2.110"],"arkIstex":"ark:/67375/HXZ-DV9B0S89-K","language":["eng"],"originalGenre":["research-article"],"qualityIndicators":{"score":5.05,"pdfWordCount":5531,"pdfCharCount":30780,"pdfVersion":1.3,"pdfPageCount":14,"pdfPageSize":"474 x 702 pts","pdfWordsPerPage":395,"pdfText":true,"refBibsNative":false,"abstractWordCount":0,"abstractCharCount":0,"keywordCount":0},"title":"BEETHOVEN AND CESAR FRANCK","genre":["research-article"],"host":{"title":"Music and Letters","language":["unknown"],"issn":["0027-4224"],"eissn":["1477-4631"],"publisherId":["musicj"],"volume":"XI","issue":"2","pages":{"first":"110","last":"123"},"genre":["journal"],"subject":[{"value":"Articles"}]},"namedEntities":{"unitex":{"date":["1930","throughout the nineteenth century","1814","from the seventeenth century"],"geogName":[],"orgName":[],"orgName_funder":[],"orgName_provider":[],"persName":["Pullan","Lascelles Abercrombie","Pio Nono","Dean Inge","Franck","Cesar Franck","J. S. Bach"],"placeName":["Auerstadt","Germany","St. Francis","Jena","Ulm","Seville","St. Benedict","Europe","France","Papal States","Belgium"],"ref_url":[],"ref_bibl":[],"bibl":[]}},"ark":["ark:/67375/HXZ-DV9B0S89-K"],"categories":{"wos":[],"scienceMetrix":["1 - arts & humanities","2 - visual & performing arts","3 - music"],"scopus":["1 - Social Sciences","2 - Arts and Humanities","3 - Music"]},"publicationDate":"1930","copyrightDate":"1930","enrichments":{"type":["multicat","refBibs","teeft","unitex"]},"doi":["10.1093/ml/XI.2.110"],"_id":"9B20CBED2ED6C9DFCAE532E51859324258F8FE1F"}