{"corpusName":"sage","keywords":{"teeft":["music educators","proper perspective","large portion","instructional technology","january","continual reexamination","perspectives change","reinterpretation","past demand reinterpretation","november","headphone","medallion","peace medallion","young people today","current issue","special section","bicentennial","beethoven bicentennial","contemporary feeling","javier","cabada","artist javier cabada","traditional image","dynamic personality","intense powers","etching","ricketson","american sculptor walton ricketson","england artist","intaglio","visual representation","youth today","december","successful composer","beethoven legacy","possible teaching approaches","school music series textbooks","comprehensive chart","current series","tone9","next month","cecil isaac guides","latest books","relative merits","important factors","music education profession","journal pages","major statement","critical issues","profession today","second phase","gretw","focal points","conference activity","immediate future","school music programs","overall community culture","menc","menc goals","different vantage point","different aspect","messaee","music education messaee","amined","uavid","communicative element","practical alternative","shoemaker","shoemaker maps","doctoral degree","mind william james","doctoral","technological materials","doctorate","octopus","cecil","reexamination","beethoven"]},"articleId":["10.2307_3392925"],"arkIstex":"ark:/67375/M70-9W3R5X7C-R","language":["eng"],"originalGenre":["other"],"qualityIndicators":{"score":2.655,"pdfWordCount":643,"pdfCharCount":4017,"pdfVersion":1.5,"pdfPageCount":1,"pdfPageSize":"612 x 879 pts","refBibsNative":false,"abstractWordCount":1,"abstractCharCount":0,"keywordCount":0},"title":"Overtones","genre":["other"],"host":{"title":"Music Educators Journal","language":["unknown"],"issn":["0027-4321"],"eissn":["1945-0087"],"publisherId":["MEJ"],"volume":"57","issue":"4","pages":{"first":"21","last":"21"},"genre":["journal"]},"namedEntities":{"unitex":{"date":["1970","1969","1971","1873"],"geogName":[],"orgName":[],"orgName_funder":[],"orgName_provider":[],"persName":["David Ward-Steinman","Charles B. Fowler","A. Berger","William James","Harry Morgan"],"placeName":["D.C."],"ref_url":[],"ref_bibl":[],"bibl":[]}},"ark":["ark:/67375/M70-9W3R5X7C-R"],"publicationDate":"1970","copyrightDate":"1970","enrichments":{"type":["refBibs","teeft","unitex"]},"doi":["10.2307/3392925"],"_id":"742A5C2AC9F6F75251ED1E0D7A2415723FF75F6A"}