{"corpusName":"oup","keywords":{"teeft":["meyerbeer","huguenot","giacomo meyerbeer","semitone","bellini","vocal score","giacomo","duet","norma","quarter note","vincenzo bellini","harmonic cadence","diary entry","score bellini","semitone step","opening chorus","great composer","heinz becker","magic garden","italian opera","bellinian melody","nineteenth century","parallel third","casta diva","major section","ablest dramatist","sixteenth note","short note","opening scene","middle section","vocal line","whole history","melodic","diary","melody"]},"author":[{"name":"ROBERT IGNATIUS LETELLIER"}],"articleId":["17.3.361"],"arkIstex":"ark:/67375/HXZ-BRQNCZ3P-Q","language":["eng"],"originalGenre":["research-article"],"qualityIndicators":{"score":5.05,"pdfWordCount":6920,"pdfCharCount":37265,"pdfVersion":1.3,"pdfPageCount":19,"pdfPageSize":"617 x 799 pts","pdfWordsPerPage":364,"pdfText":true,"refBibsNative":false,"abstractWordCount":0,"abstractCharCount":0,"keywordCount":0},"title":"Bellini and Meyerbeer","refBibs":[{"title":"Some Comments on the Relationship between Wagner and Meyerbeer","author":[{"name":"Max Sec"},{"name":" Brod"}],"publicationDate":"1964","host":{"title":"Tear Book LX of the Leo Baeck Institute","publicationDate":"1964","author":[],"pages":{"first":"202","last":"4"}}},{"host":{"title":"Law's \"Selected Bibliography of Literature on Vincenzo Bellini\" in this issue of The Opera Quarterly","author":[{"name":"See Joe"},{"name":"K "}]}},{"host":{"publicationDate":"1970","author":[{"name":"Heinz Becker"},{"name":"Giacomo,Meyerbeer Zimmerman"},{"name":"Giacomo Meyerbeer"}]}},{"host":{"publicationDate":"1999","author":[{"name":"N,J Madison"}],"pages":{"first":"1840","last":"1849"}}},{"title":"That dead and ignored work of Meyerbeer\" as Sacheverell Sitwell wrote in 1954","author":[],"publicationDate":"1955","host":{"title":"See Liszt","publicationDate":"1955","author":[],"pages":{"first":"p. xxv"}}},{"host":{"title":"Spontini's La vestaU was among die scores Bellini entrusted to the care of his friend Florimo when he left Naples for Milan","publicationDate":"1827-04","author":[]}},{"author":[{"name":"See Friedrich Lippmann"}],"publicationDate":"1992","host":{"title":"The New Grove Dictionary of Opera Stanley SadieCharakteristisch ist fur Meyerbeer die kurze Melodienphrasc, die 'tigne brisif","publicationDate":"1992","author":[],"pages":{"first":"394","last":"8"}}},{"title":"Ugne brisee, less the great arch, die symphonic style]. See Heinz Becker","author":[{"name":" Zug"}],"publicationDate":"1961","host":{"title":"Meyerbeer,\" in DieMusik in Geschicbte und Gegenwart: AUgemeine Enzyklopadie derMusik","publicationDate":"1961","author":[],"pages":{"first":"259"}}},{"host":{"title":"The History of Music Kegan Paul, Trench, Trubner","publicationDate":"1922","author":[{"name":"See,Cecil Gray"}],"pages":{"first":"197","last":"98"}}},{"author":[],"publicationDate":"1938","host":{"title":"Contingencies and Other Essays","publicationDate":"1938","author":[],"pages":{"first":"105","last":"20"}}},{"host":{"title":"The History of Music","author":[{"name":" Gray"}],"pages":{"first":"98"}}},{"author":[{"name":"David Ewen"}],"publicationDate":"1949","host":{"title":"The Encyclopedia of Musical Masterpieces It is again interesting to note that both Elisabetta and Mose were among the scores Bellini left in the care of Florimo in 1827","publicationDate":"1949","author":[]}},{"author":[{"name":"Ildebrando Pizzetti"},{"name":"Vincenzo Bellini"}],"publicationDate":"1930","host":{"title":"Encidopedia italiana","publicationDate":"1930","author":[]}},{"host":{"title":"For a close analysis of Bellini's style, see Lippmann","author":[],"pages":{"first":"392","last":"93"}}},{"title":"Bewitched in a Magic Garden: Giacomo Meyerbeer in Italy","author":[{"name":"Andrew Sec"},{"name":" Everett"}],"publicationDate":"1988","host":{"title":"The Donizetti Society Journal","publicationDate":"1988","author":[],"issue":"6","pages":{"first":"163","last":"92"}}},{"host":{"title":"The Diaries of Giacomo Meyerbeer","author":[{"name":"See Letellier"}],"pages":{"first":"348","last":"57"}}},{"title":"Meyerbeer: H Crodato: le grand ope'ra avant le grand op^ra","author":[],"publicationDate":"1988","host":{"title":"UOpera tra Venezia e Parigi","publicationDate":"1988","author":[],"pages":{"first":"119","last":"31"}}},{"title":"The best introduction to II crodato in Egitto is by Don White","author":[],"publicationDate":"1992","host":{"title":"Meyerbeer in Italyf in the booklet accompanying the Meyerbeer Bicentennial Recording","publicationDate":"1992","author":[],"pages":{"first":"13","last":"70"}}},{"host":{"title":"White discusses the influential nature of Meyerbeer's structural and stylistic innovations in the opening scenes of his late Italian operasIt is a continuation of the style of multi-movement Introduzione that Meyerbeer had begun to develop with L'esule di Granata in 1822. And indeed far from Meyerbeer imitating Rossini, it was Rossini who imitated Meyerbeer","author":[],"pages":{"first":"53"}}},{"author":[],"host":{"title":"Egitto (Paris: Pacini, 1826)","author":[],"pages":{"first":"1","last":"14"}}},{"host":{"title":"Meyerbeer in Italy See no. 4 {Scena e DuettoAh non ti son piu caro","author":[{"name":" Cited In White"}],"pages":{"first":"23","last":"24"}}},{"host":{"title":"See the article by Catherine Join- Dieterlc in Romantisme: Revue de la Soditi des ttudesRomantiques, nos","publicationDate":"1980","author":[],"pages":{"first":"28","last":"29"}}},{"host":{"title":"The Diaries cf Giacomo Meyerbeer","author":[{"name":"See Letellier"}],"pages":{"first":"416"}}},{"author":[],"publicationDate":"1970","host":{"title":"The Viking Opera Guide","publicationDate":"1970","author":[],"pages":{"first":"5","last":"13"}}},{"author":[{"name":" Robert Le Diable"}],"host":{"title":"Paris: Brandus, n.d.)","author":[],"pages":{"first":"96","last":"101"}}},{"host":{"title":"The Diaries of Giacomo Meyerbeer","author":[{"name":"See Letellier"}],"pages":{"first":"454","last":"55"}}},{"host":{"title":"370; author's translation. 32. The most detailed analysis of","author":[]}},{"title":"Meyerbeer's use of the duet is Stephen Hucbner's \"Italianate Duets in Meyerbeer's","author":[],"publicationDate":"1989","host":{"title":"Grands Opiras™ Journal for Musicological Research","publicationDate":"1989","author":[],"volume":"8","pages":{"first":"203","last":"58"}}},{"title":"Casta diva\" is in G major","author":[],"publicationDate":"1991","host":{"title":"Bellini's autograph manuscript","publicationDate":"1991","author":[],"pages":{"first":"61","last":"69"}}},{"host":{"title":"Vincenzo Bellini","publicationDate":"1978","author":[{"name":" Kimbell 's"},{"name":" Sec"}],"pages":{"first":"70","last":"35"}}},{"author":[{"name":"Les Huguenots"}],"host":{"title":"Brandus","author":[],"pages":{"first":"243","last":"48"}}},{"host":{"title":"This comes from Verdi's famous letter of 2 May 1898 addressed to Camille Bellaigue","author":[]}},{"author":[{"name":"Les Huguenots"}],"host":{"title":"Brandus","author":[],"pages":{"first":"375","last":"81"}}},{"title":"The classic analysis of this scene and the famous love duct is Edgar Istel's \"Act IV of Les Huguenots","author":[],"publicationDate":"1936","host":{"title":"The Musical Quarterly","publicationDate":"1936","author":[],"volume":"22"}},{"author":[{"name":"Les Huguenots"}],"host":{"title":"Brandus","author":[],"pages":{"first":"356","last":"65"}}},{"host":{"author":[{"name":" Norma"}],"pages":{"first":"214","last":"20"}}},{"host":{"title":"Luck most aptly captures the psychological implications of Bellini's powerful drama in this piece: The choruses in Bellini's operas do not serve a purely decorative function, but show a nation with a topical message in Italy of the 1830s","author":[{"name":"Eva Pinter"},{"name":"- "}]}}],"genre":["research-article"],"host":{"title":"The Opera Quarterly","language":["unknown"],"issn":["0736-0053"],"eissn":["1476-2870"],"publisherId":["operaq"],"volume":"17","issue":"3","pages":{"first":"361","last":"379"},"genre":["journal"],"subject":[{"value":"Articles"}]},"namedEntities":{"unitex":{"date":["1950s","1831","1818","1836","1825","1854","2001","1832","1969","the nineteenth century","8 and 12/8","1954","1822","nineteenth century","1827","1830s","1830"],"geogName":[],"orgName":[],"orgName_funder":[],"orgName_provider":[],"persName":["Meyerbeer","Anna Bolena","Queen Elizabeth","Eva Pinter-Luck","Sitwell","Paris Ope","Vincenzo Bellini","Stanley Sadie","Constant Lambert","Martina Franca","Anna Bolcna","Robert Lctellier","Sabine Henze-Dohring","Richard Wagner","Reiner Zimmerman","Otto Bettmann","Maria Callas","Montserrat Caballd","Stephen Hucbner","Teresa Murano","Beatrice di Tenda","Giacomo Meyerbeer","Edgar Istel","Beethoven","J. S. Bach","Charles Osborne","Leyla Gencer","Joe K. Law","Fritz Bose","Friedrich Lippmann","Giuseppe Verdi","Gaetano Rossi","Max Brod","Kegan Paul","Pizzetti","Julian Budden","Gudrun Becker","Michael Beer","Andrew Everett","Joan Sutherland","David Kimbell","David Ewen","David KimbelL","Camille Bellaigue","Walter de Gruyter","Don White"],"placeName":["Naples","Berlin","Paris","Palermo","Dresden","Munich","Modena","Nice","Madison","Bologna","Messina","Europe","N.J.","Milan","Frankfurt","York","Syracuse","Italy"],"ref_url":[],"ref_bibl":["Milan, 1930","London: Opera Rara, 1992","London, 1964","Reinbck bei Hamburg: Rowohlt Taschenbuch Verlag, 1980","Paris: Pacini, 1826","Berlin: Henschel Verlag, 1991","Egitto (1824)","Florence, 1988","Milan: Ricordi, 1991","July-September 1816","Cassel and Basel: Barenreiter, 1961","Ilpirata (1827)","1845, 1854","Tancredi (1813)","Berlin: Walter de Gruyter, 1970","London: Macmillan, 1992","Amanda Holden et al.","London: Cassell, 1955","[2000]","New York: Grosset & Dunlap, 1949"],"bibl":[]}},"ark":["ark:/67375/HXZ-BRQNCZ3P-Q"],"categories":{"wos":[],"scienceMetrix":[],"scopus":["1 - Social Sciences","2 - Arts and Humanities","3 - Music"]},"publicationDate":"2001","copyrightDate":"2001","enrichments":{"type":["multicat","refBibs","teeft","unitex"]},"doi":["10.1093/oq/17.3.361"],"_id":"6E5FDBE686BDC0A60B618AB89A7670E7BDEEF765"}