{"corpusName":"oup","keywords":{"teeft":["hach","hoffmann","instrumental music","symphonie","fifth symphony","sinfonia","symphonie oder sinfonia","musical quarterly","grand symphony","symphonic music","symphonic genre","american music","theodor hach","greatest variety","minor poem","grove dictionary","boston public library","allegorical illustration","gottfried wilhelm fink","fink","dwight","critical discourse","musical cyclopedia","chicago press","gustav schilling","early musical","orchestral music","boston academy","john sullivan dwight","perkins institution","music criticism","james russell lowell","frishberg saloman","massachusetts asylum","characteristic activity","psychological development","human doings","first movement","endless longing","bettina brentano","distant mellow horn","higher strain","symphonic beethoven","european context","american musicological society","rare book room","musical magazine","musical science","stanley sadie","fairleigh dickinson university press","cambridge university press","american reader","oder","genre","symphonic"]},"author":[{"name":"Ora Frishberg Saloman"}],"articleId":["76.4.488"],"arkIstex":"ark:/67375/HXZ-VSMSCMBH-0","language":["eng"],"originalGenre":["research-article"],"qualityIndicators":{"score":5.05,"pdfWordCount":5147,"pdfCharCount":31112,"pdfVersion":1.3,"pdfPageCount":14,"pdfPageSize":"473 x 703 pts","pdfWordsPerPage":368,"pdfText":true,"refBibsNative":false,"abstractWordCount":0,"abstractCharCount":0,"keywordCount":0},"title":"Fink, Hach, and Dwight's Beethoven in 1843–44","refBibs":[{"title":"667—68, based primarily on his For additional recent bibliography, see Sterling F. Delano, The HAR- B/NGER and New England Transcendenta/ism: A Portrait of Assodationism in AmericaDwight and Perkins on Wagner: A Controversy Within the American Cultivated Tradition","author":[{"name":"John Dwight"},{"name":" Sullivan"}],"publicationDate":"1952","host":{"title":"New Grove Dictionary of American Music The New England TTanscendentalists and the DIAL: A History of the Magazine and Its Contributors Mu5ic and Civilization: Essays in Honor of Paul Henry Lang Edmond Strainchamps and Maria Rika Maniates in collab. with Christopher Hatch","publicationDate":"1952","author":[],"pages":{"first":"145","last":"49"}}},{"title":"A suggestive approach has been Richard Crawford's important call for the study of musical learning and its dissemination in nineteenth-century America through a perspective attuned to that era's contextual concerns. See his","author":[],"publicationDate":"1983","host":{"title":"Musical Learning in Nineteenth-Century America American Music","publicationDate":"1983","author":[],"volume":"1","pages":{"first":"1","last":"11"}}},{"host":{"title":"His later ideas can be found in Dwight's Journal of Music: A Paper of An and Literature (1852-81; repr but the formation and emergence of his early critical thought have not before received detailed consider- ation","publicationDate":"1968","author":[]}},{"host":{"title":"First Performances in America to 1900: Works with Orchestra (Detroit: Information CoordinatorsBeethoven in the United States to 1865","publicationDate":"1976","author":[{"name":"H. Earle Johnson Anne Hui-Hua See"},{"name":" Chan"}],"pages":{"first":"28","last":"45"}}},{"author":[{"name":"E,T A Hoffmann"}],"publicationDate":"1810-07","host":{"title":"AUgememe musiMische Zeitung","publicationDate":"1810-07","author":[],"volume":"12","issue":"54 and 11","pages":{"first":"630","last":"42"}}},{"author":[{"name":"F Trans"},{"name":"Jr John Adams"}],"publicationDate":"1971","host":{"title":"Beethoven: Symphony No. 5 in C minor Elliot Forbes","publicationDate":"1971","author":[],"pages":{"first":"150","last":"63"}}},{"host":{"title":"Academy of Music—Beethoven's Symphonies The Pioneer","author":[{"name":"J,S Dwight"}]}},{"host":{"title":"); 26-28, 56-60. The first section comprised Dwight's impressions of the Symphony no. 2, which he heard in rehearsal as well as its first complete performance on 12 Nov","publicationDate":"1843-02","author":[{"name":"J,R Lowell"},{"name":"R,B Carter"}],"pages":{"first":"32"}}},{"host":{"title":"Academy of Music","author":[{"name":"Dwight "}],"pages":{"first":"56"}}},{"host":{"title":"See the important discussion about Hoffmann's criticism of the Fifth Symphony in a Continental context in Robin Wallace, Beethoven's Critics: Aesthetic Dilemmas and Resolutions During the Composer's Lifetime","publicationDate":"1986","author":[],"pages":{"first":"633","last":"34"}}},{"host":{"title":"For a literary perspective, see Horst S. Daemmrich, The Shattered Self: E. T. A. Hoffmann's Tragic Vision","publicationDate":"1973","author":[{"name":"Wallace See"}],"pages":{"first":"128","last":"30"}}},{"host":{"title":"The Musical Cyclopedia: or the Principles of Music Considered As a Science and an Art; Embracing a Complete Musical Dictionary, And the Outline of a Musical Grammar, and of the Theory of Sounds and Laws of Harmony; With Directions for The Practice of Vocal and Instrumental Music, And A Description of Musical Instruments James Loring, 1834), 385. Porter described the symphony as consisting of \"several movements, generally a slow introduction, a spirited movement in 2 parts, a minuet and trio, & finally a quick movement. The composition of symphonies has called forth the","author":[{"name":"William,S Porter"}]}},{"title":"Select Minor Poems, Translated from the German of Goethe and Schiller","author":[{"name":"John,S Dwight"}],"host":{"title":"Boston bearing the date of 1839","author":[],"pages":{"first":"461"}}},{"host":{"title":"For performance dates, see Boston's Daily Evening Transcript (4 and 24 Feb","author":[]}},{"host":{"title":"1842) and Johnson, 36-38. For announcements of Dwight's lectures, see","author":[{"name":" Mar"}]}},{"author":[],"publicationDate":"1842-03-31","host":{"title":"Boston's Doily Evening Transcript","publicationDate":"1842-03-31","author":[]}},{"title":"Beethoven's Symphonies Musical Magazine; or, Repository of Musical Science","author":[],"publicationDate":"1842","host":{"title":"Literature, and Intelligence","publicationDate":"1842","author":[],"volume":"3","pages":{"first":"392","last":"406"}}},{"host":{"title":"Symphonie oder Sinfonie Encyclop&die der gesamnuen musikalischen Wissenschaften, oder Universal-Lexicon der Tonkunst","author":[],"pages":{"first":"1835","last":"38"}}},{"author":[],"publicationDate":"1955","host":{"title":"Stanley Sadie","publicationDate":"1955","author":[],"pages":{"first":"223","last":"27"}}},{"host":{"title":"Introduction The Pioneer, 1-3. Authors normally received ten dollars per contribution, a competitive rate according to Martin Duberman","publicationDate":"1966","author":[],"pages":{"first":"47"}}},{"host":{"title":"Academy of Music","author":[{"name":"Dwight "}],"pages":{"first":"57"}}},{"host":{"title":"Symphonie oder Sinfonie","author":[{"name":" Fink"}],"pages":{"first":"545"}}},{"host":{"title":"633-34, 640-41, 658; Forbes","author":[],"pages":{"first":"153","last":"162"}}},{"title":"ARgemeine musikalische Zeitung 34 Earlier parts of that article appeared in ibid","author":[{"name":"G,W Fink"}],"publicationDate":"1835-08-05","host":{"title":"Ueber die Symphonie","publicationDate":"1835-08-05","author":[],"pages":{"first":"557","last":"63"}}},{"host":{"title":"Symphonie oder Sinfonie","author":[{"name":" Fink"}],"pages":{"first":"547","last":"48"}}},{"title":"The Idea of Absolute Music, trans. Roger Lustig 11-12. For additional pertinent information about Hoffmann's music criticism, see also Selected Letters of","author":[],"publicationDate":"1963","host":{"title":"Musical Writings: Kreisleriana, the Poet and the Composer, Music Criticism","publicationDate":"1963","author":[]}},{"host":{"author":[{"name":"Schriften Hoffmann"}],"pages":{"first":"19"}}},{"host":{"title":"Symphonie oder Sinfonie","author":[{"name":" Fink"}],"pages":{"first":"548","last":"49"}}},{"host":{"title":"Beethoven's music made \"heroes, spirits, magicians, and fairies intermingle with our human doings, and lightnings from the dark night above strike over the mountain peaks into the fertile valleySymphonie oder Sinfonie","author":[{"name":" According"},{"name":" Fink"}],"pages":{"first":"633","last":"34"}}},{"host":{"title":"Symphonie oder Sinfonie,\" 547: \"aus welcher ein Spiel vielfacher Charaktere, um einen Hauptcharakter und eine Haupt-Lebensansicht in gar mannigfachen Situationen sich drehend, IU einem einzigen bestimmten Zvvecke sich ergiebt","author":[{"name":" Hach"}],"pages":{"first":"393","last":"94"}}},{"host":{"title":"Symphonie oder SinfonieIrgend einen Empfindungsinhalt, irgend eine psychologische Entwickelung eines der Masse nicht wildfremden oder ganz unzuganglichen Gefuhlsganges, der zu einer Tendenz fuhrt, muss sie haben; ohne dies waren es ja nur nichtssagende Tftne","author":[{"name":"396 Hach"},{"name":" Based On"},{"name":" Fink"}],"pages":{"first":"397","last":"30"}}},{"host":{"title":"Academy of Music","author":[{"name":"Dwight "}]}},{"host":{"title":"Academy of Music","author":[{"name":"Dwight "}],"pages":{"first":"57"}}},{"title":"am indebted for this idea to Stephen Parkany who discussed it in his paper on E. T. A. Hoffmann's criticism","author":[],"publicationDate":"1988","host":{"title":"Presentiments of the Colossal,\" at the Baltimore meeting of the","publicationDate":"1988","author":[]}},{"host":{"title":"Academy of Music","author":[{"name":"Dwight "}],"pages":{"first":"58","last":"59"}}},{"author":[],"publicationDate":"1961","host":{"title":"The letters of Beethoven","publicationDate":"1961","author":[],"pages":{"first":"312","last":"131355"}}},{"title":"Goethe's Correspondence with a Child, trans., in part, Arnim [from Goethes Briefwechsel mit einem Kmde","author":[{"name":"Anton,Felix Schindler"}],"publicationDate":"1841","host":{"title":"The Life of Beethoven, Including His Correspondence with His Friends, Numerous Characteristic Traits, and Remarks on His Musical Works","publicationDate":"1841","author":[],"pages":{"first":"130","last":"37"}}},{"title":"Academy of Music 59-60. For Amim's influence particularly on the Continent","author":[{"name":"Dwight "}],"publicationDate":"1983","host":{"title":"The Beethoven Mystique in Romantic Art, Literature, and Music","publicationDate":"1983","author":[],"pages":{"first":"354","last":"87"}}},{"host":{"author":[{"name":"Johnson "}],"pages":{"first":"30","last":"31"}}},{"host":{"title":"Academy of Music","author":[{"name":"Dwight "}],"pages":{"first":"57","last":"58"}}},{"title":"as well as principal teacher of music and general assistant at the Perkins Institution and Massachusetts Asylum For the Blind, Hach returned with his family to Germany in 1846. The Institution warmly thanked him for his \"valuable services\" and expressed its \"high regard for him as a man and a teacher","author":[],"host":{"title":"solo and chamber music performances)","author":[]}},{"host":{"title":"Research Librarian of the Perkins School For The Blind in Watertown, for his informative assistance in this regard","author":[{"name":"Kenneth My Thanks To"},{"name":" Stuckey"}]}},{"author":[{"name":"J,S Dwight"}],"publicationDate":"1844-01","host":{"title":"The United States Magazine, and Democratic Review","publicationDate":"1844-01","author":[],"volume":"14","pages":{"first":"17","last":"25"}}},{"author":[],"publicationDate":"1980","host":{"title":"The Corded Shell: Reflections on Musical Expression 3-9. See also Ian D. Bent, \"Analysis,\" in New Grove Dictionary of Music and Musicians","publicationDate":"1980","author":[],"pages":{"first":"340","last":"88"}}}],"genre":["research-article"],"host":{"title":"The Musical Quarterly","language":["unknown"],"issn":["0027-4631"],"eissn":["1741-8399"],"publisherId":["musqtl"],"volume":"76","issue":"4","pages":{"first":"488","last":"501"},"genre":["journal"],"subject":[{"value":"Articles"}]},"namedEntities":{"unitex":{"date":["1842","1992","1840s","1843","1810","nineteenth centuries","1838","nineteenth century","1988","1845","1834","1839","1830s","1841","1846","1835"],"geogName":[],"orgName":["American Music","National Endowment for the Humanities","Research Librarian of the Perkins School For The Blind","United States Magazine, and Democratic Review","Musical Instruments","City University","American Musicological Society","National Conference of the Sonneck Society for American Music","Congress","Music Department, Boston Public Library, and Natalie Palme, Librarian, Harvard Musical Association, Boston"],"orgName_funder":[],"orgName_provider":[],"persName":["David Charlton","Robin Wallace","R. B. Carter","Roger Lustig","Charles Sens","Joel Myerson","Anton Schindler","J. R. Lowell","Stanley Sadie","Martin Duberman","Walter L. Fertig","Time Program","H. Theodor","R. Murray","John S. Dwight","Richard Crawford","Elliot Forbes","John Sullivan","Friedrich Schnapp","William S. Newman","Edmond Strainchamps","Russell Lowell","Emily Anderson","Wilhelm Fink","Scherzo","Stephen Parkany","Steven J. Ledbetter","Baruch College","Giuseppe Bisaccia","Anton Felix","Gustav Schilling","F. Delano","H. Wiley","Bettina Brentano","T. B. Hayward","J. S. Dwight","E. T. A. Hoffmann","John Adams","Carl Dahlhaus","Franz Joseph","Ora Frishberg","Ludwig van Beethoven","Dwight","Dictionary","Johanna C. Sahlin","Diana Ota","Library","Franz Heinrich","Christopher Hatch","Friedrich Blume","Ian D. Bent","Kenneth Stuckey","Friedrich Schiller","Music","William S. Porter","Peter Kivy","George P. Reed","W. W. Norton","S. Daemmrich","Ignace Moscheles","Kurt-Erich Eicke","Maria Rika","G. W. Fink"],"placeName":["Leipzig","D.C.","Philadelphia","United States","Washington","Stuttgart","Northampton","American","Boston","Watertown","America","Baltimore","Chicago","York"],"ref_url":[],"ref_bibl":["Chicago: The University of Chicago Press, 1977","Regensburg: Gustav Bosse Verlag, 1966","American Writers on Beethoven, 1838","Cambridge, 1846","Toronto: University of Toronto Press, 1975","Rutherford: Fairleigh Dickinson University Press, 1980","Princeton: Princeton University Press, 1980","Detroit: Information Coordinators, 1979","Munich: Winkler-Verlag, 1963","Cambridge: Cambridge University Press, 1986","Boston: Houghton Mifflin Company, 1966","Detroit: Wayne State University Press, 1973","London: Macmillan Publishers Limited, 1980","University of Maryland, 1952","London: Henry Colbum, 1841","January 1844","January and February 1843","Johnson Reprint Corp., 1968","Boston: James Loring, 1834","Rutherford: Fairleigh Dickinson University Press, 1983","London: Macmillan, 1986","University of North Carolina, 1976","Cambridge: Cambridge University Press, 1989","Chicago: The University of Chicago Press, 1989","American Cultivated Tradition, 1852","New York: Norton, 1971","Kassel: Barenreiter-Verlag, 1955"],"bibl":[]}},"ark":["ark:/67375/HXZ-VSMSCMBH-0"],"categories":{"wos":[],"scienceMetrix":["1 - arts & humanities","2 - visual & performing arts","3 - music"],"scopus":["1 - Social Sciences","2 - Arts and Humanities","3 - Music"]},"publicationDate":"1992","copyrightDate":"1992","enrichments":{"type":["multicat","refBibs","teeft","unitex"]},"doi":["10.1093/mq/76.4.488"],"_id":"3D816D72041752D889CE278DA95394023FB3ABB3"}