{"corpusName":"oup","keywords":{"teeft":["modernist","schoenberg","debussy","musical quarterly","social significance","modernism","music history","cultural relativism","popular music","boulez","mass culture","twentieth century","musical language","cultural value","empirical datum","milton keynes","open university press","modern music","ideal type","popular culture","raymond williams","literary canon","richard strauss","visual art","nineteenth century","culture industry","common practice","large number","unappreciated composer","pierrot lunaire","music historian","richard hoggart","wilfrid mellers","henry pleasants","eric gans","high culture","middle class","oxford history","single culture","universal value","cultural tradition","second world","modernist development","paul rosenfeld","croom helm","important line","christopher caudwell","last decade","alan sinfield","first half","carl dahlhaus","richard middleton","mass culture debate","paul griffith","diatonic harmony","elaine padmore","charles harrison","modernist idealism","russian formalists","other hand","john cage","many year","late quartet","musical style","cultural fall","century music","royal musical association","cultural context","jean jenkins","cultural insularity","michigan press","mass culture theory","cultural distinction","social process","cultural theorist","eponymous character","social change","social factor","universal edition","music historiography","classical canon","beethoven symphony","alfred einstein","peasant song","folk song","last year","relativism","canon"]},"author":[{"name":"DEREK B. SCOTT"}],"articleId":["74.3.385"],"arkIstex":"ark:/67375/HXZ-5NBQVW75-N","language":["eng"],"originalGenre":["research-article"],"qualityIndicators":{"score":5.05,"pdfWordCount":9080,"pdfCharCount":53590,"pdfVersion":1.3,"pdfPageCount":26,"pdfPageSize":"447 x 676 pts","pdfWordsPerPage":349,"pdfText":true,"refBibsNative":false,"abstractWordCount":0,"abstractCharCount":0,"keywordCount":0},"title":"Music and Sociology for the 1990s: A Changing Critical Perspective","refBibs":[{"title":"Music and the Mass Culture Debate","author":[],"publicationDate":"1977","host":{"title":"Sociology of Musical Languages","publicationDate":"1977","author":[],"pages":{"first":"179","last":"200"}}},{"author":[{"name":"Richard @bullet"},{"name":" Hoggart"}],"publicationDate":"1957","host":{"title":"The Uses of Literacy","publicationDate":"1957","author":[]}},{"title":"Platonis Orpheus","author":[{"name":"See Derek"},{"name":"B Scott"}],"publicationDate":"1981","host":{"title":"Composer","publicationDate":"1981","author":[],"pages":{"first":"11","last":"15"}}},{"title":"The Exhaustion of Western Art Music","author":[{"name":"\" Michael Kowalski"}],"publicationDate":"1982","host":{"title":"Perspectives of New Music, Fall-Winter","publicationDate":"1982","author":[],"pages":{"first":"1","last":"14"}}},{"title":"Eric GansArt and Entertainment","author":[],"publicationDate":"1985","host":{"title":"Perspectives of New Music, Fall-Winter","publicationDate":"1985","author":[],"pages":{"first":"24","last":"37"}}},{"host":{"title":"Cross-overs: Art into Pop","publicationDate":"1987","author":[{"name":"John,A Walker"}]}},{"title":"For exampleWe are tyrannized by Major and Minor Conversations with Ernest Giraud, 1889-90); \"studying [peasant music] freed me from the tyrannical rule of major and minor keys Luigi Russolo in The Art of Noises (1913) stated his belief in the evolution toward \"noise sound","author":[],"publicationDate":"1900","host":{"title":"Charles Harrison, English Art and Modernism","publicationDate":"1900","author":[],"pages":{"first":"18","last":"16"}}},{"title":"Eric Satie","author":[{"name":"\" John Cage"}],"publicationDate":"1958","host":{"title":"Art News International","publicationDate":"1958","author":[],"pages":{"first":"76","last":"82"}}},{"title":"On Historical Criticism For some criticism of Dahlhaus's method, see Philip Gossett","author":[{"name":"* "},{"name":"See "}],"publicationDate":"1967","host":{"title":"Carl Dahlhaus and the 'Ideal Type","publicationDate":"1967","author":[],"pages":{"first":"188","last":"205"}}},{"title":"Die neue Aesthetic der musikalischen Impotenz\"; see Peter FranklinAudiences, Critics and the Depurification of Music","author":[{"name":"\" Hans Pfitzner"}],"publicationDate":"1913","host":{"title":"Concerning the Spiritual in Art","publicationDate":"1913","author":[],"pages":{"first":"1","last":"85"}}},{"title":"Democratic Leitmotivcs in the American Reception of Wagner","author":[{"name":"W Burton"},{"name":" Pcretti"}],"publicationDate":"1989","host":{"title":"19th Century Music","publicationDate":"1989","author":[],"volume":"13","pages":{"first":"1","last":"28"}}}],"genre":["research-article"],"host":{"title":"The Musical Quarterly","language":["unknown"],"issn":["0027-4631"],"eissn":["1741-8399"],"publisherId":["musqtl"],"volume":"74","issue":"3","pages":{"first":"385","last":"410"},"genre":["journal"],"subject":[{"value":"Articles"}]},"namedEntities":{"unitex":{"date":["1912","1950s","1952","1968","1990s","the twentieth century","1880s","1920s","1894","in twentieth century","1960s","The nineteenth century","the nineteenth century","1930s","twentieth century","since the nineteenth century","1889","in the nineteenth century","nineteenth century","1970s","1988","in the Twentieth Century","1990","1984","1940s","1973","1922","1909","1951","19th Century","1980","1980s"],"geogName":[],"orgName":["United States, France","Cambridge University","National Question","Open University"],"orgName_funder":[],"orgName_provider":[],"persName":["Max Weber","Richard Strauss","Burton W. Pcretti","Gary Taylor","Ian Bonighton","Erwin Stein","Dave Harker","Peter Franklin","Wilfrid Mellers","The Score","Charles Harrison","Colin McPhee","Jose Carreras","Constant Lambert","Rosenfeld","Pierrot Lunaire","Chris De Burgh","Kurt Weill","F. R. Leavis","Igor Stravinsky","Kim H. Kowalke","Paul Rosenfeld","Trevor Wishart","Eric Satie","Eric Gans","Raymond Williams","Jimi Hendrix","Pink","Kiri","Arnold Schoenberg","I.M.A. Magazine","Pierre Boulez","Paris Symphony","Frederick Sternfeld","William Weber","Jean-Pierre Armand","German Music","John Coltrane","Boris Godunov","Alfred Einstein","Hans Pfitzner","Derek B. Scott","Phil Virden","John Cage","Hans Keller","Ernest Giraud","Karl Wiener","David Horn","Thomas Mann","John Shepherd","Alan Hovhaness","Trevor Bray","Leo Treitler","Don Quixote","T. S. Eliot","Pleasants","John A. Walker","Robert Craft","Ian Watson","C. F. Peters","Wassily Kandinsky","M.I.T. Press","Carl Dahlhaus","Peter Warlock","Peter Brook","Graham Vulliamy","Eugene Onegin","Alan Sinfield","Anton Webcrn","Peter Shaffer","Vivian Ellis","Georges Hartmann","Christopher Caudwell","Cyril Scott","Michael Kowalski","An Attempt","Daniel Jones","Terry Eagleton","Claude Debussy","A.L. White","Melvyn Bragg","John Pridham","Jean Jenkins","Henry Pleasants","Paul Griffiths","Richard Middleton","Robert P. Morgan","Philip Gossett","Elaine Padmore","Virgil Thomson","Peter Grimes","Long Revolution","Christopher Hogwood","Vladimir I. Lenin"],"placeName":["Paris","United States","Varese","St. Matthew","Darmstadt","London","American","Dundee","Europe","America","Vienna","Rome","Britain","New Aesthetic","Hollywood","Glinka","Weimar","Cambridge","Italy","Delhi","Zaire"],"ref_url":[],"ref_bibl":["New York: Simon and Schuster, 1955","Vienna: Universal Edition, 1913","Art News International, 1958","London: Routledge & Kegan Paul, 1987","London: Latimer, 1977","London: Regan Paul, 1922","Cambridge: Cambridge University Press, 1982","London: Thames & Hudson, 1978","London: Croom Helm, 1983","London: Methuen, 1983","Milton Keynes: Open University Press, 1978","Society and Literature 1945","1942; Cambridge: Harvard University Press, 1974","London: Gollancz, 1968","[1952]","London: Dent, 1947","London: Faber, 1959","London: Methuen, 1987","1957; Harmondsworth: Peregrine Books, 1984","Ann Arbor: University of Michigan Press, 1979","1937; London: Lawrence and Wishart, 1946","London: Faber, 1970","London: Wittenburn, 1947","Harmondsworth: Penguin, 1961","London: Faber, 1964","Oxford: Oxford University Press, 1977","London: Croom Helm, 1975","Edinburgh: Royal Scottish Museum, 1983","London: Gollancz, 1961","Ann Arbor: University of Michigan Press, 1950","London: Dover, 1962","London: Allen Lane, 1981","London: Faber, 1968","Summer 1989","March 1955","London: Fontana, 1985","Milton Keynes: Open University Press, 1974","London: Weidenfeld & Nicholson, 1973","Moscow: Progress Publishers, 1964","London: BlacWwell, 1983","Art and Modernism 1900","Milton Keynes and Philadelphia: Open University Press, 1989","Milton Keynes: Open University Press, 1979"],"bibl":[]}},"ark":["ark:/67375/HXZ-5NBQVW75-N"],"categories":{"wos":[],"scienceMetrix":["1 - arts & humanities","2 - visual & performing arts","3 - music"],"scopus":["1 - Social Sciences","2 - Arts and Humanities","3 - Music"]},"publicationDate":"1990","copyrightDate":"1990","enrichments":{"type":["multicat","refBibs","teeft","unitex"]},"doi":["10.1093/mq/74.3.385"],"_id":"34579D95723C501F4670E664539A8742C6CBAF9A"}