{"corpusName":"sage","keywords":{"teeft":["june","july","beethoven quartets","radcliffe","individual movements","manhattan school","complete works","piano teaching","music fraternity","commercial recordings","quartet"]},"author":[{"name":"Cecil Isaac","affiliations":["Professor of music, Austin College, Sherman, Texas"]}],"articleId":["10.2307_3395642"],"arkIstex":"ark:/67375/M70-4Q3Z8Z8M-J","language":["eng"],"originalGenre":["review-article"],"qualityIndicators":{"score":3.484,"pdfWordCount":1472,"pdfCharCount":11401,"pdfVersion":1.5,"pdfPageCount":3,"pdfPageSize":"594 x 861 pts","refBibsNative":false,"abstractWordCount":1,"abstractCharCount":0,"keywordCount":0},"title":"Beethoven's String Quartets","genre":["review-article"],"host":{"title":"Music Educators Journal","language":["unknown"],"issn":["0027-4321"],"eissn":["1945-0087"],"publisherId":["MEJ"],"volume":"65","issue":"7","pages":{"first":"99","last":"102"},"genre":["journal"]},"namedEntities":{"unitex":{"date":["1979","the twentieth centuries","the nineteenth and twentieth centuries","3-4-5","1965","during the eighteenth century"],"geogName":[],"orgName":["University of Wisconsin-La Crosse College","Cambridge University","American School of Piano Tuning","University of Washington Press"],"orgName_funder":[],"orgName_provider":[],"persName":["Fred Ebbs","Joy Yelin","Kay CalfeeWideman","Monroe Grossman","Samuel Applebaum","Wanda Lathom","Anderson Show","David Karp","Jazz Harmony","Philip Radcliffe","Basil Lam","Nathaniel Soloists","P.O. Box","Eva Mae","Joseph Kerman","Howard Dunn","Lionel Salter","Elias Tanenbaum","C. Melvin","Bob Brandenburger","Betty Meyers","Frederick P. Fellers","Lou Detaranto","Tom Lee","Carolina Beethoven","Summer Terms","Raymond LeMieux","Brad","Lawrence Wheeler","Tim Lautzenheiser","Bert Konowitz","Anne Farber","Please","Elizabeth Wheeler","Carl Benjamin","Robert Abramson","Theory","Morgan Hill","Manhattan School","Sidney Baker","Elton Warren","Jan Hugo","La Crosse","Charles Eagle","William Hipp","Ear-Training","Recordings","Sight-Singing","MusicHistory","Summer School","Elizabeth Brico","Louise Bianchi"],"placeName":["MANHATTAN","United States","Dallas","American","New York City","Cincinnati","Los Angeles","AMERICA","N.Y.","YORK","York","Cleveland"],"ref_url":[],"ref_bibl":["Crown Publishers, Inc., 1978","Knopf, 1966"],"bibl":[]}},"ark":["ark:/67375/M70-4Q3Z8Z8M-J"],"publicationDate":"1979","copyrightDate":"1979","enrichments":{"type":["refBibs","teeft","unitex"]},"doi":["10.2307/3395642"],"_id":"C2F1834B6AB094E9029ABDDD6CEF92B71F76236C"}