{"corpusName":"sage","keywords":{"teeft":["cello","stringed instruments","stringed","video","music book club","string music","musical instruments","double bass","orchestral music","national standards6","sony classics","students theschool","auditory experiences","book clubs","small groups","music change","music teacher","classroom teacher","index finger"]},"author":[{"name":"Nan McDonald","affiliations":["Assistant professor of music education San Diego State University in San Diego, California."]},{"name":"Douglas Fisher","affiliations":["Associate professor of teacher education San Diego State University in San Diego, California."]}],"articleId":["10.2307_3399823"],"arkIstex":"ark:/67375/M70-ZPRQSWR7-B","language":["eng"],"originalGenre":["research-article"],"qualityIndicators":{"score":4.602,"pdfWordCount":2590,"pdfCharCount":21519,"pdfVersion":1.6,"pdfPageCount":7,"pdfPageSize":"594 x 843 pts","refBibsNative":false,"abstractWordCount":1,"abstractCharCount":0,"keywordCount":0},"title":"Strings Attached: A Musical Listening Unit","genre":["research-article"],"host":{"title":"Music Educators Journal","language":["unknown"],"issn":["0027-4321"],"eissn":["1945-0087"],"publisherId":["MEJ"],"volume":"88","issue":"5","pages":{"first":"32","last":"38"},"genre":["journal"]},"namedEntities":{"unitex":{"date":["2002"],"geogName":[],"orgName":["National Stan","National Standard","National Standards","Greece, China, Persia, India, and Africa","Israeli-American Violin Music of the Heart"],"orgName_funder":[],"orgName_provider":[],"persName":["Heidi HayesJacobs","Bass Beethoven","Sony Classics","Nan McDonald","Solo Cello","Douglas Fisher","Spring Corelli","Anna Harwell","Henry Holt","Alia Vox","Viola Kodaly","Carol Scott-Kassner","Ben Kingsley","Ina Boat","Itzhak Perlviolinist","Veronica Veronicaplays"],"placeName":["San Diego","Nashville","Europeancity","Watertown","China","CA","York","MA"],"ref_url":[],"ref_bibl":["Simon and Schuster, 1998","Play International, 1989","Alexandria, Associationfor Supervision and CurriculumDevelopment, 1989","Simon and Schuster, 1995","Bill Monroe et al. (1995)","New through Elementary York:Schirmer, 1995"],"bibl":[]}},"ark":["ark:/67375/M70-ZPRQSWR7-B"],"publicationDate":"2002","copyrightDate":"2002","enrichments":{"type":["refBibs","teeft","unitex"]},"doi":["10.2307/3399823"],"_id":"AC92FD94E408E480D9BEF72F7FFAFD61E8C8AC30"}