{"corpusName":"cambridge","author":[{"name":"A. E. F. Dickinson"}],"articleId":["04471"],"arkIstex":"ark:/67375/6GQ-6NCG7B6G-B","language":["eng"],"originalGenre":["research-article"],"abstract":"Berlioz was the most romantic of composers, and The Trojans was the climax of a steady pursuit of music-drama of one sort or another, translating the struggles of the human spirit and the human race into a rich, vivid and expanding musical life. Let us glance again at this historical procession of works of double-edged impact; some of them are familiar musical experience, but many are not. At first the drama was little more than a matter of providing suggestive titles for movements, of supplying literary analogies, in the post-revolutionary style, for contrasts that Beethoven had displayed in sheer symphony to perceptive listeners. (1808: “The andante is very original and attractive, composed as it is of the most heterogeneous ideas—gentle reverie and warlike fierceness.” 1809: “… the ordinary sequence of movements … but they seem fantastically linked together.”) There might be analogies, too, for the conflation of movements of varying genres, matching the ultra-modern, Beethoven idea of a symphony of one great rhapsody of genius.","qualityIndicators":{"score":6.546,"pdfWordCount":2566,"pdfCharCount":14892,"pdfVersion":1.4,"pdfPageCount":5,"pdfPageSize":"488.88 x 722.88 pts","refBibsNative":true,"abstractWordCount":165,"abstractCharCount":1046,"keywordCount":0},"title":"Berlioz and “The Trojans” I: Forward from Beethoven","pii":["S0040298200044715"],"refBibs":[{"host":{"title":"Pleasures of Music","author":[]}},{"host":{"title":"Berlioz and the romantic century","author":[],"pages":{"first":"163"}}},{"host":{"title":"Harold","author":[],"pages":{"first":"39"}}},{"host":{"title":"4 Pending inside explanation, one cannot understand how Scherchen ever agreed to record the work without the Troy Acts, even to the point of playing the Prelude which Berlioz wrote, in desperation, for the mutilated première.","author":[]}}],"genre":["research-article"],"host":{"title":"Tempo","language":["unknown"],"issn":["0040-2982"],"eissn":["1478-2286"],"publisherId":["TEM"],"issue":"48","pages":{"first":"24","last":"28","total":"5"},"genre":["journal"]},"ark":["ark:/67375/6GQ-6NCG7B6G-B"],"categories":{"wos":[],"scienceMetrix":[],"scopus":["1 - Social Sciences","2 - Arts and Humanities","3 - Music"],"inist":["1 - sciences humaines et sociales"]},"publicationDate":"1958","copyrightDate":"1958","enrichments":{"type":["multicat","nb"]},"doi":["10.1017/S0040298200044715"],"_id":"A4A79FDBB527C364C92EF322601BB657AE6A389F"}