{"corpusName":"oup","keywords":{"teeft":["cello","february","wien","kapellmeister","early music february","spohr","orchesterdirektor","viennese","reichardt","gesellschaft","first violin","portamento","viennese orchestra","first decade","vibrato","professional musician","orchestral player","orchestral","german company","orchestral concert","oratorio","clement","german opera","court theatre","opera orchestra","augarten concert","early performance","fourth symphony","wind instrument","second violin","ninth symphony","principal violinist","second symphony","separate music desk","italian opera","smart paper","usual complement","violinist","theatre orchestra","tonkiinstler societat","rare unanimity","franz clement","first symphony","george smart","orchestra size","first performance","anton schindler","piano concerto","first half","much more","early year","wien orchestra","orchestral musician","single complement","clive brown","michael frey","concert spirituels","good ground","eighth symphony","seventh symphony","sixth symphony","incidental music","second decade","french school","orchestral music","italian company","italian opera orchestra","real direction","garland publishing","individual volume","instrumental music","viennese theatre","many year","tempo rubato","adequate rehearsal","effective tempo rubato","concert music","vincent novello","string player","oratorio performance","different style","cornell university","violin","franz","beethoven"]},"author":[{"name":"Paul Badura-Skoda"}],"articleId":["XVI.1.84"],"arkIstex":"ark:/67375/HXZ-6TQ0HHWK-8","language":["eng"],"originalGenre":["research-article"],"qualityIndicators":{"score":2.036,"pdfWordCount":1986,"pdfCharCount":11282,"pdfVersion":1.3,"pdfPageCount":6,"pdfPageSize":"518 x 687 pts","pdfWordsPerPage":331,"pdfText":true,"refBibsNative":false,"abstractWordCount":0,"abstractCharCount":0,"keywordCount":0},"title":"A tie is a tie is a tie: Reflections on Beethoven's pairs of tied notes","refBibs":[{"host":{"author":[{"name":"Zettung Allgemeine Musikaltsche"}],"pages":{"first":"42"}}},{"host":{"publicationDate":"1810","author":[{"name":"J Reichardt"},{"name":"Vertraute Bnefe"}],"pages":{"first":"132","last":"3"}}},{"title":"Beethoven. Performers and Critics' International Beethoven Congress","author":[],"publicationDate":"1977","host":{"title":"Detroit","publicationDate":"1977","author":[],"pages":{"first":"65","last":"67"}}},{"host":{"publicationDate":"1965","author":[{"name":"J Schmidt-Gorg"},{"name":" Das Wiener"},{"name":"Beethoven Tagebuch Des Mannheimer Hofkapellmeisters Michael Freg '"},{"name":" Jahrbuch"}],"pages":{"first":"29","last":"30"}}},{"host":{"publicationDate":"1822","author":[{"name":"Reise Anon"},{"name":" Nach Wien"},{"name":" Hof"},{"name":"Adolf Gottfried"},{"name":" Grau"}],"pages":{"first":"253","last":"256"}}},{"author":[],"publicationDate":"1800","host":{"title":"p45 \"AMZ. in p42 \"AMZ. Ill","publicationDate":"1800","author":[],"pages":{"first":"45","last":"1826"}}},{"host":{"title":"A Mozart Pilgrimage Betng the Travel Dianes of Vincent and Mary Novello m the Year 1829","publicationDate":"1822","author":[{"name":"\" N Medici Di Mangnano"},{"name":"R Hughes"}],"pages":{"first":"270","last":"1"}}},{"host":{"title":"Die kaiserltche Hof-Mustkkapelle in Wien","author":[{"name":" Koechel"}],"pages":{"first":"1869","last":"91"}}},{"title":"Smart Papers (in GB-Lbm Department of Manuscripts Add 41774) IV, p39","author":[],"host":{"title":"A ramble among the musicians of Germany","author":[],"pages":{"first":"1829","last":"161"}}},{"author":[],"host":{"title":"p46 \"'Beethoven, performers and critics'","author":[],"pages":{"first":"90"}}},{"author":[{"name":"W A Bauer"},{"name":"O Deutsch"},{"name":"J Eibl"}],"publicationDate":"1963","host":{"title":"Bnefe und Aufzeichnungen","publicationDate":"1963","author":[],"pages":{"first":"21","last":"1"}}},{"host":{"author":[{"name":" Beethoven"}],"pages":{"first":"88"}}},{"author":[{"name":"R Bnnkmann"},{"name":" Kleine"}],"publicationDate":"1984-12","host":{"title":"Eroica\"-Lese\\ Oesterreichische Mustkzeitschnft","publicationDate":"1984-12","author":[],"pages":{"first":"634","last":"38"}}},{"host":{"title":"Ludwig van Beethoven's Leben, rev E Forbes as Thayers Life of Beethoven (Princeton, 1964) l, p 576 34","author":[{"name":"A W Thayer"}],"pages":{"first":"90"}}},{"title":"Geschichte des Concenv","author":[{"name":"E Hanshck"}],"publicationDate":"1800","host":{"title":"pl87 \"'Beethoven, performers and critics', p 90 \"AMZ","publicationDate":"1800","author":[],"pages":{"first":"47"}}},{"host":{"author":[{"name":"Op Reichardt"}],"pages":{"first":"39","last":"111"}}},{"host":{"title":"Mendelssohn, F A life in letters R Elvers","publicationDate":"1986","author":[],"pages":{"first":"36","last":"7"}}},{"title":"1841). l, xi \"Reichardt, op at. l. p 205 \"Thayer. op at","author":[],"host":{"title":"p49 \"Thayer. op at Life of Beethoven","author":[],"pages":{"first":"447"}}},{"host":{"title":"Spohr Lebensennnemngen (Tutzing, 1968) I. pp 179-180 \"Thayer, op at. n, p 570 \"Hanshck","author":[],"pages":{"first":"275"}}},{"title":"Eng trans as Life of MoschelesAMZ neue folge. n (1864). p 245f \"BeJb (1965-68)","author":[{"name":"! "},{"name":"C Moscheles"}],"publicationDate":"1873","host":{"title":"p624 \"F Gothel","publicationDate":"1873","author":[],"pages":{"first":"164","last":"111"}}},{"title":"Thayer, op at, p 371 \"For accounts of this practice see F Gothel","author":[{"name":"M Gregor-Dellin"}],"publicationDate":"1958","host":{"title":"Spohr Lebensennnemngen (Tutzing, 1968), I. pp 296-7. and Mendelssohn, Bnefe einer Reise durch Deutschland, Italien und die Schwei2","publicationDate":"1958","author":[],"pages":{"first":"72","last":"96"}}},{"host":{"author":[{"name":"\" J F Reichardt"}],"pages":{"first":"35","last":"67"}}},{"host":{"author":[{"name":"F Gassner"}],"pages":{"first":"52","last":"53"}}},{"host":{"title":"Some Thoughts on Concert Music","author":[{"name":"R Bremner"}],"pages":{"first":"1777"}}},{"host":{"title":"Violin playing as I teach it (London. 1921). p 22ff \"For further examination of vibrato, see C BrownBowing styles, vibrato and portamento in nineteenth-century violin playing', to be published in JRMA","author":[{"name":"L Auer"}],"pages":{"first":"500","last":"42"}}},{"host":{"author":[{"name":"L Spohr"},{"name":" Violinschule"}],"pages":{"first":"247"}}},{"host":{"title":"presented by the Center for Eighteenth Century Music of Cornell University Those interested in attending should write to Prof. Bilson at the address below before April 1, 1988. A maximum of 12 qualified applicants will be chosen as active participants","publicationDate":"1988-03-15","author":[{"name":"T Wi ! '* Malcolm"},{"name":" Bilson Fortepiano"},{"name":" Workshop"}]}}],"genre":["research-article"],"host":{"title":"Early Music","language":["unknown"],"issn":["0306-1078"],"eissn":["1741-7260"],"publisherId":["earlyj"],"volume":"XVI","issue":"1","pages":{"first":"84","last":"89"},"genre":["journal"],"subject":[{"value":"Articles"}]},"namedEntities":{"unitex":{"date":["1813","1802","1799","1842","1829","1790","1818","1807","Eighteenth Century","1795","1825","1814","1803","1810s","1832","18th century","1821","1808","17th Centuries","1810","1826","1785","1815","1804","1844","1822","1820s","1781","1809","1811","1800","1908","1827","1867","1816","1805","1764","1834","1782","1812","1771","the 19th century","1790s","1830s","19th century","1787","1817","FEBRUARY 1988 1825","1806","1794","1824","1783"],"geogName":["Ill"],"orgName":["University of North Carolina","Germany Spohr","Rice University","Cornell University","Lbm Department of Manuscripts Add","Garland Publishing, Inc.","University of Rhode Island The Italian Madrigal","Tufts University","Brandeis University","Oxford University","Duke University","Department of Music","Congress"],"orgName_funder":[],"orgName_provider":[],"persName":["Mendelssohn","Howard E. Smither","Kapellmeister","Leopold von Sonnleithner","Bilson","Medici di Mangnano","Joseph Eybler","Anton Schindler","Solo Motets","Johann Baptist","Novello","Anne Schnoebelen","Jane A. Bernstein","Domenico Barbaja","Mary Novello","Jessie Ann","Lobkovitz","Joseph Bohm","Alexander Silbiger","Franz Lachner","Johann Strauss","James Ladewig","Moscheles","Joyce L Johnson","Carl Loewe","Don Giovanni","Franz Strdber","Richard Sherr","Rbckel","Franz Clement","Michael Freg","Ries","Evidence","Beethoven","Lincoln Hall","Vincent Novello","Egmont Overture","Anton Wranitzsky","Eybler","Otto Biba","Franz Strober","Ludwig van Beethoven","Michael Frey","Paul Wranitzsky","Spohr","Leopold Jansa","German Opera","Loewe","George","Leopold Auer","Mozart","Music","Madison Avenue","Ignaz Schuppanzigh","Otto Nicolai","Rudolf","Robert Bremner","R. Hughes","Jacomo Conti","Joseph Lanner","Joseph Mayseder"],"placeName":["Naples","Leipzig","Karlsruhe","Paris","Germany","Munich","Leopoldstadt","Josephstadt","Mannheim","London","Prague","Europe","Dittersdorf","Jerusalem","Vienna","N.Y.","Frankfurt","York","Hof","Detroit","England","Zurich"],"ref_url":[],"ref_bibl":["Leipzig, 1872","January 1819","Tutzing, 1968","Karlesruhe, 1844","Hof, Gottfried Adolf Grau, 1795","Kassel, 1963","Dec 1984","Detroit, 1980","Vienna, 1832","London, 1777","Munich 1915","Ripien-Viohmsten (1776)","London 1966","November 1808","Amsterdam, 1810","May 1814","London, 1873","Wien, 1869","Princeton, 1964"],"bibl":[]}},"ark":["ark:/67375/HXZ-6TQ0HHWK-8"],"categories":{"wos":[],"scienceMetrix":["1 - arts & humanities","2 - visual & performing arts","3 - music"],"scopus":["1 - Social Sciences","2 - Arts and Humanities","3 - Music"]},"publicationDate":"1988","copyrightDate":"1988","enrichments":{"type":["multicat","refBibs","teeft","unitex"]},"doi":["10.1093/earlyj/XVI.1.84"],"_id":"94D71666320F5C32D8AFBE675DF3F0E3FF7E6BF6"}