{"corpusName":"oup","keywords":{"teeft":["immerseel","staccato mark","ninth symphony","early music","viennese","roger norrington","period instrument","up half","metronome mark","wind instrument","string section","many listener","correct speed","beethoven symphony","immerseel state","early music november","modern player","separate note","performance style","london classical player","hanover band","seventh symphony","string player","wind player","staccato stroke","anima eterna recording","tempo rubato","tempo","orchestral","staccato"]},"author":[{"name":"Clive Brown","affiliations":["E-mail: j.c.a.brown@leeds.ac.uk"]}],"arkIstex":"ark:/67375/HXZ-0XGNJ8H9-F","language":["eng"],"originalGenre":["book-review"],"qualityIndicators":{"score":2.79,"pdfWordCount":2740,"pdfCharCount":16489,"pdfVersion":1.3,"pdfPageCount":4,"pdfPageSize":"536 x 697 pts","pdfWordsPerPage":685,"pdfText":true,"refBibsNative":false,"abstractWordCount":0,"abstractCharCount":0,"keywordCount":0},"title":"A new Beethoven cycle","genre":["book-reviews"],"host":{"title":"Early Music","language":["unknown"],"issn":["0306-1078"],"eissn":["1741-7260"],"publisherId":["earlyj"],"volume":"36","issue":"4","pages":{"first":"667","last":"670"},"genre":["journal"],"subject":[{"value":"RECORDING REVIEWS"}]},"namedEntities":{"unitex":{"date":["80s","1990s","1814","1913","18th century","1903","1811","1970s","2008","the Eighteenth century","1817","1980s","1905"],"geogName":[],"orgName":["Congress"],"orgName_funder":[],"orgName_provider":[],"persName":["And","Czerny","Immerseel","Jos van Immerseel","Franz Brüggen","Carl Reinecke","Violinschule","Roger Norrington","Benjamin Zander","Roy Goodman","John Eliot","Joseph Joachim","Christopher Hogwood"],"placeName":["Paris","Hanover","Mannheim","Vienna"],"ref_url":[],"ref_bibl":[],"bibl":[]}},"ark":["ark:/67375/HXZ-0XGNJ8H9-F"],"categories":{"wos":[],"scienceMetrix":["1 - arts & humanities","2 - visual & performing arts","3 - music"],"scopus":["1 - Social Sciences","2 - Arts and Humanities","3 - Music"]},"publicationDate":"2008","copyrightDate":"2008","enrichments":{"type":["multicat","refBibs","teeft","unitex"]},"doi":["10.1093/em/can108"],"_id":"60F2929CB42FE4AA66C8289A1EF6D4F89D0D68A7"}