{"corpusName":"sage","keywords":{"teeft":["researchin","experimental group","posttest","leblanc","musical preference","dorow","researchin music education","whatyou","preschool","music preference","mozart symphony","musical preferences","preschool children","deutsche grammophon","beethoven symphony","control group","classical pieces","musical taste","young children","berlin philharmonic","experimental control","beethoven symphonyno","preference","social reinforcement","classical music","first chorus","schubert symphony","posttest scores","experimental control beethoven","beethoven bicentennial collection","pointto thisone","musical style","music selection behavior","human need","craig peery","wolfgang amadeus","mozart"]},"author":[{"name":"J. Craig Peery","affiliations":["Brigham Young University"]},{"name":"Irene W. Peery","affiliations":["Brigham Young University"]}],"articleId":["10.2307_3344795"],"arkIstex":"ark:/67375/M70-TH7T595K-5","language":["eng"],"originalGenre":["research-article"],"abstract":"Musical preferences of 45 preschool children (mean age 4 years, 7 months) were assessed in a short-range longitudinal study incorporating a pre- and posttest experimental design. Six classical and two popular pieces were evaluated. All children liked all the pieces during the pretest. During the 10 months that elapsed between pre- and post-testing, an experimental group (n = 21) received weekly 45-min classes in appreciation of classical music during which they listened to classical music, sang classical themes, played musical games, learned the names and sounds of the instruments of the orchestra, and so on. Posttest results indicate the experimental group preferred the classical selections significantly more than the control group. The control group experienced a decline in preference for the classical pieces during the 10-month interval. The experimental group maintained a liking for classical pieces used in the study with no pretest–posttest differences. The hypotheses that repetition, modeling, and social reinforcement can influence musical preference, proposed in research with older children, are basically supported. All groups liked popular music. There were no significant pretest–posttest differences or decreases in liking for popular music.","qualityIndicators":{"score":7.116,"pdfWordCount":2920,"pdfCharCount":22866,"pdfVersion":1.3,"pdfPageCount":10,"pdfPageSize":"432 x 671.88 pts","refBibsNative":true,"abstractWordCount":183,"abstractCharCount":1269,"keywordCount":0},"title":"Effects of Exposure to Classical Music on the Musical Preferences of Preschool Children","refBibs":[{"title":"Effect of repeated listenings on structural discrimination and affective response","author":[{"name":" Bartlett D. L."}],"host":{"title":"Journal of Research in Music Education","author":[],"volume":"21","pages":{"first":"302","last":"317"}}},{"title":"Interpersonal perception of young children","author":[{"name":" Borke H."}],"host":{"title":"Developmental Psychology","author":[],"volume":"5","pages":{"first":"263","last":"269"}}},{"title":"Repetition as a factor in the development of musical preference","author":[{"name":" Bradley I. L."}],"host":{"title":"Journal of Research in Music Education","author":[],"volume":"19","pages":{"first":"295","last":"298"}}},{"title":"Musical preferences and personality diagnosis I: A factorization of one hundred and twenty themes","author":[{"name":" Cattell R. B."},{"name":" Saunders D. R."}],"host":{"title":"The Journal of Social Psychology","author":[],"volume":"39","pages":{"first":"3","last":"24"}}},{"title":"The effect of teacher approval/disapproval ratios on student music selection and concert attentiveness","author":[{"name":" Dorow L. G."}],"host":{"title":"Journal of Research in Music Education","author":[],"volume":"25","pages":{"first":"32","last":"40"}}},{"host":{"title":"Musical taste: Its measurement and cultural nature","author":[]}},{"host":{"title":"Nursery school education","author":[]}},{"title":"Children's duplication of rhythmic patterns","author":[{"name":" Gardner H."}],"host":{"title":"Journal of Research in Music Education","author":[],"volume":"19","pages":{"first":"295","last":"298"}}},{"title":"Children's sensitivity to musical styles","author":[{"name":" Gardner H."}],"host":{"title":"Merrill Palmer Quarterly","author":[],"volume":"19","pages":{"first":"67","last":"77"}}},{"host":{"title":"Music in childhood education","author":[]}},{"title":"The influence of familiarity through repetition in determining music preference","author":[{"name":" Getz R. P."}],"host":{"title":"Journal of Research in Music Education","author":[],"volume":"14","pages":{"first":"179"}}},{"title":"Music discrimination training and the music selection behavior of nursery and primary level children","author":[{"name":" Greer R. D."},{"name":" Dorow L. G."},{"name":" Hanser S."}],"host":{"title":"Council for Research in Music Education","author":[],"volume":"35","issue":"4","pages":{"first":"30","last":"43"}}},{"title":"Music listening preferences of elementary school children","author":[{"name":" Greer R. D."},{"name":" Dorow L. G."},{"name":" Randall A."}],"host":{"title":"Journal of Research in Music Education","author":[],"volume":"22","pages":{"first":"284","last":"291"}}},{"title":"Adult approval and students' music selection behavior","author":[{"name":" Greer R. D."},{"name":" Dorow L. G."},{"name":" Wachhaus G."},{"name":" White E. R."}],"host":{"title":"Journal of Research in Music Education","author":[],"volume":"21","pages":{"first":"345","last":"354"}}},{"title":"Affective consequences in adults and children of repeated exposure to auditory stimuli","author":[{"name":" Heingartner A."},{"name":" Hall J. V."}],"host":{"title":"Journal of Personality and Social Psychology","author":[],"volume":"29","pages":{"first":"719","last":"723"}}},{"title":"Conformity behavior reflected in the musical preferences of adolescents","author":[{"name":" Inglefield H. G."}],"host":{"title":"Contributions to Music Education","author":[],"volume":"1","pages":{"first":"56","last":"65"}}},{"title":"Generic style music preferences of fifth-grade students","author":[{"name":" LeBlanc A."}],"host":{"title":"Journal of Research in Music Education","author":[],"volume":"27","pages":{"first":"255","last":"270"}}},{"title":"Effects of style, tempo, and performing medium on children's music preference","author":[{"name":" LeBlanc A."}],"host":{"title":"Journal of Research in Music Education","author":[],"volume":"29","pages":{"first":"143","last":"156"}}},{"title":"Effects of tempo and performing medium on children's music preference","author":[{"name":" LeBlanc A."},{"name":" Cote R."}],"host":{"title":"Journal of Research in Music Education","author":[],"volume":"31","pages":{"first":"57","last":"66"}}},{"title":"Effect of tempo on children's music preference","author":[{"name":" LeBlanc S."},{"name":" McCrary J."}],"host":{"title":"Journal of Research in Music Education","author":[],"volume":"31","pages":{"first":"283","last":"294"}}},{"title":"Music is a human need","author":[{"name":" Mead M."}],"host":{"title":"Music Educators Journal","author":[],"volume":"59","issue":"2","pages":{"first":"24","last":"29"}}},{"title":"Effects of authority figure biases on changing judgments of musical events","author":[{"name":" Radocy R. D."}],"host":{"title":"Journal of Research in Music Education","author":[],"volume":"24","pages":{"first":"119","last":"128"}}},{"title":"Children's musical preferences as related to grade level and other factors","author":[{"name":" Rogers V. R."}],"host":{"title":"Elementary School Journal","author":[],"volume":"57","pages":{"first":"433","last":"435"}}},{"title":"Effects of social reinforcement on the musical preferences of mentally retarded children","author":[{"name":" Steele A. L."}],"host":{"title":"Journal of Music Therapy","author":[],"volume":"4","pages":{"first":"57","last":"61"}}},{"host":{"title":"The first three years of life","author":[]}}],"genre":["research-article"],"host":{"title":"Journal of Research in Music Education","language":["unknown"],"issn":["0022-4294"],"publisherId":["JRM"],"volume":"34","issue":"1","pages":{"first":"24","last":"33"},"genre":["journal"]},"namedEntities":{"unitex":{"date":["1979","1986"],"geogName":[],"orgName":["Utah State University","American Association"],"orgName_funder":[],"orgName_provider":[],"persName":["Convention","Greer","Raymond Cattell","Oscarthe Grouchon","Craig Peery","Paul Crane","Irene W. Peery"],"placeName":["New York City"],"ref_url":[],"ref_bibl":["Foster& Marion,1939","Gardner, 1971","Rogers, 1957","Inglefield, 1972","LeBlanc, 1981","Greer et al. (1974)","Greer et al.","Steele, 1967","Mead, 1972","Greer, Dorow, & Randall, 1974","Cattell & Saunders, 1954","LeBlanc, 1979","White, 1977","Dorow, 1977","Bradley, 1971","Garretson,1966","Radocy, 1976","Heingartner & Hall, 1974","LeBlanc & Cote, 1983","see Borke, 1971","Greer, Dorow, Wachhaus, & White, 1973","Gardner,1973","Getz, 1966"],"bibl":[]}},"ark":["ark:/67375/M70-TH7T595K-5"],"categories":{"wos":[],"scienceMetrix":["1 - arts & humanities","2 - visual & performing arts","3 - music"],"scopus":["1 - Social Sciences","2 - Arts and Humanities","3 - Music","1 - Social Sciences","2 - Social Sciences","3 - Education"],"inist":["1 - sciences humaines et sociales"]},"publicationDate":"1986","copyrightDate":"1986","enrichments":{"type":["multicat","nb","teeft","unitex"]},"doi":["10.2307/3344795"],"_id":"BADFFA930BEABF8D41DAD9CFCCCDBD915C895D98"}