{"corpusName":"wiley","keywords":{"teeft":["motivic","chua","first movement","adorno","music analysis","orum","ritical","blackwell publisher","late style","late work","grosse fuge","middle movement","development section","more surprising","harmonic structure","piano sonata","late beethoven","foreground motive","motivic parallelism","graphic analysis","motivic unity","third movement","rosengard subotnik","thomas mann","missa solemnis","moment musicaux","music theory spectrum","allen forte","allan cadwallader","tonal music","compositional strategy","particular piece"]},"author":[{"name":"Peter McCallum","affiliations":["Sydney Conservatorium of Music, University of Sydney"]}],"articleId":["MUSA086"],"arkIstex":"ark:/67375/WNG-2F53JMV4-F","language":["eng"],"originalGenre":["reviewArticle"],"qualityIndicators":{"score":5.711,"pdfWordCount":3699,"pdfCharCount":21038,"pdfVersion":1.2,"pdfPageCount":8,"pdfPageSize":"969 x 1394 pts","pdfWordsPerPage":462,"pdfText":true,"refBibsNative":false,"abstractWordCount":1,"abstractCharCount":0,"keywordCount":0},"title":"Daniel K. L. Chua, The ‘The Galitzin’ Quartets of Beethoven: Opp. 127, 132, 130","genre":["review-article"],"host":{"title":"Music Analysis","language":["unknown"],"doi":["10.1111/(ISSN)1468-2249"],"issn":["0262-5245"],"eissn":["1468-2249"],"publisherId":["MUSA"],"volume":"18","issue":"1","pages":{"first":"143","last":"150","total":"8"},"genre":["journal"]},"namedEntities":{"unitex":{"date":["1822","1999","in the nineteenth century"],"geogName":[],"orgName":["Blackwell Publishers Ltd.","Harvard University","American Musicological Society"],"orgName_funder":[],"orgName_provider":[],"persName":["Robert W. Witkin","Evan Bonds","John Rothgeb","Walter Frisch","David Beach","Galitzin","Charles Rosen","Paul Bekker","Richard Cohn","Nicholas Cook","Iris Murdoch","Allan Cadwallader","Grosvenor W. Cooper","Leonard G. Ratner","Thomas Mann","C. Lenhardt","Clara Winston","H. T. Lowe-Porter","Faustus","Johannes Brahms","Kevin Korsyn","Cohn","Journal","Leonard B. Meyer","Daniel Chua","Having","Charles Burkhart","David Epstein","Wendel Kretschmar"],"placeName":["MA","Cambridge"],"ref_url":[],"ref_bibl":["Frankfurt am Main: Suhrkamp Verlag, 1964","London and New York: Routledge, 1998","Harmondsworth: Penguin, 1968","Chicago: Chicago University Press, 1960","Stanford: Stanford Bookstore, 1995","London: Routledge, 1984","Minneapolis: University of Minnesota Press, 1991","Princeton: Princeton University Press, 1995","London: Secker and Warburg, 1961","Yale University, 1983","New York: Norton, 1971"],"bibl":[]}},"ark":["ark:/67375/WNG-2F53JMV4-F"],"categories":{"wos":[],"scienceMetrix":["1 - arts & humanities","2 - visual & performing arts","3 - music"],"scopus":["1 - Social Sciences","2 - Arts and Humanities","3 - Music"]},"publicationDate":"1999","copyrightDate":"1999","enrichments":{"type":["multicat","refBibs","teeft","unitex"]},"doi":["10.1111/1468-2249.00086"],"_id":"A24DFF72CFCA86F4C4A0AE8728189632297D129A"}