{"corpusName":"oup","keywords":{"teeft":["elgar","lytton","strange story","margrave","bulwer","piano quintet","first movement","ibid","occult","quintet","cresc","programme","fenwick","violoncello","brinkwells","mcveagh","edward elgar","espress","lord novels","tarantella","molto","mesmerism","programme music","bulwer lytton","edward bulwer","moderato","gerontius","flexham","dunhill","fugato","major theme","christensen","serioso","ernest newman","piano part","abbey hill","ghostly stuff","slow movement","chamber works","viola violoncello","clairvoyance","chant","last days","violin sonata","musical material","serioso cresc","chamber music","flexham park","opening theme","string parts","elgar birthplace museum","manchester guardian","oratorio","thematic","alice diary","double sheet","absolute music","paul clifford","normal clairvoyance","animal magnetism","dignita theme","british library","musical narrative","severn house","british music","thematic material","full diapason","cyclopedic survey","opening movement","spanish monks","english music","past events","brian trowell","fitting tribute","newman","occult forces","musical critics","general gordon","brahms symphony","first symphony","modern music","poetic scheme","best work","eugene aram","lord lytton","third symphony","newgate novel","saxon kings","vital music","good music","several aspects","jerrold northrop moore","victorian fiction","alice stuart wortley","john ashburner","john elliotson","beethoven forum","occult novel","quintet notation","such phenomena","quintet material","strong candidate","social circle","cello concerto","powerful influence","gathering round","sunday times","musical criticism","dark forces","sensuous material principle","canon gorton","sweet voice","potential explanation","religious hymn","frederick delius","bernard shaw","george bernard shaw","musical idea","second subject","donald mitchell","chamber music repertory","octave doublings","same form","barbaric chant","right hand","possible explanation","incidental music","algernon blackwood","retrospective narrative","aeolian harp","dreary sonata","basil maine","mighty voice","bedham copse","literary context","alice elgar","deeper understanding","musical events","striking parallels","violin"]},"author":[{"name":"Michael Allis"}],"arkIstex":"ark:/67375/HXZ-X902TWZH-4","language":["eng"],"originalGenre":["research-article"],"abstract":"Edward Elgar's Piano Quintet, Op. 84 has been viewed by several critics as problematic, both in relation to the nature of its musical material and the particular succession of musical events. After discussing the critical reception of the Quintet, I explore the suggestion by its dedicatee, Ernest Newman, that there was an unstated ‘quasi-programme’ behind the work. In the search for a possible source that might account for the Quintet's ‘problematic’ features, Alice Elgar's diary reference to Edward Bulwer Lytton's occult novel at A Strange Story proved potentially significant. Not only does the arrival of Lytton's novels at Brinkwells represent a significant event in the Quintet's gestation, but there are a number of striking parallels between the atmosphere and narrative detail of Lytton's A Strange Story and Elgar's approach to musical style and structure. Given that the issue of abstract versus programme music was a prominent feature of the Elgar–Newman relationship, the adoption of such a ‘quasi-programme’ would have represented a fitting tribute to the Quintet's dedicatee.","qualityIndicators":{"score":7.004,"pdfWordCount":17655,"pdfCharCount":96741,"pdfVersion":1.3,"pdfPageCount":41,"pdfPageSize":"479 x 697 pts","pdfWordsPerPage":431,"pdfText":true,"refBibsNative":false,"abstractWordCount":167,"abstractCharCount":1095,"keywordCount":0},"title":"Elgar, Lytton, and the Piano Quintet, OP. 84","refBibs":[{"host":{"title":"References to important studies of the occult are peppered throughout his novels, displaying a familiarity with the writings of the Neoplatonist Iamblicus (d. c. ad 330) through to those of Eliphas LeÂ vi","publicationDate":"181075","author":[],"pages":{"first":"210"}}},{"host":{"title":"Bulwer used this term to distinguish his own work fromfrom`works of mimetic realism', describing a `dim and shadowy allegory' thatthat`deserts or resumes' at will. Eigner discusses several aspects of the genre (which could be applied to the majority of Lytton's writings), including idealized or simplified characters, the passive hero","publicationDate":"1978","author":[{"name":"America: England"},{"name":" Dickens"},{"name":" Bulwer"},{"name":" Melville"},{"name":" Hawthorne"},{"name":"Los Berkeley"},{"name":" Angeles"}]}},{"host":{"title":"Apprentices to Life particularly particularly`Bulwer Lytton: The Dandy's Progress","publicationDate":"1930","author":[{"name":"See,Susanne Howe"},{"name":"Wilhelm Meister"},{"name":" His English Kinsmen"}],"pages":{"first":"126","last":"77"}}},{"title":"The New Seriousness: Edward Bulwer-Lytton's ``Harold'' ', 47±67, and Curtis Dahl, `History on the Hustings: Bulwer Lytton's Historical Novels of Politics","author":[],"publicationDate":"1958","host":{"title":"The Victorian Historical Novel 1840±1880 From Jane Austen to Joseph Conrad: Essays Collected in Memory of James T. Hillhouse","publicationDate":"1958","author":[],"pages":{"first":"60","last":"71"}}},{"title":"Bulwer Lytton's Novels and Isis Unveiled The importance of Lytton's occult novels is suggested by the fact that they were lampooned. See e.g. Bret Harte's satirical tale, `The Dweller of the Threshold By Sir Ed-d L-tt-n B-lwr', in Condensed Novels 77±84, which contained one striking character), unkindly suggested that Lytton's motives were primarily financial: `Yes, I am he who on the Novel shed","author":[{"name":"S,B Liljegren"},{"name":"C. Nelson Stewart"}],"publicationDate":"1843","host":{"title":"Strange Stories and other Explorations in Victorian Fiction ApokatharticonÐthe Unpronounceable'. Similarly, W. E. Aytoun's `A Midnight Meditation by Sir E. L. Bulwer', one of thèLays of the Would-be Laureates' in Tait's Edinburgh Magazine","publicationDate":"1843","author":[]}},{"host":{"title":"The Life of Edward Bulwer, ii","author":[{"name":"V,A Lytton"}],"pages":{"first":"40"}}},{"title":"98, whose description of Lytton in Paris in 1866 notes that hisàbundant hair, prominent nose, and excess of beard and moustache, suggested Mephistopheles","author":[{"name":"Felix,O C Darley"}],"publicationDate":"1868","host":{"title":"Sketches Abroad with Pen and Pencil","publicationDate":"1868","author":[]}},{"host":{"title":"See also ibid. i. 36: `Where I found a book in English it sufficed for me, no matter how dry and how far above my reason; I still looked and lingeredÐread and wondered. All variety of dim ideas thus met and mingled in my brain. Many an atom of knowledge, chipped off from the block and stored up unconsciously in the mind","author":[]}},{"title":"Franz Alphonse-Louis Constant) came to visit Lytton at Knebworth in 1861 Lytton also developed personal connections with three figures at the forefront of developments in phrenology Anton Mesmer (1734±1815), Le Marquis de PuyseÂ gur (1751±1825), and L. F. Alfred Maury (1817±92) For recent discussions of some of these figures see The Life of Louis Claude de Saint-Martin, the Unknown Philosopher, and the Substance of his Transcendental Doctrine (London, 1901) and Saint-Martin the French Mystic and the Story of Modern Martinism Occult works cited in particular by Lytton include Maury","author":[{"name":"Michael Baigent"},{"name":"Richard Leigh Arthur Edward Waite"},{"name":"Christopher Mcintosh"}],"publicationDate":"1861","host":{"title":"Lytton mentions writers such as Proclus Michael Psellus (1018±78) Paracelsus (1493±1541) Alchemy and Chemistry in the 16th and 17th Centuries History of Magic and Alchemy Eliphas LeÂ vi and the French Occult Revival Histoire de la magie (1860), and Le Clef des grandes mysteÁ res","publicationDate":"1861","author":[]}},{"host":{"title":"Facts in Mesmerism, with Reasons for a Dispassionate Inquiry into It (London, 1840) and Mesmerism Proved True, and The Quarterly Reviewer Reviewed","author":[],"pages":{"first":"1854"}}},{"title":"1867) and A Series of Essays . . . On the Connection between Mesmerism and Spiritualism, with Considerations on their Relations to Natural and Revealed Religion and to the Welfare of Mankind (London, 1859), a supplement to volume 3 of the British Spiritual Telegraph. Elliotson, who founded the Phrenological Society in 1824, also edited The Zoist, a journal of cerebral physiology and mesmerism, which ran to thirteen volumes from 1843 to 1856","author":[{"name":"John Elliotson"},{"name":"John Ashburner"}],"publicationDate":"1843","host":{"title":"Numerous Cases of Surgical Operations Without Pain in the Mesmeric State For a general discussion of the mesmerism movement in England, and the influence of Elliotson on Dickens The Hidden Springs of Fiction","publicationDate":"1843","author":[]}},{"title":"Braid's publications include Neurypnology; or the Rationale of Nervous Sleep For an informative summary of the philosophies of Mesmer, PuyseÂ gur, Elliotson, Townshend, and Braid, see Phyllis Weliver, Women Musicians in Victorian Fiction, 1860±1900: Representations of Music","author":[{"name":"E Sir"},{"name":" Bulwer Lytton"}],"publicationDate":"1843","host":{"title":"Caxtoniana: A Series of Essays on Life, Literature and Manners, 2 vols. (London, 1863), i. 207±8 Considered in Relation with Animal Magnetism Science and Gender in the Leisured Home","publicationDate":"1843","author":[],"pages":{"first":"60","last":"85"}}},{"title":"55, which suggests that Lytton's presence at a seance in a haunted house in Berkeley Square provided the inspiration for his novel The Haunters and the Haunted","author":[],"publicationDate":"1885","host":{"title":"Glimpses in the Twilight; being Various Notes, Records, and Examples of the Supernatural","publicationDate":"1885","author":[]}},{"title":"She suggested that her husband's `irresistible spell' was retained in Margrave's capacity to charm those with whom he came into contact. Home's beliefs are explained in his Lights and Shadows of Spiritualism","author":[],"publicationDate":"1888","host":{"title":"His Life and Mission 182±5","publicationDate":"1888","author":[],"pages":{"first":"1877"}}},{"title":"The Life of Edward Bulwer, ii. 341±2. It was Bulwer Lytton who persuaded Dickens to alter the end of his novel Great Expectations","author":[],"publicationDate":"1860-08-03","host":{"title":"Lytton","publicationDate":"1860-08-03","author":[]}},{"host":{"title":"See the letter from Dickens to Lytton dated 12 May 1861 in The Letters of Charles Dickens","author":[]}},{"title":"The Life of Edward Bulwer, ii","author":[],"publicationDate":"1861","host":{"title":"Lytton","publicationDate":"1861","author":[],"pages":{"first":"345"}}},{"host":{"title":"compares Margrave to Wilde's Dorian Gray, in thatthat`he has successfully divorced himself from the soul and so escaped the supposed consequences of original sin. A perfectly beautiful animal, untroubled by ethical consciousness, he discovers that the laws decreeing that sin must bear its penalty and that man must age and die are only the illusions of priestcraft","author":[]}},{"host":{"title":"See Lord Lytton's Novels, v: Rienzi, 201±2, `Love's excuse for sadness' andand`The Lay of the Troubadour","author":[]}},{"host":{"title":"the wandering minstrel's music acts as a kind of leitmotiv that returns at several junctures in the novel in order for Kenelm, whòhad music in his soul', to discuss the philosophy of love in particular; for the first appearance of the minstrel, see Lord Lytton's Novels, xxiv. 53±7. See alsòThe Complaint of the Last Faun' in The Pilgrims of the Rhine (xii. 457), `The Gypsy's Song' in The Disowned","author":[{"name":"In Kenelm"},{"name":"Chillingly "}]}},{"host":{"title":"See also The Caxtons (xiv. 24), where the narrator Pisistratus Caxton is affected by his mother's singing: `few could hear her sweet voice without being deeply touched. Her music, her songs, had a wondrous effect on me. Thus, altogether, a kind of dreamy yet delightful melancholy seized upon my whole being; and this was the more remarkable, because contrary to my early temperament","author":[{"name":" Ibid"},{"name":" 236±7"}]}},{"title":"Novels, xix: Zanoni, 1±2. Frederick Delius began a draft of incidental music for Zanoni in 1888, aspects of which were later reworked into Irmelin and The Magic Fountain; see Robert Threlfall","author":[],"publicationDate":"1977","host":{"title":"A Catalogue of the Compositions of Frederick Delius: Sources and References","publicationDate":"1977","author":[],"pages":{"first":"19"}}},{"host":{"title":"Reed, in Cobbett's Cyclopedic Survey of Chamber Music, i","author":[],"pages":{"first":"375"}}},{"host":{"title":"Elgar's Quintet for Pianoforte and Strings (op. 84)', Musical Times 596, identifiedà sense of reserved power, of hidden possibilities","publicationDate":"1919-11-01","author":[{"name":" Reed"},{"name":"125,H C Elgar"},{"name":" Colles"}]}},{"host":{"title":"Ghostly Stuff '' ', 115; the opening four notes of the theme can be compared with the plainsong melody in the Liber Usualis","publicationDate":"1953","author":[],"pages":{"first":"276"}}},{"title":"concentration of its resources in all matters of patronage. Abbey Hill had its own milliner and its own draper, its own confectioner, butcher, baker, and tea-dealer; and the patronage of Abbey Hill was like the patronage of royalty, less lucrative in itself than as a solemn certificate of general merit. The shops on which Abbey Hill conferred its custom were certainly not the cheapest, possibly not the best. But they were undeniably the most imposing. The proprietors were decorously pompousÐthe shopmen superciliously polite","author":[],"host":{"title":"The ladies of Low Town","author":[],"pages":{"first":"14","last":"15"}}}],"genre":["research-article"],"host":{"title":"Music and Letters","language":["unknown"],"issn":["0027-4224"],"eissn":["1477-4631"],"publisherId":["musicj"],"volume":"85","issue":"2","pages":{"first":"198","last":"238"},"genre":["journal"]},"namedEntities":{"unitex":{"date":["1842","1831","1901","1832","1861","1931","1918","1920","1930s","1919","1921","1830s","1911","2004","1905"],"geogName":[],"orgName":["University of Birmingham","Birmingham University","China, Jewellery"],"orgName_funder":[],"orgName_provider":[],"persName":["Percy M. Young","E. Wulstan","Alice","Jeremy Crump","Inez Lynn","Alice Stuart","Newman","Diana M. McVeagh","Brian Trowell","Martin Fido","Margaret Sanders","Alfred Rodewald","Thomas Sipe","London Library","John Porte","Edward Bulwer","My Novel","Scott Burnham","Elgar","Edward Bulwer-Lytton","Edward BulwerLytton","Amanda Robertson","Ernest NewmanÐa","Basil Maine","Hermann Fiedler","V. A. Lytton","B.Ðif","Edward Wm","Gaskell","Hewitt","Edward Elgar","Allan Conrad","A. J. Sheldon","Philip Dodd","Paul Clifford","Sarah Allen","Louis Cazamian","Alice Elgar","Diana McVeagh","Keith Hollingsworth","Lena Ashwell","Hollingsworth","Ian Hague","Robert Anderson","To","Harry Isaacs","Ernest Newman","William H. Reed","Joseph Henry","Benjamin Jowett","Raymond Monk","H. C. Colles","Grace Jones","Robert Colls","J. F. Porte","W. W. Cobbett","Bernard Shaw","Thomas F. Dunhill","Eugene Aram","Kingdom","Michael Kennedy","Lewis Foreman","Ivor Keys","Chris Bennet","Mark Everist","James Lever","William Roberts","Dan H. Laurence","Thomas Dunhill","Charles W. Snyder","Mary Magdalene","Ernest Maltravers","Arts"],"placeName":["Birmingham","Hertfordshire","Athens","Jerusalem","Liverpool","Manchester","St Ives","England"],"ref_url":[],"ref_bibl":["Oxford, 1990","Oxford, 1984","London and Boston, 1973","London, 1919","Oxford, 1989","London and Glasgow, 1938","London, 1986","London, 1913","New York, 1936","Detroit, 1963","Politics and Culture 1880","London, 1929","London, 1985","London, 1968","Night and Morning (1841)","Aldershot, 2002","London, 1906","Rise and Fall (1837)","Oxford, 1987","London, 1939","London, 1984","London, 1995","London, 1885","December 1905","London, 1933","Aldershot, 1993","London, 1955","New York, 1995","London, 1873","London, 1921","London, 1932","London, 1971","Rickmansworth, 2001","London, 1872","London and New York, 1873"],"bibl":[]}},"ark":["ark:/67375/HXZ-X902TWZH-4"],"categories":{"wos":[],"scienceMetrix":["1 - arts & humanities","2 - visual & performing arts","3 - music"],"scopus":["1 - Social Sciences","2 - Arts and Humanities","3 - Music"],"inist":["1 - sciences humaines et sociales","2 - sciences de l'education"]},"publicationDate":"2004","copyrightDate":"2004","enrichments":{"type":["multicat","nb","refBibs","teeft","unitex"]},"doi":["10.1093/ml/85.2.198"],"_id":"1A6B09A1D4BAB658AA214FC650CC001A6E4F8223"}