{"corpusName":"oup","keywords":{"teeft":["fidelio","leonore","aria","florestan","pizarro","marzelline","jaquino","gluck","duet","musical quarterly","leonore overture","rocco","second version","overture","fanfare","florestan aria","original version","first version","grand aria","third leonore overture","first production","magic flute","definitive form","second time","dungeon","beethoven","other hand","original form","second place","principal action","subordinate character","unsingable passage","sinister effect","overture beethoven","second fanfare","richard wagner","greater part","opening number","brief pause","lilli lehmann","namenlose freude","mozart"]},"author":[{"name":"EDGAR ISTEL"}],"articleId":["VII.2.226"],"arkIstex":"ark:/67375/HXZ-TXSRSTB3-H","language":["eng"],"originalGenre":["research-article"],"qualityIndicators":{"score":5.05,"pdfWordCount":9242,"pdfCharCount":53560,"pdfVersion":1.2,"pdfPageCount":26,"pdfPageSize":"624 x 803 pts","pdfWordsPerPage":355,"pdfText":true,"refBibsNative":false,"abstractWordCount":0,"abstractCharCount":0,"keywordCount":0},"title":"BEETHOVEN'S “LEONORE” AND “FIDELIO”","genre":["research-article"],"host":{"title":"The Musical Quarterly","language":["unknown"],"issn":["0027-4631"],"eissn":["1741-8399"],"publisherId":["musqtl"],"volume":"VII","issue":"2","pages":{"first":"226","last":"251"},"genre":["journal"],"subject":[{"value":"Articles"}]},"namedEntities":{"unitex":{"date":["1842","1790","1807","1814","1810","1804","1809","1800","1805","1852","1806"],"geogName":[],"orgName":[],"orgName_funder":[],"orgName_provider":[],"persName":["Jean-Nicolas Bouilly","Pierre Gaveaux","Otto Jahn","Joseph Sonnleithner","Prieger","Friedrich Schroeder","G. Nottebohm","Hans von Billow","Schikaneder","Richard Wagner","Paris Conservatory","Albert Niemann","Anna Milder-Hauptmann","Lilli Lehmann","Alfred von Wolzogen","Don Giovanni","Wilhelmine Schroeder-Devrient","Beethoven","Ferdinand Pair","Sebastian Meyer","Court Opera","Antonio Salieri","Wilhelmine SchroederDevrient","Leonore Overture","Angel Leonore","Otto Nicolai","Erich Prieger","Merry Wives"],"placeName":["Paris","Dresden","Munich","Windsor","Bonn","Vienna","Spain"],"ref_url":[],"ref_bibl":["Die Qeschopfe des Prometheus; Vienna, 1801","November, 1822","Breitkopf & Hfirtel, 1905"],"bibl":[]}},"ark":["ark:/67375/HXZ-TXSRSTB3-H"],"categories":{"wos":[],"scienceMetrix":["1 - arts & humanities","2 - visual & performing arts","3 - music"],"scopus":["1 - Social Sciences","2 - Arts and Humanities","3 - Music"]},"publicationDate":"1921","copyrightDate":"1921","enrichments":{"type":["multicat","refBibs","teeft","unitex"]},"doi":["10.1093/mq/VII.2.226"],"_id":"F405B07C2E040BFA3FD53B6D0AC585ACD0FCB36E"}