{"corpusName":"wiley","keywords":{"teeft":["liszt","music analysis","franz liszt","blackwell publishing","critical forum","deaville","hofmeister","botstein","programme","cantata","kleinertz","franz","symphonic poems","early part","bard music festival","gazette musicale","nineteenth century","sonata form","cornell university press","carl friedrich weitzmann","lettres bachelier","rainer kleinertz","press accounts","beethoven festival","many ways","biographical documents","anregungen kunst","alan walker","deaville points","contemporary documents","larry todd","consonant chord","copious annotations","other publishers","concert tours","primary sources","excellent introduction","blackwell","virtuoso"]},"author":[{"name":"JAY ROSENBLATT","affiliations":["University of Arizona"]}],"articleId":["MUSA314"],"arkIstex":"ark:/67375/WNG-Q71CG81T-V","language":["eng"],"originalGenre":["bookReview"],"qualityIndicators":{"score":7.012,"pdfWordCount":7320,"pdfCharCount":41622,"pdfVersion":1.3,"pdfPageCount":15,"pdfPageSize":"484.7 x 697.3 pts","pdfWordsPerPage":488,"pdfText":true,"refBibsNative":false,"abstractWordCount":1,"abstractCharCount":0,"keywordCount":0},"title":"Franz Liszt and His World – Edited by Christopher H. Gibbs and Dana Gooley","genre":["book-reviews"],"host":{"title":"Music Analysis","language":["unknown"],"doi":["10.1111/(ISSN)1468-2249"],"issn":["0262-5245"],"eissn":["1468-2249"],"publisherId":["MUSA"],"volume":"28","issue":"2‐3","pages":{"first":"439","last":"453","total":"15"},"genre":["journal"]},"namedEntities":{"unitex":{"date":["2009","1831","1865","2006","1850s","the Nineteenth Century","May–November 1835","1983","1880, 1887, and 1894","1838","1840","in the nineteenth century","Nineteenth Century","the eighteenth and nineteenth centuries","1990","1856","1845","1874","1830s","1841","1870","1857","the eighteenth century","1870s","1835"],"geogName":[],"orgName":["Italy, and the Republic of the Imagination","Austria, France, Germany, Great Britain and Italy","Cornell University","Harvard University","American Liszt Society","Blackwell Publishing Ltd","Blackwell Publishing Ltd."],"orgName_funder":[],"orgName_provider":[],"persName":["Antonio Bowen","William Kinderman","François-Joseph Fétis","Hector Berlioz","Frantz Listz","Ryan Minor","James A. Deaville","Franz Liszt","Liszt","Charles Suttoni","Leon Botstein","Serge Gut","Sigismund Thalberg","Lina Ramann","Jean Chantavoine","Jeffrey Kallberg","Bowen","Ralph P. Locke","Heine","Harald Krebs","Friedrich Schnapp","Todd","Carl Friedrich","Clara Wieck","Benjamin Walton","German School","Arthur Seidl","Rosenblatt","Anna Harwell","HisWorld","James Deaville","An Introduction","Deaville","Larry Todd","Friedrich Hofmeister","Ortigue","Susan Youens","B. Schott","Index","Felix Draeseke","Dana Gooley","Eduard Krüger","Edmund Burke","Rena Mueller","Christopher H. Gibbs","An Artist","Youens","Alan Walker","Ludwig Rellstab","R. Larry","Allan Keiler","Eduard Hanslick","Lucia di Lammermoor","D. Kern","Peter Bloom","Jacqueline Bellas","C. P. E. Bach"],"placeName":["Leipzig","Venice","Paris","Switzerland","Germany","Bonn","Altenburg","Europe","Vienna","Rome","NE","MA","Cambridge","Italy","Mainz","Lincoln"],"ref_url":[],"ref_bibl":["March 1842","Vienna: Böhlaus, 1984","Chicago: University of Chicago Press, 1989","University of Nebraska Press, 1996","Paris: Félix Alcan, 1912","Wiesbaden: Breitkopf und Härtel, 2000","Blackwell Publishing Ltd., 9600","Paris: Fayard, 2001","University of Chicago, 1995"],"bibl":[]}},"ark":["ark:/67375/WNG-Q71CG81T-V"],"categories":{"wos":[],"scienceMetrix":["1 - arts & humanities","2 - visual & performing arts","3 - music"],"scopus":["1 - Social Sciences","2 - Arts and Humanities","3 - Music"]},"publicationDate":"2009","copyrightDate":"2009","enrichments":{"type":["multicat","refBibs","teeft","unitex"]},"doi":["10.1111/j.1468-2249.2011.00314.x"],"_id":"B7D8E677C601E4027333550134B570E241DDE96E"}