{"corpusName":"cambridge","author":[{"name":"John York"}],"articleId":["01563"],"arkIstex":"ark:/67375/6GQ-4ZL3RBXR-M","language":["eng"],"originalGenre":["research-article"],"abstract":"At a time when composers usually write only one piece in any particular genre, since they seldom get the commission or — like Brahms and Beethoven – feel the urge or need to make it two or three at the very least, it is more than just good fortune that James MacMillan's cello compositions, large and small, are rapidly becoming a major corpus of work for the instrument. It is a tribute to, and result of, his confidence with the cello's ability to carry his thoughts, and also of its inherent suitability to express the singing, dancing and searingly intense things he wants to say.","qualityIndicators":{"score":4.947,"pdfWordCount":1687,"pdfCharCount":10089,"pdfVersion":1.4,"pdfPageCount":5,"pdfPageSize":"488.88 x 722.88 pts","refBibsNative":false,"abstractWordCount":105,"abstractCharCount":584,"keywordCount":0},"title":"The makings of a cycle? James MacMillan's Cello and Piano Sonatas","pii":["S0040298200015631"],"genre":["research-article"],"host":{"title":"Tempo","language":["unknown"],"issn":["0040-2982"],"eissn":["1478-2286"],"publisherId":["TEM"],"issue":"221","pages":{"first":"24","last":"28","total":"5"},"genre":["journal"]},"ark":["ark:/67375/6GQ-4ZL3RBXR-M"],"categories":{"inist":["1 - sciences humaines et sociales","2 - ethnologie"]},"publicationDate":"2002","copyrightDate":"2002","enrichments":{"type":["nb","refBibs"]},"doi":["10.1017/S0040298200015631"],"_id":"BFFA02682D139E91107DD274B0CB07D59D27C6E0"}