{"corpusName":"oup","keywords":{"teeft":["trill","last movement","fugue","principal note","musical quarterly","great fugue","tonic","authentic cadence","first movement","auxiliary note","violin concerto","same time","mere ornamentation","conventional ornament","transient trill","short trill","pianoforte sonata","second subject","virtuoso effect","ornament"]},"author":[{"name":"EDWIN HALL PIERCE"}],"articleId":["XV.2.233"],"arkIstex":"ark:/67375/HXZ-1FWRVLV2-G","language":["eng"],"originalGenre":["research-article"],"qualityIndicators":{"score":4.151,"pdfWordCount":4101,"pdfCharCount":21999,"pdfVersion":1.3,"pdfPageCount":13,"pdfPageSize":"452 x 682 pts","pdfWordsPerPage":315,"pdfText":true,"refBibsNative":false,"abstractWordCount":0,"abstractCharCount":0,"keywordCount":0},"title":"THE SIGNIFICANCE OF THE “TRILL,” AS FOUND IN BEETHOVEN'S MOST MATURE WORKS","genre":["research-article"],"host":{"title":"The Musical Quarterly","language":["unknown"],"issn":["0027-4631"],"eissn":["1741-8399"],"publisherId":["musqtl"],"volume":"XV","issue":"2","pages":{"first":"233","last":"245"},"genre":["journal"],"subject":[{"value":"Articles"}]},"namedEntities":{"unitex":{"date":["1929"],"geogName":["Ill"],"orgName":[],"orgName_funder":[],"orgName_provider":[],"persName":["Even Beethoven"],"placeName":[],"ref_url":[],"ref_bibl":[],"bibl":[]}},"ark":["ark:/67375/HXZ-1FWRVLV2-G"],"categories":{"wos":[],"scienceMetrix":["1 - arts & humanities","2 - visual & performing arts","3 - music"],"scopus":["1 - Social Sciences","2 - Arts and Humanities","3 - Music"]},"publicationDate":"1929","copyrightDate":"1929","enrichments":{"type":["multicat","refBibs","teeft","unitex"]},"doi":["10.1093/mq/XV.2.233"],"_id":"233C46513BAB396228535542D1173A9DE394C661"}