{"corpusName":"wiley","keywords":{"teeft":["assistant professor","musicology","music theory","keele","keele university","interdisciplinary","journal compilation","blackwell publishing","modernist aesthetics","popular culture","eric clarke","heather professor","professorial","professorial fellow","wadham","wadham college","music psychology","semiotics","hartmut","fladt","hartmut fladt","musikwissenschaft","institut musikwissenschaft","musiktheorie","komposition","goldman","jonathan goldman","music analysis","british columbia","musiques","contemporaines","musiques contemporaines","livingstone","rodney livingstone","german language","professor emeritus","political texts","irvine","theorist","ulrich","german sociologist ulrich beck","losada","catherine losada","collegeconservatory","international music festival","bogot","reyland","nicholas reyland","ligeti","messiaen","various aspects","interdisciplinary media","programme","culture programme","interdisciplinary research","east asia","whittall","mary whittall","many german language texts","carl realism","cambridge music analysis","modernist","musical developments","garsington","garsington road","main street","contributors university press","oxford university press","alastair","alastair williams","ashgate","cambridge university press","adorno","aesthetics"]},"articleId":["MUSA291"],"arkIstex":"ark:/67375/WNG-PV7X3D2J-P","language":["eng"],"originalGenre":["authorInstructions"],"qualityIndicators":{"score":2.351,"pdfWordCount":339,"pdfCharCount":2219,"pdfVersion":1.3,"pdfPageCount":2,"pdfPageSize":"484.7 x 697.3 pts","pdfWordsPerPage":170,"pdfText":true,"refBibsNative":false,"abstractWordCount":1,"abstractCharCount":0,"keywordCount":0},"title":"Notes on Contributors","genre":["other"],"host":{"title":"Music Analysis","language":["unknown"],"doi":["10.1111/(ISSN)1468-2249"],"issn":["0262-5245"],"eissn":["1468-2249"],"publisherId":["MUSA"],"volume":"27","issue":"2‐3","pages":{"first":"393","last":"394","total":"2"},"genre":["journal"]},"namedEntities":{"unitex":{"date":["1968","2001","1995","2008"],"geogName":[],"orgName":["University of Oxford","Cambridge University","Keele University","University of Southampton","University of Shef","University of Victoria","University of Cincinnati","Contributors University","Germany and Australia","Blackwell Publishing Ltd.","Universität"],"orgName_funder":[],"orgName_provider":[],"persName":["Professor","Rodney Livingstone","Heather Professor","Carl Dahlhaus","Theory","Ludwig van Beethoven","Mary Whittall","Ulrich Beck","Music"],"placeName":["Colombia","Germany","UK","Canada","Cambridge"],"ref_url":[],"ref_bibl":["Oxford University Press, 1991","Blackwell Publishing Ltd., 9600","Ashgate, 2001"],"bibl":[]}},"ark":["ark:/67375/WNG-PV7X3D2J-P"],"categories":{"wos":[],"scienceMetrix":["1 - arts & humanities","2 - visual & performing arts","3 - music"],"scopus":["1 - Social Sciences","2 - Arts and Humanities","3 - Music"]},"publicationDate":"2008","copyrightDate":"2008","enrichments":{"type":["multicat","refBibs","teeft","unitex"]},"doi":["10.1111/j.1468-2249.2009.00291.x"],"_id":"B7FDA5580631A24B46183EA3059DC3811AEE01B8"}