{"corpusName":"wiley","keywords":{"teeft":["schenker","music analysis","satz","freie","freie satz","urlinie","kopfton","unterbrechung","oster","john wiley sons","gliederung","ursatz","middleground","oster collection","piano sonata","quartzug","heinrich","nicholas marston","ersten","eroica","erste","sonata form","durch","wurzel","trans","heinrich schenker","formen","middleground layer","gesetz","drabkin","kadenz","bedeutet","prolongation","william drabkin","notational","puffett","caret","nebennote","einen","gure","jeanette","music examples","second form","third symphony","notational form","fair copy","interruption","movement beethoven","upper voice","urlinie descent","inner voice","tilden foundations","cambridge university press","anonymous note","musical form","urlinie status","notation","derrick puffett","ernst oster","theoretical account","structural weight","english translation","movement mozart","subsection number","theoretical consistency","second column","durch unterbrechung","textual history","schenkerian analysis","marston","wiley","progression"]},"author":[{"name":"Nicholas Marston"}],"articleId":["MUSA12017"],"arkIstex":"ark:/67375/WNG-1QQP2W7W-0","language":["eng"],"originalGenre":["article"],"abstract":"This article draws on the rich resources of Heinrich Schenker's Nachlass in the Ernst Oster Collection (New York Public Library) to construct the development of interruption (Unterbrechung), a vital aspect of Schenker's mature understanding of musical form. In §90 of Der freie Satz (1935) Schenker makes a crucial distinction between the structural weight of the two configurations in an interrupted Ursatz, and gives priority to the first one: the effect of interruption depends on the sense that this will be succeeded by , rather than by the return to that is actually forthcoming. Subsequently, in §93, Schenker claims that the reasserted connects back to its first appearance, prior to the first arrival of . The article explores the tension between these two claims in relation to and Ursätze and reconstructs preliminary versions of the text relating to interruption in Der freie Satz. It concludes by suggesting that Schenker's shifting notation of interrupted structures reflects a continuing uneasiness with his own definition of interruption as a theoretical concept.","qualityIndicators":{"score":9.004,"pdfWordCount":12200,"pdfCharCount":68478,"pdfVersion":1.3,"pdfPageCount":31,"pdfPageSize":"484.7 x 697.294 pts","pdfWordsPerPage":394,"pdfText":true,"refBibsNative":false,"abstractWordCount":167,"abstractCharCount":1079,"keywordCount":0},"title":"The Development of Schenker's Concept of Interruption","genre":["article"],"host":{"title":"Music Analysis","language":["unknown"],"doi":["10.1111/(ISSN)1468-2249"],"issn":["0262-5245"],"eissn":["1468-2249"],"publisherId":["MUSA"],"volume":"32","issue":"3","pages":{"first":"332","last":"362","total":"30"},"genre":["journal"],"subject":[{"value":"ORIGINAL ARTICLES"},{"value":"ORIGINAL ARTICLE"}]},"namedEntities":{"unitex":{"date":["1930","1935","1920s","1931","2013-06-28","2013","1932","1926","1915","1956"],"geogName":[],"orgName":["Sons Ltd","University of Cambridge"],"orgName_funder":[],"orgName_provider":[],"persName":["Oswald Jonas","Jürgen","Heinrich Schenker","Stanley Sadie","Schenker","John Rothgeb","Thomas Christensen","Robert Snarrenberg","James Webster","John Wiley","David Beach","Robert Kosovsky","Derrick Puffett","J. Strauss","Tom Pankhurst","Allen Cadwallader","William Drabkin","Peter H. Smith","Alfred","V. Stufe","The","Hedi Siegel","Beethoven","Alfred Clayton","Charles J. Smith","Esther Cavett","Von Fig","Smith","Oster","S. Bach","Steven E. Gilbert","Gliederung","Ernst Oster","David Gagné","John Tyrrell","Collection","Clayton","Carl Schachter"],"placeName":["Witten","Reading","York","Cambridge"],"ref_url":[],"ref_bibl":["Cambridge: Cambridge University Press, 1999","New York and London: Routledge, 2012","New York and London: Garland, 1997","Vienna: Universal Edition, 1935","Oxford and New York: Oxford University Press, 2007","[247]","New York: Schirmer, 1987","[70]","New York and London: Longman, 1979","Vienna: Universal Edition, 1956","Cambridge, 2002","Cambridge: Cambridge University Press, 1997","[249]","London: Macmillan, 2001","Cambridge: Cambridge University Press, 1996","DfS (1935)","New York and London: Routledge, 2008","New Haven and London: Yale University Press, 1977","[157]","[1926]","New York and London: Norton, 1982","[248]","Sons Ltd, 9600","January 1935"],"bibl":[]}},"ark":["ark:/67375/WNG-1QQP2W7W-0"],"categories":{"wos":[],"scienceMetrix":["1 - arts & humanities","2 - visual & performing arts","3 - music"],"scopus":["1 - Social Sciences","2 - Arts and Humanities","3 - Music"],"inist":["1 - sciences humaines et sociales","2 - histoire et sciences des religions"]},"publicationDate":"2013","copyrightDate":"2013","enrichments":{"type":["multicat","nb","refBibs","teeft","unitex"]},"doi":["10.1111/musa.12017"],"_id":"227EE4E02B8817FE5C9C96CC99C6F7301A43AFFF"}