{"corpusName":"sage","keywords":{"teeft":["charles ives","music educators journal","musicord publications","extra newsletters","october issue","exciting adaptations","brown paper","rosemary forsythe eastlake","unreadable condition","september issue","economy measure","elizabeth mattox mason county schools point","west virginia","trade news","several magazines","smaller magazines","sturdy publication","paper costs","higher postage figures","fiscal year","long time","careful management","good amount","mailing wrappers","other magazines","saddlewire binding","november issue","first signature","different press","lower production costs","last move","hollow wood resonating chamber","mellow tones","tonal response","free resource money","guaranteem visit","menc convention","name school schooladdress city state","checkhereif student","browns mills","ideal library","progressive teachers music","outstanding collection","finest music","playable arrangements","original classics","true interpretation","authentic editing","tuneful varieties","popular demand","good collection","radio tunes","chord symbols","georges bermont books","david hirschberg selections","outstanding composers","technical studies","keyboard facility","good teaching","david hirschberg","books hand","other copies","nearest dealer","free catalogue","staten island","newsletters teaching guide jane beethoven carmanmoore","journal today","subscription period","orderpipeline today","silverburdett company","important difference","rough handling","paper wrappers","cardboard cartons","mail copies","bulk shipments","such economy steps","other sorts","editorial quality","sufficient number","special issues","recent ones","ethnic music","open education","right choices","mailing alterations","professional journal","second symphony","excellent vehicle","american paintings","edward hopper","norman rockwell","grant wood","andrew wyeth","archibald possibilities","grandma moses","thomas statue","capitol dome","thanksgiving turkey","simultaneous presentation","aural information","linda mankin assistant professor","music foothill college","altos hills","california comments","gary spellissey","excellent article","music educator","many clinics","several educators","prospective teachers","good percussion section","collins bandmaster","spellissey quotes","definite method","band directors","nondrumming teachers","handling music","school systems need","college band","young player","past years","teaching percussionists","best roll","practical roll","study period","roll sound","basic studies","same time","buzz rolls","first lesson","rudimental strokes","music organization"]},"author":[{"name":"Wallace S. Umber","affiliations":["Los Angeles"]},{"name":"Rosemary Forsythe","affiliations":["Eastlake, Ohio"]},{"name":"Elizabeth Mattox","affiliations":["Mason County Schools Point Pleasant, West Virginia"]}],"articleId":["10.2307_3394719"],"arkIstex":"ark:/67375/M70-8T7TFDWG-N","language":["eng"],"originalGenre":["other"],"qualityIndicators":{"score":3.406,"pdfWordCount":1394,"pdfCharCount":8538,"pdfVersion":1.6,"pdfPageCount":2,"pdfPageSize":"612 x 861 pts","refBibsNative":false,"abstractWordCount":1,"abstractCharCount":0,"keywordCount":0},"title":"Inflation","genre":["other"],"host":{"title":"Music Educators Journal","language":["unknown"],"issn":["0027-4321"],"eissn":["1945-0087"],"publisherId":["MEJ"],"volume":"61","issue":"6","pages":{"first":"17","last":"18"},"genre":["journal"]},"namedEntities":{"unitex":{"date":["1974","1975","in the 18th, 19th and 20th centuries"],"geogName":[],"orgName":["Music Foothill College Los Altos Hills, California Comments on Rolllllllllll I"],"orgName_funder":[],"orgName_provider":[],"persName":["Norman Rockwell","Virginia Ed","Professor","Gary Spellissey","Grant Wood","Jane Beethoven","J. Spellissey","Andrew Wyeth","Archibald Willard","Rosemary Forsythe","David Hirschberg","Charles Ives","Thomas Crawford","Reginald Catches","Edward Hopper"],"placeName":["San Diego","Columbia","Anaheim","Gary","Turkey","Morristown"],"ref_url":[],"ref_bibl":[],"bibl":[]}},"ark":["ark:/67375/M70-8T7TFDWG-N"],"publicationDate":"1975","copyrightDate":"1975","enrichments":{"type":["refBibs","teeft","unitex"]},"doi":["10.2307/3394719"],"_id":"E4B1625D3FBCFA5A966BF4654265E67E4A9D987D"}