{"corpusName":"oup","keywords":{"teeft":["scheide","landsberg","scheide sketchbook","nottebohm","unfinished piano concerto","grasnick","tutti","sketchbook","autograph","rudimentary score","continuity draft","second subject","musical quarterly","british museum","violin concerto","unfinished","concerto movement","autograph score","zweite beethoveniana","solo exposition","deutsche staatsbibliothek","compositional","solo pianoforte","compositional process","piano concerto","slow movement","autograph manuscript","first page","autograph version","first movement","transcription","elaboration","concerto","sketch","coriolanus overture","ninth symphony","local correction","first subject","opening subject","first exposition","next page","lowest staff","feme geliebte","solo double bass","extensive study","unfinished concerto","large number","other project","stiftung preussischer kulturbesitz","minor piano trio","full score","several source","folio description","fifth concerto","extensive correction","entire score","final form","orchestral work","harmonic elaboration","linear sketch","single staff","oblong paper","opus"]},"author":[{"name":"LEWIS LOCKWOOD"}],"articleId":["LVI.4.624"],"arkIstex":"ark:/67375/HXZ-XLRQW1X6-0","language":["eng"],"originalGenre":["research-article"],"qualityIndicators":{"score":5.05,"pdfWordCount":6636,"pdfCharCount":38001,"pdfVersion":1.3,"pdfPageCount":23,"pdfPageSize":"451 x 685 pts","pdfWordsPerPage":289,"pdfText":true,"refBibsNative":false,"abstractWordCount":0,"abstractCharCount":0,"keywordCount":0},"title":"BEETHOVEN'S UNFINISHED PIANO CONCERTO OF 1815: SOURCES AND PROBLEMS","genre":["research-article"],"host":{"title":"The Musical Quarterly","language":["unknown"],"issn":["0027-4631"],"eissn":["1741-8399"],"publisherId":["musqtl"],"volume":"LVI","issue":"4","pages":{"first":"624","last":"646"},"genre":["journal"],"subject":[{"value":"Articles"}]},"namedEntities":{"unitex":{"date":["1818","1970","1814","1808","1815","1811","1800","1816","1805","1967"],"geogName":[],"orgName":["Princeton University"],"orgName_funder":[],"orgName_provider":[],"persName":["D. W. MacArdle","Hess","Violoncello","R. Bory","Louis Koch","Crtmick","Landsberg","Karl-Heinz Kohler","Ludwig Schiedermair","G. Nottebohm","Von Miller","Joseph Kerman","Erich Hertzmann","Grunick","Dagmar Weise","Amrii","Grasnick","Wilhelm Virneisel","A. Hughes-Hughes","H. Unverricht","Alan Tyron","Beethoven","Library","Pianoforte","William Scheide","E. Wintemitz","Thayer","Alan Tyson","G. Schunemann"],"placeName":["Leipzig","Kassel","Vienna"],"ref_url":[],"ref_bibl":["March, 1807","Cologne, 1956","Bonn, 1961","Leipzig, 1887","in January, 1815","December, 1967","Wiesbaden, 1957"],"bibl":[]}},"ark":["ark:/67375/HXZ-XLRQW1X6-0"],"categories":{"wos":[],"scienceMetrix":["1 - arts & humanities","2 - visual & performing arts","3 - music"],"scopus":["1 - Social Sciences","2 - Arts and Humanities","3 - Music"]},"publicationDate":"1970","copyrightDate":"1970","enrichments":{"type":["multicat","refBibs","teeft","unitex"]},"doi":["10.1093/mq/LVI.4.624"],"_id":"BB0327932CB808A1B50EB379D195EC21BA03B9BB"}