{"corpusName":"sage","keywords":{"teeft":["figure march","bassoon","original instrumentation","wind band","military band","military bands","archduke rudolph","fourmeasure phrases","many compilations neglect works","guideto teaching marches","other works","marches evening","tavern keepersto","bruce gleason","school refersto replacband directors","students english word","classical composer","further sales","zapfenband works","heritageencyclopedia band equivalent word","gerof music lists","chalk line","aformer music","army polonaise","evening teacher","euphonium bruce player","atthesherwood conservatory numbers","werk ohne opuszah","music chicago","opus number","music history","school band rehearsalis","music history scholarship","orchestral literature","wind bandin","transcriptions transcriptions","band students","many masters","wind bandworksare","wind instruments","first work","christoph marchesfor wind","bandarenot aswell knownas","solo works","interesting bodyof literature","wind instrument","develthe instrumentation band","modernwind performance","original function","numerous arrangements","marsch figure","archduke franzanton","grand master","bohemian home militia","yorkcorps title","afterits composition","first part","count yorck","david ludwig","prussian field marshall","auxiliary corps","themarches bandareavailable arrangements beethoven","carouselin laxenburgnear","publishedwith trio","original instrumenta","measure trio","beethoven supiv tion","plementezur gesamtausgabe","tamburo grande","fiir orchestra","march composers","figure beethoven march","archduke deutsche armeemarsche","franz anton","standard fare","autographof march","march genre","central archives compilation","teutonic order","marches ffir piece","europeanwind laxenburg","original fusstruppen","bock arrangement","wind band worksare","same year","oboes ratherthan flutes","zwei staiickeaufder","musical clock","granadirs marsch","grenadiers measures","modern arrangements","autograph copy","deutsche staatsbibliothek music educators journal","marches beethoven","simple homophonic style","largest group","lieutenant commander franz xaver embel","civil artillery corps band","militaryparadein vienna","title marschzur grossenwachtparade","viennese cappi","wind band circles","arrangementuntil breitkopf","instrumental score","rental basis","turkish music","janissary tradition","western composers","turkish janissaryarmy","percussion instruments","symphony orchestra","broad instrumentation","clartwo horns","twentieth century","worthwhile addition","study units","instrument development history","specific occasions","interdisciplinary units","social studies","original wind band works","wonderful addition","school band repertoire"]},"author":[{"name":"Bruce Gleason","affiliations":["Former K—12 music teacher and U.S. Army euphonium player, Bruce Gleason now teaches privately and at the Sherwood Conservatory of Music in Chicago"]}],"articleId":["10.2307_3398911"],"arkIstex":"ark:/67375/M70-PHTDP84K-B","language":["eng"],"originalGenre":["research-article"],"qualityIndicators":{"score":3.142,"pdfWordCount":1130,"pdfCharCount":8491,"pdfVersion":1.5,"pdfPageCount":4,"pdfPageSize":"594 x 861 pts","refBibsNative":false,"abstractWordCount":1,"abstractCharCount":0,"keywordCount":0},"title":"A Guide to Teaching Beethoven's Marches","genre":["research-article"],"host":{"title":"Music Educators Journal","language":["unknown"],"issn":["0027-4321"],"eissn":["1945-0087"],"publisherId":["MEJ"],"volume":"82","issue":"4","pages":{"first":"17","last":"21"},"genre":["journal"]},"namedEntities":{"unitex":{"date":["1810","1914","1809","1816","1793","1823","until the twentieth century","1996"],"geogName":[],"orgName":[],"orgName_funder":[],"orgName_provider":[],"persName":["Franz Anton","Embel","Willy Hess","Commander","Beethoven","Franz Xaver"],"placeName":["Leipzig","Eisenstadt","Germany","Europe","Vienna","Chicago","York"],"ref_url":[],"ref_bibl":[],"bibl":[]}},"ark":["ark:/67375/M70-PHTDP84K-B"],"publicationDate":"1996","copyrightDate":"1996","enrichments":{"type":["refBibs","teeft","unitex"]},"doi":["10.2307/3398911"],"_id":"81F70EE78FFEF67AB4798A07D7EC20AD47579330"}