{"corpusName":"oup","keywords":{"teeft":["berlioz","cambridge companion","french music","benvenuto cellini","beethoven companion","critical encounter","musical culture","oxford companion","same time","nineteenth century","musical life","cambridge university press","english literature","musical outcast","german music","music letter","french institution","principal composition","symphonie fantastique","arthur pougin","first visit","mendelssohn"]},"author":[{"name":"Mark Everist"},{"name":"Peter Bloom"}],"arkIstex":"ark:/67375/HXZ-4C7GVBZS-8","language":["eng"],"originalGenre":["review-article"],"qualityIndicators":{"score":4.585,"pdfWordCount":4535,"pdfCharCount":26681,"pdfVersion":1.3,"pdfPageCount":6,"pdfPageSize":"479 x 697 pts","pdfWordsPerPage":756,"pdfText":true,"refBibsNative":false,"abstractWordCount":0,"abstractCharCount":0,"keywordCount":0},"title":"The Cambridge Companion to Berlioz","genre":["review-article"],"host":{"title":"Music and Letters","language":["unknown"],"issn":["0027-4224"],"eissn":["1477-4631"],"publisherId":["musicj"],"volume":"83","issue":"1","pages":{"first":"123","last":"128"},"genre":["journal"]},"namedEntities":{"unitex":{"date":["1813","1963","2000","1829","1869","1831","1840s","1820","1990s","1880s","1819","1821","1971","1850s","the nineteenth century","1965","2002","1903","1820s","1811","1838","nineteenth century","1950","1839","1830s","1830","1886","1956"],"geogName":[],"orgName":["Cambridge University","The Cambridge University"],"orgName_funder":[],"orgName_provider":[],"persName":["Queen Mab","Jacques Barzun","Oscar Commettant","Julian Rushton","Janet Johnson","Pierre Citron","Gustave Chaudeuil","Eric Werner","Lesley Wright","M. Berlioz","Bloom","David Cairns","Moses Mendelssohn","Daniel Bernard","Joel-Marie Fauquet","Arthur Pougin","Writings","Fanny Mendelssohn","Compositions","La Grande","Henri-Joseph Blaze","La Jacquerie","Giacomo Meyerbeer","Henri Blaze","Karl Klingemann","Pontmartin","Jeffrey Langford","E. T. A. Hoffmann","Peter Mercer-Taylor","Messow","Simon Boube","Ralph Locke","M. Joseph","Margaret Drabble","Hugh Macdonald","Robbins Landon","Mainzer","Mark Everist","Eduard Hanslick","Armand de Pontmartin","Walter Benjamin","David de Closel","Peter Bloom","Joseph Mainzer","Donald Mitchell","M. Hector"],"placeName":["Naples","Leipzig","Berlin","Paris","Rome","France","Weimar","Cambridge"],"ref_url":["http://uk.cambridge.org/music/companions/","http://uk.cambridge.org/philosophy/companions/"],"ref_bibl":["Oxford, 2000","October 1838"],"bibl":[]}},"ark":["ark:/67375/HXZ-4C7GVBZS-8"],"categories":{"wos":[],"scienceMetrix":["1 - arts & humanities","2 - visual & performing arts","3 - music"],"scopus":["1 - Social Sciences","2 - Arts and Humanities","3 - Music"]},"publicationDate":"2002","copyrightDate":"2002","enrichments":{"type":["multicat","refBibs","teeft","unitex"]},"doi":["10.1093/ml/83.1.123"],"_id":"9EB36E2DA419048C28EA99CCCD3C7D733D25BBB0"}