{"corpusName":"sage","keywords":{"teeft":["oxford university press","african music","jazz music","garden city","jazz review","certain idioms","music teacher","rhythmic coordinations","music staff","richard crutchfield","psychology dept","harper bros","dergarten school","beatrice landeck","recent books","list price","money order","bellport books","beethoven letters","michael hamburger","encyclopedia longfelt need","intimate portrait","great composer","chronological order","chronological table","heiligenstadt testament","notes beethoven","such collections","basic nobility","editor hamburger","reading university","informative introduction","principal personalities","interesting zmeskall","deryck cooke","musical terms","author deryck cooke","definite things","romantic aberration","unconscious assumption","past centuries","emotional effects","various notes","chromatic scales","melodic patterns","musical history","author proceeds","european composers","large number","specific intervals","emotional significance","melodic figures","large amount","chamber music works","emotional content","other studies","same subject","scholarly procedure","interesting reading","argumentative thesis","musical forms","opportune time","immense resources","political significance","african continent","such variety","important repercussions","western culture","entire study","fundamental question","everyday life","author attempts","musical examples","recording apparatus","maximum fidelity","actual examples","significant contribution","adrian music examples","critical examination","music critics","important contribution","such matters","progressive jazz","specific contributions","particular individuals","bessie smith","popular music","past half century","personal predilections","intelligent effort","pertinent material","reliable introduction","fifth avenue","numerous articles","major periodicals","basic library","jazz titans","robert george reisner","doubleday company","pocket encyclopedia","short biographies","important figures","modern jazz","such magazines","short list","jazz dictionary"]},"articleId":["10.2307_3389182"],"arkIstex":"ark:/67375/M70-5NFL33Q4-4","language":["eng"],"originalGenre":["review-article"],"qualityIndicators":{"score":3.129,"pdfWordCount":1117,"pdfCharCount":7139,"pdfVersion":1.5,"pdfPageCount":1,"pdfPageSize":"612 x 897 pts","refBibsNative":false,"abstractWordCount":1,"abstractCharCount":0,"keywordCount":0},"title":"Beethoven Letters, Journals and Conversations","genre":["review-article"],"host":{"title":"Music Educators Journal","language":["unknown"],"issn":["0027-4321"],"eissn":["1945-0087"],"publisherId":["MEJ"],"volume":"47","issue":"1","pages":{"first":"126","last":"126"},"genre":["journal"]},"namedEntities":{"unitex":{"date":["1960"],"geogName":[],"orgName":["Company, Inc.","Reading University","Oxford University"],"orgName_funder":[],"orgName_provider":[],"persName":["Deryck Cooke","Cooke","Martin T. Williams","Beatrice Landeck","Robert George","Bessie Smith","N.Y. Box","Michael Hamburger","Jazz Review","German","A. M. Jones"],"placeName":["Ghana","Columbia","Garden City","America","Berkeley","N.Y.","York","England","Heiligenstadt"],"ref_url":[],"ref_bibl":[],"bibl":[]}},"ark":["ark:/67375/M70-5NFL33Q4-4"],"publicationDate":"1960","copyrightDate":"1960","enrichments":{"type":["refBibs","teeft","unitex"]},"doi":["10.2307/3389182"],"_id":"FF082DCB1989E28A6E75C98815B67D7F699884D8"}