{"corpusName":"oup","keywords":{"teeft":["rossini","aria","faraone","glasow","duchess","elcia","osiride","scena","egitto","balzac","thomas glasow","standard version","duet","naples","naples score","neapolitan score","such music","sublime","tutto sorride intorno","rcgi infranta","standard italian version","destra amata","finale primo","etude philosophiques","naples revival","philip gossett","standard score","italian version","standard mosi","dramatis persona","prima donna","naples paris","great genius","thomas glasow rossini","entire audience","march chorus","entire nation","religious strain","simple chord","great composer","divine vengeance","sublime song","harp arpeggio","paris opera","massimiua doni","mose"]},"author":[{"name":"E. THOMAS GLASOW"}],"articleId":["9.4.23"],"arkIstex":"ark:/67375/HXZ-VZWPTPVQ-4","language":["eng"],"originalGenre":["research-article"],"qualityIndicators":{"score":5.05,"pdfWordCount":7399,"pdfCharCount":41009,"pdfVersion":1.3,"pdfPageCount":19,"pdfPageSize":"614 x 797 pts","pdfWordsPerPage":389,"pdfText":true,"refBibsNative":false,"abstractWordCount":0,"abstractCharCount":0,"keywordCount":0},"title":"Rossini's Mosè According to Balzac Excerpts from Massimilla Doni","refBibs":[],"genre":["research-article"],"host":{"title":"The Opera Quarterly","language":["unknown"],"issn":["0736-0053"],"eissn":["1476-2870"],"publisherId":["operaq"],"volume":"9","issue":"4","pages":{"first":"23","last":"41"},"genre":["journal"],"subject":[{"value":"Articles"}]},"namedEntities":{"unitex":{"date":["1818","1820","1832","1993","1819","1822","1827","February—April 1837","1839","1830s"],"geogName":["Red Sea"],"orgName":[],"orgName_funder":[],"orgName_provider":[],"persName":["Eticnne de Jouy","Moise Pharaon","Numa Blanc","Laure Cinri","Michele Carafa","Giovanni Battista","Benedetto Marcello","Herbert Weinstock","Louis Balocchi","Richard N. Coe","Adelaide di Borgognd","Laure Cinti","Orazio Cartagcnova","Adelaide di Borgqgna","Don Giovanni","Dorothy Rose","La Fenice","Beethoven","Paris Op","Manuel Garcia","Paris Theatre-Italien","Rossini","Andrea Leone","La Tinti","William Ashbrook","Sebastian Bach","THOMAS Teacher","Stefan Zweig","Nicolas-Prosper Levasseur","Philip Gossett","Beatrice di Ttnda","Paris Thdatre-Italien","La Tintd","Eliezer Oziride"],"placeName":["Naples","Venice","New Tork","Israel","York","Egypt","Italy"],"ref_url":[],"ref_bibl":["Naples 1818-19-20; Paris Move ct Pharaon (Paris Opera, 1827","Princeton University, 1970","Cambridge: Cambridge University Press, 1982","New York: Garland Publishing, 1990","New York: Viking Press, 1946","Paris Opera, 1827"],"bibl":[]}},"ark":["ark:/67375/HXZ-VZWPTPVQ-4"],"categories":{"wos":[],"scienceMetrix":[],"scopus":["1 - Social Sciences","2 - Arts and Humanities","3 - Music"]},"publicationDate":"1993","copyrightDate":"1993","enrichments":{"type":["multicat","refBibs","teeft","unitex"]},"doi":["10.1093/oq/9.4.23"],"_id":"F46D0D3D5EE260E69DC4064100D14BFF5E83A647"}