{"corpusName":"oup","keywords":{"teeft":["nottebohm","contrapuntal","albrechtsberger","contrapuntal study","cantus","elementarbuch","gradus","firmus","haydn","annotation","fugue","magnus","materialien","cantus firmus","specie","contrapuntal specie","gradus annotation","page form","double leaf","music theory","magnus copy","gradus copy","fourth specie","string quartet","fugal study","contrapuntal instruction","total number","general plan","alto clef","tenor clef","piano sonata opus","musical quarterly","marginal annotation","fellow student","other hand","music history","same source","major portion","first volume","up part","linear succession","theoretical writing","attwood study","additional exercise","counterpoint","mozart","manuscript","beethoven"]},"author":[{"name":"ALFRED MANN"}],"articleId":["LVI.4.711"],"arkIstex":"ark:/67375/HXZ-5CWS3G9H-0","language":["eng"],"originalGenre":["research-article"],"qualityIndicators":{"score":4.895,"pdfWordCount":4845,"pdfCharCount":28643,"pdfVersion":1.3,"pdfPageCount":16,"pdfPageSize":"444 x 682 pts","pdfWordsPerPage":303,"pdfText":true,"refBibsNative":false,"abstractWordCount":0,"abstractCharCount":0,"keywordCount":0},"title":"BEETHOVEN'S CONTRAPUNTAL STUDIES WITH HAYDN","refBibs":[{"host":{"title":"Bntuh Museum, Add. MS 35014, fol. 115, see N*ue Mozart-Auszabt, Kritiicht 3tric\\U, SerieX","author":[],"pages":{"first":"48"}}},{"title":"A remark referring to Albrechuberger's teaching in Beethoven's letter to B. Schott'i Sohne","author":[],"publicationDate":"1825-01","host":{"title":"TVi« Lttttrs of Bitthoven IH, 1169","publicationDate":"1825-01","author":[]}}],"genre":["research-article"],"host":{"title":"The Musical Quarterly","language":["unknown"],"issn":["0027-4631"],"eissn":["1741-8399"],"publisherId":["musqtl"],"volume":"LVI","issue":"4","pages":{"first":"711","last":"726"},"genre":["journal"],"subject":[{"value":"Articles"}]},"namedEntities":{"unitex":{"date":["1802","1970","1770s","1789","1832","1929","1837","1804","1792","1809","1891","1878","1827","1750s","1949","1794"],"geogName":[],"orgName":[],"orgName_funder":[],"orgName_provider":[],"persName":["Samuel Wesley","Kontrapunkt","C. F. Pohl","Tobias Haslinger","Elliot Forbes","Haydn","Emily Anderson","Emanuel Aloys","Joseph Haydn","Leopold Mozart","Johann Josef","In","J. Standhartner","G. A. Griesinger","Gustav Nottebohm","Beethoven","F. C. Magnus","B. Schott","G. Albrechtsbergers","Thomas Attwood","Alexander Wheelock","Albrechtsberger","Hedwig Krauss","Einstein","Christoph Wagenseil","R. G. Kiesewetter","C. P. E. Bach"],"placeName":["Germany","Bonn","Vienna","Mainz","Budapest","Palestrina"],"ref_url":[],"ref_bibl":["Leipzig and Winterthur, 1873","New York, 1962","London, 1961","Leipzig 1872"],"bibl":[]}},"ark":["ark:/67375/HXZ-5CWS3G9H-0"],"categories":{"wos":[],"scienceMetrix":["1 - arts & humanities","2 - visual & performing arts","3 - music"],"scopus":["1 - Social Sciences","2 - Arts and Humanities","3 - Music"]},"publicationDate":"1970","copyrightDate":"1970","enrichments":{"type":["multicat","refBibs","teeft","unitex"]},"doi":["10.1093/mq/LVI.4.711"],"_id":"60BB9279D0B59CE552D8B7157D52E4F2016EB777"}