{"corpusName":"oup","keywords":{"teeft":["beethoven","whole responsibility","ring wild cry","formidable agitation","uncouth musician","practical consequence","great upheaval","innumerable revolution","conscious personality","personal sense","dead exception","reality home","general life","other musician","firet time","army more strenuous","fanatical oration full","formidable motto","concrete thing","terrible beethoven","historical record","stormy dawn","eighteenth century","historical detail","more adventurous","human breast","dark water","inhibitory eighteenth century","young world","radiant renaissance spring","heavier odds","ineluctable thirst drive","survivor long","little difference","general generation","bloody disturbance","main reason","desperate cause","mere preservation","grander illusion","contemporary irony","more poetic","seid omschlungen","faithful soul","brief spiritual explication","beethoven symphony","such topic","characteristic movement","triumphant apocalypse","valid concept","minor poet","unheeded seclusion","such power","minor hole","largest generality","characteristic inspiration","sheer music","in self","powerful mystical conviction","christian optimism","more medieval","hisown time","shade easier","fancy bach","essential subject","visionary eccentricity","lee obscure prophet","edward carpenter","francis thompson","mighty wind","personal interest","third musician","such company","dawn beethoven","unknown peril","time bbbthovbn","rapid pleasure","much consideration","leisured desire","characteristic lack","amorous preoccupation","typical passionate adventure","bold ambitious spirit","sangnine generation","ephemeral dream","perpetual monument","doctrinal upheaval","early sixteenth century","spiritual illumination","great artist","first intention","practical world","political programme","material condition","aristocratic regimen","practical politics","more interesting","i3tters idea","8och reference","necessity vague","thing spiritual","perpetual flux","more vivid","eztravagent crime","fancy dress","able marvellously","bygone aspiration","actual btate","prima relinqua","general faith","innate technical aptitude","analogous case","widespread public","spiritual certainty","such structure","certainty spring","phenomenal tide","imperial rome","enchanting personal geniub","confident world","more glad","spiritual interpretation","other adequate matter","other name mentionable","high order","world life","great framework","christian philosophy","human life","crystal globe","deliberate structure","philosophic revolutionary","soul republican","momentary illumination","aristocratic pupil","briefness sake","full confession","technical process","unpredictable course","headstrong subject","major rasoumoffsky","unseen victory","unhampered native strength","humble subject","great prince","unforgettably characterised","special buoyancy","terrible miraculous transportation","sturdy soul","first hour","secular prohibition"]},"author":[{"name":"RICHARD CAPELL"}],"articleId":["VIII.2.262"],"arkIstex":"ark:/67375/HXZ-RPF1JVXH-4","language":["eng"],"originalGenre":["research-article"],"qualityIndicators":{"score":3.95,"pdfWordCount":2567,"pdfCharCount":13609,"pdfVersion":1.5,"pdfPageCount":6,"pdfPageSize":"482 x 701 pts","pdfWordsPerPage":428,"pdfText":true,"refBibsNative":false,"abstractWordCount":0,"abstractCharCount":0,"keywordCount":0},"title":"BEETHOVEN AND HIS TIME","genre":["research-article"],"host":{"title":"Music and Letters","language":["unknown"],"issn":["0027-4224"],"eissn":["1477-4631"],"publisherId":["musicj"],"volume":"VIII","issue":"2","pages":{"first":"262","last":"267"},"genre":["journal"],"subject":[{"value":"Articles"}]},"namedEntities":{"unitex":{"date":["eighteenth century","sixteenth century","1927"],"geogName":[],"orgName":[],"orgName_funder":[],"orgName_provider":[],"persName":["Francis Thompson","Don Quixote","Julien Sorel","Edward Carpenter"],"placeName":["Europe","Vienna","Rome"],"ref_url":[],"ref_bibl":[],"bibl":[]}},"ark":["ark:/67375/HXZ-RPF1JVXH-4"],"categories":{"wos":[],"scienceMetrix":["1 - arts & humanities","2 - visual & performing arts","3 - music"],"scopus":["1 - Social Sciences","2 - Arts and Humanities","3 - Music"]},"publicationDate":"1927","copyrightDate":"1927","enrichments":{"type":["multicat","refBibs","teeft","unitex"]},"doi":["10.1093/ml/VIII.2.262"],"_id":"B36B24F2A49D1533AB2A97CD34D850668A991AC4"}