{"corpusName":"sage","keywords":{"teeft":["general music","many teachers","other hand","seventh graders","traditional ways","musical experience","musical experiences","young people","expressiveness","expressive","ball state indiana","associate dean","same location","more enrollees","secondary schools","normal processes","enrollment card","same prof","pedagogically sound","music research","marilyn vincent margaret merrion","relevant experience","general music teacher","graduate consults","unique requirements","traditional approaches","lack understanding","sound familiarteaching strategies","common sense","good teaching","good music","musical endeavor","musical channels","instructional format","music work","performer friends","school concerts","other performances","expressive channels","possibilities increase","mediocre classes","relevant encounters","adolescent psychology","physical development","peer influence","accurate pictures","special place","critical time","affective element","ideal medium","photographs courtesy petergridley student","divisionof music education","undergraduate enrollee","cute girl","artistic domain","initial appeal","social pressure","talented performers","piano lessons","physical phenomena","long arms","growth spurts","traditional processes","music instruction","critical listeners","sophisticated teenagers","performance skills","artistic encounters","solid activities","tubular bells","mike oldfield","successful combination","structural treatments","charles variations","additional guidelines","performance possibilities","second movement","human emotions","benjamin britten","music selection","successful lesson","musical choices","relevant music","loudest music","structural integrity","golden opportunities","music preference differences","music selection processes","musical criteria","peer pressure","dance music","musical considerations","good exemplars","legitimate style","experimental channels","sample activities","specific music vocabulary","historical surveys","musical periods","hightouch processes","expressive musicians","sample activities feature","adolescent level","musical integrity"]},"author":[{"name":"Marilyn C. Vincent","affiliations":["Chairperson of the Division of Music Education at Ball State University, Muncie, Indiana."]},{"name":"Margaret D. Merrion","affiliations":["Associate dean of the College of Fine Arts at the same location."]}],"articleId":["10.2307_3397979"],"arkIstex":"ark:/67375/M70-SCSVHSFG-W","language":["eng"],"originalGenre":["research-article"],"qualityIndicators":{"score":3.476,"pdfWordCount":1464,"pdfCharCount":9848,"pdfVersion":1.6,"pdfPageCount":4,"pdfPageSize":"594 x 861 pts","refBibsNative":false,"abstractWordCount":1,"abstractCharCount":0,"keywordCount":0},"title":"Meeting the Expressive Needs of Junior High Students","genre":["research-article"],"host":{"title":"Music Educators Journal","language":["unknown"],"issn":["0027-4321"],"eissn":["1945-0087"],"publisherId":["MEJ"],"volume":"74","issue":"5","pages":{"first":"34","last":"37"},"genre":["journal"]},"namedEntities":{"unitex":{"date":["1988"],"geogName":[],"orgName":[],"orgName_funder":[],"orgName_provider":[],"persName":["Mike Oldfield","Margaret D. Merrion","Benjamin Britten","Charles Ives","Ludwig van Beethoven","Vincent Margaret"],"placeName":["America"],"ref_url":[],"ref_bibl":[],"bibl":[]}},"ark":["ark:/67375/M70-SCSVHSFG-W"],"publicationDate":"1988","copyrightDate":"1988","enrichments":{"type":["refBibs","teeft","unitex"]},"doi":["10.2307/3397979"],"_id":"906BCD0C118C0A781865C15BA510C30E80A60771"}