{"corpusName":"cambridge","author":[{"name":"Stephen Pruslin"}],"articleId":["02167"],"arkIstex":"ark:/67375/6GQ-28BS2M6W-Q","language":["eng"],"originalGenre":["research-article"],"abstract":"It is interesting to consider Maxwell Davies's three ‘Taverner’ fantasias in relation to the three Leonora overtures of Beethoven. Of course, it is extremely easy to challenge this analogy: the Leonoras were written to be performed with Fidelio, whereas the ‘Taverner’ fantasias were never intended for operatic use. Furthermore, the symphonic proportions, particularly of Leonoras 2 and 3, were completely at variance with Beethoven's need for concision, and led him to reject them in favour of the Fidelio overture, whereas Maxwell Davies has explicitly stated that he felt there were ideas within Taverner which positively demanded further symphonic comment.","qualityIndicators":{"score":5.357,"pdfWordCount":2169,"pdfCharCount":12050,"pdfVersion":1.5,"pdfPageCount":7,"pdfPageSize":"488.88 x 722.88 pts","refBibsNative":false,"abstractWordCount":99,"abstractCharCount":661,"keywordCount":0},"title":"Returns and Departures: recent Maxwell Davies","pii":["S0040298200021677"],"genre":["research-article"],"host":{"title":"Tempo","language":["unknown"],"issn":["0040-2982"],"eissn":["1478-2286"],"publisherId":["TEM"],"issue":"113","pages":{"first":"22","last":"28","total":"7"},"genre":["journal"]},"ark":["ark:/67375/6GQ-28BS2M6W-Q"],"categories":{"inist":["1 - sciences humaines et sociales","2 - philosophie"]},"publicationDate":"1975","copyrightDate":"1975","enrichments":{"type":["nb","refBibs"]},"doi":["10.1017/S0040298200021677"],"_id":"ED482FBD8AB17D72BB42E985D723576979330535"}