{"corpusName":"oup","keywords":{"teeft":["lodoiska","cherubini","floreski","titzikan","dourlinski","tartar","varbel","french revolution","aria","fidelio","cherubini stage","pencak","diat","william pencak","operatic history","leonore","basil deane","royal family","stephen storace","great master","revolutionary france","corrupt nobility","social contract","mona ozouf","riccardo muti","great deal","stage direction","several passage","small part","oxford university press","basil dcanc","french opera","beethoven reader","libretto"]},"author":[{"name":"George Martin"}],"articleId":["8.1.88"],"arkIstex":"ark:/67375/HXZ-N71RSGZ8-L","language":["eng"],"originalGenre":["book-review"],"qualityIndicators":{"score":2.695,"pdfWordCount":2645,"pdfCharCount":14579,"pdfVersion":1.2,"pdfPageCount":6,"pdfPageSize":"619 x 798 pts","pdfWordsPerPage":441,"pdfText":true,"refBibsNative":false,"abstractWordCount":0,"abstractCharCount":0,"keywordCount":0},"title":"Books","genre":["book-reviews"],"host":{"title":"The Opera Quarterly","language":["unknown"],"issn":["0736-0053"],"eissn":["1476-2870"],"publisherId":["operaq"],"volume":"8","issue":"1","pages":{"first":"88","last":"93"},"genre":["journal"],"subject":[{"value":"BOOKS"}]},"namedEntities":{"unitex":{"date":["1802","1788","in the Eighteenth Century","1789","1791","1890","the nineteenth century","1815","1797","1990","1805","1683","1771","1798","1991"],"geogName":[],"orgName":["American Revolution","American Founding Fariiers","Society for French History","French National Assembly","Austria, Beethoven","Harvard University","Germany England, and the United States"],"orgName_funder":[],"orgName_provider":[],"persName":["Alexis Leonard","Delia Crocc","Leslie Rabinc","Basil Deane","Jean-Jacques Rousseau","Alexander L. Ringer","Harold E. Paligaro","Stephen Storace","Herbert Wcinstock","de Faublas","Alan Sheridan","Basil Dcanc","King John","Boris Godunov","Pierre Cintas","Don Fernando","Lodoiska","Claude-Francois Fillette","Vittorio Delia","J. P. Kemble","Poland","Paul Henry","Don Quixote","Annals","Leporello","Natalie Isscr","Fidelio","Real Sansculotte","UntverseTs","Guillaume Tell","Edward Bdlasis","Sara Maza","Mona Ozouf","Frederick Crowest","Ludwig van Beethoven","Rodolphe Kreutzer","Eugene Delacroix","Jacques Chailley","Sancho Panza","Riccardo Muti","Frederick J. Crowcst","La Scala","Varbel","Cherubini","Marie Antoinette","J. N. Bouilly","Emmanuel Schikaneder","Alfred A. Knopf","Peter Grimes","An Interpretation"],"placeName":["Mass.","Philadelphia","Paris","United States","Santa Barbara","Bonn","Poland","West Indies","Warsaw","Versailles","Europe","Vienna","York","France","Pulaski","Cambridge","Italy","New Philharmonia","Lille"],"ref_url":[],"ref_bibl":["Kassel: Barenrciter, 1971","New York: Oxford University Press, 1991","London: Bums and Oats, 1874","March 1991","Carl Dahlhaus et aL","Turin: Eda, 1983","November 1989","London: Oxford University Press, 1965","Cleveland: Case Western Reserve University Press, 1972","New York: Scribncr and Wclford, 1890"],"bibl":[]}},"ark":["ark:/67375/HXZ-N71RSGZ8-L"],"categories":{"wos":[],"scienceMetrix":[],"scopus":["1 - Social Sciences","2 - Arts and Humanities","3 - Music"]},"publicationDate":"1991","copyrightDate":"1991","enrichments":{"type":["multicat","refBibs","teeft","unitex"]},"doi":["10.1093/oq/8.1.88"],"_id":"9F43413D6C9AC0C2CBAC9FF5AEBCA9B029C829FA"}