{"corpusName":"oup","keywords":{"teeft":["vols","illus","leipzig","breitkopf","trans","beethovent","schuster","frimmel","beethoven bibliography","beethoven","thematic catalogue","general work","english trans","bibliography","ludwig","critical work","biographical work","beethoven association","opus number","chief source","french trans","schuster loeffler","beethoven missa solemnis","beethoven bibuography","pianoforte sonata","english translation"]},"author":[{"name":"C. B. OLDMAN"}],"articleId":["VIII.2.276"],"arkIstex":"ark:/67375/HXZ-WM0R1ZWS-W","language":["eng"],"originalGenre":["research-article"],"qualityIndicators":{"score":5.24,"pdfWordCount":3857,"pdfCharCount":23118,"pdfVersion":1.5,"pdfPageCount":13,"pdfPageSize":"488 x 706 pts","pdfWordsPerPage":297,"pdfText":true,"refBibsNative":false,"abstractWordCount":0,"abstractCharCount":0,"keywordCount":0},"title":"A BEETHOVEN BIBLIOGRAPHY","refBibs":[{"host":{"title":"(First published in 8 vols., 1866-79, a fourth and fifth volume, prepared by Deitere and published after hiB death by Eiemann, being added in 1907 and 1908.—An English edition in 8 vols., revised and amended with the assistance of Thayer's original English MS","publicationDate":"1907","author":[]}},{"host":{"publicationDate":"1888","author":[{"name":"J,W Wasielewski"}]}},{"title":"Beethoven, illus","author":[{"name":"F,J Crowest"}],"publicationDate":"1921","host":{"title":"Dent, 1899. (\" Master Musicians \" Series. Reissued in","publicationDate":"1921","author":[],"pages":{"first":"819"}}},{"host":{"author":[{"name":"T Frimmel"}]}},{"host":{"title":"of the series \"Beruhmte Musiker","publicationDate":"1901","author":[{"name":"Schlesibche Verlagshandlung"},{"name":" Berlin"}]}},{"host":{"title":"Vie des hommes illuttres","author":[{"name":"B Holland"}]}},{"host":{"author":[{"name":"Pp Beethoven"}]}},{"host":{"title":"No. 10; subsequent editions reset, but without textual alteration, were published in 1907 and 1909, the latter with illustrations by Perricbon.—First English trans Drane in 1907; translated by B. Constance Hull, with the addition of analyses of the sonatas, symphonies and quartets by A","publicationDate":"1908","author":[{"name":"Paris "}]}},{"title":"Beethoven, illus. pp. vi. 60 Bell's Miniature Series of Musicians","author":[{"name":"J Shedlock"}],"host":{"title":"Bell, 1903","author":[]}},{"author":[{"name":"J Chantavoine"}],"host":{"title":"Louis < van Beethoven","author":[],"pages":{"first":"269","last":"1907"}}},{"host":{"title":"The Life of Beethoven, pp. viii. 876","publicationDate":"1908","author":[{"name":"Alice,M Diehl"}]}},{"author":[{"name":"P Bekker"}],"host":{"title":"Beethoven. [\"Prachtausgabe.\"] illus","author":[]}},{"host":{"title":"Kleine Ausgabe","publicationDate":"1911","author":[{"name":"Loeffler: Schuster"},{"name":" Berlin"}]}},{"author":[{"name":"Vincent,D Indy"}],"host":{"title":"Beethoven. Biographie critique. iHus. pp","author":[]}},{"author":[{"name":"H Laurens"}],"publicationDate":"1911","host":{"title":"Lea Musidens celebres","publicationDate":"1911","author":[]}},{"host":{"author":[{"name":"W,A Thomas-San-Gaui"}]}},{"author":[],"publicationDate":"1913","host":{"title":"Munich, 1920","publicationDate":"1913","author":[]}},{"author":[{"name":"G Ernest"}],"publicationDate":"1926","host":{"title":"Beethoven. PenSnUehkeit, Leben und Schaffen. G. Bondi: Berlin","publicationDate":"1926","author":[]}},{"host":{"title":"Vie intime. illos","author":[{"name":"A Hevesy"},{"name":" De: Beethoven"}],"pages":{"first":"260"}}},{"host":{"title":"Stttdien zu Beethoven* PersonaUtU. Das Scherzothema . Mit einem bisher unverSffentlichten Scherzo Beethovens","publicationDate":"1921","author":[{"name":"G Becking"}],"pages":{"first":"166"}}},{"host":{"title":"Ludwig van Beethoven und die Variationenfonn","publicationDate":"1901","author":[{"name":"0 Klauwell"}],"pages":{"first":"81","last":"5"}}},{"host":{"title":"Beethoven and his Nine Symphonies, pp. vii. 400. Novello, 1896. (Frequently reprinted","author":[{"name":"Sir,G Grove"}]}},{"author":[{"name":"J,G Prod 'homme"}],"publicationDate":"1906","host":{"title":"Les Symphonies de Beethoven","publicationDate":"1906","author":[]}},{"host":{"title":"Ludxoig van Beethovens Symphonien Geschichtlich und musikalisch analysiert. 8 vols. Beclam: Leipzig, 1910. (Nos. 5281-5238 of \" Reclam's Universal-Bibliothek","author":[{"name":"M Chop"}]}},{"title":"Beethoven's Nine Symphonies fully described and annotated. 2 vols","author":[{"name":"Edwin Evans"},{"name":" Senr"}],"publicationDate":"1928","host":{"title":"W. Eeevea","publicationDate":"1928","author":[],"pages":{"first":"24"}}},{"host":{"title":"Ratschl&go fUr Auffiihrungen hlassischer Symphonien","author":[{"name":"F Weingartner"}]}},{"host":{"title":"On the Performance of Beethoven's Symphonies","publicationDate":"1906","author":[{"name":"1916 Breitkopf"}]}},{"host":{"title":"La IX Smfonia de Beethoven. Ensayo de crftica y esWtica musical, pp. 220. The Author: Madrid","publicationDate":"1912","author":[{"name":"M,H Barroso"}]}},{"title":"Universal-Edition : Vienna, 1912. (An analysis, with directions for performance and references to the literature on the symphony.) * \" Der Musikftibrer,\" a series of brief analytical handbooks first published by H. Bechold of Frankfort in 1804, subsequently continued by J. Sobmitt of Frankfort and H. Seemann of Berlin and now iuned by Schletinger, contains guides to most of Beethoven's works, including; many which are not elsewhere treated at such length, e.g., the Coriolanus Overture, the Septet, the Choral Fantasia, the O major Mass and the oratorio \" Chriatue «m Oelberge","author":[{"name":"H Schenker"}],"host":{"title":"Ludwig van Beethoven: IX Sinfonie Breitkopf and Hartel also issue separately the analyses contained","author":[]}}],"genre":["research-article"],"host":{"title":"Music and Letters","language":["unknown"],"issn":["0027-4224"],"eissn":["1477-4631"],"publisherId":["musicj"],"volume":"VIII","issue":"2","pages":{"first":"276","last":"288"},"genre":["journal"],"subject":[{"value":"Articles"}]},"namedEntities":{"unitex":{"date":["1923","1912","1901","1898","1860","1928","1887","1917","1865","1924","1872","1888","1918","1907","1866","1804","1914","1862","1921","1880","1908","1910","1845","1852","1879","1841","1909","1870","1927","1864"],"geogName":["San"],"orgName":[],"orgName_funder":[],"orgName_provider":[],"persName":["Gerhard Breuning","E. W. Fritzsch","H. Bechold","F. Dummler","W. A. Thomas","A. C. Ealischer","Marx Chantavoine","F. E. G. Lenckart","J. S. Shedlock","La Sordita","G. Boase","Max Unger","Therese Brunswick","Paul Mies","Ernest Walker","E. Schmitz","Mass","M. Hesse","J. Sobmitt","Ludwig van Beethovena","G. Behncke","W. Eeevea","Von Lenz","F. Cohen","Gerhard von Breuning","Stephan von Breuning","H. Beyer","T. Frimmel","Hermann Krettscbmar","G. Bondi","A. F. Legentil","A. Bowinski","Kalischer","Ludwig van Beethovens","Jean Escarra","E. Balde","A. C. Kalisctoer","L. Bischoff","J. Eapp","M. Heese","Marie Lipeius","F. Schneider","A. Eaglefield-Hull","Amalie Sebdd","H. E. Krehbiel","P. J. Tonger","J. E. Gunther","Ludwig van Beethoven","E. W. Stern","P. Schneider","R. Sternfeld","B. Filser","H. Laurens","Jessie Croeland","J. Hoffmann","La Mara","F. Bothwell","Constance Hull","M. M. Bozman","M. D. Cahrocoreesi","Therese Bruneviks","H. Biemann","H. Seemann","L. Van Beethovens","E. Dannreuther","B. Cassirer","Hermann Deiters","Mariam Tenger","A. G. Kalischer","R. Piper","John Lane","R. Bertling","Lea Musidens","E. M. T. Dawaon","G. Mailer","G. Sonneck","C. Becht-Terlag","G. Muller","L. van Beethoven"],"placeName":["Leipzig","Leiden","Berlin","Paris","Halle","Munich","Bonn","Frankfort","Edinburgh","Stuttgart","Hamburg","London","Madrid","America","Vienna","York","St. Petersburg"],"ref_url":[],"ref_bibl":[],"bibl":[]}},"ark":["ark:/67375/HXZ-WM0R1ZWS-W"],"categories":{"wos":[],"scienceMetrix":["1 - arts & humanities","2 - visual & performing arts","3 - music"],"scopus":["1 - Social Sciences","2 - Arts and Humanities","3 - Music"]},"publicationDate":"1927","copyrightDate":"1927","enrichments":{"type":["multicat","refBibs","teeft","unitex"]},"doi":["10.1093/ml/VIII.2.276"],"_id":"99E7E7040577D4E7569A64C96489312F22246B52"}