{"corpusName":"oup","keywords":{"teeft":["liszt","april","schindler","conversation book","franz liszt","liszt research","weihekuss","musical quarterly","rellstab","haraszti","ollivier","czemy","leipzig","franz","biographer","first time","young pianist","first volume","adam liszt","unfriendly reception","many year","virtuoso year","nineteenth century","early year","czerny","beethoven","relevant entry","spurious entry","biographical study","unpublished document","biographical literature","same time","daniel ollivier","unpublished material","marie","biographical","emile haraszti","creative activity","musical life","high acquaintance","high presence","interpretive position","consulting original document","second volume","many scholar","revue musicale","carl czerny","walker claim","young liszt","other occasion","carl alexander","initial volume","second concert","actual concert","actual meeting","first biographer","last year","many biographer","next page","principal performer","more significant","prince esterhizy","biographical project","private hand","public archive","many time","preliminary edition","document inidits","ancestral home","first year","country estate","emile ollivier","critical edition"]},"author":[{"name":"ALLAN KEILER"}],"articleId":["LXX.3.374"],"arkIstex":"ark:/67375/HXZ-VCQ8G4XC-J","language":["eng"],"originalGenre":["research-article"],"qualityIndicators":{"score":5.05,"pdfWordCount":11714,"pdfCharCount":64865,"pdfVersion":1.3,"pdfPageCount":30,"pdfPageSize":"450 x 674 pts","pdfWordsPerPage":390,"pdfText":true,"refBibsNative":false,"abstractWordCount":0,"abstractCharCount":0,"keywordCount":0},"title":"Liszt Research and Walker's Liszt","genre":["research-article"],"host":{"title":"The Musical Quarterly","language":["unknown"],"issn":["0027-4631"],"eissn":["1741-8399"],"publisherId":["musqtl"],"volume":"LXX","issue":"3","pages":{"first":"374","last":"403"},"genre":["journal"],"subject":[{"value":"Articles"}]},"namedEntities":{"unitex":{"date":["1934","1842","1869","1840s","1935","1843","1808","1850","the nineteenth century","1815","1930s","twentieth century","1862","1891","1840","1880","in the nineteenth century","1816","1845","1834","1823","1984","1933","1852","1841","1830","1927","1846"],"geogName":[],"orgName":["France and England"],"orgName_funder":[],"orgName_provider":[],"persName":["Suzanne Guggenheim","Ludwig Nohl","Princess von Sayn-Wittgenstein","Jacques Vier","Emile Ollivier","Franz Liszt","Ilka HoTowitz-Bamay","George Sand","Carl Alexander","Lina Ramann","Rudolph Kokai","Ollivier de Prevaux","Mass","Esterhizy","Paris Conservatory","My Memoirs","Neve Zeittchrift","Girard de Charnace","Ludwig van Beethovens","Franz LiizU","I. Heft","Dieter Torkewiu","Marie Lipsius","Marie Octave","Franz LiszU","The","Johann van Beethoven","Walter Nohl","Karl Horvath","Marquis de Charnace","Johann Christem","Franz Liszts","Daniel Stern","Madame","Don Sanche","Walker","Concerto","Bernard Gavoty","Ludwig van Beethoven","Julius Kapp","Daniel Stem","Blandine Ollivier","Schindler","La Mara","Carl Czerny","J. G. ProdTiomme","Alan Walker","Daniel Ollivier","Alfred Charles","Emile Haraszti","Claude Aragonnes","Met Souvenirs","Ilka Horowitz-Barnay"],"placeName":["Leipzig","Eisenstadt","Venice","Paris","Switzerland","Germany","Bonn","Frankfort","Roman","Versailles","Europe","Vienna","Rome","France","Weimar","Hungary","Budapest"],"ref_url":[],"ref_bibl":["Paris, 1961","Hamburg and Leipzig, 1841","London, 1970","Leipzig, 1888","April, 1823","May, 1937","Weimar, 1982","Munich, 1978","Paris, 1877","Budapest, 1944","Bucarest, 1963","Muniter, 1842","Munster, 1840","Eisenstadt, 1978","Berlin and Leipzig, 1909","Budapest, 1937","Budapest, 1861","Horvath (1978)","Paris, 1980","Budaptit, 1978","Berlin, 1908","Leipzig, 1933","May, 1928","Vienna, 1874","Paris, 1951","Leipzig, 1983","New York, 1983","Eisenstadt, 1982","Pest, 1868","Berlin, 1842","Leipzig, 1909","Munich and Leipzig, 1906","Paris, 1950","Budapest, 1980"],"bibl":[]}},"ark":["ark:/67375/HXZ-VCQ8G4XC-J"],"categories":{"wos":[],"scienceMetrix":["1 - arts & humanities","2 - visual & performing arts","3 - music"],"scopus":["1 - Social Sciences","2 - Arts and Humanities","3 - Music"]},"publicationDate":"1984","copyrightDate":"1984","enrichments":{"type":["multicat","refBibs","teeft","unitex"]},"doi":["10.1093/mq/LXX.3.374"],"_id":"102DCA774AD7B2ED8B456CE7298814FA52C604DE"}