{"corpusName":"sage","keywords":{"teeft":["chamber music","cello","first violin","string quartets","fellow players","last movement","quartet evening","string quartet","first fiddle","quartet","fiddle","feudal patronage","first violinist","large groups","second fiddle","small groups","hyatt king","late beethovens","frederick william","professional musicians","brandenburg gate","quartet players","string players","many amateurs","directory lists","cellist","opus","mozart","haydn"]},"author":[{"name":"Joseph Wechsberg"}],"articleId":["10.2307_3389909"],"arkIstex":"ark:/67375/M70-HVD46B9M-7","language":["eng"],"originalGenre":["research-article"],"qualityIndicators":{"score":5.998,"pdfWordCount":3986,"pdfCharCount":23433,"pdfVersion":1.6,"pdfPageCount":5,"pdfPageSize":"648 x 864 pts","refBibsNative":false,"abstractWordCount":1,"abstractCharCount":0,"keywordCount":0},"title":"The Music of Friends","genre":["research-article"],"host":{"title":"Music Educators Journal","language":["unknown"],"issn":["0027-4321"],"eissn":["1945-0087"],"publisherId":["MEJ"],"volume":"49","issue":"6","pages":{"first":"32","last":"36"},"genre":["journal"]},"namedEntities":{"unitex":{"date":["1963","1790","in the sixteenth century","1808","1800","during the eighteenth century","1962"],"geogName":[],"orgName":["American Heritage Publishing Company, Inc","Austria, Germany, Switzerland, England"],"orgName_funder":[],"orgName_provider":[],"persName":["I. M. Knight","Carl Gotthard","Andreas Rasumovsky","Frederick William","Elliott Erwitt","Amadeus Mozart","Haydn","Fausto Tesio","Nicholas Esterhazy","Joseph Haydn","John Evelyn","John Banister","Benjamin Britten","Nikolai Galitzin","Beethoven","Samuel Pepys","Joseph Wechsberg","Lobkowitz","Walter Wilson","Thomas Britton","My Life","Elizabeth Sprague","Schwarzenberg"],"placeName":["Amman","Germany","London","American","Europe","Jordan","Los Angeles","America","Vienna","Cremona","York","Rhodesia","England","Budapest"],"ref_url":[],"ref_bibl":[],"bibl":[]}},"ark":["ark:/67375/M70-HVD46B9M-7"],"publicationDate":"1963","copyrightDate":"1963","enrichments":{"type":["refBibs","teeft","unitex"]},"doi":["10.2307/3389909"],"_id":"A6387AFA872A7FCCBC4F5F4FE294A12E24A304A7"}