{"corpusName":"oup","keywords":{"teeft":["musical quarterly","personal character","better nature","whole life","such circumstance","conversation book","beethoven","mozart","bitter consciousness","terrible anticipation","incurable nature","final result","total deafness","prosperous issue","unhappy progress","other reason","enguih venton","general remark","exhaustive picture","ludicrous contrast","grand form","short muscular figure","pockpitted face","similar process","corresponding suppression","peculiar realm","gigantic idea","intellectual thor","awful state","henry edward krehblel","music mysterious revelation","thing unutterable","conscientious investigator","cyclopean block","tomato sauce","depth unfathomable","profound meaning","human nature","extraordinary strength","extraordinary weakness","great misfortune","impulse good","strict parental control","private memorandum","noble energy","early admission","moral development","strict regulation","harsh discipline","eighteenth year","breuning family","count waldstein","high principle","much stress","ordinary circumstance","natural tendency","much strength","deficient early moral education","frequent contest","constant tendency","trivial matter","ungovernable wrath","society grant","high rank","estimate money","real value","other extreme","partial justification","unwise independence","other time","utter irresolution","false step","great injustice","present writer","unfortunate episode","general tenor","great disadvantage","sentimental admiration","ancient classic literature","democratic theory","french sentimentalist","foreign representative","young american republic","private life","great military leader","french officer","german officer","better class","republican leader","greater part","central europe","sublime humanity","german poet","english classic","great character","active principle","wide cleft","adequate firmness","early year","great calamity","true greatness","morbidly sensitive","constant ward","mergentheim letter","allgemeine musikalische zeitung","successful genius","higher degree","certain person","intimate friendship","venerable haydn","trustworthy tradition","other visitor","great mogul","young noble","mere instrument","personal sketch","long saxon minister","biographische notizen ttber joseph haydn","pianoforte player","beetboren ajaodatlon","gentleman present","certain income","exclusive right","london publisher","similar term","dear young","such master","contemptuous glance","subsequent conversation","dear beethoven","present generation","such mighty spirit","universal fame","productive haydn","work good reason","narrow extent","instrumental music","height greater","short personal sketch","name familiar","rare exception","much younger","older generation","musical amateur","young bonn organist","elder friend","greater number","logical conclusion","such perception","more remark","daring innovator","erring waste","profane audacity","similar reason novelty","little favor","same spirit","grammatical error","loud laugh","extraordinary charm","technical ground","attractive feature","instrumental composition","young disciple","enthusiastic admirer","sharp animadversion","higher form","considerable number","laudatory article","honest admirer","deservedly eulogistic criticism","indiscriminate praise","fulsome eulogy","orchestral quartet","reader blush","mere fact","such book","attractive force","personal magnetism","young worshipper","private affair","constant succession","voluntary service","lofty hill","beautiful valley","summer month","long series","musical quarterly dulgence","noble passion","great delight","christian sturm","beobachtungen liber","werke gottes","absurd much","natural philosophy","best manual","popular scientific truth","procrustean religious system","ecclesiastical dogma","free course","visible form","various language","shameless life","inordinate lover","strong drink","dancing day","last allusion","previous page","delicate point demand","walter scott","false assumption","considerable quantity","certain fact relative","illegitimate offspring","moderate gratification","more discountenanced","other natural","puritanic scruple","common penalty","strict purity","much dignity","tavern girl","elder simrock","repellent coldness","unmarried woman","greater degree","familiar intercourse","common politeness","period beethoven","literary scavenger","careful enquiry","musical quarterly solicitation","czerny family","much refusal","certain madame hofdemel","general belief","great intimacy","great satisfaction","dark shadow","prince lobkowitz"]},"author":[{"name":"ALEXANDER W. THAYER"}],"articleId":["VII.4.483"],"arkIstex":"ark:/67375/HXZ-36J8JM4V-M","language":["eng"],"originalGenre":["research-article"],"qualityIndicators":{"score":3.822,"pdfWordCount":3772,"pdfCharCount":20381,"pdfVersion":1.2,"pdfPageCount":11,"pdfPageSize":"618 x 798 pts","pdfWordsPerPage":343,"pdfText":true,"refBibsNative":false,"abstractWordCount":0,"abstractCharCount":0,"keywordCount":0},"title":"THE MAN BEETHOVEN: AN ESTIMATE OF HIS CHARACTER","genre":["research-article"],"host":{"title":"The Musical Quarterly","language":["unknown"],"issn":["0027-4631"],"eissn":["1741-8399"],"publisherId":["musqtl"],"volume":"VII","issue":"4","pages":{"first":"483","last":"492"},"genre":["journal"],"subject":[{"value":"Articles"}]},"namedEntities":{"unitex":{"date":["1921"],"geogName":[],"orgName":[],"orgName_funder":[],"orgName_provider":[],"persName":["Walter Scott","Joseph Haydn","Lobkowitz","An Estimate","Hofdemel","Christian Sturm","Pickwick"],"placeName":["Bonn","Cincinnati","Europe","America","Vienna"],"ref_url":[],"ref_bibl":[],"bibl":[]}},"ark":["ark:/67375/HXZ-36J8JM4V-M"],"categories":{"wos":[],"scienceMetrix":["1 - arts & humanities","2 - visual & performing arts","3 - music"],"scopus":["1 - Social Sciences","2 - Arts and Humanities","3 - Music"]},"publicationDate":"1921","copyrightDate":"1921","enrichments":{"type":["multicat","refBibs","teeft","unitex"]},"doi":["10.1093/mq/VII.4.483"],"_id":"97D275D56C9820DE31598EF2A640C160E6A21E67"}