{"corpusName":"cambridge","author":[{"name":"A. E. F. Dickinson"}],"articleId":["01861"],"arkIstex":"ark:/67375/6GQ-C4QC5KZX-P","language":["eng"],"originalGenre":["research-article"],"abstract":"A centenary celebration raises various questions and prompts some warnings. Any nostalgic gesture is suspect: there is never any compulsion to think back. A calendar-based revival must justify itself by the sort of recognized central appeal that conditions a case for amplitude. This granted, and performances organized, the questions arise as to what the artist signified in his time and immediately after it, and what attention he can command in the context of present events. There was, for instance, never any doubt about the demand for Beethoven in 1970 by almost every variety of audience and performing body. Even the neglected early cantatas were found acceptable in what was a well-nigh routine acknowledgement across the board. Nor had the cult of Beethoven's art needed much more than time and personal advocacy to spread from Austria abroad, as a priority for orchestras and pianists, as the outstanding embodiment of resolute musical thought and as a triumph of evolution with unparalleled influence on the future of music.","qualityIndicators":{"score":5.774,"pdfWordCount":1794,"pdfCharCount":10512,"pdfVersion":1.5,"pdfPageCount":5,"pdfPageSize":"488.88 x 722.88 pts","refBibsNative":true,"abstractWordCount":165,"abstractCharCount":1036,"keywordCount":0},"title":"The Revival of Holst","pii":["S0040298200018611"],"refBibs":[{"host":{"title":"Music Review","author":[]}},{"host":{"title":"I am indebted for these cross-references to Mr. Christopher Wintle of Reading University Music Department.","author":[]}},{"host":{"title":"Soundings","author":[]}},{"host":{"title":"The Wandering Scholar","author":[]}}],"genre":["research-article"],"host":{"title":"Tempo","language":["unknown"],"issn":["0040-2982"],"eissn":["1478-2286"],"publisherId":["TEM"],"issue":"111","pages":{"first":"2","last":"6","total":"5"},"genre":["journal"]},"ark":["ark:/67375/6GQ-C4QC5KZX-P"],"categories":{"wos":[],"scienceMetrix":[],"scopus":["1 - Social Sciences","2 - Arts and Humanities","3 - Music"],"inist":["1 - sciences humaines et sociales"]},"publicationDate":"1974","copyrightDate":"1974","enrichments":{"type":["multicat","nb"]},"doi":["10.1017/S0040298200018611"],"_id":"CBFF7C4988F36F54A4A22B4A5C0A41E80B5C73C1"}