{"corpusName":"oup","keywords":{"teeft":["first movement","random note","major sonata","flat sonata","slow movement","sonata form","first variation","strong recommendation","final chord","middle movement","sonata"]},"author":[{"name":"J. A. FULLER-MAITLAND"}],"articleId":["VIII.2.218"],"arkIstex":"ark:/67375/HXZ-XQM5ZKVL-S","language":["eng"],"originalGenre":["research-article"],"qualityIndicators":{"score":2.691,"pdfWordCount":2641,"pdfCharCount":13265,"pdfVersion":1.2,"pdfPageCount":6,"pdfPageSize":"478 x 699 pts","pdfWordsPerPage":440,"pdfText":true,"refBibsNative":false,"abstractWordCount":0,"abstractCharCount":0,"keywordCount":0},"title":"RANDOM NOTES ON THE PIANOFORTE SONATAS AND THEIR INTERPRETERS","genre":["research-article"],"host":{"title":"Music and Letters","language":["unknown"],"issn":["0027-4224"],"eissn":["1477-4631"],"publisherId":["musicj"],"volume":"VIII","issue":"2","pages":{"first":"218","last":"223"},"genre":["journal"],"subject":[{"value":"Articles"}]},"namedEntities":{"unitex":{"date":["1927"],"geogName":[],"orgName":[],"orgName_funder":[],"orgName_provider":[],"persName":["Julian Benedict","Clara Schumann","Emil Sauer","Beethoven","George Grove"],"placeName":["Hambourg","Halle","London","St. James","Goldberg"],"ref_url":[],"ref_bibl":[],"bibl":[]}},"ark":["ark:/67375/HXZ-XQM5ZKVL-S"],"categories":{"wos":[],"scienceMetrix":["1 - arts & humanities","2 - visual & performing arts","3 - music"],"scopus":["1 - Social Sciences","2 - Arts and Humanities","3 - Music"]},"publicationDate":"1927","copyrightDate":"1927","enrichments":{"type":["multicat","refBibs","teeft","unitex"]},"doi":["10.1093/ml/VIII.2.218"],"_id":"57C06D8F498E9F2BBE313B7110604364E5BC83DA"}