{"corpusName":"oup","keywords":{"teeft":["autograph letter","original document","german edition","autograph","original manuscript","unpublished letter","george smart","brother kaspar karl","short note","first volume","explanatory note","wrong date","publisher nikolaus simrock","careless transcription","royal college","leipzig periodical","grenzboten version","auch gern gebrauch machen wollte","alles schone","approximate date","hier erhalten","beethoven state","famous letter","beethoven"]},"author":[{"name":"EMILY ANDERSON"}],"articleId":["XXXIV.3.212"],"arkIstex":"ark:/67375/HXZ-SFZZVFQC-Z","language":["eng"],"originalGenre":["research-article"],"qualityIndicators":{"score":3.265,"pdfWordCount":3215,"pdfCharCount":17990,"pdfVersion":1.3,"pdfPageCount":12,"pdfPageSize":"487 x 692 pts","pdfWordsPerPage":268,"pdfText":true,"refBibsNative":false,"abstractWordCount":0,"abstractCharCount":0,"keywordCount":0},"title":"THE TEXT OF BEETHOVEN'S LETTERS","genre":["research-article"],"host":{"title":"Music and Letters","language":["unknown"],"issn":["0027-4224"],"eissn":["1477-4631"],"publisherId":["musicj"],"volume":"XXXIV","issue":"3","pages":{"first":"212","last":"223"},"genre":["journal"],"subject":[{"value":"Articles"}]},"namedEntities":{"unitex":{"date":["1865","1953","1861","1815","1921","1867","1910","1816","from February 1816 to January 1818","1823","1812","1852","1801","1909","1787","1817"],"geogName":[],"orgName":[],"orgName_funder":[],"orgName_provider":[],"persName":["German Gesamtausgabe","Ludwig Nohl","Co","Josef Brauchle","J. S. Shedlock","Max Unger","Karl Bernard","Braunhofer","J. Ewer","Werther Verehrter","Theodor Frimmel","Peter Josef","J. B. von Bach","Sir George","Rat","H. C. Bodmcr","Beethoven","C. F. Peters","Franz Xaver","Walter Schatzki","Julius Kapp","Ferdinand Ries","Kaspar Karl","Court Chancellery","Karl Amenda","G. Sonneck"],"placeName":["Leipzig","Berlin","Germany","United States","Bonn","Hetzendorf","London","America","Vienna","York","Cambridge","Zurich"],"ref_url":[],"ref_bibl":["March 1827","November 1815"],"bibl":[]}},"ark":["ark:/67375/HXZ-SFZZVFQC-Z"],"categories":{"wos":[],"scienceMetrix":["1 - arts & humanities","2 - visual & performing arts","3 - music"],"scopus":["1 - Social Sciences","2 - Arts and Humanities","3 - Music"]},"publicationDate":"1953","copyrightDate":"1953","enrichments":{"type":["multicat","refBibs","teeft","unitex"]},"doi":["10.1093/ml/XXXIV.3.212"],"_id":"182EC9CD75C0153121EB7DD45B029AFECE4C3724"}