{"corpusName":"sage","keywords":{"teeft":["honing","expressive timing","invariance","repp","original recording","music perception","timing hypothesis","perceptual invariance","global tempo","artefact","tempo","music performance","classical version","jazz version","relational invariance","international computer music conference","identification task","tempo transformation","different tempi","tempotransformed version","music cognition","possible timbral artefacts","musical genre","computer music association","perception psychophysics","timing","real performance","timing control","different results","present study","classical repertoire","music cognition group","significant difference","timing variations","cognitive science","sound excerpts","experimental setup","paul motian","english suite","cognitive psychology","perceptual studies","response categories","significance levels","stimuli pairs","chance binomial test","confidence ratings","preferred tempo","significant majority","signal processing method","pilot study","tempo preference","current research","tempo change","same material","audible artefacts","average tempo","academic press","psychological research","music performance literature","several studies","expressive","clarke"]},"author":[{"name":"Henkjan Honing","affiliations":["University of Amsterdam"]}],"subject":[{"lang":["eng"],"value":"music perception"},{"lang":["eng"],"value":"music performance"},{"lang":["eng"],"value":"perceptual invariance"}],"articleId":["10.1177_0305735607070380"],"arkIstex":"ark:/67375/M70-QMFBN209-8","language":["eng"],"originalGenre":["research-article"],"abstract":"This empirical study is concerned with examining the relation between tempo and expressive timing in music performance. This was investigated by asking listeners (N = 307) to distinguish between an original recording and a tempo-transformed version in a musical genre of their preference (jazz or classical). A majority of the participants was able to correctly identify the original recording. This result is taken as support for the tempo-specific timing hypothesis which suggests that the relationship between timing variations and average tempo may function as a cue for identification of a real performance, and counter-evidence for the relationally invariant timing hypothesis that predicts a tempo-transformed performance will sound equally natural.","qualityIndicators":{"score":6.82,"pdfWordCount":3512,"pdfCharCount":21836,"pdfVersion":1.5,"pdfPageCount":10,"pdfPageSize":"595 x 842 pts (A4)","refBibsNative":true,"abstractWordCount":109,"abstractCharCount":756,"keywordCount":3},"title":"Is expressive timing relational invariant under tempo transformation?","refBibs":[{"title":"‘Automatic Technique in Frequency Domain for Near-lossless Time-Scale modification of Audio’","author":[{"name":" Bonada J."},{"name":" T. Noll"},{"name":" et al."}],"host":{"title":"Proceedings of International Computer Music Conference","author":[]}},{"title":"Timing in the performance of Erik Satie’s “Vexations”’","author":[{"name":" Clarke E. F."}],"host":{"title":"Acta Psychologica","author":[],"volume":"50","pages":{"first":"1","last":"19"}}},{"title":"‘Rhythm and Timing in Music’","author":[{"name":" Clarke E. F."},{"name":" D. Deutsch"}],"host":{"title":"Psychology of Music","author":[],"pages":{"first":"473","last":"500"}}},{"title":"‘Does Expressive Timing in Music Performance Scale Proportionally with Tempo","author":[{"name":" Desain P."},{"name":" Honing H."}],"host":{"title":"Psychological Research","author":[],"volume":"56","pages":{"first":"285","last":"292"}}},{"host":{"title":"Music Cognition","author":[]}},{"title":"‘Swing Ratios and Ensemble Timing in Jazz Performance: Evidence for a Common Rhythmic Pattern’","author":[{"name":" Friberg A."},{"name":" Sundström A."}],"host":{"title":"Music Perception","author":[],"volume":"19","pages":{"first":"333","last":"349"}}},{"title":"‘The Differentiation of Rhythmic Structure’","author":[{"name":" Handel S."}],"host":{"title":"Perception & Psychophysics","author":[],"volume":"52","pages":{"first":"497","last":"507"}}},{"title":"‘The Effect of Tempo and Tone Duration on Rhythmic Discrimination’","author":[{"name":" Handel S."}],"host":{"title":"Perception & Psychophysics","author":[],"volume":"54","pages":{"first":"370","last":"382"}}},{"title":"‘Invariant Relative Timing in Motor-program Theory’","author":[{"name":" Heuer H."},{"name":" J. Fagard"},{"name":" P. H. Wolff"}],"host":{"title":"The Development of Timing Control and Temporal Organisation in Coordinated Action","author":[],"pages":{"first":"37","last":"68"}}},{"host":{"title":"‘POCO: An Environment for Analysing, Modifying, and Generating Expression in Music’","author":[]}},{"host":{"title":"‘Timing is Tempo-specific’","author":[]}},{"title":"‘Is there a Perception-based Alternative to Kinematic Models of Tempo Rubato","author":[{"name":" Honing H."}],"host":{"title":"Music Perception","author":[],"volume":"23","pages":{"first":"79","last":"85"}}},{"title":"‘Evidence For Tempo-specific Timing in Music Using a Web-based Experimental Setup’","author":[{"name":" Honing H."}],"host":{"title":"Journal of Experimental Psychology: Human Perception and Performance","author":[],"volume":"32","issue":"3","pages":{"first":"780","last":"786"}}},{"title":"‘Computational Modelling of Music Cognition: A Case Study on Model Selection’","author":[{"name":" Honing H."}],"host":{"title":"Music Perception","author":[],"volume":"23","issue":"5","pages":{"first":"365","last":"376"}}},{"title":"‘Perceptual Invariances in the Comparative Psychology of Music’","author":[{"name":" Hulse S."},{"name":" Takeuchi A. H."},{"name":" Braaten R. F."}],"host":{"title":"Music Perception","author":[],"volume":"10","pages":{"first":"151","last":"184"}}},{"title":"‘Studies in Auditory Timing: 2. Rhythm Patterns’","author":[{"name":" Monahan C. B."},{"name":" Hirsch I. J."}],"host":{"title":"Perception & Psychophysics","author":[],"volume":"47","pages":{"first":"227","last":"242"}}},{"title":"‘Music Performance’","author":[{"name":" Palmer C."}],"host":{"title":"Annual Review of Psychology","author":[],"volume":"48","pages":{"first":"115","last":"138"}}},{"host":{"title":"Invariance and Variability in Speech Processes","author":[]}},{"title":"‘Tempo Change and Interpretation Preference’","author":[{"name":" Reed R."},{"name":" R. Kopiez"},{"name":" A. C. Lehmann"},{"name":" I. Wolther"},{"name":" C. Wolf"}],"host":{"title":"Proceedings of the European Society for the Cognitive Sciences of Music","author":[],"pages":{"first":"558","last":"561"}}},{"title":"‘Relational Invariance of Expressive Microstructure across Global Tempo Changes in Music Performance: An Exploratory Study’","author":[{"name":" Repp B. H."}],"host":{"title":"Psychological Research","author":[],"volume":"56","pages":{"first":"269","last":"284"}}},{"title":"‘Quantitative Effects of Global Tempo on Expressive Timing in Music Performance: Some Perceptual Evidence’","author":[{"name":" Repp B. H."}],"host":{"title":"Music Perception","author":[],"volume":"13","pages":{"first":"39","last":"57"}}},{"title":"‘Effects of Tempo on the Timing of Simple Musical Rhythms’","author":[{"name":" Repp B. H."},{"name":" Windsor W. L."},{"name":" Desain P."}],"host":{"title":"Music Perception","author":[],"volume":"19","pages":{"first":"565","last":"593"}}},{"host":{"title":"The Practice of Performance: Studies in Musical Interpretation","author":[]}},{"title":"‘Perceptual-cognitive Universals as Reflections of the World’","author":[{"name":" Shepard R."}],"host":{"title":"Behavioral and Brain Sciences","author":[],"volume":"24","pages":{"first":"581","last":"601"}}},{"title":"‘Cognitive Psychology and Music’","author":[{"name":" Shepard R."},{"name":" Levitin D."},{"name":" D. Levitin"}],"host":{"title":"Foundations of Cognitive Psychology: Core Readings","author":[],"pages":{"first":"503","last":"514"}}}],"genre":["research-article"],"host":{"title":"Psychology of Music","language":["unknown"],"issn":["0305-7356"],"eissn":["1741-3087"],"publisherId":["POM"],"volume":"35","issue":"2","pages":{"first":"276","last":"285"},"genre":["journal"]},"namedEntities":{"unitex":{"date":["2007"],"geogName":[],"orgName":["University of Amsterdam","Northwestern University","University of Ghent, Belgium"],"orgName_funder":[],"orgName_provider":[],"persName":["Jorge Rossy","Roni Music","Andy Sheppard","Renee Timmers","Larry Grenadier","Paul Bley","Alfred Brendel","Misha Mengelberg","Jacques Schols","Han Bennink","Carla Bley","Bruno Repp","S. Arnold","Gary Peacock","Ann","Steve Swallow","J.S. Bach","S. Bach","X. Serra","Brad Mehldau","Paul Motian","G. Hair","Charlie Haden","Eric Dolphy","L. van Beethoven"],"placeName":["Spain"],"ref_url":["http://www.apple.com/mpeg","http://www.hum.uva.nl/mmm/exp","http://pom.sagepub.com"],"ref_bibl":["Repp et al., 2002","Honing, 2005a","Repp, 1995","Clarke, 1999","see Honing, 2006a","Honing, 2006b","Clarke, 1982","Repp, 1994","Shepard, 2001","September 5–9, 2005","Reed (2003)","Rink, 1995","Honing, 1990","see Honing, 2006","Repp (1995)","Handel, 1993","Monahan and Hirsch, 1990","Handel, 1992","Dowling and Harwood, 1986","Friberg and Sundström, 2002","Hulse et al., 1992","Shepard and Levitin, 2002","Desain and Honing, 1994","Palmer, 1997","Perkell and Klatt, 1986","Honing, 2005b","using the results of a pilot study; Honing, 2005a","July 2–6, 2005","Heuer, 1991"],"bibl":[]}},"ark":["ark:/67375/M70-QMFBN209-8"],"categories":{"wos":["1 - social science","2 - psychology, experimental","2 - psychology, educational","2 - psychology, applied"],"scienceMetrix":["1 - health sciences","2 - psychology & cognitive sciences","3 - experimental psychology"],"scopus":["1 - Social Sciences","2 - Psychology","3 - Psychology (miscellaneous)","1 - Social Sciences","2 - Arts and Humanities","3 - Music"],"inist":["1 - sciences humaines et sociales"]},"publicationDate":"2007","copyrightDate":"2007","enrichments":{"type":["multicat","nb","teeft","unitex"]},"doi":["10.1177/0305735607070380"],"_id":"8D69213F78FC58039DD2257C6BDBFDB5789539D7"}