{"corpusName":"oup","keywords":{"teeft":["viotti","kreutzer","violin concerto","piano concerto","first movement","french violin school","baillot","french concerto","rondo","musical quarterly","violin sonata","solo part","concerto","triple concerto","french violin concerto","french music","french disciple","french school","thematic material","concert spirituel","slow movement","melodic line","archduke rudolph","violin","beethoven","mozart","parisian school","concerto other","opening tutti","parisian concerto","first performance","free fantasia","third movement","last movement","same time","piano solo","ninth symphony","march character","contemporary taste","high standard","violin part","joseph joachim","beethoven concerto","violin passage","violin solo","principal theme","viotti concerto","virtuoso"]},"author":[{"name":"BORIS SCHWARZ"}],"articleId":["XLIV.4.431"],"arkIstex":"ark:/67375/HXZ-CWM5SN6Q-Q","language":["eng"],"originalGenre":["research-article"],"qualityIndicators":{"refBibsNative":false,"abstractWordCount":0,"abstractCharCount":0,"keywordCount":0,"score":5.05,"pdfWordCount":5415,"pdfCharCount":31069,"pdfVersion":1.3,"pdfPageCount":19,"pdfPageSize":"441 x 673 pts","pdfWordsPerPage":285,"pdfText":true},"title":"BEETHOVEN AND THE FRENCH VIOLIN SCHOOL","refBibs":[{"host":{"title":"II, 10) according to which Beethoven presumably borrowed a theme of Kreutzer for the Sonata Op. 47 (closing subject, first movement) is a myth","publicationDate":"1812-12","author":[]}},{"host":{"title":"Autobiography, London, 1878, I, 165. \"Letter to Archduke Rudolph","publicationDate":"1813-01","author":[{"name":"Louis Spohr"}]}},{"host":{"publicationDate":"1813-01-04","author":[{"name":" G16ggl 's Musikzeitung"}]}},{"host":{"publicationDate":"1872","author":[{"name":"G Nottebohm"},{"name":"Leipzig Beethoveniana"}],"pages":{"first":"26","last":"30"}}},{"title":"An old Viennese tradition names Clement as the originator [Urheber] of the rondo theme","author":[],"host":{"title":"Schering, op. cit","author":[],"pages":{"first":"204"}}},{"host":{"publicationDate":"1806-12","author":[{"name":"Wiener Theaterzeitung"}],"pages":{"first":"507"}}}],"genre":["research-article"],"host":{"title":"The Musical Quarterly","language":["unknown"],"issn":["0027-4631"],"eissn":["1741-8399"],"publisherId":["musqtl"],"volume":"XLIV","issue":"4","pages":{"first":"431","last":"447"},"genre":["journal"],"subject":[{"value":"Articles"}]},"namedEntities":{"unitex":{"date":["1853","1790","1820","1807","77S","80S","1814","1803","1789","1791","1780","1808","1958","1785","1815","1804","1844","19th centuries","1792","1809","79S","1775","1805","1845","1834","1782","1812","the 19th century","1798","19th century","1828","1806"],"geogName":[],"orgName":["Schinner, Inc."],"orgName_funder":[],"orgName_provider":[],"persName":["Giuseppe Tartini","Kreutzer","Gaetano Pugnani","Henri Vieuxtemps","F. Ries","Giovanni Battista","O. Jonas","Berlioz","de France","Richard Wagner","Marta Walter","Jean-Marie Leclair","G. B. Viotti","Alfred Einstein","In","Franz Clement","Louis Spohr","Joseph Boehm","J. A. Hiller","J. W. Tomaschek","Rode","Beethoven","Pierre Baillot","George Bridgetower","A. Moser","Pierre Rode","Remo Giazotto","Ferdinand Ries","Carl Czerny","Jean Baptiste","Luigi Cherubini","Mozart","Karl Amenda","Princeton Univ","A. Einstein","F. Munster","G. Sonneck","Joseph Joachim","Pietro Locatelli","Pierre Gavinies"],"placeName":["Leipzig","Berlin","Paris","Bonn","Foix","London","Europe","Vienna","Chicago","York","St. Petersburg","France","Russia","Salzburg"],"ref_url":[],"ref_bibl":["Leipzig, 1882","April 1783","in memory of General Hoche, 1797"],"bibl":[]}},"ark":["ark:/67375/HXZ-CWM5SN6Q-Q"],"categories":{"wos":[],"scienceMetrix":["1 - arts & humanities","2 - visual & performing arts","3 - music"],"scopus":["1 - Social Sciences","2 - Arts and Humanities","3 - Music"]},"publicationDate":"1958","copyrightDate":"1958","enrichments":{"type":["multicat","refBibs","teeft","unitex"]},"doi":["10.1093/mq/XLIV.4.431"],"_id":"607EF9DEB75128CFD98533282C014B957747CDD7"}