{"corpusName":"oup","keywords":{"teeft":["freude","strophe","strophic","geselliges","choral fantasia","fantasia","brotherly love","ninth symphony","instrumental ritornello","strophic form","piano sonata","choral","synthetic strophe","sonata form","good fellowship","finale","poetical text","double fugue","basic idea","instrumental conception","musical form","gesellige lieder","drinking song","musical consideration","operatic finale","double exposition","male chorus","idea ofjoy","choral finale","phrase structure","principal theme","piano solo","instrumental part","gegenliebe melody","thematic motive","first movement","turkish music","strophic plan","central factor","maestoso theme","same time"]},"author":[{"name":"F. E. KIRBY"}],"articleId":["47.2.116"],"arkIstex":"ark:/67375/HXZ-FW2XBXMH-Q","language":["eng"],"originalGenre":["research-article"],"qualityIndicators":{"score":4.649,"pdfWordCount":4599,"pdfCharCount":25519,"pdfVersion":1.3,"pdfPageCount":10,"pdfPageSize":"418 x 685 pts","pdfWordsPerPage":460,"pdfText":true,"refBibsNative":false,"abstractWordCount":0,"abstractCharCount":0,"keywordCount":0},"title":"BEETHOVEN AND THE ‘GESELLIGES LIED’","refBibs":[{"author":[],"host":{"title":"Tovcy, 'Essays', ii Sec also Rolland","author":[],"pages":{"first":"133","last":"6"}}},{"host":{"title":"See, for instance","publicationDate":"1925","author":[]}},{"host":{"author":[{"name":"See,F Chrysandcr"}],"pages":{"first":"1","last":"35"}}}],"genre":["research-article"],"host":{"title":"Music and Letters","language":["unknown"],"issn":["0027-4224"],"eissn":["1477-4631"],"publisherId":["musicj"],"volume":"47","issue":"2","pages":{"first":"116","last":"125"},"genre":["journal"],"subject":[{"value":"Articles"}]},"namedEntities":{"unitex":{"date":["1799","eighteenth century","1795","1780","1796","1815","1954","1800","1966"],"geogName":[],"orgName":["Keyboard Instruments"],"orgName_funder":[],"orgName_provider":[],"persName":["Romain Rolland","Donald Tovey","Peter von Winter","W. J. Mitchell","Heinrich Schenker","M. Friedlinder","Alfred Lorenz","E. Anderson","Emanuel Bach","E. Forbes","La Cathidrale","La Neuvieme","Schiller","August Burger","G. Nottcbohm","Johann Friedrich","P. Bekker","A. W. Thayer","Ernest Sanders","Ludwig van Beethovens","A. Sychr","D. F. Tovcy","Beethoven","Von Herzen","F. Chrysandcr","H. E. Krehbiel","Otto Baensch","M. Bozman","Ludwig van Beethoven","Arnold Schering","Christian Gottfried","C. P. E. Bach"],"placeName":["Stuttgart","Palestrina"],"ref_url":[],"ref_bibl":["London & New York, 1933","London, 1925","Bonn, 1962","New York, 1049","Berlin, 1753","Berlin & Leipzig, 1930","Pans, 1943","Vienna & Leipzig, 1912","Leipzig, 1887","Stuttgart & Berlin, 1903","Leipzig & Winterthur, 1872","London, 1933","London, 1961","Berlin, 1936","New York, 1921"],"bibl":[]}},"ark":["ark:/67375/HXZ-FW2XBXMH-Q"],"categories":{"wos":[],"scienceMetrix":["1 - arts & humanities","2 - visual & performing arts","3 - music"],"scopus":["1 - Social Sciences","2 - Arts and Humanities","3 - Music"]},"publicationDate":"1966","copyrightDate":"1966","enrichments":{"type":["multicat","refBibs","teeft","unitex"]},"doi":["10.1093/ml/47.2.116"],"_id":"A190D8FE5FD5B527642BEA9849697469183FD009"}