{"corpusName":"sage","keywords":{"teeft":["bassoon","cappella","rascher","buescher","cello","clarinet","satb","trombone","oboe","trumpets","music education","music educators","treble voices","high school","projector","music educators journal","buescher saxophone","music educators conference","educator","bassoon beethoven","glenn gildersleeve","vanett lawler","hummel fishburn","frank coulter","leon ruddick","karl geiringer","early composers","conductor orchestra","first time","music publishers","editorial office","sigurd rascher","music period","dream boat","wurlitzer organ","cappella verdi","cents orchestration","editorial board","young voices","piano solo","band accompaniment","speedex products","transcription player","thomas morley","choral","saxophone","solo","valve"]},"articleId":["10.2307_3387220"],"arkIstex":"ark:/67375/M70-WTBFQ6J7-J","language":["eng"],"originalGenre":["other"],"qualityIndicators":{"score":7.012,"pdfWordCount":5974,"pdfCharCount":49243,"pdfVersion":1.4,"pdfPageCount":20,"pdfPageSize":"648 x 863.88 pts","refBibsNative":false,"abstractWordCount":1,"abstractCharCount":0,"keywordCount":0},"title":"Advertisers' Index","genre":["other"],"host":{"title":"Music Educators Journal","language":["unknown"],"issn":["0027-4321"],"eissn":["1945-0087"],"publisherId":["MEJ"],"volume":"34","issue":"5","pages":{"first":"14","last":"14"},"genre":["journal"]},"namedEntities":{"unitex":{"date":["1948","1650","April-May 1948"],"geogName":["Saar","Lemare-Page The","Bortniansky-Bement Cain Deep River","SAN","Ill","SEA Intro"],"orgName":["Schmitt Music Co.","Kennedy, Inc","Ohio State University","Northwestern University","Music Educators National Conference, Chicago","Clark-Brewer Teachers Agency","Remick Music Corp.","Willis Music Co.","Mills Music, Inc.","Marks Music Corp.","Music Educators Conference Auxiliary Organizations National School Band Association National School Orchestra Association National School Vocal Association Music Education Exhibitors Association State Units","Schirmer, Inc.","Kjos Music Co.","BUESCHER BAND INSTRUMENT CO","National Guild of Piano Teachers","NSBOVA Board of Control","Educational Publishing Institute Corp","Radio Corporation","Associated Music Publishers, Inc.","Armstrong Co.","VALVE INSTRUMENTS","Buescher Band Instrument Company","American Double French Horn","NATIONAL WASHINGTON Kindler, Conductor SYMPHONY, Hans Washington STAR","National Church Goods Supply Co","Alabama Music Educators Association Arizona School Music Educators Association California Music Educators Association Colorado Music Educators Association Connecticut Music Educators Association Delaware Music Educators Association Florida Music Educators Association Georgia Music Educators Association Idaho Music Educators Association Illinois Music Educators Association Indiana Music Educators Association Iowa Music Educators Association Kansas Music Educators Association Kentucky Music Educators Association Louisiana Music Educators Association Maine Music Educators Association Maryland Music Educators Association Massachusetts Music Educators Association Minnesota Music Educators Association Mississippi Music Educators Association Missouri Music Educators Association Montana Music Educators Association Nebraska Music Educators Association New Hampshire Music Educators Association The Department of Music","Healy, Inc.","Robbins Music Corp.","Theodore Presser Co.","American Book Company Page","Department of the National Education Association of the United States","American Book Company","Conn, Ltd.","Selmer, Inc.","Music Corp.","MARKS MUSIC CORPORATION","University of Minnesota","Latin American Melodies Arranged","New Jersey Education Association New Mexico Music Educators Association New York State School Music Association North Carolina Music Educators Association North Dakota Music Educators Association Ohio Music Education Association Oklahoma Music Educators Association Bulletin Board","Arthur Jordan Conservatory of Music","University of Colorado","Elkan-Vogel Co.","SATB and Brass Instruments","Fischer, Inc.","Board Covers","Divisions Music Educators National Conference California-Western Music Educators Conference Eastern Music Educators Conference North Central Music Educators Conference Northwest Music Educators Conference","Educational Music Bureau, Inc","Choral Army of Peace","Carl Fischer,Inc.","American School Supply Co","Wood Music Co.","I THE JOHN CHURCH Co","Institute of Music","Boston University","ALLEGRO RECORDS, INC.","Oxford University","Reynolds Co.","Belwin, Inc.","FitzSimons Co.","Conn Ltd.","Gown Co.","Martin Band Instrument Co.","Rubank, Inc.","Organization, Performing","Wenger Music Equipment Co.","Board of Directors","Presser Co.","American Youth","Elkhart Band Instrument Co.","EDUCATORS NATIONAL CONFERENCE"],"orgName_funder":[],"orgName_provider":[],"persName":["Bernard Whitefield","Spring Madrigal","Charles M. Dennis","J. Olivadoti","Thy Voice","L. Stewart","F. Melius","L. W. Chidester","Emeritus","Edward B. Birge","Adolphe Sax","H. W. Heinsheimer","You Have","Harold L. Walters","M. Moszkowski","Clair W. Johnson","Olaf C. Christiansen","Florence Golson","Bass Solos","Glenn Gildersleeve","Thomas Morley","Long Phrases","Leroy Anderson","Henry Purcell","Harvey Gaul","C. W. Johnson","Lee Pattison","William B. McBride","Einsteinthrowsmuchnew","Lloyd V. Funchess","Summer Shower","Raymond F. Dvorak","Russell V. Morgan","William Shield","Helen M. Hosmer","Ave Maria","N. Jones","Ethelbert Nevin","Thy Loveliness","E. Simon","E. H. Wilcox","Selection","M. Cahn","Autumn Splendor","Wallace H. Hannah","You Walk","J. B. de Lully","C. M. Dennis","Carl E. Seashore","Kenneth Fiske","Summer Session","E. Klelfnfa","Siegmeister Hymn","John Bennet","Julie Plante","Scott-Cain Sing","Joseph A. Leeder","Aram I. Khachaturian","Michael Praetorius","Director","Serge Kous","Victor Kolar","E. Kleffman","Clare Harrington","A. Choate","Bass DeLamater","Francis Pilkington","G. E. Holmes","June Song","Curtis Books","Stephen Collins","Luther A. Richman","Clifford V. Buttelman","Sadie M. Rafferty","Johannes Brahms","Herman A. Hummel","John Smallman","Louise Grant","Just Releasedl","Winter Song","J. S. Bach","Page Song","My Koepke","Orlando Gibbons","Louis G. Wersen","R. Lyons","Mark C. Schinnerer","Will Earhart","Autumn Thoughts","Winter Frolic","Lovely Maiden","My Boat","Lillian L. Baldwin","Serge Rachmaninoff","E. Chenette","Sere Bridgman","Rascher","Grace O'Callaghan","ERIC DE Orand","My Country","I. Olivadoti","Karl Geiringer","Carol M. Pitts","John W. Beattie","Eric Simon","Lovely Lady-di Lasso","E. Jackson","Harold Spivacke","J. Leon","Frank Coulter","Paul Van Bodegraven","John C. Kendel","You Ladies","Harry R. Wilson","Peter W. Dykema","John Barnett","A. J. Gantvoort","Sigurd Rascher","Summer Term","Hammond","Thomas Weelkes","Mathilda A. Heck","P. I. Tchaikovsky","William C. Carr","Nevin Song","Speak","Donald I. Moore","F. A. Gevaert","H. Nicoll","Luis Sandi","Harvey S. Whistler","Harper Hall","Overture-Easy","Mark H. Hindsley"],"placeName":["Germany","Mexico","Street City","COLUMBUS","Chile","Columbus","Mason City","Richmond","Swansea","Oakland","American","Cincinnati","Jersey","Jackson","Vancouver","Radio City","Akron","Simplicity","Europe","ATLANTA","LOS ANGELES","America","Santa Cruz","San Francisco","CHICAGO","YORK","York","Galway","France","Calif.","Ole","CLEVELAND","DETROIT","Pasadena","LYON","Lyon","Palestrina","Netherlands"],"ref_url":[],"ref_bibl":[],"bibl":[]}},"ark":["ark:/67375/M70-WTBFQ6J7-J"],"publicationDate":"1948","copyrightDate":"1948","enrichments":{"type":["refBibs","teeft","unitex"]},"doi":["10.2307/3387220"],"_id":"177E8DB703128662FEAC94ED806E3EBAFB1ADEF5"}