{"corpusName":"oup","keywords":{"teeft":["nineteenth century","human mind","musical quarterly","mighty figure","fifth symphony","eighteenth century","revolutionary impulse","romantic movement","last year","first year","symphonic form","french revolution"]},"author":[{"name":"W. J. HENDERSON"}],"articleId":["XIII.2.161"],"arkIstex":"ark:/67375/HXZ-JLVJLC7G-M","language":["eng"],"originalGenre":["research-article"],"qualityIndicators":{"refBibsNative":false,"abstractWordCount":0,"abstractCharCount":0,"keywordCount":0,"score":3.163,"pdfWordCount":3113,"pdfCharCount":16889,"pdfVersion":1.3,"pdfPageCount":10,"pdfPageSize":"451 x 678 pts","pdfWordsPerPage":311,"pdfText":true},"title":"BEETHOVEN AFTER A HUNDRED YEARS","genre":["research-article"],"host":{"title":"The Musical Quarterly","language":["unknown"],"issn":["0027-4631"],"eissn":["1741-8399"],"publisherId":["musqtl"],"volume":"XIII","issue":"2","pages":{"first":"161","last":"168"},"genre":["journal"],"subject":[{"value":"Articles"}]},"namedEntities":{"unitex":{"date":["1807","in the eighteenth century","1814","the nineteenth centuries","sixteenth century","1819","the nineteenth century","1822","1800","nineteenth century","1805","the eighteenth century","1927","1824","1783"],"geogName":[],"orgName":["American Revolution"],"orgName_funder":[],"orgName_provider":[],"persName":["History","Karl Friedrich","Henri Taine","Robert Fulton","Don Juan","J. M. W. Turner","Beethoven","Pierre Vignon","Jacques-Louis David","George Stephenson","Leo von Klenze"],"placeName":["Paris","Greece","Munich","Amiens","Europe","France","Italy","Vinci","Spain"],"ref_url":[],"ref_bibl":[],"bibl":[]}},"ark":["ark:/67375/HXZ-JLVJLC7G-M"],"categories":{"wos":[],"scienceMetrix":["1 - arts & humanities","2 - visual & performing arts","3 - music"],"scopus":["1 - Social Sciences","2 - Arts and Humanities","3 - Music"]},"publicationDate":"1927","copyrightDate":"1927","enrichments":{"type":["multicat","refBibs","teeft","unitex"]},"doi":["10.1093/mq/XIII.2.161"],"_id":"8281FA684153BD072AE1E47220D5EA18AE3FC0A3"}