{"corpusName":"oup","keywords":{"teeft":["beethoven symphony","flat major","violin sonata","first movement","gramophone record","last movement","whole thing","vienna philharmonic","beethoven string quartet","lener quartet","busch quartet","first importance","rapid recitative conversation","such earnest","gramophone record opera","more believable","much less absurd","technical business","useful translation","enviable possession","orchestral columbia","mozart opera society series","london philharmonic orchestra","thomas beecham","deft efficiency","aria vedrai","first appearance","right point","donald tovey","calm masetto","debonair cadence theme","glyndebourne cast","proper alternation","berlioz camaval romain overture","berlioz enthusiast","poor worm","vital matter","pianoforte concerto","giovanni john brownlee commendatore david franklin donna anna","berlin state opera orchestra","han rosbaud","special quality","attractive combination","delicate tone","fluid rhythm","whole performance","strong sweetness","mozart pianoforte concerto","mozart harpsichord concerto","orchestre symphonique","much charm","neat solo work","tchaikovsky symphony","philippe gaubert","gallic lightness","heavier quality","dark colour","different climate","english folk dance society coronation album","handy little album","useful material","opportune appearance","pleasant activity","folk dancing","brass band","much skill","gordon jacob","morris motor band","letter decca","bayreuther festspiele","general title","wagner record","festival condition","actual performance","heinz tietjen","siegfried record","former wagner record","concerto grossi","boyd neel orchestra","boyd neel","great music available","noble opening slow movement","quickfinalones enclose whole work","incomparable dignity","proper sense","extraneous force","complete unanimity","regrettable evanescence","rhythmic pattern","bach overture","adolf busch chamber player","delightful freshness","occasional roughness","such thing","momentary lapse","instrumental balance","blended tone","miraculous souffu","ottaviis koloman","bruno walter","exquisite clarity","easy grace","fine piece","true character","dynamic marking","point first","philharmonic symphony orchestra","slow opening","final allegro","enthralling study","interpretative method","hardest thing","methodical approach","place equal","other beethoven symphony record","evenhanded justice","highest emotional force","critical detachment","music flow","keen impartiality","stravinsky suite","philadelphia orchestra","leopold stokowski","actual moment","great importance","walton portsmouth point","overture symphony orchestra","adrian boult","first place","greater degree","unforced manner","chamber music columbia","pataky donna elvira luise helletsgruber leporello salvatore baccaloni masetto","roth string quartet","same quality","keen attack","agreeable tone","bold registration","general tenour","manly strength","famous suavity","beethoven string qjtartet","henderson zerlina audrey mildmay fritz busch","general basis","deliberate outspokenness","appreciable strength","appealing graciousness","great masterpiece","simon goldberg","lili krauss","subscription album","interpretative artist","exact similarity","first necessity","other music","special interest","bedford school","lutheran church","noeiie pierront","gros caillou","first record","choral prelude","little organ book","choral prelude schmucke dich","major fantasia","interpretation reverent","actual quality","less pleasant","meinen lieben gott","lobt gott","dulci jubilo","manual work","deum prelude","busch","mozart"]},"author":[{"name":"S. G."}],"articleId":["XVIII.3.330"],"arkIstex":"ark:/67375/HXZ-4T2ZDQGL-X","language":["eng"],"originalGenre":["other"],"qualityIndicators":{"score":2.368,"pdfWordCount":2318,"pdfCharCount":12431,"pdfVersion":1.2,"pdfPageCount":5,"pdfPageSize":"487 x 700 pts","pdfWordsPerPage":464,"pdfText":true,"refBibsNative":false,"abstractWordCount":0,"abstractCharCount":0,"keywordCount":0},"title":"GRAMOPHONE RECORDS","genre":["other"],"host":{"title":"Music and Letters","language":["unknown"],"issn":["0027-4224"],"eissn":["1477-4631"],"publisherId":["musicj"],"volume":"XVIII","issue":"3","pages":{"first":"330","last":"334"},"genre":["journal"],"subject":[{"value":"Gramophone Records"}]},"namedEntities":{"unitex":{"date":["1767","1937"],"geogName":[],"orgName":[],"orgName_funder":[],"orgName_provider":[],"persName":["Philadelphia Orchestra","Gordon Jacob","Roy Henderson","Neel Orchestra","John Brownlee","Donald Tovey","Salvatore Baccaloni","Donna Anna","M. Noeiie","Lili Krauss","Philippe Gaubert","Max Lorenz","Donna Elvira","Leopold Stokowski","de Brisay","M. F. Gaillard","Don Giovanni","H.M.V. Beethoven","Adrian Boult","H.M.V. Bach","Leporello","J. S. Bach","Don Ottaviis","Imogen Hoist","Bruno Walter","Romain Overture","Heinz Tietjen","A. C. Delacour","Thomas Beecham","Fantasia"],"placeName":["Bedford","Portsmouth","Buxtehude","COLUMBIA","Goldsborough","Bayreuth","Vienna","York","Goldberg"],"ref_url":[],"ref_bibl":[],"bibl":[]}},"ark":["ark:/67375/HXZ-4T2ZDQGL-X"],"categories":{"wos":[],"scienceMetrix":["1 - arts & humanities","2 - visual & performing arts","3 - music"],"scopus":["1 - Social Sciences","2 - Arts and Humanities","3 - Music"]},"publicationDate":"1937","copyrightDate":"1937","enrichments":{"type":["multicat","refBibs","teeft","unitex"]},"doi":["10.1093/ml/XVIII.3.330"],"_id":"655CAEF9B0C02F67BA56C07B1044578D452D11FC"}