{"corpusName":"oup","keywords":{"teeft":["coda","baensch","main theme","herder","tonic","first movement","schenker","submediant","musik","leipzig","slow movement","development section","rolland","last movement","musical quarterly","first time","second movement","sonata form","double fugue","recapitulation","dominant preparation","tonal music","romain rolland","fourth statement","minor tonic","second exposition","entire symphony","double bass","major tonic","other word","fourth horn","symphony beethoven","main part","compound meter","relative major","third movement","temporary appearance","whole passage","previous movement","second theme","tonic major","tonic minor","third statement","fifth symphony","first stanza","tonal function","melodic design","introductory main theme","other hand","angenehmere anstimmen","first exposition","high realm","minor mode","qualitative relationship","musica humana","tonal order","herder ideen","tonale logo","beethoven","finale"]},"author":[{"name":"ERNEST SANDERS"}],"articleId":["L.1.59"],"arkIstex":"ark:/67375/HXZ-3J4HP5CX-K","language":["eng"],"originalGenre":["research-article"],"qualityIndicators":{"score":5.05,"pdfWordCount":7304,"pdfCharCount":39290,"pdfVersion":1.3,"pdfPageCount":18,"pdfPageSize":"437 x 671 pts","pdfWordsPerPage":406,"pdfText":true,"refBibsNative":false,"abstractWordCount":0,"abstractCharCount":0,"keywordCount":0},"title":"FORM AND CONTENT IN THE FINALE OF BEETHOVEN'S NINTH SYMPHONY","refBibs":[{"host":{"author":[{"name":" Cf"},{"name":" Wiora"}],"pages":{"first":"157"}}},{"title":"Zur Grundlegung der allgemeinen Musikgeschichte 99 f.; idem. Die vier Weltalter der Musik 111 ff.; idem, Europdische Volksmusik und abendldndische Tonkunst , in Die Musik im alien und neuen Europa, I (Kassel, 1957), 14-15 and 92; Curt Sachs, The Rise of Musk in the Ancient World These questions are discussed, more fully in the last chapter of this writer's dissertation","author":[{"name":"Heinrich Besseler"},{"name":" Bourdon Und Fauxbourdon"}],"publicationDate":"1943","host":{"title":"Deutsches Jahrbuch der Musik- wissenschaft, I","publicationDate":"1943","author":[],"pages":{"first":"216","last":"1"}}},{"host":{"title":"In introducing it (m. 92 ff.), at least the cellos should observe Beethoven's instructions and produce a healthy piano, not a visionary pianissimo","author":[]}},{"title":"The D-major section of the second movement may be called angenehm, but the Finale — after the increasingly less angenehm first bridge — achieves freudenvollere tones. — There is, of course, no substance to the legend that Schiller originally wrote his Ode to","author":[],"host":{"title":"Freedom\" (Freiheit), not \"Joy\" (Freude)","author":[]}},{"host":{"title":"Czerny's misguided contention that Beethoven was dissatisfied with the movement has been dealt with by Baensch","author":[],"pages":{"first":"76","last":"77"}}},{"host":{"title":"when Beethoven composed his last work in C minor (Op. Ill), the challenge of that key received an entirely different answer","publicationDate":"1822","author":[]}},{"host":{"title":"Rolland refers to Beethoven as a \"revenant\" in the year in which he completed the Ninth","author":[],"pages":{"first":"180"}}},{"title":"Ninth with that of the second 431 -542 Development Section 543 -590 Main theme (one statement) 591 -654 Bridge (subdominant; new theme) 655 -729 Concluding section (double fugue in compound meter) 730 -762 Transition to Coda Second Exposition Recapitulation Coda 763 -841 Section 1 of Coda 842 -850 Transition 851","author":[],"host":{"title":"-903 Section 2 of Coda 904 -940 Section 3 (coda of Coda)","author":[]}},{"title":"he says, are related \"par Ie retour du puissant individualisme k la collectivite humaine Cf. also Baensch, p. 62, n. 3. 66 Considering both the \"once-upon-a-time\" flavor of the first movement of Mahler's Fourth Symphony and the historical position of the work (composed c. 1900), the last movement with its text","author":[],"host":{"title":"The two solutions","author":[],"pages":{"first":"249"}}}],"genre":["research-article"],"host":{"title":"The Musical Quarterly","language":["unknown"],"issn":["0027-4631"],"eissn":["1741-8399"],"publisherId":["musqtl"],"volume":"L","issue":"1","pages":{"first":"59","last":"76"},"genre":["journal"],"subject":[{"value":"Articles"}]},"namedEntities":{"unitex":{"date":["1964","1822","1800","19th century"],"geogName":[],"orgName":["The Congress"],"orgName_funder":[],"orgName_provider":[],"persName":["Romain Rolland","Heinrich Besseler","G. Herder","Bernard Suphan","Joseph Kerman","Schiller","Paul Bekker","Erich Keyser","Albert Leitzmann","The","Walter Riezler","Curt Sachs","Walter Nohl","G. A. Burger","Beethoven","Carl Dahlhaus","Egmont Overture","Otto Baensch","Ludwig van Beethoven","Walter Wiora"],"placeName":["Leipzig","Columbia","Edinburgh","Kassel","Stuttgart","Vienna","Basel","York"],"ref_url":[],"ref_bibl":["Berlin, 1880","[1926]"],"bibl":[]}},"ark":["ark:/67375/HXZ-3J4HP5CX-K"],"categories":{"wos":[],"scienceMetrix":["1 - arts & humanities","2 - visual & performing arts","3 - music"],"scopus":["1 - Social Sciences","2 - Arts and Humanities","3 - Music"]},"publicationDate":"1964","copyrightDate":"1964","enrichments":{"type":["multicat","refBibs","teeft","unitex"]},"doi":["10.1093/mq/L.1.59"],"_id":"2F404BFED61C8AA1350F7EF2B7C480819BE11001"}