{"corpusName":"oup","keywords":{"teeft":["infinite variety","second subject","first movement","first group","third group","many artist","less mannered","less easy","many melodic invention","spiritual being","king lear","obvious aspect","many other composer","many form","similar work","great mistake","chesterton sayb","unfortunate inferiority","hard fact","many piano sonata","violin sonata","cello sonata","several week","intimate acquaintance withbeethoren","much stronger","many musician","separate tune","individual melody","additional power","first subject","second bubject","manly quality","other composer","bhbnt smith","fint subject","little claim","edmund tressilian","daniel deronda","unsuitable companion","sarah gamp","betsy prig","sixth symphony","thomas hardy","different kind","heroine beethoven","human emotion","such music","something more","lofty aspiration","noble resignation","innocent happiness","form beethoven","larger work","stupendous architecture","steel girder","proportioned bridge","right perspective","early hatred","last composition","nothing superfluous","great work","minor symphony","sharp minor quartet","alwayb more difficult","cool deliberation","second group","fine knowledge","letter engineering","quick movement","stupid little rhythmic design","nerve unstrung","place song","samson agonistes","narrow sense","rhythmic formula","human interest","seventh symphony","kreutzer sonata","uncanny sense","rhythmic balance","balancing phrase","actual length","fifth concerto","more remarkable","flat quartet","good example","subtle sense","great variation","nineteenth century harmony","strike progressive mind","chromatic discord","modern composer","more effective","eroica symphony","consecutive bar","common chord","flat major","quel semitono vale","certain semitone","cacophonous felions","discordant ossas","real contrast","harmonic extreme","beethoven such","widespread popularity","early manhood","thii change","shakespearian quality","simplest emotion","something splendid","fiery horse","inherent nobility","divine simplicity","sublime imagination","sincethen divine adagio","favourite chant","minor sonata","major symphony","great classical composer","great popularity","great measure","utmost intensity","common emotional experience","common experience","greater popularity","simple word","terrible word","unexpected change","unseen power","masterly architect"]},"author":[{"name":"A. E. BRENT SMITH"}],"articleId":["VIII.2.202"],"arkIstex":"ark:/67375/HXZ-TLFKH0VF-H","language":["eng"],"originalGenre":["research-article"],"qualityIndicators":{"score":3.01,"pdfWordCount":1627,"pdfCharCount":8785,"pdfVersion":1.5,"pdfPageCount":4,"pdfPageSize":"487 x 705 pts","pdfWordsPerPage":407,"pdfText":true,"refBibsNative":false,"abstractWordCount":0,"abstractCharCount":0,"keywordCount":0},"title":"HIS “ INFINITE VARIETY ”","genre":["research-article"],"host":{"title":"Music and Letters","language":["unknown"],"issn":["0027-4224"],"eissn":["1477-4631"],"publisherId":["musicj"],"volume":"VIII","issue":"2","pages":{"first":"202","last":"205"},"genre":["journal"],"subject":[{"value":"Articles"}]},"namedEntities":{"unitex":{"date":["nineteenth century","1603","1927"],"geogName":[],"orgName":[],"orgName_funder":[],"orgName_provider":[],"persName":["Will Shakespeare","Chesterton","Daniel Deronda","Sarah Gamp","King Lear","Von Enae","Symphony","Betsy Prig","Gardiner","Samson Agonistes","Edmund Tressilian"],"placeName":[],"ref_url":[],"ref_bibl":[],"bibl":[]}},"ark":["ark:/67375/HXZ-TLFKH0VF-H"],"categories":{"wos":[],"scienceMetrix":["1 - arts & humanities","2 - visual & performing arts","3 - music"],"scopus":["1 - Social Sciences","2 - Arts and Humanities","3 - Music"]},"publicationDate":"1927","copyrightDate":"1927","enrichments":{"type":["multicat","refBibs","teeft","unitex"]},"doi":["10.1093/ml/VIII.2.202"],"_id":"7F7C940DDAD8D834F344281F59B5D6EA1071E967"}