{"corpusName":"oup","keywords":{"teeft":["carillon","mechanical instrument","mechanical music","olden time","automaton","harp","viennese","jsolian harp","haydn","berlin academy","single bell","metal comb","musical box","little organ","certain piece","musical automaton","viennese mechanician","mechanical carillon","many year","higher octave","clavecin electrique","second clavier","father niemecz","prince esterhazy","mechanical organ","musical quarterly","haydn piece","mechanical orchestra","mozart"]},"author":[{"name":"HUGO LEICHTENTRITT"}],"articleId":["XX.1.15"],"arkIstex":"ark:/67375/HXZ-TZ2BK7G3-4","language":["eng"],"originalGenre":["research-article"],"qualityIndicators":{"score":4.603,"pdfWordCount":4553,"pdfCharCount":26250,"pdfVersion":1.3,"pdfPageCount":14,"pdfPageSize":"614 x 798 pts","pdfWordsPerPage":325,"pdfText":true,"refBibsNative":false,"abstractWordCount":0,"abstractCharCount":0,"keywordCount":0},"title":"MECHANICAL MUSIC IN OLDEN TIMES","genre":["research-article"],"host":{"title":"The Musical Quarterly","language":["unknown"],"issn":["0027-4631"],"eissn":["1741-8399"],"publisherId":["musqtl"],"volume":"XX","issue":"1","pages":{"first":"15","last":"26"},"genre":["journal"],"subject":[{"value":"Articles"}]},"namedEntities":{"unitex":{"date":["1934","1759","1802","1600","1820","during the 15th and 16th centuries","1300","The 18th century","1803","1601","the 18th century","1789","18th century","1931","1796","in the 17th century","1774","the 20th century","1752","1792","1770","1800","1786","13th century","1805","during the 18th century","in the 17th and 18th centuries","1798","In the 14th century","1725","in the 18th century","the 17th and 18th centuries"],"geogName":[],"orgName":["Belgium and Holland","Vienna University","LindstrOm Co., Berlin","Leipzig University","Society for Music","Academy of Arts","Old Instruments"],"orgName_funder":[],"orgName_provider":[],"persName":["Esterhazy","See","Hans Leo","A. Nagel","W. G. Rice","Haydn","Jacques de Vaucanson","Johann Nepomuk","Johann Strasser","King Ferdinand","Curt Sachs","Alexander Pope","Franz Egidius","E. F. Schmidt","Beethoven","K. H. Graun","J. A. H. Wagenaar","C. Ph","Creed","W. Stanner","Eugene Beauharnais","La Tonotechnie","A. Kopfermann","Mozart","La Borde","Marie Antoinette","Jean de Paris","Charles Maclean"],"placeName":["Naples","Leipzig","Eisenstadt","Utrecht","Orvieto","Paris","Nuremberg","Columbia","Hanover","Ghent","Antwerp","Grenoble","Stuttgart","Prague","Cologne","Rudolstadt","China","Vienna","Amsterdam","Bruges","York","St. Petersburg","France","Russia","Italy","Augsburg","England","Salzburg","Netherlands"],"ref_url":[],"ref_bibl":["October, 1912","Paris, 1788","Leipzig, 1792","Paris, 1775"],"bibl":[]}},"ark":["ark:/67375/HXZ-TZ2BK7G3-4"],"categories":{"wos":[],"scienceMetrix":["1 - arts & humanities","2 - visual & performing arts","3 - music"],"scopus":["1 - Social Sciences","2 - Arts and Humanities","3 - Music"]},"publicationDate":"1934","copyrightDate":"1934","enrichments":{"type":["multicat","refBibs","teeft","unitex"]},"doi":["10.1093/mq/XX.1.15"],"_id":"6C4A05195019D0F10E6EEE1DF356D655553DE875"}