{"corpusName":"oup","keywords":{"teeft":["clive","mythos","biographical dictionary","zmeskall","totenmaske","literarische mythos","questionable assertion","clive state","wide range","sieghard brandenburg","beethoven reception","beethoven"]},"author":[{"name":"Barry Cooper"}],"arkIstex":"ark:/67375/HXZ-LBJK10JQ-K","language":["eng"],"originalGenre":["book-review"],"qualityIndicators":{"score":2.084,"pdfWordCount":2034,"pdfCharCount":12712,"pdfVersion":1.3,"pdfPageCount":3,"pdfPageSize":"479 x 697 pts","pdfWordsPerPage":678,"pdfText":true,"refBibsNative":false,"abstractWordCount":0,"abstractCharCount":0,"keywordCount":0},"title":"Review: Beethoven and his World: A Biographical Dictionary","genre":["book-reviews"],"host":{"title":"Music and Letters","language":["unknown"],"issn":["0027-4224"],"eissn":["1477-4631"],"publisherId":["musicj"],"volume":"83","issue":"4","pages":{"first":"622","last":"624"},"genre":["journal"]},"namedEntities":{"unitex":{"date":["2000","1819","1808","1810","2002","nineteenth century","1806","throughout the seventeenth century"],"geogName":[],"orgName":[],"orgName_funder":[],"orgName_provider":[],"persName":["Leonard Bernstein","H. H. Eggebrecht","Corbineau-Hoffmann","Friedrich Wieck","Czerny","Almerie Esterhazy","Karl Streckfuss","Clara Schumann","Angelika CorbineauHoffmann","A. W. Thayer","Johann Usteri","William Gardiner","Amalie Waldmann","Benjamin Gebauer","Angelika Corbineau-Hoffmann","Gustav Nottebohm","T. S. Eliot","Franz Xaver","Karl Lappe","Peter Clive","Ludwig van Beethoven","Friedrich Rochlitz","Anton Liste","Lobkowitz","Lichnowsky","Karl von Bursy","Richard Ford","Cooper Testament","Johann Aloys","Joseph Klumpar","Gerhard Kugelgen","Antonia Janschickh"],"placeName":["Munich","Vienna","Wetzlar","Seckendorf","England","Hildesheim","Mainz","Auch"],"ref_url":[],"ref_bibl":["Bonn, 1988","October 1999"],"bibl":[]}},"ark":["ark:/67375/HXZ-LBJK10JQ-K"],"categories":{"wos":[],"scienceMetrix":["1 - arts & humanities","2 - visual & performing arts","3 - music"],"scopus":["1 - Social Sciences","2 - Arts and Humanities","3 - Music"]},"publicationDate":"2002","copyrightDate":"2002","enrichments":{"type":["multicat","refBibs","teeft","unitex"]},"doi":["10.1093/ml/83.4.622"],"_id":"FF5DC172854714BBFE6D0C5711ADF35FA50E42E7"}