{"corpusName":"sage","keywords":{"teeft":["marek","florin","musical examples","beethoven biography","musical world","landon"]},"author":[{"name":"Eugene Helm","affiliations":["Professor of Music, University of Maryland, College Park"]}],"articleId":["10.2307_3343777"],"arkIstex":"ark:/67375/M70-0NNTV18T-7","language":["eng"],"originalGenre":["review-article"],"qualityIndicators":{"score":2.943,"pdfWordCount":931,"pdfCharCount":5762,"pdfVersion":1.3,"pdfPageCount":2,"pdfPageSize":"432 x 659.88 pts","refBibsNative":false,"abstractWordCount":1,"abstractCharCount":0,"keywordCount":0},"title":"Beethoven: A Documentary Study","genre":["review-article"],"host":{"title":"Journal of Research in Music Education","language":["unknown"],"issn":["0022-4294"],"publisherId":["JRM"],"volume":"19","issue":"3","pages":{"first":"375","last":"376"},"genre":["journal"]},"namedEntities":{"unitex":{"date":["1971"],"geogName":[],"orgName":["University of Maryland","OF RESEARCH IN MUSIC EDUCATION"],"orgName_funder":[],"orgName_provider":[],"persName":["Otto Erich","Eugene Helm","Eugene Richard","Else Radant","George Marek","Fritz Schmidt","Keith E. Mixter","Christine Swenoha","Maximilian Franz"],"placeName":["Bonn","Columbus","Vienna","York"],"ref_url":[],"ref_bibl":["November 1793","Nashville Research Publications, 1970"],"bibl":[]}},"ark":["ark:/67375/M70-0NNTV18T-7"],"categories":{"wos":[],"scienceMetrix":["1 - arts & humanities","2 - visual & performing arts","3 - music"],"scopus":["1 - Social Sciences","2 - Arts and Humanities","3 - Music","1 - Social Sciences","2 - Social Sciences","3 - Education"]},"publicationDate":"1971","copyrightDate":"1971","enrichments":{"type":["multicat","refBibs","teeft","unitex"]},"doi":["10.2307/3343777"],"_id":"41AE421371B52CE77B748FD61618AC2EA6F0D65B"}