{"corpusName":"oup","keywords":{"teeft":["july","breitkopf","archduke","archduke rudolph","august","february","september","ferdinand ries","ries","june","musical quarterly","wegeler","october","franz wegeler","november","december","breitkopf hdrtel","true artist","george thomson","breitkopf hartel","luigi cherubini","nephew karl","baron zmeshau","human being","nanette stretcher","rudolph","franz","ferdinand","breitkopf edrtel","daily bread","amalie sebald","missa solemnis","best friend","unhappy life","carl czerny","such matter","such work","city council","baron zmeskau","charles neate","countess erdody","famous artist","andreas stretcher","best part","more perfect","last breath","sebastian bach","publisher hofmeister","breitkopf huriel","other instrument","other hand","karl holz","great pleasure","baron"]},"articleId":["XIII.2.183"],"arkIstex":"ark:/67375/HXZ-XS7MQ1MP-8","language":["eng"],"originalGenre":["research-article"],"qualityIndicators":{"score":5.05,"pdfWordCount":9329,"pdfCharCount":48717,"pdfVersion":1.3,"pdfPageCount":26,"pdfPageSize":"672 x 444 pts","pdfWordsPerPage":359,"pdfText":true,"refBibsNative":false,"abstractWordCount":0,"abstractCharCount":0,"keywordCount":0},"title":"SAYINGS OF BEETHOVEN","refBibs":[],"genre":["research-article"],"host":{"title":"The Musical Quarterly","language":["unknown"],"issn":["0027-4631"],"eissn":["1741-8399"],"publisherId":["musqtl"],"volume":"XIII","issue":"2","pages":{"first":"183","last":"207"},"genre":["journal"],"subject":[{"value":"Articles"}]},"namedEntities":{"unitex":{"date":["1772","1818","1820","1795","1825","1814","1812","1801","1787","1817","1927","1905"],"geogName":[],"orgName":[],"orgName_funder":[],"orgName_provider":[],"persName":["Spirit","Karl Holz","Johann Kanka","Anton Schindler","von Schaden","Amalie Sebald","Tobias Haslinger","Carl Maria","Emanuel Bach","Marie Pachler","Andreas Streicher","Christine von Gerardi","Karl Bernard","Franz von Brentano","Maximiliane von Brentano","Wilhelm Gerhard","Bettina von Arnim","Andreas Stretcher","Josef von Varena","Don Juan","Franz Wegeler","Peter Simrock","J. B. Bach","C. F. Peters","From","Franz Brunsvik","B. Schott","George Thomson","B. W. Huebsch","Bigot","To","Sebastian Bach","Peter Glaser","Friedrich Kerst","Ferdinand Ries","Charles Neate","Oalitzin","Karl van Beethoven","Carl Czerny","Lichnowsky","Luigi Cherubini","Joh","Krehbiel","Nanette Stretcher","C. A. Tiedge","Friedrich Treitschke","B. SchoU"],"placeName":["Germany","Eeiligenstadt","Austria","London","Freiburg","Liechtenstein","Europe","America","Vienna","York"],"ref_url":[],"ref_bibl":[],"bibl":[]}},"ark":["ark:/67375/HXZ-XS7MQ1MP-8"],"categories":{"wos":[],"scienceMetrix":["1 - arts & humanities","2 - visual & performing arts","3 - music"],"scopus":["1 - Social Sciences","2 - Arts and Humanities","3 - Music"]},"publicationDate":"1927","copyrightDate":"1927","enrichments":{"type":["multicat","refBibs","teeft","unitex"]},"doi":["10.1093/mq/XIII.2.183"],"_id":"96EC718652398744E0F0D9F444DC7ADA406301D0"}