{"corpusName":"oup","keywords":{"teeft":["webern","musical form","classical form","compositional","lecture note","periodic phrase","social democratic party","adrian thomas","anton webern","ludwig zenk","theoretical idea","siegfried oehlgiesser","primary material","archival scholarship","sketch material","other scholar","musical composition","rudolf schopf","theoretical writing","compositional concern","schoenberg school","valid law","slow movement","erna apostel","beethoven sonata","musical sentence","musical prose","more free"]},"author":[{"name":"Julian Johnson"}],"arkIstex":"ark:/67375/HXZ-9ML4SQ2P-3","language":["eng"],"originalGenre":["book-review"],"qualityIndicators":{"score":2.877,"pdfWordCount":2827,"pdfCharCount":17275,"pdfVersion":1.3,"pdfPageCount":4,"pdfPageSize":"479 x 697 pts","pdfWordsPerPage":707,"pdfText":true,"refBibsNative":false,"abstractWordCount":0,"abstractCharCount":0,"keywordCount":0},"title":"Review: Über musikalische Formen: Aus den Vortragsmitschriften von Ludwig Zenk Siegfried Oehlgiesser, Rudolf Schopf und Erna Apostel","genre":["book-reviews"],"host":{"title":"Music and Letters","language":["unknown"],"issn":["0027-4224"],"eissn":["1477-4631"],"publisherId":["musicj"],"volume":"85","issue":"1","pages":{"first":"132","last":"135"},"genre":["journal"]},"namedEntities":{"unitex":{"date":["1934","1923","1970","1935","1920s","1960s","1960","1895","1930s","twentieth century","1932","1937","1933","1980s","2004","1945"],"geogName":[],"orgName":["Paul Sacher Foundation","Democratic Party"],"orgName_funder":[],"orgName_provider":[],"persName":["Siegfried Oehlgiesser","Irina Nikolska","Yuri Kholopov","Ludwig Zenk","Erna Apostel","Peter Petersen","Valeria Tsenova","Ivan Sokolov","Paul Sacher","Zenk","Andrzej Tuchowski","Rudolf Schopf","The","Anton Webern","Rudolf Ploderer","Musical Composition","Karl Kraus","Caroline Rae","Erwin Ratz","Publications","Adrian Thomas","Johnson Edison","Neil Boynton"],"placeName":["Darmstadt"],"ref_url":[],"ref_bibl":["Cambridge, 1991","Chur, Switzerland, 1995","July 1994"],"bibl":[]}},"ark":["ark:/67375/HXZ-9ML4SQ2P-3"],"categories":{"wos":[],"scienceMetrix":["1 - arts & humanities","2 - visual & performing arts","3 - music"],"scopus":["1 - Social Sciences","2 - Arts and Humanities","3 - Music"]},"publicationDate":"2004","copyrightDate":"2004","enrichments":{"type":["multicat","refBibs","teeft","unitex"]},"doi":["10.1093/ml/85.1.132"],"_id":"C7A6754EDBF41EB4B9600205F0721EE82E30267C"}