{"corpusName":"oup","keywords":{"teeft":["romantic irony","schlegel","string quartet opus","kfsa","piano sonata opus","tieck","second movement","immerwahr","opus","lyceum fragment","friedrich schlegel","musical quarterly","quartet opus","tonic","friedrich","rondo","contrapuntal artifice","first movement","ludwig tieck","third movement","verkehrte welt","scherzo","irony","mus sein","gestiefelte kater","violin sonata opus","practical joke","dominant harmony","previous investigation","satirical comedy","prinz zerbino","essential ingredient","cello part","arbitrary caprice","surprising modulation","eternal agility","cello sonata opus","raymond immerwahr","transcendental buffoonery","last quartet","literary comedy","home tonic","slapstick comedy","literary device","reflective preliminary","sublime mood","late work","grosse fuge","second episode","rondo theme","measure beethoven","final movement","quartet movement","irregular resolution","second theme","literary satire","recapitulation"]},"author":[{"name":"REY M. LONGYEAR"}],"articleId":["LVI.4.647"],"arkIstex":"ark:/67375/HXZ-5VCWJNZM-W","language":["eng"],"originalGenre":["research-article"],"qualityIndicators":{"score":5.05,"pdfWordCount":5903,"pdfCharCount":34017,"pdfVersion":1.3,"pdfPageCount":18,"pdfPageSize":"443 x 679 pts","pdfWordsPerPage":328,"pdfText":true,"refBibsNative":false,"abstractWordCount":0,"abstractCharCount":0,"keywordCount":0},"title":"BEETHOVEN AND ROMANTIC IRONY","refBibs":[{"title":"Friedrich Schlegel und die romantiiche Ironic","author":[{"name":"Peter Szondi"}],"publicationDate":"1954","host":{"title":"406. » Ludwig Tieck, Schrifttn (Berlin, 1828), VI, 179","publicationDate":"1954","author":[],"pages":{"first":"127","last":"28"}}},{"host":{"title":"Tuck's Romantic Irony (Chapel Hill","publicationDate":"1932","author":[{"name":"Alfred,E Lunky"}],"pages":{"first":"113","last":"14"}}},{"title":"Der Manierismus in Ludwig Tiecks Literaturkomddien Neither here nor in her more extensive discuuion of these playi in her biography, Ludwig Tieck (Bern, 1955), pp. 97-120, does the discuis Tieck'i romantic irony. « Ludwig Tieck, Phanttuus in Schrifttn, V, 280. 1. The opening part (A/1) of the first theme is a drum rhythm, virtually insulting to the cellist. 5 * Subsequently, as shown in Ex. 3, A/1 is \"made melodious\" (Ex. 3b), and in the recapitulation appears disguised with a countersubject","author":[{"name":"W. Hewett-Thayer 147. * ° Marianne Harvey"},{"name":" Thalmann"}],"publicationDate":"1937","host":{"title":"Gtrmanit Rtvuw, XII Littraturwisstnschaftlichts Jahrbuch","publicationDate":"1937","author":[],"pages":{"first":"345"}}},{"host":{"title":"A further comparison can be drawn with thii movement and Hani Eichner's statements on Witt and Scharfsinn in his introduction to KFSA, II, xxxvi-xxxvii","publicationDate":"1942","author":[{"name":"M Gerald Abraham"},{"name":" Bttthovtn 's Stcond-P Triad Quarttts"}]}},{"title":"68-77 and 101-07 vitiates this principle. Kennan'i analysis (op. cit., p. 106) as a scherzo with two trios is an over-simplification. The closest category is the \"improper rondo\" as denned by Malcolm Cole, \"Rondos, Proper and Improper","author":[],"publicationDate":"1969","host":{"title":"Abstracts of Paptrs Rtad at tht'35th Annual Mtttmg of tht","publicationDate":"1969","author":[],"pages":{"first":"28","last":"29"}}},{"host":{"title":"I, 409, contains an account of a general outbreak of laughter when the cellist \"played bis sob on on4 note\" at a performance in St","author":[{"name":"* @bullet Thayer-Forbes"},{"name":"Op "}],"pages":{"first":"1817"}}},{"title":"The Unity of Beethoven's Last Quartets Alfred Einstein, in \"Opus Ultimum 80, rhetorically asks whether the finale is \"in jest or in earnest? Cannot gayety be sublime?\" — a possibly unconscious reflection of Schlegel's \"alles Scherz und alles Ernst","author":[{"name":"M Deryck Cooke"}],"publicationDate":"1956","host":{"title":"Essays in Music","publicationDate":"1956","author":[],"pages":{"first":"46"}}},{"title":"Parallel Attitudes to Form in Late Beethoven and Late Goethe: Throwing Aside the Appearance of Art","author":[{"name":"R,T Llewellyn"}],"publicationDate":"1968","host":{"title":"Modern Languagt Review LXIII","publicationDate":"1968","author":[],"pages":{"first":"408","last":"10"}}},{"title":"Etudes germaniquis Hass's description of \"auto-ironie romantique\" seems to describe better Hoffmann's second period as depicted in Mollenauer, op. cit., pp. 222-34, than the romantic irony of Schlegel and Tieck. M It there not a similar irony in such opera ultima as the endings of Monteverdi's L'incoTonaziont di Poppaea and Verdi's Falstaff?. w Immerwahr, Esthetic Intent Furthermore, though Tieck wa» fond of cats Schlegel stated in this fragment that he disliked them","author":[{"name":"Hans-Egon Hass"}],"publicationDate":"1967","host":{"title":"XXII","publicationDate":"1967","author":[],"volume":"207","pages":{"first":"30","last":"33"}}},{"title":"The Problem of Influence in Literary History: Notei Toward a Definition","author":[{"name":"H Ihab"},{"name":" Hasian"}],"publicationDate":"1955","host":{"title":"Journal of Aesthetics and Art Criticism","publicationDate":"1955","author":[],"pages":{"first":"68","last":"73"}}}],"genre":["research-article"],"host":{"title":"The Musical Quarterly","language":["unknown"],"issn":["0027-4631"],"eissn":["1741-8399"],"publisherId":["musqtl"],"volume":"LVI","issue":"4","pages":{"first":"647","last":"664"},"genre":["journal"],"subject":[{"value":"Articles"}]},"namedEntities":{"unitex":{"date":["1970","1814","1815","1800","the eighteenth century"],"geogName":[],"orgName":[],"orgName_funder":[],"orgName_provider":[],"persName":["Robert Mollenauer","Friedrich Schlegel","Neve Liebe","Raymond Immerwahr","Louis Spohr","Wilhelm Dilthey","M. Longyear","E. T. A. Hoffmann","George R. Mirek","Emil Staiger","Ludwig Tieck","Linda Siegel","Jean Paul"],"placeName":[],"ref_url":[],"ref_bibl":["Tutxing, 1968","Zurich, 1966","Munich, 1967","New York, 1969","[1966]","Leipzig, 1933"],"bibl":[]}},"ark":["ark:/67375/HXZ-5VCWJNZM-W"],"categories":{"wos":[],"scienceMetrix":["1 - arts & humanities","2 - visual & performing arts","3 - music"],"scopus":["1 - Social Sciences","2 - Arts and Humanities","3 - Music"]},"publicationDate":"1970","copyrightDate":"1970","enrichments":{"type":["multicat","refBibs","teeft","unitex"]},"doi":["10.1093/mq/LVI.4.647"],"_id":"71939D6F5D2B79968B6058299C14244CD619EBF2"}