{"corpusName":"sage","keywords":{"teeft":["menc","paint pictures","robert frost","impractical dreamers","civil disobedience","music education","farm magazine","past middle","shenandoah park","investment broker","material goals","many alternative definitions","limited definition","real estate","retail trade","identifiable route","animal skins","stone axes","long list","complex world","king philip","king soldiers","seventeenth century","great wealth","whole life","dusty studio","local painter","side street","splintered stairs","arrogant eyes","bitter struggle","same methods","norfolk principals","fall banquet","official publication","virginia music educators association","political office","main interest","classical philosophers","favorite relaxations","religious beliefs","absolute freedom","political beliefs","civil rights","strongest anybody","good authority","many votes","thomas jefferson","minor phenomenon","basic defect","present society","standard american joke","college professors","cream puff boys","james joyce","cheerful voice","regard philosophers","kenneth harris","serious musicians","little children","thoughtful questions","high school student","much money","american question","handy thing","prevalent idea","better future","thoughtful words","powerful nation","circumstances change","music educators journal","empty ball","gigantic struggle","effective today","foreign power","human personality","overwhelming power","human dignity","last time","mahatma ghandi","final analysis","other method","school teacher","successful school teacher","strong opinions","quixotic nature","small town","peculiar duck","little town","home town","respectable business","menc interimi meetingagenda menc president paul","tentative agenda","interim meeting","education center","menc board","federated state associationsand menc","state supervisors","board chairmen","norman lloyd","york city","roger stevens","kennedy center","programsof state music educators associations","group discussion meetings","current developments","directors business meeting","tuesday evening","public schools","wednesday morningmeeting","general session meeting","specific problems","state music educators associations","wednesday afternoon","afternoon discussion groups","share ideas","arts coun","college days","town school teacher","other side","little wizened","thin volume","passive resistance","henry david thoreau","young thoreaus","schools right","local level","music supervision","state association","elementary school","contemporary music project","creative arts","menc publications planning committee","research center","thursday afternoon","structure revision","state presidents","kansas city","biennialnational meeting","great degree","deep interest","tough time","clear picture","funny kind","emily dickinson","edna millay","mediocre competence","individual excellence","comic books","other necessities","landscape calendar","great books","great music","rapt attention","wise judge","judge hand","political wisdom","equal importance","plastic arts","human life","basic necessities","creative talents","view youngsters","false sentiment","serious matters","little side street","young hoodlums","heart attacks","granby street","shirt sleeves","bitter wind","patriotic fervor","fullest measure","worthy motives","madame curie","thomas wolfe","andrew wyeth","clear image","true success","same time"]},"author":[{"name":"Kenneth Harris"}],"articleId":["10.2307_3390491"],"arkIstex":"ark:/67375/M70-STPK7GR1-S","language":["eng"],"originalGenre":["research-article"],"qualityIndicators":{"score":5.454,"pdfWordCount":3442,"pdfCharCount":18491,"pdfVersion":1.5,"pdfPageCount":4,"pdfPageSize":"648 x 864 pts","refBibsNative":false,"abstractWordCount":1,"abstractCharCount":0,"keywordCount":0},"title":"The Necessity for Nonconformity …","genre":["research-article"],"host":{"title":"Music Educators Journal","language":["unknown"],"issn":["0027-4321"],"eissn":["1945-0087"],"publisherId":["MEJ"],"volume":"51","issue":"5","pages":{"first":"43","last":"46"},"genre":["journal"]},"namedEntities":{"unitex":{"date":["in the seventeenth century","1965","1966"],"geogName":[],"orgName":["A Board of Directors","Kennedy Center","Italy, Germany, and Russia","Congress","MENC Board of Directors"],"orgName_funder":[],"orgName_provider":[],"persName":["Tolstoy","James Joyce","Shakespeare","Roger Stevens","King Philip","Thomas Wolfe","Bach","Mahatma Ghandi","Norman Lloyd","Emily Dickinson","Curie","Andrew Wyeth","Edna Millay","T. S. Eliot","Beethoven","Faulkner","Sibelius","Robert Frost","Paul Van Bodegraven","National","Thomas Jefferson"],"placeName":["D.C.","United States","Washington","Wichita","KansasCity","New York City","Norfolk","Europe","America","Amsterdam","Kansas City","Vinci","Spain"],"ref_url":[],"ref_bibl":[],"bibl":[]}},"ark":["ark:/67375/M70-STPK7GR1-S"],"publicationDate":"1965","copyrightDate":"1965","enrichments":{"type":["refBibs","teeft","unitex"]},"doi":["10.2307/3390491"],"_id":"A848417D101B70F9FBA5E7E8F343178A8B65954C"}