{"corpusName":"oup","keywords":{"teeft":["handel","gardiner","hach","february","euterpeiad","december","fidelio","haydn society","musical quarterly","boston handel","april","philharmonic society","june","meinecke","beethoven","october","september","beethoven society","philadelphia musical fund society","violoncello","november","sacred melody","oratorio","great composer","sacred music","waltz","haydn","first concert","biographical sketch","mozart","william gardiner","boston academy","nineteenth century","beethoven melody","first time","major symphony","violin romanza","musical magazine","musical taste","german musician","english word","american musical history","theodore hach","great master","egmont overture","second volume","piano sonata","instrumental music","beethoven symphony","lowell mason","beethoven waltz","sacred word","inmost recess","musical history","beethoven music","american musical journal","public concert","last chorus","opus","public performance","american edition","dark tone","musical journal","thomas hastings","york american","musical gazette","musical fund society","other composer","musical exercise","little volume","prometheus overture","beethoven portrait","grand symphony","church music","early forty","beethoven tune","other work","john sullivan dwight","pierian sodality","late thirty","english translation","heiligenstadt testament","london philharmonic","personal relation","first half","samuel dyer","chief attraction","same volume","steady growth","american orchestra","american publication","beethoven performance","earliest instance","english edition","welten singen dank","large part","complete work","same time","such composition","second symphony","violin sonata","last movement","theodore molt","haydn society collection","john cole","complete edition","thematic index","original tongue","macgregor logan","park theater","grand opera","thomas goodwin","york public library","larger work","early year","york concert","alfred boucher","daniel schlesinger","orchestra situation","fifth symphony","german society","movement allegro","funeral march","particular interest","german edition","grand waltz","flute accompaniment","london philharmonic society","overture"]},"author":[{"name":"OTTO KINKELDEY"}],"articleId":["XIII.2.217"],"arkIstex":"ark:/67375/HXZ-TKTZ17R8-D","language":["eng"],"originalGenre":["research-article"],"qualityIndicators":{"score":5.05,"pdfWordCount":12554,"pdfCharCount":69612,"pdfVersion":1.3,"pdfPageCount":36,"pdfPageSize":"453 x 679 pts","pdfWordsPerPage":349,"pdfText":true,"refBibsNative":false,"abstractWordCount":0,"abstractCharCount":0,"keywordCount":0},"title":"BEGINNINGS OF BEETHOVEN IN AMERICA","refBibs":[],"genre":["research-article"],"host":{"title":"The Musical Quarterly","language":["unknown"],"issn":["0027-4631"],"eissn":["1741-8399"],"publisherId":["musqtl"],"volume":"XIII","issue":"2","pages":{"first":"217","last":"248"},"genre":["journal"],"subject":[{"value":"Articles"}]},"namedEntities":{"unitex":{"date":["1813","1799","1842","1882","1818","1810 or 1811","1820","1847","1795","the twentieth century","1814","1803","1832","1819","1821","1850","1837","the nineteenth century","1815","1820 to 1821","1833","nineteenth centuries","1822","1809","1811","1851","1800","1840","in the nineteenth century","1827","1845","1822 or 1823","1834","1823","1812","1852","1839","1841","1828","1911","1830","1870","1817","1927","1846","1835","1824"],"geogName":["Ganges","Hastings"],"orgName":["American Beethoven","Stuyvesant Institute on March","Mexico and Puebla","Harvard University","American Musical Journal","American Musical Times","American Music and Musicians","Board of Music Trade of the United States of America"],"orgName_funder":[],"orgName_provider":[],"persName":["Gottlieb Graupner","William Street","Philadelphia Hupfeld","Ludwig Nohl","Henry Panofka","Henry Schmidt","P. Gilles","Joseph P. Knight","William Scharfenberg","L. Rakemann","W. Howland","Johann Baptist","Simpson","William Penson","Daniel Webster","Ferdinand Hies","Manners","James H. Swindells","Sonneck","John S. Dwight","C. Bradlee","Thomas Goodwin","Charles E. Horn","John Cole","Apollo Society","Meinecke","John Sullivan","Editor","Thomas Moore","Oliver Ditson","Walter Scott","MacGregor","Hummell","W. H. Oakes","Daniel Schlesinger","G. P. Reed","T. Goodwin","London Philharmonic","P. H. Taylor","Willow Waltz","North American","John W. Parker","Charles C. Perkins","The","John R. Parker","Charles Hupfeld","Handbook","W. Goodwin","John H. Hewitt","Samuel Dyer","Franz Wegeler","Beethoven","Henry Frieze","A. Batta","T. B. Hayward","Bobuszewicz","A. Kyle","William Ludden","Egmont Overture","A. C. Kalischer","Washington Street","Lowell Mason","Theodore Hach","Henry Russell","Charles Meinecke","Spohr-Zahn","Symphony","H. Theodore","Margaret Fuller","German Society","William Keyzer","Gardiner","Richard G. Appel","Ferdinand Ries","Rakemann","Alfred Boucher","George Loder","Signora Maroncelli","Appel","Louis Beethoven","Scharfenberg","Friedrich von Treitschke","Poole","Sonata","Moran","Hill","Holden Society","Engel","Thayer","Stedman","Roder Mozart","Benjamin Carr","G. Masi","Christopher Meinecke","Allyn Bacon","Louis C. Madeira","George James","George W. Cooke","Henry M. Brooks","L. van Beethoven"],"placeName":["Mass.","Berlin","Philadelphia","NewYork","Germany","United States","Mexico","Bonn","Austria","Portland","London","American","New York City","Boston","Europe","AMERICA","Baltimore","Vienna","York","Quebec","Salem","Italy","England","Heiligenstadt"],"ref_url":[],"ref_bibl":["April 22, 1848","London, 1882","March 27, 1841","October, 1854","June 9, 1821","Boston 1841","February 16, 1839","York and London, 1887","May 1837","Baltimore, 1821","Boston, 1824","December, 1814","October, 1841","November 21, 1824","Sacred Melodies, 1815","Albany, 1822","April, 1842","March, 1819","North American Review for October, 1841","New York, 1880, p. 179"],"bibl":[]}},"ark":["ark:/67375/HXZ-TKTZ17R8-D"],"categories":{"wos":[],"scienceMetrix":["1 - arts & humanities","2 - visual & performing arts","3 - music"],"scopus":["1 - Social Sciences","2 - Arts and Humanities","3 - Music"]},"publicationDate":"1927","copyrightDate":"1927","enrichments":{"type":["multicat","refBibs","teeft","unitex"]},"doi":["10.1093/mq/XIII.2.217"],"_id":"C5B02403BF591A8F317396325AD6A4BA4BA5E9BC"}