{"corpusName":"oup","author":[{"name":"ARTHUR BENJAMIN"}],"articleId":["XXXI.3.196"],"arkIstex":"ark:/67375/HXZ-XRCXD3HJ-X","language":["eng"],"originalGenre":["research-article"],"qualityIndicators":{"score":4.688,"pdfWordCount":4638,"pdfCharCount":23632,"pdfVersion":1.3,"pdfPageCount":12,"pdfPageSize":"493 x 705 pts","pdfWordsPerPage":387,"pdfText":true,"refBibsNative":false,"abstractWordCount":0,"abstractCharCount":0,"keywordCount":0},"title":"A STUDENT IN KENSINGTON","genre":["research-article"],"host":{"title":"Music and Letters","language":["unknown"],"issn":["0027-4224"],"eissn":["1477-4631"],"publisherId":["musicj"],"volume":"XXXI","issue":"3","pages":{"first":"196","last":"207"},"genre":["journal"],"subject":[{"value":"Articles"}]},"namedEntities":{"unitex":{"date":["1912","1907","1914","1921","1950","1926","1911","1938","1940"],"geogName":[],"orgName":[],"orgName_funder":[],"orgName_provider":[],"persName":["Richard Strauss","Crystal Palace","Clara Butt","Leon Goossens","Consort","Frederic Cliffe","Aubrey Brain","Marion Scott","Rene Caprara","Ivor Gurney","Henry Wood","Harry Plunket","Herbert Howells","H. Davies","Abbey Gate","W. H. Squire","Beethoven","Eugene Goossens","Ernest Hall","Walter Parratt","Scott","Harry Colles","Howells","Orchestral","Hill","E. F. Benson","Tivadar Nachez","Lewis Hill","Hubert Parry"],"placeName":["Stanford","Australia","Sir Frederick Bridge","Canada","London","Leeds","South Africa","Gloucestershire","Westminster Bridge","Yorkshire","France","England","Palestrina"],"ref_url":[],"ref_bibl":[],"bibl":[]}},"ark":["ark:/67375/HXZ-XRCXD3HJ-X"],"categories":{"wos":[],"scienceMetrix":["1 - arts & humanities","2 - visual & performing arts","3 - music"],"scopus":["1 - Social Sciences","2 - Arts and Humanities","3 - Music"]},"publicationDate":"1950","copyrightDate":"1950","enrichments":{"type":["multicat","refBibs","unitex"]},"doi":["10.1093/ml/XXXI.3.196"],"_id":"38CE98EBFE3BCE40D392C8246E7B74529AB69883"}