{"corpusName":"oup","keywords":{"teeft":["krehbiel","german edition","english edition","company limited","royal musical association","oxford university press","present editor","business address","conduit street","editorial address","enmorc garden","other people","human being","musical quiz","many people","answer right","many instance","conversation book","merciless fashion","tyrannous affection","monstrous selfishness","human creature","other foot","unfamiliar condition","less pathetic","letter october","such intensity","profoundest conviction","virtuous purpose","moral character","material welfare","moral view","english friend","tremendous indictment","possible cure","unsuspicious human","boorish good humour","social relation","great composer","work harder","appalling frustration","equal passion","slight twist","seventh heaven","listener blush","beethoven editorial","material worry","latter part","late richard capell","vast difference","letter limited","discussion proceeds","violent headache","sole point","human weakness","romantic attitude","nineteenth century","dangerous ground","great work","original work","other word","domestic life","brother johann","alexander wheelock thayer","centaur press","evidence point","whole affair","more disgraceful","much less","actual word","exhaustive picture","ludicrous contrast","grand form","noble feature","more pretentious portrait","short muscular figure","similar process","corresponding suppression","peculiar realm","gigantic idea","intellectual thor","awful state","music mysterious revelation","thing unutterable","conscientious investigator","semimythological personage","cyclopean block","tomato sauce","depth unfathomable","profound meaning","human nature","extraordinary strength","extraordinary weakness","good deal","reasonable price","standard work","many book"]},"articleId":["XLI.4.309"],"arkIstex":"ark:/67375/HXZ-7PRMKP9Z-8","language":["eng"],"originalGenre":["editorial"],"qualityIndicators":{"refBibsNative":false,"abstractWordCount":0,"abstractCharCount":0,"keywordCount":0,"score":1.721,"pdfWordCount":1671,"pdfCharCount":8907,"pdfVersion":1.3,"pdfPageCount":4,"pdfPageSize":"416 x 682 pts","pdfWordsPerPage":418,"pdfText":true},"title":"EDITORIAL","genre":["editorial"],"host":{"title":"Music and Letters","language":["unknown"],"issn":["0027-4224"],"eissn":["1477-4631"],"publisherId":["musicj"],"volume":"41","issue":"4","pages":{"first":"309","last":"312"},"genre":["journal"],"subject":[{"value":"Editorial"}]},"namedEntities":{"unitex":{"date":["1964","1920","the nineteenth century","1960","1921","1812"],"geogName":[],"orgName":[],"orgName_funder":[],"orgName_provider":[],"persName":["Richard Capell","Alan Pryce-Jones","J. A. Westrup","Pryce-Jones","C. Walshe","Ludwig van Beethoven","Alexander Wheelock","Karl van Beethoven","Pickwick","Thayer"],"placeName":["Linz","W.I."],"ref_url":[],"ref_bibl":[],"bibl":[]}},"ark":["ark:/67375/HXZ-7PRMKP9Z-8"],"categories":{"wos":[],"scienceMetrix":["1 - arts & humanities","2 - visual & performing arts","3 - music"],"scopus":["1 - Social Sciences","2 - Arts and Humanities","3 - Music"]},"publicationDate":"1960","copyrightDate":"1960","enrichments":{"type":["multicat","refBibs","teeft","unitex"]},"doi":["10.1093/ml/41.4.309"],"_id":"95AC930A6DD8165AA32F14FF684C25FC959B17DF"}