{"corpusName":"oup","keywords":{"teeft":["ihnen","hier","nicht","bitte","diese","auch","werden","mus","schon","noch","sich","zwischen","haben","takt","wird","selbe","fidelio","denn","alles","meiner","beethoven letter","wien","messe","bindung","wegen","sogleich","wohlgebohrn","damit","linie","jezt","dukaten","exemplare","zwar","gleich","nach","das","bindung zwischen","takt mus","ware","british museum","imperial theatre","euer wohlgebohrn","pianoforte sonata","beethoven beantw","second letter","third letter","5ten linie","breitkopf hartel edition","messe anbetrift"]},"author":[{"name":"B. SCHOFIELD"},{"name":"A. D. WILSON"}],"articleId":["XX.3.235"],"arkIstex":"ark:/67375/HXZ-176B5HDP-6","language":["eng"],"originalGenre":["research-article"],"qualityIndicators":{"refBibsNative":false,"abstractWordCount":0,"abstractCharCount":0,"keywordCount":0,"score":2.199,"pdfWordCount":2149,"pdfCharCount":11932,"pdfVersion":1.3,"pdfPageCount":9,"pdfPageSize":"489 x 707 pts","pdfWordsPerPage":239,"pdfText":true},"title":"SOME NEW BEETHOVEN LETTERS","genre":["research-article"],"host":{"title":"Music and Letters","language":["unknown"],"issn":["0027-4224"],"eissn":["1477-4631"],"publisherId":["musicj"],"volume":"XX","issue":"3","pages":{"first":"235","last":"241"},"genre":["journal"],"subject":[{"value":"Articles"}]},"namedEntities":{"unitex":{"date":["1818","1928","1814","1821","1833","1933"],"geogName":[],"orgName":[],"orgName_funder":[],"orgName_provider":[],"persName":["A. M. Schlesinger","J. S. Shedlock","Max Unger","F. G. Edwards","Sie Exemplare","Ferdinand Palffy","Adolf Martin","Karl Friedrich","Perry Warren","Ernst Pauer","Beethoven","Ludwig van Beethoven","Nanette Streicher","Friedrich Treitschke","L. van Beethoven"],"placeName":["Berlin","U.S.","Vienna","Mainz"],"ref_url":[],"ref_bibl":["June 1814"],"bibl":[]}},"ark":["ark:/67375/HXZ-176B5HDP-6"],"categories":{"wos":[],"scienceMetrix":["1 - arts & humanities","2 - visual & performing arts","3 - music"],"scopus":["1 - Social Sciences","2 - Arts and Humanities","3 - Music"]},"publicationDate":"1939","copyrightDate":"1939","enrichments":{"type":["multicat","refBibs","teeft","unitex"]},"doi":["10.1093/ml/XX.3.235"],"_id":"9A27ABFBD7FBB357612FDD83620DC6012253CA5B"}