{"corpusName":"wiley","keywords":{"teeft":["musicology","postmodernism","blackwell publisher","music analysis","kramer","postmodernist","alastair","postmodern","tomlinson","subjectivity","derrida","cusick","ontology","musicological","bourgeois subject","alastair williams","modernism","classical music","popular music","rationality","scherzo","other word","postmodern knowledge","cultural trope","formalism","lawrence kramer","grand narrative","music theory","other hand","jacques derrida","gary tomlinson","aesthetic tradition","same time","historical musicology","blackwell","truth claim","mark everist","practical limitation","donna haraway","communicative action","current musicology","something irreducible","commodity form","human agency","kofi agawu","vast roaring","reception history","populist postmodernism","moral force","human interest","prevalent theme","social practice","theoretical legitimacy","human life","joseph kerman","social harmony","emancipatory potential","grand theme","musical surface","structural level","multinational capitalism","tonal music","beethoven symphony","in nature","nicholas cook","fifth symphony","straw target","something other","burnham","enlightenment","canon","bourgeois","publisher"]},"author":[{"name":"Alastair Williams","affiliations":["Keele University"]}],"articleId":["MUSA125"],"arkIstex":"ark:/67375/WNG-2HLTR00D-3","language":["eng"],"originalGenre":["article"],"qualityIndicators":{"refBibsNative":false,"abstractWordCount":1,"abstractCharCount":0,"keywordCount":0,"score":7.012,"pdfWordCount":9796,"pdfCharCount":59263,"pdfVersion":1.3,"pdfPageCount":23,"pdfPageSize":"458.96 x 694 pts","pdfWordsPerPage":426,"pdfText":true},"title":"Musicology and Postmodernism","genre":["article"],"host":{"title":"Music Analysis","language":["unknown"],"doi":["10.1111/(ISSN)1468-2249"],"issn":["0262-5245"],"eissn":["1468-2249"],"publisherId":["MUSA"],"volume":"19","issue":"3","pages":{"first":"383","last":"407","total":"23"},"genre":["journal"],"subject":[{"value":"Original Article"},{"value":"Critical Forum"}]},"namedEntities":{"unitex":{"date":["1934","2000","1930","in the nineteenth century","1967"],"geogName":[],"orgName":["Organisation","ß Blackwell Publishers Ltd.","North American Ethnomusicologist","North American Flathead","American Musicological Society"],"orgName_funder":[],"orgName_provider":[],"persName":["Miriam Hansen","Suzanne G. Cusick","Cook","Ellen Koskoff","Donald Tovey","Daniel M. Neuman","Kofi Agawu","Bruno Nettl","Heinrich Schenker","Hermann Kretschmar","Steve Reich","Ned Lukacher","Franz Schubert","Donna Haraway","Betsy Wing","Adorno","Gary Tomlinson","Ruth Crawford","Derrida","Kramer","Arnold Whittall","Karl Marx","Joseph Kerman","Bohlman","Jim Samson","Nicholas Cook","Samson","Alan Street","Jacques Derrida","Robert Fink","Peggy Kamuf","Kretzschmar","John Covach","Philip Bohlman","Stock","Leo Treitler","Max Horkheimer","Beethoven","Lawrence Kramer","Fink","Charles Seeger","Charles Ives","To","E. M. Forster","Burnham","Elliott Carter","Klaus Theweleit","Guido Adler","Catherine Clement","Clement Greenberg","George Grove","George Rochberg","Fredric Jameson","By","Music","Mark Everist","Eduard Hanslick","Theodor Adorno","Walter Benjamin","Indians","Jurgen Habermas"],"placeName":["New Musicological","New Musicologies","American","India","NE","York","France","Lincoln"],"ref_url":[],"ref_bibl":["Cambridge: Cambridge University Press, 1998","London: Verso, 1997","Cambridge: Polity Press, 1984","Oxford: Oxford University Press, 1999","New York: Free Association Books, 1991","London: Routledge, 1994","University of Nebraska Press, 1991","London: Fontana, 1985","Frankfurt: Suhrkamp, 1982","Berkeley: University of California Press, 1995"],"bibl":[]}},"ark":["ark:/67375/WNG-2HLTR00D-3"],"categories":{"wos":[],"scienceMetrix":["1 - arts & humanities","2 - visual & performing arts","3 - music"],"scopus":["1 - Social Sciences","2 - Arts and Humanities","3 - Music"]},"publicationDate":"2000","copyrightDate":"2000","enrichments":{"type":["multicat","refBibs","teeft","unitex"]},"doi":["10.1111/1468-2249.00125"],"_id":"BABF735A2FFE5478012ED3B0C21D4078DB0F94DE"}