{"corpusName":"oup","keywords":{"teeft":["kreuzer","kenner","nicht","artaria","trans","auch","wiener","eitung","diese","liebhaber","gulden","pianoforte","december","sich","january","hartel","variationen","breitkopf","traeg","breitkopf hartel","musik","einer","werke","spielen","dunst","simrock","ohne","leicht","keyboard","traeg price","werk beethoven","lesser keyboard publication","piano sonata","andante favori","original text","kreuzer composition","keyboard series","artaria price","variation set","short piece","viennese","pianoforte publisher","opus number","numerical series","lesser keyboard work","gulden composition","musical economics","lesser work","kinsky halm","beethoven","weil","easy variation","general public","kleines hiittchen","vuol ballare","grand march","piano quartet","little work","original theme","publication series","piano trio","das","easy sonata","russian dance","popular keyboard publication","ferdinand ries","unpublished dissertation","lighter entertainment piece","average keyboard player","same time","douglas johnson","chapel hill","minor work","german text","larger public","emily anderson","carl beethoven","other hand","robbins landon","last work","anton eberl","wadleigh hartzell","greater part","madame bigot","carl czerny","young woman","musical entrepreneur","denke dein","therese brunsvik","allegro vivace","lesser nobility","naive lieder","change publisher","popular work","giovanni paisiello publisher","otto erich deutsch","second half","grafin anna margarete","proper numerical series","mollo price","graf georg","english folksong","schonen kiinste","publisher"]},"author":[{"name":"ROBERT NOSCOW"}],"articleId":["78.1.56"],"arkIstex":"ark:/67375/HXZ-52609120-Q","language":["eng"],"originalGenre":["research-article"],"qualityIndicators":{"score":5.05,"pdfWordCount":10581,"pdfCharCount":59867,"pdfVersion":1.2,"pdfPageCount":21,"pdfPageSize":"460 x 704 pts","pdfWordsPerPage":504,"pdfText":true,"refBibsNative":false,"abstractWordCount":0,"abstractCharCount":0,"keywordCount":0},"title":"BEETHOVEN'S POPULAR KEYBOARD PUBLICATIONS","refBibs":[{"title":"als Allegro vivace, hat einen angenehm imitirten Satz. Dies la'sst sich von diesen Variationen sagen, und—mehr nicht, wenn man unpartheyisch seyn will","author":[{"name":" Nr"}],"host":{"title":"Ein Komponist, wie Beethoven","author":[],"volume":"8"}},{"host":{"author":[{"name":" Amz"}],"pages":{"first":"815","last":"16"}}},{"host":{"title":"Beyde Werkchen gehoren nur unter die leichtern Unterhaltungstiicke von diesem Meister; aber in beyden, und vornehmlich im ersten, zeigt sich dennoch sein origineller Geist und seine kraftig Natur unverkennbar. Da sie in Absicht auf Exekutirung unter die leichtesten Stiicke gehoren, die B. geschrieben hat, und jeder auch nur massige Klavierspieler sich jetzt mit B.scher Musik versuchen will—so wird es nicht fehlen, diese Werkchen sind im kurzen in Jedermanns Handen","author":[{"name":" Amz"}]}},{"host":{"title":"Beethoven as I Knew him MacArdle, trans. Constance S. Jolly, Chapel Hill Beethoven's Critics: Aesthetic Dilemmas and Resolutions during the Composer's Lifetime","publicationDate":"1966","author":[],"pages":{"first":"517","last":"21"}}},{"host":{"title":"), cols. 188-90, at col. 189: 'und wer diese Violoncellstimme vortragen will, muss seines Instruments sehr machtig seyn","publicationDate":"1802-12-08","author":[{"name":" Amz"}]}},{"host":{"title":"94-6, at col. 95: 'Die Variationen verlangen einen Spieler, der nicht nur ziemlich betrachtliche Schwierigkeiten bezwingen kann, sondern der auch einen ernsten Sinn mitbringt","publicationDate":"1807-11-04","author":[{"name":" Amz"}]}},{"host":{"title":"The original text reads: 'der muss die Zuhorer, und absonderlich diejenigen darunter, an dehnen ihm am meisten gelegen ist, wohl in Betrachtung ziehen. Er muss uberlegen, ob sie Kenner oder keine Kenner sind. Vor Kennern kann er etwas mehr ausgearbeitetes spielen, worinne er Gelegenheit hat, seine Geschicklichkeit sovvohl im Allegro, als Adagio zu zeigen. Vor puren Liebhabern, die nichts von der Musik verstehen, thut er hingegen besser, wenn er solche Stiicke vorbringt, in welchen der Gesang brillant und gefallig ist... Anstatt dass sie zuerst, durch gefallige und begreifliche Stiicke, bey ihren Zuhorern einschmeicheln sollten","publicationDate":"1966","author":[{"name":"J-J-Quantz "}],"pages":{"first":"200","last":"201"}}},{"author":[],"publicationDate":"1992","host":{"title":"Handwdrterbuch der musikalischen Terminologie, xx","publicationDate":"1992","author":[],"pages":{"first":"34","last":"8"}}},{"host":{"title":"Kenner: Diesen Namen verdienet in jedem Zweig der schonen Kiinste der, welcher die Werke der Kunst nach ihrem innerlichen Werth zu beurtheilen, und die verschiedenen Grade ihrer Vollkommenheit zu schatzen im","author":[]}},{"host":{"title":"671-2, at col. 672: 'Und so ist denn dies Werkchen alien denen zu empfehlen, die denn doch auch Kompositionen dieses Meisters spielen wollen","publicationDate":"1806-07","author":[{"name":" Am%"}]}},{"title":"Fora summary of the historical changes in Viennese patronage, see idem, 'Musical Patronage and Social Change in Beethoven's Vienna'","author":[],"publicationDate":"1991","host":{"title":"DeNora, Beethoven and the Construction of Genius 324—34. DeNora bases a large part of the historical discussion in her article on Moore, Beethoven and Musical Economics","publicationDate":"1991","author":[],"pages":{"first":"45","last":"6"}}},{"host":{"title":"Schon den Abend vorher hatte ich das Gliick, die Frau von Ertmann in einer grossen Gesellschaft bei ihrem Schwager Frank zu horen Bei dieser war es aber mehr auf den Tanz abgesehen, der bald darauf folgen sollte, und den viele schone, junge Welt mit Begierde erwartete Sie hatte also absichtlich nur angenehme, kleine Satze ausgewahlt, um die Neugierde der zahlreichen Gesellschaft zu befriedigen. Aber auch jene spielte sie mit einer Prazision und Eleganz, die eine grosse Meisterschaft vorausetzt. Diese aber entwickelte sie in jener herrlichen Phantasie, mich diinkt aus Cis-Moll, ganz und in einem erstaunenswiirdigen Grade. Ich besinne mich nicht, je etwas Grosseres und Vollendeteres gehort zu haben.' For a translation of the greater part of Reichardt's letters, see Nancy B. Reich, A Commentary on and a Translation of Selected Portions of 'Vertraute Briefe one Frdulein after another presents her keyboard sonata—where possible, not without prettiness and grace—and plays away, as best it will go. Then others come and sing some arias from the newest operas, in the same way The participants should not choose to regard themselves as women artists on the strength of any courtesies from the onlookers. On the contrary","publicationDate":"1915","author":[],"pages":{"first":"196","last":"7"}}},{"title":"popular arias and easy piano sonatas at the academies is decried as contributing to a deterioration both of musical taste and of the ability to respond to more complex and unusual works. Lack of knowledge also contributes to a lack of acceptance for new artists. In addressing the subjectof Musikliebhaberei , the correspondent further describes the social uses of music, particularly among young people","author":[],"host":{"title":"Widespread performance of short pieces","author":[],"pages":{"first":"44"}}},{"host":{"title":"Eine Madame Bigot, deren Mann Bibliothekar bei dem Grafen von Rasumowsky ist, gab das Konzert und spielte mit grosser Virtuositat das Fortepiano. Fiirs das grosse Publikum war die Wahl der Stiicke zwar nicht gut getroffen, denn sie hatte eins der schwersten Konzerte und die allerschwersten, bizzarsten Variationen von Beethoven iiber ein sonderbares Thema von acht Takten gewahlt. Dem Kenner zeigte sie aber desto sicherer eine recht fest gegriindete Virtuositat","author":[]}},{"host":{"publicationDate":"1800-10-22","author":[{"name":" Amz"}],"pages":{"first":"65","last":"9"}}},{"host":{"author":[{"name":" Ibid"}]}},{"host":{"title":"erschient aber ein Fraulein nach dem andern, legt ihre Klaviersonate—wo moglich, nicht ohne Artigkeit und Grazie, auf, und spielt sie weg, wie es nun gehen will. Dann kommen andere und singen einige Arien aus den neuesten Opern, ebenfalls so ... [A]ls Kiinstlerinnen miissen sich die Theilnehmerinnen, etwanniger Hbflichkeiten der Anwesenden halber, nicht betrachten wollen. Im Gegentheil hat gerade diese iiberall verbreitete, und gar zu leichte Liebhaberey","author":[{"name":" Ibid"},{"name":" 65—6"}]}},{"host":{"title":"Jedes feine Madchen, habe sie Talent oder nicht, muss Klavierspielen oder singen lernen; erstlich ist's Mode, zweytens (hier tritt der Spekulationsgeist ein) ist's die bequemste Art, sich in der Gesellschaft hiibsch zu produciren, und dadurch—wenn das Gliick es will—eine in die Augen fallende, besonders eine reiche Parthie zu machen. Die Sohne miissen ebenfalls Musik lernen; erstens ebenfalls weil es gehorig und Mode ist; zweytens, weil es auch ihnen zur Empfehlung lehrt","publicationDate":"1800","author":[{"name":"Arthur Trans"},{"name":" Loesser"}],"pages":{"first":"137","last":"8"}}},{"host":{"title":"Beethoven war mit einer ihm sehr werthen Dame in einer Loge, als eben La Molinara aufgefiihrt wurde. Bei dem bekannten: Nel cuor piu non me sento, sagte die Dame: sie habe Variationen iiber dieses Thema gehabt, sie aber verloren. Beethoven schrieb in der Nacht die VI Variationen hieriiber und schickte se am andern Morgen der Dame","publicationDate":"1987","author":[{"name":"Franz Wegeler"},{"name":"& Ferdinand Ries"},{"name":"Beethoven,Frederick Remembered"},{"name":"Biographische Noonan Eidem"},{"name":" Notizen"}],"pages":{"first":"70"}}},{"title":"317: 'geschrieben in das Stammbuch der Grafinnen Josephine Deym und Therese Bruswick, und beiden zugeeignet'. In a letter to the firm of Hoffmeister & Kiihne! in Leipzig, arriving on Beethoven writes: 'Perhaps I can let you have instead of the variations for violoncello and violin [op. 44] some variations for four hands on a song composed by me. But the poem by Goethe would have to be engraved, too, because I wrote those variations in an album as a keepsake, and consider them to be better than the others","author":[{"name":"January Wiener ^eitung"}],"publicationDate":"1803","host":{"title":"The Letters of Beethoven, trans. Anderson","publicationDate":"1803","author":[]}},{"title":"74—6, and the detailed information in Kinsky & Halm, Das Werk Beethovens. The total includes the 'Triple' Concerto Op","author":[],"host":{"title":"These figures are derived from the publication summary in DeNora, Beethoven and the Construction of Musical Genius","author":[],"pages":{"first":"56"}}},{"title":"Besonders spielen die Frauenzimmer viel Hummel sagte mir, dass in Wien hundert Frauenzimmer mehr spielten als er The report is dated 23 November 1803: 'In sehr gemischten Abendgesellschaften werden gewohnlich Klavierstiicke mit oder ohne Begleitung gegeben. Die Eberlschen Compositionen sind jetzt modern, und dies Mai hat es sich gliicklich gestroffen, dass die Mode und das Verdienst Hand in Hand gehen; denn indem das originelle Genie dieses Compositeurs immerneue und glanzende Gedankenfasst, weiss er sie mit einer klaren Anmuth darzustellen, die selbst den blossen Musikliebhaber unwiderstehlich fesselt und anzieht, wenn gleich der eigentliche Kenner noch einen vorziiglicheren Genuss dabei findet.—So war ich","author":[{"name":" Trans"},{"name":"& Wadleigh"},{"name":" Hartzell In Landon"},{"name":" Beethoven"}],"host":{"title":"Zeuge des ausserordentlichen Effekte","author":[],"pages":{"first":"301","last":"2"}}},{"host":{"title":"Haydn: Chronicle and Works, iv: Haydn in England 67; originally published in Friedrich Kerst, Die Erinnerungen an BeethovenEinesTages legte ihr Streicher auch Sachen von Beethoven hin; es waren die Klaviersonaten Op. 2, die soeben bei Artaria erschienen waren. Er bemerkte, da seien neue Sachen, welche die Damen nicht spielen wollten, weil sie ihnen zu unverstandlich und zu schwierig seien","publicationDate":"1913","author":[{"name":"H,C Cited In"},{"name":" Robbins Landon"}]}},{"host":{"title":"Winkeiiberden musikalische Unterricht der Frauenzimmer","author":[],"pages":{"first":"513","last":"16"}}},{"host":{"title":"auf Vermehrung seiner Freuden hat . . .—Im Fortgange des Unterrichts hat man jene oben angegebenen Zwecke der Musiklernung nicht aus den Augen zu setzen; vorziiglich bey der Auswahl der Stiicke Kleine liebliche, naive Lieder, Tanze, Rondos, leichte Sonaten, Variationen—sind hier am passendsten zum Zwecke . . . Dergleichen Sachen passen auch fur den gesellschaftlichen Zirkel; sie pragen sich leicht ein, und die Erinnerung an dieselben gewahrt nach Jahren manchen schonen Genuss bey der Wiederholung","author":[]}},{"host":{"title":"The ladies of the high nobility do not mix at all, or only very seldom, with the other classes, outside the large, public entertainments, and that appears to me also very fitting and proper'. ('Die Damen des hohen Adels mischen sich aber, ausserden grossen","author":[{"name":" Loc"}]}},{"host":{"title":"She comments that for a musician to rely primarily on composition for his living 'was practically unheard of then', since most composers were also performers","author":[{"name":"Beethoven Moore"},{"name":"Musical Economics"}],"pages":{"first":"382"}}},{"host":{"title":"Presumably you too may have got wind of a report that I have signed a contract for all my works with a firm in Vienna (and to the exclusion of all other publishers) As several foreign publishers have enquired about this rumour, I am informing you, and that too on my own initiative, that there is no truth in it—and indeed you yourself know that I have not been able to accept a similar offer from you—not yet","author":[]}},{"host":{"title":"The New Grove, iii","author":[{"name":"Hans-Martin Plesske"}],"pages":{"first":"251","last":"3"}}},{"title":"Friedrich Slezak speculates that the composer's decision to change publishers resulted from financial difficulties","author":[{"name":"Beethoven Moore"},{"name":"Musical Economics"}],"publicationDate":"1987","host":{"title":"Beethovens Wiener Originalverleger","publicationDate":"1987","author":[],"pages":{"first":"353","last":"59"}}},{"title":"Unefievre brulante' from the Opera 'Richard Coeur de Lion' by A. -E. -M. Gre'try Publisher: Traeg Price: 45 Kreuzer Composed: 1796-7 No. 8 WoO 73 February 1799 Eight Variations for Keyboard on the Theme 'La stessa, la stessissima' from the Opera 'Falstaff by Antonio Salieri Publisher: Artaria Price: 1 Gulden Composition: 1799 Dedication: Grafin Barbara vTdndeln und Scherzen'from the Opera 'Soliman II' by Franz X. Sussmayr Publisher: Hoffmeister Price: 1 Gulden Composed: 1799 Dedication: Grafin Anna Margarete v","author":[],"publicationDate":"1802-01","host":{"title":"The Letters of Beethoven","publicationDate":"1802-01","author":[],"pages":{"first":"72","last":"3"}}},{"author":[{"name":"Wachtebchlag Der"},{"name":" Publisher"}],"publicationDate":"1807-02-18","host":{"title":"45 Kreuzer Composition: 1803 No. 26 WoO 79 June 1804 Seven Variations for Pianoforte on the English Folksong 'Rule Britannia' Publisher: Bureau des Arts et d'Industrie Price: 45 Kreuzer Composition: 1803 No. 27 WoO 74 January 1805 'Ich denke dein', Song with Variations for Keyboard Four Hands Publisher: Bureau des Arts et d'Industrie Price: 1 Gulden Composition: 1799 and 1803-4 the Wiener ^eitung of 13 February 1805 32 September 1805 An die Hoffnung Publisher: Bureau des Arts et d'Industrie Price: 24 Kreuzer (30 Kreuzer in Composition: 1805 No. 35 WoO 57 Autumn 1805 Andante for Pianoforte Publisher: Bureau des Arts et d'Industrie Price: 1 Gulden Composition: 1803-4 The work was first designated as 'N-35' and entitled 'Andante favori' in the Titelauflage of 1807. It was advertised in the Wiener ^eitung of","publicationDate":"1807-02-18","author":[],"pages":{"first":"637","last":"8"}}},{"author":[],"host":{"title":"Four Settings Publisher: Bureau des Arts et d'Industrie Price: 1 Gulden Composition","author":[],"pages":{"first":"1807","last":"8"}}},{"host":{"title":"Setting No. 1 was first published as a supplement to Prometheus, eine ^eitschrift, iii","publicationDate":"1808-03","author":[]}}],"genre":["research-article"],"host":{"title":"Music and Letters","language":["unknown"],"issn":["0027-4224"],"eissn":["1477-4631"],"publisherId":["musicj"],"volume":"78","issue":"1","pages":{"first":"56","last":"76"},"genre":["journal"],"subject":[{"value":"Articles"}]},"namedEntities":{"unitex":{"date":["1802","1820","80s","1807","1997","1795","between July 1793 and January 1802","1770s","1803","1808","1810","1796","1804","1752","1809","1811","1800","1827","1816","1805","1790s","1801","1806","1800s"],"geogName":[],"orgName":["University of North Carolina","American Journal of Sociology","Duke University"],"orgName_funder":[],"orgName_provider":[],"persName":["Robin Wallace","Anton Eberl","Adam Hiller","M. Gre","Miiller","Anton Schindler","Sulzer","Therese Brunsvik","Stanley Sadie","Friedrich Slezak","Wilhelm A. Bauer","Nigel Fortune","AmZ","Emanuel Bach","W. A. Mozart","Jan Ladislav","Franz Philipp","Otto Erich","P. F. Op","Douglas Johnson","Winter Publisher","Elliot Forbes","Nancy B. Reich","Hans-Martin Plesske","Georg Schmidt","Johann Friedrich","Emily Anderson","Erich Reimer","Edward R. Reilly","Ludwig van Beethovens","Carl Beethoven","La Molinara","In","Donald W. MacArdle","The","Tia DeNora","Hans Halm","J. Quantz","Judas Maccabaeus","Arthur Loesser","Gustav Gugitz","Franz Wegeler","Beethoven","Reichardt","Eleonore von Breuning","Denis Arnold","Marie Bigot","Therese Bruswick","Bigot","Julius Kapp","Alexander Wheelock","Frederick Noonan","J. F. Sterkel","Julia V. Moore","J. F. Reichardt","Friedrich Kerst","Ferdinand Ries","Mme","Franz Gerhard","Hugo Riemann","Carl Czerny","Richard Wadleigh","Eugene Hartzell","Sonata","Mozart","Kurt Dorfmiiller","J. G. Sulzer","Jens Peter","Dorothea von Ertmann","P. P. Op","Alan Tyson","Josephine Deym"],"placeName":["Leipzig","Coblenz","Mitte","Munich","Bonn","Kassel","Stuttgart","Europe","Vienna","Berkeley","Frankfurt","Duisburg","York","Cambridge","England","Hildesheim","Mainz"],"ref_url":[],"ref_bibl":["January 1802","[1803]","December 1808","December 1782","Stuttgart, 1992","March 1799","New York University, 1972","August 1795","May 1808","University of Illinois, 1987","March 1800","February 1796"],"bibl":[]}},"ark":["ark:/67375/HXZ-52609120-Q"],"categories":{"wos":[],"scienceMetrix":["1 - arts & humanities","2 - visual & performing arts","3 - music"],"scopus":["1 - Social Sciences","2 - Arts and Humanities","3 - Music"]},"publicationDate":"1997","copyrightDate":"1997","enrichments":{"type":["multicat","refBibs","teeft","unitex"]},"doi":["10.1093/ml/78.1.56"],"_id":"69DE95EAB08B45CD3024082EDA21FE8F0B52F0A1"}