{"corpusName":"wiley","keywords":{"teeft":["music analysis","blackwell publishing","byros","schema concept","eroica","gjerdingen","schema","vasili","revisiting","cognition","anvil","modulating","opening theme","ibid","vasili byros","nineteenth century","oxford university press","reception history","rochlitz","prinner","eighteenth century","cambridge university press","minor hearing","habit responses","galant","trans","eroica symphony","style change","patternings","cadential","rumelhart","schank","cadence","music theory","convergence","eroica case study","narmour","knowledge structures","categorisation","musical knowledge","tonic","stylistic","blackwell","experimental psychology","submediant","half cadence","affordances","lawrence erlbaum","archetype","erlbaum","seventh chord","dissertation","progression","triad","meyer","hyer","verlag","musical environment","corpus study","darcy","minor symphony","hepokoski","musical style","modulating variant","patterning","scale degree","musical structure","musical scores","cultural noise","penn school","musical experience","musical corpus","schema theory","cognitive","regularity","exemplar","syntactic","minor context","piano sonata","violin sonata","string quartet","bars schema","galant style","funeral march","musical works","twentieth century","modern listeners","past experience","eugene narmour","social psychology","historical mode","chicago press","dominant triad","case study","social processes","historical modes","modulation","schumann","chord","triple concerto","indiana university press","research programme","other words","normal distribution","historical population distribution","abstract representation","harmonic progression","musical experiences","musical environments","cultural context","major triad","statistical regularities","probability system","psychology press","cognitive psychology","harmonic","compositional","abelson","hillsdale","prototypical","listener","sonata form","historical dimension","social group","recognition device","musical patterns","same argument","chromatic trichord","musica humana","sixth chord","scale degrees","corpus analysis","listener response","wolfgang amadeus mozart","observable data","keyboard sonata","interpretative context","half cadences","characteristic feature","georg olms verlag","stylistic knowledge","unexpected return","minor tonality","emanuel bach","sensitive understanding","historical period","appropriate habit responses","minor modulation","mental categories","visual perception","previous studies","probabilistic structure","sound stimulus","mental representation","cultural anthropology","minor triad","schema acquisition","ingrained habits","cadence galante","other things","schema absence","stereotyped sequence","cognitive plasticity","robert schumann","nervous system","exemplar theory","other studies","information theory","academic press","outcome space","musical meaning","basic books","bartlett","variant","corpus","publishing","earliest sketches","warren darcy","essential expositional closure","domenico cimarosa","several exemplars","fourth movement","mental structures","historical time","affective response","second movement","courtly behaviors","largo maestoso","bruno weil","chromatic descent","opening gesture","cognitive activity","vasili byros table","minor episodes","stereotyped phrases","stabat mater prinner","preludising deviation","discrete change","sketch evidence","minor response","extensive exposure","gradual increase","perceptual redundancies","cultural code","other hand","musical schema","habit response","recognition devices","schematic mapping","stylistic expectations","population distribution","historical distribution","different modes","real listeners","historical context","gottfried versuch einer geordneten theorie","third movement","liberal chord usage","novel perspective","same piece","probability relationships","life cycle","ladislav dussek","syntactic regularities","incidental harmony","apparent chord","unheimlich apparition","several studies","statistical evidence","upper voices","prinner schemata","available script","major responses","numerous instances","historical axis","international style","musical culture","prototypical usage","same time","several hypotheses","class concepts","sharp peak","galant style project","disciplinary outlook","standard errors","ideal types","research group","mental abstraction","invariant features","humanistic music theory","aggregate response","exemplar views","language processing","music perception","past experiences","bass progression","coding system","common mechanism","gestalt psychology","style forms","different ways","tacit knowledge","communicative transaction","pendragon press","galant schemata","authentic cadence","phenomenographic model","danuta mirka","psychological science","scott burnham","princeton university press","social environment","nonadjacent dependencies","clarendon press","music theory spectrum","first movement","beethoven forum","cultural differences","pennsylvania press","musical perception","life stream","james hepokoski","folk tale","sonata theory","human understanding","nebraska press","culture molds","prototype"]},"author":[{"name":"Vasili Byros"}],"articleId":["MUSA344"],"arkIstex":"ark:/67375/WNG-X7HTV48G-C","language":["eng"],"originalGenre":["article"],"abstract":"This article re‐examines the concept of a ‘schema’ in light of a new body of empirical evidence regarding the culture and cognition of key in the eighteenth century. The schema concept in music, which originated in the work of Leonard B. Meyer, holds that social and historical experience gives rise to knowledge structures that engender a situated psychology of hearing and a context‐contingent understanding of music. In previous studies by Meyer and Robert O. Gjerdingen, evidence for the schema concept has been advanced largely by interpreting a musical corpus as a metaphor for experience. That is, arguments for the existence of schemata as mental categories that configure a situated psychology of hearing have been presented primarily in the form of music analysis – historically situated patterns detected in musical scores. For this reason, the schema concept has remained, in Meyer's and Gjerdingen's words, a ‘hypothesis’ and ‘assum[ption]’ respectively. The evidence I advance here derives from a case study on Beethoven's Eroica Symphony and what I call the le–sol–fi–sol schema. The study was conducted in the spirit of the psychologically orientated, humanistic music theory that characterised Meyer's lifelong research program. By establishing a correlation between real listeners’ responses in the Symphony's reception history and the details of my own corpus study of music from the long eighteenth century (1720–1840), my Eroica case study brings a novel perspective to the idea that schemata engender a historical mode of listening. The case study bears out several hypotheses that are basic to Meyer's writings and perpetuated in Gjerdingen's galant style project: (1) that replicated patternings in eighteenth‐century works are commensurate with listeners’ knowledge structures; (2) that these knowledge structures are historically contingent and therefore engender a situated psychology of hearing; (3) that these situated psychologies are affected by style change; and (4) that schemata provide access to historical modes of listening today.","qualityIndicators":{"score":10,"pdfWordCount":25078,"pdfCharCount":154142,"pdfVersion":1.3,"pdfPageCount":74,"pdfPageSize":"484.7 x 697.3 pts","pdfWordsPerPage":339,"pdfText":true,"refBibsNative":true,"abstractWordCount":308,"abstractCharCount":2067,"keywordCount":0},"title":"Meyer's Anvil: Revisiting the Schema Concept","genre":["article"],"host":{"title":"Music Analysis","language":["unknown"],"doi":["10.1111/(ISSN)1468-2249"],"issn":["0262-5245"],"eissn":["1468-2249"],"publisherId":["MUSA"],"volume":"31","issue":"3","pages":{"first":"273","last":"346","total":"74"},"genre":["journal"],"subject":[{"value":"ORIGINAL ARTICLES"},{"value":"ORIGINAL ARTICLE"}]},"namedEntities":{"unitex":{"date":["1950s","1807","in the eighteenth century","Eighteenth Century","1930","during the nineteenth century","the twentieth century","1770s","1803","1832","1778","1960s","1850s","2012-10-29","the nineteenth century","1826","1930s","1820s","1932","in the twentieth century","in the nineteenth century","the eighteenth and nineteenth centuries","1970s","In the nineteenth century","1977","1753","1973","1790s","1830s","1720","1989","1830","The eighteenth century","1980","the eighteenth century","1980s","1996"],"geogName":[],"orgName":["Committee on the History of Culture","PDP Research Group","University of Cambridge","Italy, France, Austria, Germany, Great Britain, Bohemia, Poland, Slovakia, Hungary, Spain, Portugal, Sweden, Denmark and Norway","Aristotle","Blackwell Publishing Ltd","University of Chicago","University of Pennsylvania","Chicago’s Committee of the History of Culture"],"orgName_funder":[],"orgName_provider":[],"persName":["John Anderson","Friedrich Wilhelm","Umberto Eco","Burton S. Rosner","Jorja Fleezanis","Donald Tovey","Johann Baptist","Benzon","AmZ","Franz Schubert","Emanuel Bach","Brian Hyer","Jan Ladislav","Ric Ashley","Felix Vodicka","William Caplin","Weber","Wolfgang Iser","G.H. Mead","Jos van Immerseel","Amadeus Mozart","Joseph Riepel","David Kellner","Niels Bohr","Joseph Haydn","Clifford Geertz","Robert Hatten","Robert Gjerdingen","William F. Brewer","Eugene Narmour","The","Robert Schumann","Jeremy Day","John Dewey","Sol Schema","Bruno Weil","Carl Dahlhaus","Ian Quinn","Huron","Charles L. Cudworth","Ludwig van Beethoven","Cyril Huvé","Roger Schank","Robert Abelson","J.S. Bach","Symphony","Friedrich Rochlitz","Leonard B. Meyer","Daniel Grossman","Quartet","Johann David","Frederic Bartlett","Heinrich Christoph","Music","David Copper","Daniel Heartz"],"placeName":["Leipzig","Norway","American","Trondheim","Europe","Lisbon","Chicago","Portugal","Russia","Cambridge","Osnabrück","St Petersburg"],"ref_url":[],"ref_bibl":["Meyer 2000","[1716]","Uljens 1996, p. 84","Bartlett 1932","Marston 1991, p. 214","Aristotle (1906)","Byros 2009a, p. 137","Gibson 1986, p. 10","Loftus and Mackworth 1978","Style and Music (1989)","Robins and Aydede 2009","Smith and Medin (1981)","Schank and Abelson 1977, p. 70","Mirka and Agawu 2008","Hepokoski and Darcy 2006, p. 24","Smith and Minda 2002","Margulis and Beatty (2008)","Bartlett 1932, p. 210","Robins and Aydede 2009, p. 3","Knopoff and Hutchinson (1981)","Caplin 1998","Gjerdingen 1986, p. 36","Johnson and Hirst 1993, p. 260","[1930]","Meyer 1956, p. 88","Brady and Oliva 2008","Gjerdingen 1996, p. 380","Rumph 2004, p. 90","Klein 2005, p. 83","Geertz 1973, p. 250","[1967]","Newport and Aslin 2004","Rumelhart 1980, p. 41","Byros 2009b, p. 276","Gjerdingen 2009b, p. 124","Schank and Abelson (1977)","Rumelhart and Ortony (1977)","Juslin and Sloboda 2010, p. 586","Meyer 1989","Gjerdingen 2007","Narmour 1999, p. 441","Newport and Aslin 2009","Dopkins and Gleason 1997","Daelemans and Van den Boesch 2005","Geck and Schleuning (1989)","Byros 2009a","Caplin 1998, p. 140","Meyer 1989, p. 244","Art and Illusion (1960)","Byros 2009b, p. 236","Gjerdingen (1986)","Spitzer 2004, p. 224","[1977]","Rochlitz 1807, p. 321","Byros (2009a)","Moore 1966, p. 196","Daverio 1997, p. 100","Abbot-Smith and Tomasello 2006","Mirka and Agawu (2008)","Saffran 2003a","[1728]","Åkerlind 2005, p. 322","Meyer 1956, p. 46","[1791]","Meyer 1989, p. 4","[1800]","Blackwell Publishing Ltd, 9600","Storms and Verguts 2007","Rosch (1978)","Eco 1979, p. 10","Schank and Abelson 1977, p. 99","Schank and Abelson 1977","Gjerdingen 2007, p. 11","Iser 1978, p. 28","Hepokoski and Darcy (2006)"],"bibl":[]}},"ark":["ark:/67375/WNG-X7HTV48G-C"],"categories":{"wos":[],"scienceMetrix":["1 - arts & humanities","2 - visual & performing arts","3 - music"],"scopus":["1 - Social Sciences","2 - Arts and Humanities","3 - Music"],"inist":["1 - sciences humaines et sociales"]},"publicationDate":"2012","copyrightDate":"2012","enrichments":{"type":["multicat","nb","teeft","unitex"]},"doi":["10.1111/j.1468-2249.2012.00344.x"],"_id":"93876C2CDDDC528F968C93F913B90DBC345EE187"}