{"corpusName":"oup","keywords":{"teeft":["artaria","mollo","count fry","leipzig","quintet","breitkopf","wiener zeitung","zeitung","hartel","wiener","breitkopf hartel","major quintet","up police authority","retraction","fry","police high court","same time","tranquillo mollo","leipzig edition","proof copy","musical quarterly","herr mollo","entire measure","subjoined declaration","artaria edition","beethoven"]},"author":[{"name":"DONALD W. MACARDLE"}],"articleId":["XXXIV.4.567"],"arkIstex":"ark:/67375/HXZ-0C0T883K-F","language":["eng"],"originalGenre":["research-article"],"qualityIndicators":{"score":3.444,"pdfWordCount":3394,"pdfCharCount":17885,"pdfVersion":1.3,"pdfPageCount":8,"pdfPageSize":"455 x 683 pts","pdfWordsPerPage":424,"pdfText":true,"refBibsNative":false,"abstractWordCount":0,"abstractCharCount":0,"keywordCount":0},"title":"BEETHOVEN, ARTARIA, AND THE C MAJOR QUINTET","genre":["research-article"],"host":{"title":"The Musical Quarterly","language":["unknown"],"issn":["0027-4631"],"eissn":["1741-8399"],"publisherId":["musqtl"],"volume":"XXXIV","issue":"4","pages":{"first":"567","last":"574"},"genre":["journal"],"subject":[{"value":"Articles"}]},"namedEntities":{"unitex":{"date":["1802","1838","1948","1801"],"geogName":[],"orgName":[],"orgName_funder":[],"orgName_provider":[],"persName":["Karl","Court Musician","Quintet","Artaria","T. Mollo","Ludwig van Beethoven","Symphony","F. G. Wegeler"],"placeName":["Leipzig","Paris","Vienna","York","Winterthur"],"ref_url":[],"ref_bibl":["Berlin and Leipzig, 1906","December 1802","August 1827","March 8, 1805"],"bibl":[]}},"ark":["ark:/67375/HXZ-0C0T883K-F"],"categories":{"wos":[],"scienceMetrix":["1 - arts & humanities","2 - visual & performing arts","3 - music"],"scopus":["1 - Social Sciences","2 - Arts and Humanities","3 - Music"]},"publicationDate":"1948","copyrightDate":"1948","enrichments":{"type":["multicat","refBibs","teeft","unitex"]},"doi":["10.1093/mq/XXXIV.4.567"],"_id":"6F2A01A0A34214570954E58750A2CC44759A6120"}