{"corpusName":"oup","keywords":{"teeft":["french song","missa solemms","triplet contortion","barry second disc","style copy","klaus jacobsen","group heading","italian song","luigi rossi","alessandro stnggio","melancholic english song","gentle pleasing pain","blinkered research","theatre song","baroque guitar","glenda simpson","unusual programme","franz schubert octet hausmusik","brian newbould","revival press","special interest","solo timbre","variegated texture","considerable virtuosity","chamber group","modern instrument","technologystretching feat","orchestral music","pace septet","first question","exhilarating affirmative","congested texture","second variation","fourth movement","wind trio","up string threesome","modern counterpart","second half","first variation","understaffed orchestra","modern performance","same time","second question","woodwind trill","artistic worth","count troyer","first violin","trusty schuppanzigh","pavlo discomfort","such uncertain moment","technical assurance","wide dynamic range","musical good judgement","many place","imaginative timing","slow movement","frustrating tendency","poco mosso","musicological note","schubert edition","beethoven missa solemnis","monteverdi choir","english baroque soloist","john eliot gardiner","william drabkin performance","early musick","much more fragile","slightest uncertainty","high point","insufficient attention","string phrasing","woodwind articulation","solo voice","solo violin1","sister work","ninth symphony","technical difficulty","opening movement","recent year","historical consideration","more frequent","music teacher","didactic purpose","principal criterion","more likely","score high","early orchestra","result tangible","early music november"]},"author":[{"name":"Brian Newbould"}],"articleId":["XIX.4.677a"],"arkIstex":"ark:/67375/HXZ-LB0M06VV-0","language":["eng"],"originalGenre":["other"],"qualityIndicators":{"score":2.192,"pdfWordCount":809,"pdfCharCount":4984,"pdfVersion":1.5,"pdfPageCount":1,"pdfPageSize":"519 x 686 pts","pdfWordsPerPage":809,"pdfText":true,"refBibsNative":false,"abstractWordCount":0,"abstractCharCount":0,"keywordCount":0},"title":"RECORDINGS","genre":["other"],"host":{"title":"Early Music","language":["unknown"],"issn":["0306-1078"],"eissn":["1741-7260"],"publisherId":["earlyj"],"volume":"XIX","issue":"4","pages":{"first":"677-a","last":"677"},"genre":["journal"],"subject":[{"value":"RECORDINGS"}]},"namedEntities":{"unitex":{"date":["1991"],"geogName":[],"orgName":[],"orgName_funder":[],"orgName_provider":[],"persName":["Antony Pay","Glenda Simpson","Klaus Jacobsen","Schubert","Robert Jones","Ludwig van Beethoven","John Eliot","Alessandro Stnggio","Luigi Rossi"],"placeName":["New Schubert"],"ref_url":[],"ref_bibl":[],"bibl":[]}},"ark":["ark:/67375/HXZ-LB0M06VV-0"],"categories":{"wos":[],"scienceMetrix":["1 - arts & humanities","2 - visual & performing arts","3 - music"],"scopus":["1 - Social Sciences","2 - Arts and Humanities","3 - Music"]},"publicationDate":"1991","copyrightDate":"1991","enrichments":{"type":["multicat","refBibs","teeft","unitex"]},"doi":["10.1093/earlyj/XIX.4.677-a"],"_id":"37D404087DFFC5BE9B76C76C4121F6CC700D70C2"}