{"corpusName":"oup","keywords":{"teeft":["reicha","antoine reicha","unpublished autobiography","musical quarterly","wind instrument","first time","monsieur devismes","joseph haydn","excellent musician","orchestral conductor","precious time","grand orchestra","first book","french army","theatre feydeau","many work","theatre favart","long career","antoinette reicha","private concert","other work","string instrument","quintet","unpublished","antoine"]},"author":[{"name":"J.-G. PROD'HOMME"}],"articleId":["XXII.3.339"],"arkIstex":"ark:/67375/HXZ-NMNN5FRP-L","language":["eng"],"originalGenre":["research-article"],"qualityIndicators":{"score":5.05,"pdfWordCount":5713,"pdfCharCount":29491,"pdfVersion":1.2,"pdfPageCount":17,"pdfPageSize":"468 x 708 pts","pdfWordsPerPage":336,"pdfText":true,"refBibsNative":false,"abstractWordCount":0,"abstractCharCount":0,"keywordCount":0},"title":"FROM THE UNPUBLISHED AUTOBIOGRAPHY OF ANTOINE REICHA","genre":["research-article"],"host":{"title":"The Musical Quarterly","language":["unknown"],"issn":["1741-8399"],"eissn":["0027-4631"],"publisherId":["musqtl"],"volume":"XXII","issue":"3","pages":{"first":"339","last":"353"},"genre":["journal"],"subject":[{"value":"Articles"}]},"namedEntities":{"unitex":{"date":["1799","1831","1818","1814","1819","1808","1936","1809","1800","1798","1794"],"geogName":["Danube","Ganges","Euphrates","Tigris"],"orgName":["Austria and France"],"orgName_funder":[],"orgName_provider":[],"persName":["Esterhazy","Franz Liszt","Jean-Jacques Rousseau","Haute Composition","Saint-Aubin","Joseph Haydn","Louis van Beethoven","Grassini","An","Cesar Franck","Louis-Ferdinand","G. P. Antoine-Joseph","Joseph Reicha","Regina di Granata","Antoine Reicha","While","Antoine Rcicha","Lobkowitz","Antoinette Reicha","Thu"],"placeName":["Leipzig","Paris","Germany","Montmorency","Bonn","Ulm","Austria","Constantinople","Hamburg","Prague","Europe","Vienna","Metz","France","Hungary","Italy"],"ref_url":[],"ref_bibl":[],"bibl":[]}},"ark":["ark:/67375/HXZ-NMNN5FRP-L"],"publicationDate":"1936","copyrightDate":"1936","enrichments":{"type":["refBibs","teeft","unitex"]},"doi":["10.1093/mq/XXII.3.339"],"_id":"AAB47310CE93EC032476C9094C04F5A68C88B881"}