{"corpusName":"sage","keywords":{"teeft":["gestalt","topology","motivic","premotives","mazzola","kunst","fuge","premotif","topological","cardinality","main theme","ofthe","prernotif","buteau","prernorives","prernotives","contour similarity","morivic","motn","gestalt distance","motivica","neighborhood radius","zahorka","motivic topology","translation group","motivic topologies","real plane","weight function","distance function","other words","equivalence relation","full counterpoint group","motivic analysis","kunstder fuge","cognitive science","general topology","open sets","formal definition","positive radius","different cardinalities","similarity value","weight functions","motivic topologies buteau","contour","similarity","cognitive","contour theory","affine counterpoint group","shape type","shape rype","disjoint union","general theory","such subsets","topological space","last property","motivic topologies chantal buteau","proper extension","significant contours ofthe theme","rnotivic topology","thematic content","premotif cardinality","disk neighborhoods","calculation time","individual premotif","topological approach","time shifts","motivic substance","similarity parameter","systematic variation","motivic evolution trees","counterpoint group","lexicographic order","guerino mazzola","step width","horizontal axis","vertical axis","high weights","motiuic evolution tree","gestalt inclusion relation","motivic evolution tree","tree acpl","gestalts ofthe theme","yale university press","topologies motiviques","radius"]},"author":[{"name":"Chantal Buteau","affiliations":[null,"* Mathematik Department, ETH Zürich and i2musics (Internet Institute for Music Science","** Institut für Informatik, Universität Zürich and i2musics (Internet Institute for Music Science"]},{"name":"Guerino Mazzola","affiliations":[null,"* Mathematik Department, ETH Zürich and i2musics (Internet Institute for Music Science","** Institut für Informatik, Universität Zürich and i2musics (Internet Institute for Music Science"]}],"articleId":["10.1177_102986490000400201"],"arkIstex":"ark:/67375/M70-S3CTRLSP-Z","language":["eng"],"originalGenre":["research-article"],"abstract":"This paper is devoted to a qualitative and quantitative study of topological spaces built on premotif collections of musical scores. These motivic topologies are related to similarity concepts in the American music set theory. Through shapes, imitations and gestalts, and similarity relations between any two shapes, we obtain a motivic hierarchy of a score. This model of motivic analysis is completed by proposing different tools, such as weighted shapes and motivic evolution trees (MET), for visualizing these non-intuitive topologies. The concept MET, which is related to a systematic variation of the similarity parameter, is of a highly cognitive flavor. In the light of our approach, the still debated question concerning the length of the main theme in Bach's Kunst der Fuge is addressed. As a result, we can state that the extended 12-tone theme is essentially equivalent to the shorter 8-tone version when viewed from its motivic substance.","qualityIndicators":{"score":8.776,"pdfWordCount":8197,"pdfCharCount":48528,"pdfVersion":1.6,"pdfPageCount":25,"pdfPageSize":"468 x 684 pts","refBibsNative":true,"abstractWordCount":148,"abstractCharCount":951,"keywordCount":0},"title":"From Contour Similarity to Motivic Topologies","refBibs":[{"title":"Timing Microstructure in Schumann's “Träumerei” as an Expression of Harmony, Rhythm, and Motivic Structure in Music Performance","author":[{"name":"J. Beran"},{"name":"G Mazzola"}],"host":{"title":"Computers and Mathematics with Applications","author":[],"volume":"39","issue":"5/6","pages":{"first":"99","last":"130"}}},{"host":{"title":"Motivic Topologies and Their Meaning in the Motivic Analysis of Music","author":[]}},{"host":{"title":"The Role of Similarity in Categorisation: Music as a Case Study","author":[],"pages":{"first":"533","last":"8"}}},{"host":{"title":"The Structure of Atonal Music","author":[]}},{"title":"Melodic Similarity — Concepts, Procedures, and Applications","author":[{"name":"W. B. Hewlett"},{"name":"E Selfridge-Field"}],"host":{"title":"Computing in Musicology, 11","author":[]}},{"title":"Learning Musical Structure for the Evolution of Styles of Harmonization","author":[{"name":"D. Hörnel"},{"name":"T. Ragg"}],"host":{"title":"Proceedings of the 1996 International Computer Music Conference","author":[],"pages":{"first":"59","last":"62"}}},{"host":{"title":"General Topology","author":[]}},{"title":"Some New Constructs Involving Abstract Pcsets, and Probabilistic Applications","author":[{"name":"D Lewin"}],"host":{"title":"PNM","author":[],"volume":"18/2","pages":{"first":"433","last":"44"}}},{"host":{"title":"Advanced Calculus","author":[],"pages":{"first":"208"}}},{"host":{"title":"Gestalt und Stil — Arnold Schönbergs Erste Kammersymphonie und ihr Umfeld","author":[]}},{"host":{"title":"The Topos of Music","author":[]}},{"host":{"title":"The RUBATO Performance Workstation on Nextstep","author":[],"pages":{"first":"102","last":"8"}}},{"host":{"title":"Topologien gestalteter Motive in Kompositionen. In Festschrift zum 65","author":[]}},{"title":"Analysis and Performance of a dream","author":[{"name":"G. Mazzola"},{"name":"O. Zahorka"},{"name":"J Stange-Elbe"},{"name":"Anders Friberg"},{"name":"John Sundberg"}],"host":{"title":"Grammars for Music Performance","author":[],"pages":{"first":"59","last":"68"}}},{"host":{"title":"Robert Schumann II","author":[]}},{"host":{"title":"Composition with Pitch-Classes","author":[]}},{"host":{"title":"Fondements d'une sémiologie de la musique","author":[],"pages":{"first":"10/18"}}},{"host":{"title":"Basic Atonal Music","author":[]}},{"host":{"title":"The Thematic Process in Music","author":[]}},{"host":{"title":"Beyond MIDI: The Handbook of Musical Codes","author":[]}},{"title":"“Cooking a Canon with RUBATO” Performance Aspects of J.S. Bach's “Kunst der Fuge”","author":[{"name":"J. Stange-Elbe"},{"name":"G Mazzola"}],"host":{"title":"Proceedings of the 1998 International Computer Music Conference","author":[],"pages":{"first":"179","last":"86"}}},{"title":"Fuzzy Extensions to the Theory of Contour","author":[{"name":"I Quinn"}],"host":{"title":"Music Theory Spectrum","author":[],"volume":"19/2","pages":{"first":"232","last":"63"}}}],"genre":["research-article"],"host":{"title":"Musicae Scientiae","language":["unknown"],"issn":["1029-8649"],"eissn":["2045-4147"],"publisherId":["MSX"],"volume":"4","issue":"2","pages":{"first":"125","last":"149"},"genre":["journal"]},"namedEntities":{"unitex":{"date":["2000","13 and 4-14"],"geogName":["Elbe"],"orgName":["US From","Technical University","Internet Institute for Music Science","Natural Sciences and Engineering Research Concil of Canada","NSERC"],"orgName_funder":["Natural Sciences and Engineering Research Concil of Canada","NSERC"],"orgName_provider":[],"persName":["Arnold Schonberg","E. Selfridge-Field","O. Zahorka","Ala Recherche","G. Mazzola","Rudolph Reri","Robert Schumann","Thomas Ragg","S. Sternberg","John Rahn","Ian Quinn","Michael Kopfermann","MET Comparison","David Lewin","Ludwig van Beethoven","Dominik Hornel","Rudolph Reti","Sebastian Bach","Chantal Buteau","J. Srange","R. Riehn","Paul Cadrin","Kirvkrszenen"],"placeName":["ZUrich","Zurich"],"ref_url":["http://www.ifi.unizh.ch/groups/mml/musicmedia/rubato/rubato.html"],"ref_bibl":[],"bibl":[]}},"ark":["ark:/67375/M70-S3CTRLSP-Z"],"categories":{"wos":["1 - social science","2 - psychology, experimental"],"scienceMetrix":["1 - health sciences","2 - psychology & cognitive sciences","3 - experimental psychology"],"scopus":["1 - Social Sciences","2 - Arts and Humanities","3 - Music","1 - Social Sciences","2 - Psychology","3 - Experimental and Cognitive Psychology"],"inist":["1 - sciences humaines et sociales"]},"publicationDate":"2000","copyrightDate":"2000","enrichments":{"type":["multicat","nb","teeft","unitex"]},"doi":["10.1177/102986490000400201"],"_id":"7973D2A52D575C7CBC91580BCD349047AF7BF917"}