{"corpusName":"sage","keywords":{"teeft":["music education","musical experience","music educators journal","other matters","madama butterfly","subject matter","human impulse","sonata form","music appreciation","teaching music","ethnic music","metropolitan opera","city college","creative artist","reed","technical terms","years move","sonata forms","anniversary year","student teachers","years music education","brief reflection","huge numbers","basic premise","large group affair","safe kind","student performers","certain principles","notes need","musical groups need","tempi need","slow tempi","correct embouchure","correct seating","baroque music","primary task","human response","little things","earthly experience","earthly vulgarity","higher realms","school band movement","orchestra movement","creative endeavor","school repertoires","american school children","tragic aspects","real work","mediocre music","hollow values","naive audience","enthusiastic applause","other planets","musical leaders","great music","emphasis move","orchestra groups","more solo","duet work","other words","individual effort","individual challenge","more reason","concert groups","good picture","musical sense","tempo markings","metronomic measures","dynamic indications","ledger book","melodic flow","many people","many hours","many developments","professional performers","young ones","young singers","substantial work","artistic manner","such performances","many music educators","rousing chamber music session","other right","appreciation courses","college instructors","such names","music history","musical works","minute number","piano tuner","folk songs","english madrigal","stage band","music herd","strange piece","mutual benefit","next quarter century","good manager","recognimusic educators journal tion","elusive thing","class preparations","current rehearsal practice","current attitudes","simple tests","performers questions","such tests","music history courses","first place","vast land","prospective teachers","teaching practice","other specialties","appreciation courseat","specialty courses","free brochure","frustrating task","other times","important doors","many styles","staple force","current moment","great composers","whole story","social commentary","need attention","first order","loving music","social workers","certain measure","mental illness","mental hospitals","leaders support","appropriate times","best teaching","least work","situation demands","such behavior","safe profession","greater crimes","roger sessions","burton isaac","string method","music educators","string program","many string teachers","greatest satisfaction","string proit","sincere hope","garrulous music appreciation textbook","earthly intention","verbal information","musicological pursuits","much money","commercial success","great theories","experimental textbooks","great variety","lower division textbooks","remarkable similarity","other approaches","genius music educator","broad kind","knowledged publisher","american music education","music kind","other teachers","different kind","frank barron","psychological research","human dichotomy","life activities","better word","different kinds","precise symbol","other styles","other cultures","tone colors","pioneer work","small tasks","personality styles","rigorous discipline","drill master","work horse","personality type","artistic experience","better choice","special interest","copy reference sampler namf address city","leonard music","street winona","choral library","special reference copy sampler","name today","historic activities","whole profession","more traditionoriented","fresh experience","basic materials","little change","special area","others ssatb","band directors students","repair oboe","english horn","phonereeds pennies","total task","blank stock","double reeds","finest reeds","miscut ones","unbreakable construction","ditions reeds","fool proof","sizes reeds","double reed cane","single reed unit","double postage","free trial","slide lubes","silicone spray lube","valved instruments andtrombones professionals","perfect answer","slide lubrication problems","convenient size spray","ounces winchester","social groups","peace corps","civil rights movement","teaching harmony","countless conductors programing","many teachers handling students","single study","group psychology","necessary force","proper tempo","english suites","supreme historian","respect tradition","current challenge","tradition overwhelms","vibrant times","robert oppenheimer","electronic music","serial music","anthropological validity","great challenge","human spirit","medieval chant","mozart quintet","music educator","essential spirit","cost wood plastic","teaching aids","school quantity discounts","german pearwood recorders","japanese plastic recorders","swiss kueng","complete collection","recorder music methods","soprano alto recorder book1","hargail melody method","free teacher material hargail","orchestra educationalfor music string score part","paul whear","string orchestra","prize composition","moods philip gordon","first position","melodic interest","short pieces","husted fugue","missouri harmony january","string persichetti introit","small measure","francisco state college","higher education","junior college teachers","past member","research council","comnational pany","teaching subject matter","particular time","rise stevens","michael manuel","joint project","metropolitan opera association","kennedy center","premiere performance","york state theatre","lincoln center","institute works","american people","university students","overseas study","social welfare","business training program","yoshio aoyama","kabuki theatre","young americans","indiana opening september","first season","sansom street","music school service","choral catalog","stage band catalog school instrumentlists","newmusic appreciation records level forhighschool college","richard collins","scripps college prof","textbook venture"]},"author":[{"name":"Meyer M. Cahn"}],"articleId":["10.2307_3390614"],"arkIstex":"ark:/67375/M70-K4VBBN78-K","language":["eng"],"originalGenre":["research-article"],"qualityIndicators":{"score":6.931,"pdfWordCount":4919,"pdfCharCount":29291,"pdfVersion":1.6,"pdfPageCount":8,"pdfPageSize":"648 x 864 pts","refBibsNative":false,"abstractWordCount":1,"abstractCharCount":0,"keywordCount":0},"title":"Twenty-Five Years of Music Education","genre":["research-article"],"host":{"title":"Music Educators Journal","language":["unknown"],"issn":["0027-4321"],"eissn":["1945-0087"],"publisherId":["MEJ"],"volume":"52","issue":"3","pages":{"first":"34","last":"113"},"genre":["journal"]},"namedEntities":{"unitex":{"date":["1966"],"geogName":["ILL"],"orgName":["Lincoln Center","Sansom Street Inc","United States and Canada","VOGEL CO.","HARGAIL INC","Metropolitan Opera National Company","Kennedy Center","Research Council of the MENC","Division of Higher Education","VALVED INSTRUMENTS","Peace Corps, and the Civil Rights","VIRGINIAAEROSOL,INC","Japanese-American The Institute Cultural Research, Inc"],"orgName_funder":[],"orgName_provider":[],"persName":["Rise Stevens","Melody Method","H. Newman","Write","George F. McKay","John F. Kennedy","Paul Whear","Beethoven","Michael Manuel","Philip Gordon","Madison Ave","Yoshio Aoyama"],"placeName":["Miami","Springfield","New York City","Japan","America","San Francisco","York","Pasadena"],"ref_url":[],"ref_bibl":[],"bibl":[]}},"ark":["ark:/67375/M70-K4VBBN78-K"],"publicationDate":"1966","copyrightDate":"1966","enrichments":{"type":["refBibs","teeft","unitex"]},"doi":["10.2307/3390614"],"_id":"15E95201582EDF924924E9388D77506128DE98D4"}