{"corpusName":"oup","keywords":{"teeft":["kerman","alan tyson","authentic source","sieghard brandenburg","james webster","lewis lockwood","other style period","such detail","minor mode","autograph notation","haydn","mozart"]},"author":[{"name":"W. DEAN SUTCLIFFE"}],"articleId":["81.4.620"],"arkIstex":"ark:/67375/HXZ-H9XFTPKZ-K","language":["eng"],"originalGenre":["book-review"],"qualityIndicators":{"score":4.451,"pdfWordCount":3734,"pdfCharCount":22238,"pdfVersion":1.4,"pdfPageCount":5,"pdfPageSize":"452.48 x 696.48 pts","pdfWordsPerPage":747,"pdfText":true,"refBibsNative":false,"abstractWordCount":0,"abstractCharCount":0,"keywordCount":0},"title":"REVIEWS OF BOOKS","genre":["book-reviews"],"host":{"title":"Music and Letters","language":["unknown"],"issn":["0027-4224"],"eissn":["1477-4631"],"publisherId":["musicj"],"volume":"81","issue":"4","pages":{"first":"620","last":"624"},"genre":["journal"],"subject":[{"value":"REVIEWS OF BOOKS"}]},"namedEntities":{"unitex":{"date":["2000","in the eighteenth century","the nineteenth century","1781","1786","1765"],"geogName":[],"orgName":["University of Durham","University of Reading","Institute of Historical Research"],"orgName_funder":[],"orgName_provider":[],"persName":["William Kinderman","REILLY Haydn","Stephen Roe","Cliff Eisen","J. C. Bach","College","Douglas Johnson","Joseph Kerman","Zon","Albi Rosenthal","K.Anh","Valerie White","Johanna van Beethoven","Wolfgang Plath","David J. Golby","Peter Rampl","Bennett Zon","Jeremy Dibble","Sonata","Heinrich Marchand","Neal Zaslaw","Alan Tyson","Lewis Lockwood"],"placeName":["London","England","Palestrina"],"ref_url":[],"ref_bibl":[],"bibl":[]}},"ark":["ark:/67375/HXZ-H9XFTPKZ-K"],"categories":{"wos":[],"scienceMetrix":["1 - arts & humanities","2 - visual & performing arts","3 - music"],"scopus":["1 - Social Sciences","2 - Arts and Humanities","3 - Music"]},"publicationDate":"2000","copyrightDate":"2000","enrichments":{"type":["multicat","refBibs","teeft","unitex"]},"doi":["10.1093/ml/81.4.620"],"_id":"A7FB9BF3CCB53D0D52C8E229E57974B106E879DD"}