{"corpusName":"oup","keywords":{"teeft":["violoncello","slow movement","franz schubert","minor quartet","first movement","first violin","andante","piano sonata","septet","schubert","first violoncello","musical quarterly","other composer","octet","major quartet","george grove","scherzo","quartet","quintet","minor symphony","last movement","second violin","second theme","great beauty","great composer","opening movement","corresponding movement","finest work","second movement","second subject","orchestral work","middle voice","piano trio","second violoncello","franz","first time","single theme","breitkopf hartel edition","early quartet","main theme","musical idea","principal subject","opus number","second part","octave","public performance","first quartet","exposition section","many change","musical content","first subject","relative major","outstanding characteristic","whole movement","gentle melancholy","entire creative life","much repetition","same period","first theme","early work","posthumous quartet","chronological order","equal importance","other hand","inordinate length","beautiful melody","sonata form","same position","quartet movement","bitter expression","opening theme","beethoven quartet","other piece","emotional mood","great work","beethoven septet","first performance","hungarian flavor","much more","other work","haydn variation","second variation","schubert variation","concise movement","good part","polyphonic skill","major symphony","first rank","major quintet","haydn"]},"author":[{"name":"SAMUEL L. LACIAR"}],"articleId":["XIV.4.515"],"arkIstex":"ark:/67375/HXZ-D7P3GRW0-4","language":["eng"],"originalGenre":["research-article"],"qualityIndicators":{"score":5.05,"pdfWordCount":8323,"pdfCharCount":44601,"pdfVersion":1.2,"pdfPageCount":24,"pdfPageSize":"449 x 681 pts","pdfWordsPerPage":347,"pdfText":true,"refBibsNative":false,"abstractWordCount":0,"abstractCharCount":0,"keywordCount":0},"title":"THE CHAMBER MUSIC OF FRANZ SCHUBERT","refBibs":[],"genre":["research-article"],"host":{"title":"The Musical Quarterly","language":["unknown"],"issn":["0027-4631"],"eissn":["1741-8399"],"publisherId":["musqtl"],"volume":"XIV","issue":"4","pages":{"first":"515","last":"538"},"genre":["journal"],"subject":[{"value":"Articles"}]},"namedEntities":{"unitex":{"date":["1901","1820","1928","1814","1819","1826","1815","1822","1811","1827","1816","1812","1828","1817","1900","1824"],"geogName":[],"orgName":[],"orgName_funder":[],"orgName_provider":[],"persName":["Brahms","Franz Schubert","Schubert","Paumgartner","Edmondstoune Duncan","Trio","Duncan","Beethoven","Oskar Bie","Quartet-Satz","Hall","Kneisel","Franz Kneisel","Leland"],"placeName":["Hungary"],"ref_url":[],"ref_bibl":["December, 1820"],"bibl":[]}},"ark":["ark:/67375/HXZ-D7P3GRW0-4"],"categories":{"wos":[],"scienceMetrix":["1 - arts & humanities","2 - visual & performing arts","3 - music"],"scopus":["1 - Social Sciences","2 - Arts and Humanities","3 - Music"]},"publicationDate":"1928","copyrightDate":"1928","enrichments":{"type":["multicat","refBibs","teeft","unitex"]},"doi":["10.1093/mq/XIV.4.515"],"_id":"ECC10F502AA79799E5807BDBFF76ECE6CE78AE2F"}