{"corpusName":"oup","author":[{"name":"MAYNARD SOLOMON"}],"articleId":["LXI.2.272"],"arkIstex":"ark:/67375/HXZ-BZWHV9R6-Q","language":["eng"],"originalGenre":["research-article"],"qualityIndicators":{"score":5.05,"pdfWordCount":9328,"pdfCharCount":49950,"pdfVersion":1.3,"pdfPageCount":23,"pdfPageSize":"435 x 668 pts","pdfWordsPerPage":406,"pdfText":true,"refBibsNative":false,"abstractWordCount":0,"abstractCharCount":0,"keywordCount":0},"title":"BEETHOVEN: THE NOBILITY PRETENSE","refBibs":[{"author":[{"name":"G Schenk"}],"publicationDate":"1953","host":{"title":"The European Nobility in the Eighteenth Century","publicationDate":"1953","author":[],"pages":{"first":"109","last":"116"}}},{"author":[],"publicationDate":"1968","host":{"title":"Ludwig van Beethovens Konversationshefte","publicationDate":"1968","author":[],"pages":{"first":"795","last":"96"}}},{"title":"II, 631 (Letter 700). 28Theodor Frimmel","author":[],"publicationDate":"1926","host":{"title":"The Letters of Beethoven II","publicationDate":"1926","author":[],"pages":{"first":"62","last":"68"}}},{"title":"(draft scheme for a musical constitution","author":[],"publicationDate":"1809-01","host":{"title":"may now be definitely dated as shortly after December, 1815, for in 47 Ibid., Ill, 1421 (draft contractTo share, if possible, the Imperial title in turn — with Salicri and Eybler","publicationDate":"1809-01","author":[],"pages":{"first":"1446","last":"47"}}},{"host":{"title":"Berichte der Zeitgenossen, Briefe und persb'nliche Aufzeichnungen","publicationDate":"1921","author":[{"name":"Albert Lcitzmann"},{"name":"Ed Ludwig Van Beethoven"}]}},{"host":{"author":[{"name":" Schindlcr-Macardle"}],"pages":{"first":"205"}}},{"host":{"publicationDate":"1826","author":[{"name":" Ibid"}],"pages":{"first":"1413"}}},{"host":{"title":"Prod'homme, Cahiers","author":[],"pages":{"first":"426","last":"27"}}},{"host":{"title":"For an extensive review of this as reflected in the conversation books, see Kalischer, Beethoven und seine Zeitgenossen, I, 368-81, For the king's letter to Beethoven","author":[]}},{"host":{"publicationDate":"1326","author":[{"name":"Iii Anderson"}]}},{"host":{"title":"As related by Holz to Fanny Linzbauer","author":[]}},{"host":{"title":"V, 278-79; Thayer-Krehbiel, III, 214; incorrectly dated and abridged in Thayer-Forbes","author":[{"name":" Thayer-Riemann"}],"pages":{"first":"1018","last":"19"}}},{"host":{"publicationDate":"1542","author":[{"name":"Iii Anderson"}],"pages":{"first":"1321","last":"22"}}},{"host":{"title":"which restricts them: revolt; or else a (more or less illusory) participation, which makes it possible for them to bear their suppression","publicationDate":"1954","author":[]}},{"author":[],"host":{"title":"78Eduard Hanslick, Geschichte des Concertwesens in Wien (Vienna, 1869)","author":[],"pages":{"first":"50","last":"79"}}},{"host":{"author":[{"name":" Wegeler-Ries"}],"pages":{"first":"267","last":"68"}}}],"genre":["research-article"],"host":{"title":"The Musical Quarterly","language":["unknown"],"issn":["0027-4631"],"eissn":["1741-8399"],"publisherId":["musqtl"],"volume":"LXI","issue":"2","pages":{"first":"272","last":"294"},"genre":["journal"],"subject":[{"value":"Articles"}]},"namedEntities":{"unitex":{"date":["1772","1820","in the Eighteenth Century","eighteenth century","1825","1814","1975","1789","1819","1808","1796","1826","1815","1820s","1809","fifteenth centuries","nineteenth century","1867","1816","1845","1823","1830s","1806","1824"],"geogName":["Ill"],"orgName":["Hungary, Bohemia, Russia, and Germany","Lower Austria, Vienna","Congress","Royal Swedish Academy of Music","France and Kotzebue"],"orgName_funder":[],"orgName_provider":[],"persName":["Albert Goodwin","Friedrich Wilhelm","Ludwig Nohl","Anton Schindler","Ludwig von Beethoven","Caspar Carl","Johann Baptist","Debussy","Holz","Cornelius van Beethoven","Mirabeau","Nohl","Collected Correspondence","Hanslick","Elliot Forbes","Galitzin","Esterhizy","H. G. Schenk","Louis","Theodor Frimmel","Emily Anderson","Arnold Schmitz","Joseph Haydn","Karl Peters","Schlesinger","Erich Schenk","Henry E. Krehbiel","Louis van Beethoven","Ludwig van Beethovens","Giuseppe Bertini","Donald W. MacArdle","Wegeler","Johann van Beethoven","Albert Lcitzmann","London Notebooks","Louis-Ferdinand","W. H. Bruford","Beethoven","Martin Cooper","ChoronFayolle","Pichler","A. C. Kalischer","Ludwig van Beethoven","Henry Reeve","H. C. Fischer","O. E. Deutsch","Hatzfeld","Raymond Van Aerde","Schindler","Friedrich Kerst","Ferdinand Ries","Lobkowitz","Hugo Riemann","A. Thomas","Fanny Linzbauer","Lichnowsky","Robert Bory","Barea","Hermann Deiters","Fenichel","Eduard Hanslick","Franz-Gerhard Wegeler","Thayer","Kinsky","Ludwig von Turkheim","Franz Xavier","Anton Teyber","Ignace Moscheles","Richard Sterba","Spiker"],"placeName":["Leipzig","Paris","Kock","Palermo","Germany","Antwerp","Bonn","Austria","Austrian Empire","Europe","Dittersdorf","Vienna","Dublin","Chartres","Amsterdam","Hof","Stockholm","France","Russia","Sweden","Salzburg"],"ref_url":[],"ref_bibl":["London, 1877","Paris, 1927","New York, 1954","London, 1970","Letter 1542","Coblenz, 1838","Letter 1175","March, 1823","on February 20, 1824","Letter 1217","Vienna, 1970","Leipzig, 1902","Halle, 1909","Berlin, 1927","Letter 1546","December, 1815","February, 1826","December, 1826","Leipzig, 1968","Palermo, 1814","Letter 1551","Bonn, 1971","Stuttgart, 1913","November, 1822","Vienna, 1869","Paris, 1946","December, 1819","Letter 1271","London, 1961","1820, 1821, 1822 (Boston, 1825)","April, 1820","London, 1966","Vienna, 1874","Letter 1194","Letter 1121","Leipzig, 1921","New York, 1966","Coblenz, 1845","Letter 1292","May, 1823","New York, 1921","Leipzig, 1926","Cambridge, 1935"],"bibl":[]}},"ark":["ark:/67375/HXZ-BZWHV9R6-Q"],"categories":{"wos":[],"scienceMetrix":["1 - arts & humanities","2 - visual & performing arts","3 - music"],"scopus":["1 - Social Sciences","2 - Arts and Humanities","3 - Music"]},"publicationDate":"1975","copyrightDate":"1975","enrichments":{"type":["multicat","refBibs","unitex"]},"doi":["10.1093/mq/LXI.2.272"],"_id":"DA6DA6BA0D5D81C1D6E271939CE74BB031C00D7D"}