{"corpusName":"oup","keywords":{"teeft":["berlin volume","detroit volume","klimowitzki","recent year","ninth symphony","immortal beloved","music criticism","less successful","metronome marking","sketchbook","great many","east german volume","beethoven specialist","such topic","beethoven biography","several other similar volume","beethoven essay","reinhold name","large quantity","beethoven research","many scholar","first paper","derrick puffett beethoven","international beethoven congress","michael steinberg","many beethoven performance","imaginary early performance","fifth symphony","listener hearing","first time","more weight","actual review","allgemeine musikalische zeitung","more authentic mode","several writer","panel discussion","historical problem","beethoven performance","correct instrument","correct piano","early instrument","modern one","much more","such matter","orchestral balance","certain other thorny problem","robert winter bruce carr","phrase mark","more legato","notable early exponent","other topic","recitative cadence","michael article","vocal music","musical time","same conclusion","different autograph","staccato dot","staccato dash","beethoven complete edition","sign indiscriminately","other paper","performance convention","otto biba","social background","main hall","financial arrangement","such concert","particular occasion","james study","traditional element","string quartet","webster point","individual feature","limited space","sketch study","wayne state university press","detroit panel discussion","future direction","sketch research","compositional process","other handel","composer such","kern holoman","compositional change","sketch douglas johnson","early work","robert winter","verlag neue musik","sieghard brandenburg","antal foreword","detroit congress","abraham klimowitzki","group sketch","last century","principal sketchbook","english decadent","logical order","second movement","seid umschlungen","analytical comment","beethoven scholarship","choral fantasia","square rhythm","dynamic form","sonata style","preliminary assessment","interim report","wrong order","other library","full list","fuller reconstruction","future paper","main concern","curious omission","nearby teplitz","exact date","early sketch","same bifolio","violin sonata","easy solution","considerable improvement","eighth symphony","good quality","different version","sonata form","many alteration","ternary form","final version","first version","third leaf","early idea","fourth movement","seventh symphony","2the theil","2ter theil","beyde ohne widerholung","fourth leaf","han sketch index","much larger project","sketch miscellany berlin","more biographical","music beethoven","certain work","cello variation","piano sonata","other year","detroit proceeding","california press","conversation book","interesting detail","last year","fake entry","fact nave","dagmar beck","grita herre","individual letter","multiple entry","aesthetic issue","genuine one","minor detail","complete transcription","witness schindler","biographical document","fischhof manuscript","chief importance","clemens brenneis analysis","early attempt","anton graffer","biographical article maynard solomon","dicusses admiration","bonn year","diffuse article","recent beethoven biography","familiar controversy","nobility question","congress report","particular goldschmidt attack","more doubtful hypothesis","recent biography","misreading solomon","psychological point","much valuable material","beethoven scholar","particular specialism","minor misprint","treble clef","fair reflection","overall presentation","barry cooper","george perle","angeles london","transcription"]},"author":[{"name":"BARRY COOPER"}],"articleId":["62.3-4.406"],"arkIstex":"ark:/67375/HXZ-M42Q2HJH-F","language":["eng"],"originalGenre":["book-review"],"qualityIndicators":{"score":2.281,"pdfWordCount":2231,"pdfCharCount":12795,"pdfVersion":1.3,"pdfPageCount":4,"pdfPageSize":"423 x 711 pts","pdfWordsPerPage":558,"pdfText":true,"refBibsNative":false,"abstractWordCount":0,"abstractCharCount":0,"keywordCount":0},"title":"REVIEWS OF BOOKS","genre":["book-reviews"],"host":{"title":"Music and Letters","language":["unknown"],"issn":["0027-4224"],"eissn":["1477-4631"],"publisherId":["musicj"],"volume":"62","issue":"3-4","pages":{"first":"406","last":"409"},"genre":["journal"],"subject":[{"value":"REVIEWS OF BOOKS"}]},"namedEntities":{"unitex":{"date":["1981","1810","1796","1811","1977","1823","1812","1824"],"geogName":[],"orgName":["Wayne State University","University of California Press"],"orgName_funder":[],"orgName_provider":[],"persName":["W. B. Yeats","Eva Badura-Skoda","Karl-Heinz Kohler","James Webster","Douglas Johnson","Harry Goldschmidt","Michael Tilmouth","Grita","Bruce Carr","E. T. A. Hoffmann","Kern Holoman","Klimowitzki","George Perle","Otto Biba","Hans Schmidt","Robert Winter","Abraham Klimowitzki","Anton Graffer"],"placeName":["Bonn","Los Angeles","Berkeley","Leningrad","Detroit"],"ref_url":[],"ref_bibl":["December 1811"],"bibl":[]}},"ark":["ark:/67375/HXZ-M42Q2HJH-F"],"categories":{"wos":[],"scienceMetrix":["1 - arts & humanities","2 - visual & performing arts","3 - music"],"scopus":["1 - Social Sciences","2 - Arts and Humanities","3 - Music"]},"publicationDate":"1981","copyrightDate":"1981","enrichments":{"type":["multicat","refBibs","teeft","unitex"]},"doi":["10.1093/ml/62.3-4.406"],"_id":"2900321F5AFA21C9E988BD141C747CA82FC64C7F"}