{"corpusName":"oup","keywords":{"teeft":["crotchet","minim","executant","indian music","absolute pitch","such thing","dynamic marking","vocal music","irregular interval","notation","modern music","human mind","instrumental music","european music","indian musician","present century","small discrepancy","ecclesiastical mode","great deal","absolute duration","something more","rhythmic system","musical mind","white note","something definite","short note","metronome","tempo"]},"author":[{"name":"PETER LATHAM"}],"articleId":["XXV.1.33"],"arkIstex":"ark:/67375/HXZ-CKG2HMPX-P","language":["eng"],"originalGenre":["research-article"],"qualityIndicators":{"score":5.05,"pdfWordCount":8086,"pdfCharCount":41845,"pdfVersion":1.3,"pdfPageCount":13,"pdfPageSize":"471 x 694 pts","pdfWordsPerPage":622,"pdfText":true,"refBibsNative":false,"abstractWordCount":0,"abstractCharCount":0,"keywordCount":0},"title":"THE SCORE—SERVANT OR MASTER?","refBibs":[],"genre":["research-article"],"host":{"title":"Music and Letters","language":["unknown"],"issn":["0027-4224"],"eissn":["1477-4631"],"publisherId":["musicj"],"volume":"XXV","issue":"1","pages":{"first":"33","last":"45"},"genre":["journal"],"subject":[{"value":"Articles"}]},"namedEntities":{"unitex":{"date":["1939","in the eighteenth century","sixteenth century","1920","the nineteenth century","in the twentieth century","sixteenth centuries","1944","1626","1563"],"geogName":[],"orgName":[],"orgName_funder":[],"orgName_provider":[],"persName":["William Walton","Donald Tovey","Henry Purcell","Carlo Gesualdo","Every","Mary Harvey","Walton","John Dowland","Stanford","Beethoven","Celeste Aida","Thomas Weelkes"],"placeName":["Stanford","India","Europe","Denmark","Ireland","Palestrina"],"ref_url":[],"ref_bibl":["John Murray, London, 1022"],"bibl":[]}},"ark":["ark:/67375/HXZ-CKG2HMPX-P"],"categories":{"wos":[],"scienceMetrix":["1 - arts & humanities","2 - visual & performing arts","3 - music"],"scopus":["1 - Social Sciences","2 - Arts and Humanities","3 - Music"]},"publicationDate":"1944","copyrightDate":"1944","enrichments":{"type":["multicat","refBibs","teeft","unitex"]},"doi":["10.1093/ml/XXV.1.33"],"_id":"AEBFB0C16A83069BB0E49B134186035514B69644"}