{"corpusName":"cambridge","author":[{"name":"Harold Truscott"}],"articleId":["05727"],"arkIstex":"ark:/67375/6GQ-PF34L23H-M","language":["eng"],"originalGenre":["research-article"],"abstract":"Hans Pfitzner was born in 1869 in Moscow—where his parents were temporarily residing—and is sometimes described as a German-Russian composer, although in fact he had no Russian blood. He grew up in Frankfurt o/M, where his father was Musikdirektor at the Municipal Theatre. From him he had his first music lessons, and perhaps the environment helped foster his interest in opera and music for the stage. He studied piano with James Kwast and composition with Ivan Knorr—the teacher of Cyril Scott and Percy Grainger—at Hoch's Conservatoire in Frankfurt. After finishing there, he took up the first in a series of teaching and conducting appointments which lasted until the advent of Hitler in 1933. These included a period as Director of Strasbourg Conservatoire, conductorship of the Kaim Orchestra in Munich, and frequent appearances as conductor with the Berlin Philharmonic Orchestra, with whom he also made very notable recordings, especially of the Beethoven symphonies—performances which rank with the finest I have ever heard. Strasbourg University honoured him in 1913 with the degree of Ph.D., and in the same year he was married—in Canterbury, Kent, to which city he and his bride had fled to avoid unpleasant entanglement with Percy Grainger, who considered himself a suitor for the same girl's hand.","qualityIndicators":{"score":7.547,"pdfWordCount":3051,"pdfCharCount":16612,"pdfVersion":1.6,"pdfPageCount":9,"pdfPageSize":"498.96 x 720 pts","refBibsNative":false,"abstractWordCount":208,"abstractCharCount":1312,"keywordCount":0},"title":"Pfitzner's Orchestral Music","pii":["S0040298200057272"],"genre":["research-article"],"host":{"title":"Tempo","language":["unknown"],"issn":["0040-2982"],"eissn":["1478-2286"],"publisherId":["TEM"],"issue":"104","pages":{"first":"2","last":"10","total":"9"},"genre":["journal"]},"ark":["ark:/67375/6GQ-PF34L23H-M"],"categories":{"wos":[],"scienceMetrix":[],"scopus":["1 - Social Sciences","2 - Arts and Humanities","3 - Music"],"inist":["1 - sciences humaines et sociales"]},"publicationDate":"1973","copyrightDate":"1973","enrichments":{"type":["multicat","nb","refBibs"]},"doi":["10.1017/S0040298200057272"],"_id":"99A26C5E4D03854C447DC841A72733649E9F29A8"}