{"corpusName":"cambridge","author":[{"name":"Nancy Uscher"}],"articleId":["02208"],"arkIstex":"ark:/67375/6GQ-DPK29MWZ-F","language":["eng"],"originalGenre":["research-article"],"abstract":"Plato discussed the term ‘heterophony’ in his Laws, Part VII, The technique was widely in use by the Notre Dame school of composers in 12th-century Paris. Much of the indigenous music of the Near East and Africa is rich with it. Indeed, there is an important example in the Credo of Beethoven's Missa Solemnis. The Israeli composer Mark Kopytman has in recent years transformed this ancient term into a vital 20th-century technique, and made it the language of some of his important compositions. One of these, Cantus II for violin, viola, and cello (1980), will be performed at the ISCM World Music Days during March in Budapest.","qualityIndicators":{"score":4.482,"pdfWordCount":1198,"pdfCharCount":7390,"pdfVersion":1.4,"pdfPageCount":5,"pdfPageSize":"488.88 x 722.88 pts","refBibsNative":false,"abstractWordCount":107,"abstractCharCount":630,"keywordCount":0},"title":"A 20th–Century Approach to Heterophony: Mark Kopytman'S ‘Cantus II’","pii":["S0040298200022087"],"genre":["research-article"],"host":{"title":"Tempo","language":["unknown"],"issn":["0040-2982"],"eissn":["1478-2286"],"publisherId":["TEM"],"issue":"156","pages":{"first":"19","last":"22","total":"4"},"genre":["journal"]},"ark":["ark:/67375/6GQ-DPK29MWZ-F"],"categories":{"inist":["1 - sciences humaines et sociales","2 - histoire et sciences des religions"]},"publicationDate":"1986","copyrightDate":"1986","enrichments":{"type":["nb","refBibs"]},"doi":["10.1017/S0040298200022087"],"_id":"29EF2B9DA5FD89C8ACBCEB0BCC43DDD494EF3C1C"}