{"corpusName":"cambridge","author":[{"name":"Douglas Young"}],"articleId":["02658"],"arkIstex":"ark:/67375/6GQ-CJBJZM2Q-X","language":["eng"],"originalGenre":["research-article"],"abstract":"With the exceptions of Bartók and Messiaen, modern European composers have not shown a particular preference for the piano as the natural vehicle for major works. It has been left to American composers to continue writing works for the piano with the same confidence as the nineteenth-century masters. The list is impressive, ranging from Ives's extraordinary sonatas to Elliott Carter's fine Concerto, via Piston, Sessions, Barber, Cowell, Foss and Copland. The reasons for this American dominance in modern piano literature are complex, although the purely economic factor, that it is cheaper to perform a piano work than an orchestral one, probably influenced Ives's and Copland's generations. To this must be added the use of the piano in jazz, that peculiarly American phenomenon. Indeed the piano, in its more percussive vein, seems to be the quintessential sonority of American music. Looking at Copland's work we can see that piano sound clearly influences the nature of his orchestrations, as it did Ravel's. Some works began life as piano scores (the ballet Billy the Kid for instance), most of the orchestral works include a piano, and many use typical piano gestures—the opening of El Salón México for example. Conversely Copland's piano writing, like that of Beethoven, is influenced by the sounds of the orchestra, although never to such an extent that it prevents truly pianistic writing. The piano works are brilliantly realized in terms of the instrument and are virtuoso pieces, particularly in their rhythmic and sonorous subtleties.","qualityIndicators":{"score":7.516,"pdfWordCount":2576,"pdfCharCount":14278,"pdfVersion":1.4,"pdfPageCount":8,"pdfPageSize":"488.88 x 722.88 pts","refBibsNative":true,"abstractWordCount":245,"abstractCharCount":1552,"keywordCount":0},"title":"The Piano Music","pii":["S0040298200026589"],"refBibs":[],"genre":["research-article"],"host":{"title":"Tempo","language":["unknown"],"issn":["0040-2982"],"eissn":["1478-2286"],"publisherId":["TEM"],"issue":"95","pages":{"first":"15","last":"22","total":"8"},"genre":["journal"]},"ark":["ark:/67375/6GQ-CJBJZM2Q-X"],"categories":{"wos":[],"scienceMetrix":[],"scopus":["1 - Social Sciences","2 - Arts and Humanities","3 - Music"],"inist":["1 - sciences humaines et sociales","2 - ethnologie"]},"publicationDate":"1971","copyrightDate":"1971","enrichments":{"type":["multicat","nb"]},"doi":["10.1017/S0040298200026589"],"_id":"3116FF1ECC992716B4D6DAFDB35C5BBF1FEA44D3"}