{"corpusName":"oup","author":[{"name":"Nicholas Vazsonyi","affiliations":["*University of South Carolina. Email: vazsonyi@sc.edu."]}],"articleId":["gcm089"],"arkIstex":"ark:/67375/HXZ-LSZ604T0-S","language":["eng"],"originalGenre":["research-article"],"abstract":"Wagner's ‘theatricality’, his tendency to make a production of himself, has been explained as evidence of his megalomania and as an attempt at self-aggrandizement. In this article Wagner's extravagant behaviours and utterances are placed on a different discursive plane, as imaginative and highly successful forms of self-marketing. Beethoven, central to Wagner's iconoclastic historiography of music and legitimation of his aesthetic project, was also a crucial element in Wagner's effort to create his own distinct persona and to establish a ‘unique’ niche for his works. A close reading of Wagner's novella A Pilgrimage to Beethoven (1840) and an analysis of his publicity campaign to attract and prepare the Dresden audience for his 1846 performance of Beethoven's Ninth Symphony reveal both the complexity and the mechanics of Wagner's highly constructed self-image and talent at drawing a crowd. They also explain how and why Wagner's instrumentalization of Beethoven needs to be viewed from this perspective as well.","qualityIndicators":{"score":7.515,"pdfWordCount":9592,"pdfCharCount":58227,"pdfVersion":1.4,"pdfPageCount":17,"pdfPageSize":"479 x 697 pts","pdfWordsPerPage":564,"pdfText":true,"refBibsNative":false,"abstractWordCount":154,"abstractCharCount":1023,"keywordCount":0},"title":"Beethoven Instrumentalized: Richard Wagner's Self-Marketing and Media Image","genre":["research-article"],"host":{"title":"Music and Letters","language":["unknown"],"issn":["0027-4224"],"eissn":["1477-4631"],"publisherId":["musicj"],"volume":"89","issue":"2","pages":{"first":"195","last":"211"},"genre":["journal"],"subject":[{"value":"Articles"}]},"namedEntities":{"unitex":{"date":["Eighteenth Century","1872","1960s","since the nineteenth century","1849","1838","1840","in the nineteenth century","2008","1841","1846","1760s"],"geogName":[],"orgName":["Gleichem","Liszt Research and Walker","University of South Carolina","France, Germans","Pension Fund for Widows and Orphans"],"orgName_funder":["Pension Fund for Widows and Orphans"],"orgName_provider":[],"persName":["Thomas S. Grey","Schladebach","Grey","Ernst Behler","Wagner","German Identity","Eichhorn","Meredith","H. H. Eggebrecht","Franz Liszt","Carl Maria","Martha Woodmansee","Vincent Giroud","Niccolo Paganini","Helmut Kirchmeyer","Knittel","Bourdieu","Marc Weiner","Friedrich Glasenapp","Gertrud Strobel","Friedrich Schlegel","Michael Talbot","Julius Schladebach","Marjorie Perloff","Weber","Divine Comedy","Richard Wagner","Jim Samson","Joseph Kurschner","Johann Friedrich","Klaus Kropfinger","Sue Morrow","W. Segebrecht","Eric Hobsbawm","Franz Grillparzer","Nicholas Vazsonyi","Benjamin Walton","Kropfinger","Lydia Goehr","H. Steinecke","Maurice Schlesinger","Benedict Anderson","Werner Wolf","The","K. M. Knittel","K. L. Chua","Giacomo Meyerbeer","Waldstein","T. Burger","Esteban Buch","Karl Laux","Beethoven","E. T. A. Hoffmann","Boris Voigt","Richard Wagners","Christopher Gibbs","Dana Gooleyçnot","Matthias Brzoska","Dana Gooley","Ernst Rychnowski","William Meredith","Roger Parker","Martin Gregor-Dellin","German Federation","German Jew","Simon P. Keefe","Andreas Eichhorn","Andreas Huyssen","Carl Gottlieb","Hoffmann","Ludwig Hellwig","Alan Walker","Ludwig Rellstab","Joseph Fischhoff","Paul Mann","My Friends","P. Palmer","Allan Keiler","Published","R. Miller","Ulrich Druner","Susan Emanuel","Pierre Bourdieu","Jurgen Habermas","Alexandra Comini","An Inquiry"],"placeName":["Leipzig","Mass.","Paris","Germany","Dresden","Bonn","Regensburg","Europe","Bayreuth","Wiesbaden","Cambridge","Mainz","Heiligenstadt"],"ref_url":[],"ref_bibl":["Munich, 1963","Cambridge, 1991","Cambridge, 2004","Chicago, 2004","New Y ork, 1983","Weimar, 1983","New Y ork, 1994","Leipzig, 2000","Leipzig, 1969","Munich, 1967","Cambridge, 1995","November 1843","London, 1991","Cologne and Weimar, 2003","Stanford, 1995","Frankfurt am Main, 1993","Gottingen, 2006","Cambridge, 1983","[1830]","Liverpool, 2000","Cambridge, 2001","Oxford, 1992","Cambridge, 2006","Stuttgart, 1886","Princeton, 2006","Cologne and Weimar, 2000","Chicago, 1986","Cambridge, 1997","Hamburg, 2003"],"bibl":[]}},"ark":["ark:/67375/HXZ-LSZ604T0-S"],"categories":{"wos":[],"scienceMetrix":["1 - arts & humanities","2 - visual & performing arts","3 - music"],"scopus":["1 - Social Sciences","2 - Arts and Humanities","3 - Music"],"inist":["1 - sciences humaines et sociales","2 - philosophie"]},"publicationDate":"2008","copyrightDate":"2007","enrichments":{"type":["multicat","nb","refBibs","unitex"]},"doi":["10.1093/ml/gcm089"],"_id":"E8EBBA574574BA752D611BEE10DFF6B6BEB5AA4B"}