{"corpusName":"oup","keywords":{"teeft":["ritardando","first movement","classical symphony","poco","andante","rubato","basic tempo","semiquaver","tempo","scherzo","first subject","strauss","large orchestra","other conductor","last movement","continuous line","second movement","real ritardando","fraction slower","second subject","same tempo","much more","poco adagio","quaver","allegro","recitative"]},"author":[{"name":"LEO WURMSER"}],"articleId":["45.3.233"],"arkIstex":"ark:/67375/HXZ-GR828K1Q-7","language":["eng"],"originalGenre":["research-article"],"qualityIndicators":{"score":2.421,"pdfWordCount":2371,"pdfCharCount":12033,"pdfVersion":1.3,"pdfPageCount":6,"pdfPageSize":"420 x 691 pts","pdfWordsPerPage":395,"pdfText":true,"refBibsNative":false,"abstractWordCount":0,"abstractCharCount":0,"keywordCount":0},"title":"STRAUSS AND SOME CLASSICAL SYMPHONIES","genre":["research-article"],"host":{"title":"Music and Letters","language":["unknown"],"issn":["0027-4224"],"eissn":["1477-4631"],"publisherId":["musicj"],"volume":"45","issue":"3","pages":{"first":"233","last":"238"},"genre":["journal"],"subject":[{"value":"Articles"}]},"namedEntities":{"unitex":{"date":["1964"],"geogName":[],"orgName":[],"orgName_funder":[],"orgName_provider":[],"persName":["Strauss","Beethoven"],"placeName":[],"ref_url":[],"ref_bibl":[],"bibl":[]}},"ark":["ark:/67375/HXZ-GR828K1Q-7"],"categories":{"wos":[],"scienceMetrix":["1 - arts & humanities","2 - visual & performing arts","3 - music"],"scopus":["1 - Social Sciences","2 - Arts and Humanities","3 - Music"]},"publicationDate":"1964","copyrightDate":"1964","enrichments":{"type":["multicat","refBibs","teeft","unitex"]},"doi":["10.1093/ml/45.3.233"],"_id":"0CD6FB79A6DE047617F4505115B44F9111A9F582"}