{"corpusName":"sage","keywords":{"teeft":["music examples","popular music","carol stream","church music","bibliography","robert carney","twentieth century","next fundraiser","free catalog","more information","culver city","international beethoven congress","paul rosenfeld","doubleday company","greek dancing","educo records","scarritt college","jimmy amadie","menc official directory","harmonic foundation","master tape","cumberland record production","liebeslieder polkas","robert winter"]},"articleId":["10.2307_3395881"],"arkIstex":"ark:/67375/M70-3Z0GLT41-B","language":["eng"],"originalGenre":["other"],"qualityIndicators":{"score":5.289,"pdfWordCount":3277,"pdfCharCount":21741,"pdfVersion":1.2,"pdfPageCount":6,"pdfPageSize":"597 x 881 pts","refBibsNative":false,"abstractWordCount":1,"abstractCharCount":0,"keywordCount":0},"title":"Book browsing","genre":["other"],"host":{"title":"Music Educators Journal","language":["unknown"],"issn":["0027-4321"],"eissn":["1945-0087"],"publisherId":["MEJ"],"volume":"68","issue":"2","pages":{"first":"60","last":"67"},"genre":["journal"]},"namedEntities":{"unitex":{"date":["1979","1981","the twentieth century","1920s","1964","1796","from the sixteenth century","1930s"],"geogName":[],"orgName":["Hohner, Inc.","Beethoven Congress","American Indians","Music Department FROM YOUR MASTER TAPE Now","OXFORD UNIVERSITY PRESS, INC.","HARMONIC FOUNDATION","Canada and Foreign","International Beethoven Congress","Virginia Polytechnic Institute and State University","Indiana University","AMERICAN ORFF","Summer Institute, ROMFESTORCH","University of Iowa","Academy of Sciences","MAGNAMUSIC DISTRIBUTORS INC","Wayne State University","ORCHESTRAL INSTRUMENTS","Department of Music Cleveland State University, Cleveland, Ohio","Greek party","SUMMER INSTITUTE of the ROME FESTIVAL ORCHESTRA","The International","Department of Music, and the Center for Programs","Robson Books Ltd.","HARMONIC FOUNDATION FOR JAZZ AND POPULAR MUSIC","Yale University"],"orgName_funder":[],"orgName_provider":[],"persName":["Eva Badura-Skoda","Carol Stream","William Tortolano","Jimmy Amadie","Virginia Tech","Philadelphia College","Bruno Nettl","Julian Bream","Robert Carney","Decision Auditions","Milton M. Friedman","Rosenfeld","Samuel Applebaum","Margaret J. Kartomi","P.O. Box","James Webster","Paul Rosenfeld","Irving Kolodin","Florida Score","Jeanette Fischell","Barry Green","Austin C. Lovelace","John Williams","Robert Fink","Cheryl Allen","Otto Biha","Roger Johnson","Oscar Shumsky","Otto Klemperer","Doris Lederer","Bel Canto","Graham Wade","Woody Herman","Bruce Carr","Martha Kirkland","P. O. Box","Jean-Jacques Sempe","Time Publ","William Lincer","Steve Allen","Thomas Shaw","Robert Winter","Charles Qsborne","Sharon Smith","Elizabeth May","Bonnie C. Wade","Contemporary","L. P. Silet","U.S.A. Funds","Narciso Yepes","Trevor A. Jones","David Stuart","Andrews Rd","Michael Steinberg","Kenneth Thomson","Zara Nelsova","An Anthology","Henry Roth","Fredell"],"placeName":["Minneapolis","Rochester","Greece","United States","Blackburn","NY.","Garden City","Nashville","Canada","American","Sor","San Luis","Europe","Los Angeles","Athens","Segovia","Vienna","Culver City","Berkeley","Leinsdorf","YORK","York","Hustad","TN","France","ITALY","Cleveland","DETROIT","England","New Haven"],"ref_url":[],"ref_bibl":["University of California Press, 1980","Garland Publishing, Inc., 1981","Riverrun Press, Inc., 1980","Company, Inc., 1981","Paganiniana Publications, Inc., 1980","Prentice-Hall, Inc., 1981","Scarecrow Press, Inc., 1981","Workman Publishing Company, Inc., 1980","Company, Inc., 1980","Rowman and Littlefield, 1981","November 1977"],"bibl":[]}},"ark":["ark:/67375/M70-3Z0GLT41-B"],"publicationDate":"1981","copyrightDate":"1981","enrichments":{"type":["refBibs","teeft","unitex"]},"doi":["10.2307/3395881"],"_id":"F941D92976A3837A69ACF432BC66B4E0DA162137"}