{"corpusName":"sage","keywords":{"teeft":["hotel pennsylvania","arte quartet","subscription album","metropolitan opera company","music educators","fairchild","gorgeous music","forthcoming music educators","conference meeting","weaver symphony orchestra debussy","york city","instrument records","vocal music","high fidelity","sound engineering design","high precision","fairchild equipment","speech departments","fairchild recorders","several years","exceptional results","fairchild recorder","recording instrument division fairchild","camera corporation woodside","best reeds","black dozen clarinet","demand rrvrrn page","paris conservatory pola","andr6 capeffective orchestration","original piano version","dellus album","london philconducting beecham","tone poems show","great english composer","opera koanga","nationalisliant performance","superior recording","same legende","ireworks music","london philharharty","first ademonicquate recording","important suite","allegro movement","brass instruments","string parts version","gretel boult dream","orchestral number","fective german mozart","ormandy dances","first recpieces","bosfiedler gioconda","piece frespirited performance","quently ravel","chloe suite","paris conservacoppola","first tory","shera recording","program music","small volume","musical pilgrim series","considerable differences","version belius","recording standpoint","micro dozen clarinet alto","complete satisfaction","schwartz musicco","finnish naschneevoigt","tional orchestra","sibelius society","fine volalbum","voces intimae","budapest quartet","graceful music","fine sensitiveness","concerto concerto","mthe london","brilliant work","superb performances","scherzo fetz","chamber music beethoven","german artists","posaddition sibly","beethoven library","oftenheard work","lener interpretation","columbia approaches","finest sonatas","cello literature","splendid interpretation","fine performance","important release","recorder paul","fine ensemble","several respects","recording music","haydn quartet society","release advantage","quartet haydn society","sound recording","local dealer","fine collection superlatively","finest works","tura variations","miliza korjus","best coloratura","many recordings","maria wiegenlied","treue liebe","victor recordings","good brahms style","superlative beauty","grieg hollis","song series book","editorial mutilation handelian","music educators journal randel","other examples","hugo wolf society","songs performances","italienisches liederbuch","metropolitan opera","conference musiceducators","theopera piano music bach","beloved brother","karl ulrich schnabel","victor schnabel","real artistry","delightful excursion","second record","fantasia alria","columbia scribed","elisabeth rethberg renemaison dorothee friedrich schorr manski emanuellist cohen cantata","tranthe latter egon petri","fine unfine","true bach style","andante pavorito","lovely music","fine restraightforward performance cording","popular music","brunswick brunswick","first honors","irving berlin","inimitable fred astaire","recharming hilliard","johnny orchestra","cases adrecords","brunswick recordings","reisman chance","cleverest orchestrations","rhumba rhythm","danse effects","saxy dowell","fine marches","goldman band","louis prima warbles love","columbia records","best music","phil regan","victor nrecords","victor releases","fine piece","gordon jenkins","last part","vocalion records","many people","worst record","opera house","record reviews","generous coiperation","juilliard opera committeeis","special feature","nominal prices","order form opera committee","camera corporation","special performance","opera lohengrin","tuesday evening","metropolitan opera house","conference registration desk","rear seats","omnibus circle","orchestra circle","dress family circle"]},"author":[{"name":"Paul J. Weaver"}],"articleId":["10.2307_3384788"],"arkIstex":"ark:/67375/M70-TFTVM0S9-L","language":["eng"],"originalGenre":["review-article"],"qualityIndicators":{"score":3.24,"pdfWordCount":1228,"pdfCharCount":10919,"pdfVersion":1.6,"pdfPageCount":2,"pdfPageSize":"648 x 864 pts","refBibsNative":false,"abstractWordCount":1,"abstractCharCount":0,"keywordCount":0},"title":"Record Reviews","genre":["review-article"],"host":{"title":"Music Educators Journal","language":["unknown"],"issn":["0027-4321"],"eissn":["1945-0087"],"publisherId":["MEJ"],"volume":"22","issue":"5","pages":{"first":"78","last":"79"},"genre":["journal"]},"namedEntities":{"unitex":{"date":["1936"],"geogName":[],"orgName":["Music Educators National Conference","Recording Instrument Division Fairchild Aerial Camera Corporation","Juilliard Foundation","Music Educators National Conference, Hotel Pennsylvania, New York","Metropolitan Opera NATIONAL CONFERENCE MUSICEDUCATORS OF THEOPERA PIANO MUSIC Bach"],"orgName_funder":[],"orgName_provider":[],"persName":["N. Y. Date","Egon Petri","German Mozart","Hal Kemp","Conrad Thibault","Victor Pour","Hilliard","N. Y. Dept","Victor Beethoven","P. M. Metropolitan","Johnny Green","Karl Ulrich","Thione","M.E.N.C. Opera","London Philharmonic-Victor","Gordon Jenkins","Cohen","Shera","Joe Froeba","Gretel Ha","Miiller-Victor","Cohen Cantata","Fred Astaire","Ray Noble","Maria Wiegenlied","London Philconducting","Berlin"],"placeName":["Minneapolis","Columbia","St. New","YORK","York","Budapest"],"ref_url":[],"ref_bibl":[],"bibl":[]}},"ark":["ark:/67375/M70-TFTVM0S9-L"],"publicationDate":"1936","copyrightDate":"1936","enrichments":{"type":["refBibs","teeft","unitex"]},"doi":["10.2307/3384788"],"_id":"E4B46A77D5959A559D52C45D5F434C923423D087"}