{"corpusName":"oup","keywords":{"teeft":["therese","malfatti","gleichenstein","musical quarterly","malfatti family","sister nanette","first publication","hugo riemann","present writer","unsterbliche geliebte","same year","malfatti circle","original manuscript","first time"]},"author":[{"name":"MAX UNGER"}],"articleId":["XI.1.63"],"arkIstex":"ark:/67375/HXZ-16GSLG09-5","language":["eng"],"originalGenre":["research-article"],"qualityIndicators":{"score":3.902,"pdfWordCount":3852,"pdfCharCount":20767,"pdfVersion":1.2,"pdfPageCount":10,"pdfPageSize":"455 x 669 pts","pdfWordsPerPage":385,"pdfText":true,"refBibsNative":false,"abstractWordCount":0,"abstractCharCount":0,"keywordCount":0},"title":"BEETHOVEN AND THERESE VON MALFATTI","genre":["research-article"],"host":{"title":"The Musical Quarterly","language":["unknown"],"issn":["0027-4631"],"eissn":["1741-8399"],"publisherId":["musqtl"],"volume":"XI","issue":"1","pages":{"first":"63","last":"72"},"genre":["journal"],"subject":[{"value":"Articles"}]},"namedEntities":{"unitex":{"date":["1807","1865","1810","1925","1809","1811","1809 or 1810","1817"],"geogName":[],"orgName":[],"orgName_funder":[],"orgName_provider":[],"persName":["Ludwig Nohl","Ludwig Schnorr","Steffen Breuning","Amalie Sebald","Jakob von Malfatti","Therese von Malfatti","Albert Leitzmann","Henry Edward","Wolfgang Thomas","Of","Franz von Malfatti","Gustav Nottebohm","F. W. Collard","Malfatti","Ludwig Maria","Therese von Malf","Joseph Henikstein","Pray","Ludwig van Beethoven","Elise Mliller","Theodore Baker","Seminar","Hugo Riemann","Wilhelm Meister","Leopold von Malfatti","Johann von Malfatti","Sonnleithner","Nottebohm"],"placeName":["Leipzig","San Galli","Munich","Bonn","Frankfort","London","Bremen","Vienna"],"ref_url":[],"ref_bibl":["Langensalza, 1911","May, 1810","Halle, 1909","January, 1827"],"bibl":[]}},"ark":["ark:/67375/HXZ-16GSLG09-5"],"categories":{"wos":[],"scienceMetrix":["1 - arts & humanities","2 - visual & performing arts","3 - music"],"scopus":["1 - Social Sciences","2 - Arts and Humanities","3 - Music"]},"publicationDate":"1925","copyrightDate":"1925","enrichments":{"type":["multicat","refBibs","teeft","unitex"]},"doi":["10.1093/mq/XI.1.63"],"_id":"C6278BD86ECD4587FC7D76E6DB8561893F1C86C7"}