{"corpusName":"oup","author":[{"name":"MAYNARD SOLOMON"}],"articleId":["61.3-4.272"],"arkIstex":"ark:/67375/HXZ-G9145LM7-Z","language":["eng"],"originalGenre":["editorial"],"qualityIndicators":{"score":5.05,"pdfWordCount":5291,"pdfCharCount":29509,"pdfVersion":1.3,"pdfPageCount":12,"pdfPageSize":"414 x 707 pts","pdfWordsPerPage":441,"pdfText":true,"refBibsNative":false,"abstractWordCount":0,"abstractCharCount":0,"keywordCount":0},"title":"ON BEETHOVEN'S CREATIVE PROCESS: A TWO-PART INVENTION","refBibs":[{"host":{"title":"Etwas uber Beethoven', Allgmtine musikalische Zeilung, xxix (1826-7), 345-54. ^Thaycr, Beethovens Leben, iv","author":[{"name":"W,C Another Possible Source Is"},{"name":" Muller"}],"pages":{"first":"287","last":"8"}}},{"host":{"title":"Goethe's Briefivechsel mil Friedrich Rochluz","publicationDate":"1887","author":[{"name":"G,\\v Biedermann"}],"pages":{"first":"258","last":"64"}}},{"title":"Schindler fabricated Beethoven's death-bed request that Rochlitz be engaged as biographer, an honour that Rochlitz declined; see Beethoven as I knew him For a definitive discussion of diis fabrication see Clemens Brenneis","author":[],"publicationDate":"1979","host":{"title":"Das Fischhof-Manuskript. Zur Fruhgeschichte der Beethoven- Biographik', Zu Beethoven","publicationDate":"1979","author":[],"pages":{"first":"31","last":"33"}}}],"genre":["editorial"],"host":{"title":"Music and Letters","language":["unknown"],"issn":["0027-4224"],"eissn":["1477-4631"],"publisherId":["musicj"],"volume":"61","issue":"3-4","pages":{"first":"272","last":"283"},"genre":["journal"],"subject":[{"value":"EDITORIAL"}]},"namedEntities":{"unitex":{"date":["1818","1814","1789","1821","1826","1815","1822","1820s","1880","1827","1885","1823","1812","1790s","1817","1980","1835","1824"],"geogName":[],"orgName":[],"orgName_funder":[],"orgName_provider":[],"persName":["D. W. MacArdle","Friedrich Wilhelm","Ludwig Nohl","Karl Holz","Vogl","R. Angermuller","Anton Schindler","Friedrich Rochluz","Hartel","Otto Jahn","O. G. Sonneck","Tobias Haslinger","Rochlitz","W. A. Mozart","Otto Erich","H. Goldschmidt","F. Jonas","Elliot Forbes","Wilhelm Gerhard","Louis Schlosser","H. Riemann","Emily Anderson","August Griesinger","Stephan von Breuning","V. Thayer","W. A. Mozarts","L. Misch","O. Schneider","J. H. Eibl","J. R. Schultz","Edward Schulz","Walter Riezler","F. Rochlitz","H. Deiters","Beethoven","G. D. H. Pidcock","G. C. Hartel","F. X. Niemetschek","Ludwig van Beethoven","Ernest Newman","O. E. Deutsch","V. von Biedermann","Friedrich Rochlitz","Schindler","Friedrich Kerst","Edward Holmes","William James","W. C. Muller","W. A. Bauer","Tyson","Alan Tyson","Gottlieb Mozart"],"placeName":["Leipzig","Kassel","Darmstadt","Stuttgart","Hamburg","Vienna","York","Zurich","Salzburg","New Beethoven"],"ref_url":[],"ref_bibl":["March and May 1823","Leipzig, 1908","June and July 1822","American Mujicological Society, Denver, 1980","December 1880","'Mozart-Jahrbuch', 1975"],"bibl":[]}},"ark":["ark:/67375/HXZ-G9145LM7-Z"],"categories":{"wos":[],"scienceMetrix":["1 - arts & humanities","2 - visual & performing arts","3 - music"],"scopus":["1 - Social Sciences","2 - Arts and Humanities","3 - Music"]},"publicationDate":"1980","copyrightDate":"1980","enrichments":{"type":["multicat","refBibs","unitex"]},"doi":["10.1093/ml/61.3-4.272"],"_id":"88198AB20386629724C695019D97029D698D429E"}