{"corpusName":"oup","keywords":{"teeft":["first night","rheingold","giulio cesare","daniel heartz","yale university press","architectural design","oliver strunk","source reading","music history","classical antiquity","general editor diderot","piero weiss","oxford university press","early music","color reproduction grace page","chicago press","viennese school","european capital","galant style","early beethoven","wolfgang amadeus mozart","neue ausgabe werke","attractive option","jeremy performance","fourcd recording","david golub","bielefelder katalog","dongkyu choy","viennese court","opera thomas forrest kelly","cambridge university press","thomas forrest first night","musical premiere","initial performance","other passage","representative passage","golden oldie","historical case study","serious investigation","social event","institutional support","single chapter","fortynine page","contemporary evidence","first performance","important personage","biographical information","target date","individual critic","relevant opera house","empress marie therese","theatrical capability","stage machinery","histrionic stance","many reader","disparate material","introductory college course","book need","reference work","closer model","documentary source collection","substantial quotation","primary source","journal report","more formal writing","ricordi production book","page feature many visual stimulant","more verbal source material","illustration range","architectural floor plan","stage set","primary purpose","valuable contribution","disconcerting lapse","francesca performance","general history","charles burney","first donna","unpleasant detail","conductor franco decline","role romilda pantaleoni","vienna production","outright error","bayreuth rheingold","mistake concern","overblown generalization","timeless tale","norse mythology","wagner chapter","historical actuality","munich production","pseudo premiere","further reading","event first night","christopher hatch wagner","suicide john louis digaetani jefferson","mcfarland press","john louis digaetani","hofstra university","such work"]},"author":[{"name":"Christopher Hatch"}],"arkIstex":"ark:/67375/HXZ-X6C532M0-5","language":["eng"],"originalGenre":["book-review"],"qualityIndicators":{"score":2.64,"pdfWordCount":1257,"pdfCharCount":7305,"pdfVersion":1.5,"pdfPageCount":3,"pdfPageSize":"504 x 720 pts","pdfWordsPerPage":419,"pdfText":true,"refBibsNative":false,"abstractWordCount":0,"abstractCharCount":0,"keywordCount":0},"title":"Review: First Nights at the Opera","genre":["book-reviews"],"host":{"title":"The Opera Quarterly","language":["unknown"],"issn":["0736-0053"],"eissn":["1476-2870"],"publisherId":["operaq"],"volume":"21","issue":"2","pages":{"first":"374","last":"376"},"genre":["journal"]},"namedEntities":{"unitex":{"date":["2005"],"geogName":[],"orgName":["Oxford University","Hofstra University","Yale University"],"orgName_funder":[],"orgName_provider":[],"persName":["Oliver Strunk","Paris Opéra","Donna Anna","Louis DiGaetani","An Invitation","Charles Burney","Jeremy Barlow","Amadeus Mozart","Giulio Cesare","Don Giovanni","Robert J. Dennis","Leo Treitler","John Louis","Francesca Cuzzoni","Piero Weiss","Forrest Kelly","Christopher Hatch","Music","Jean-Claude Malgoire","David Golub","René Clemencic","W. W. Norton","Daniel Heartz"],"placeName":["Nuremberg","Hagen","Munich","Kassel","Prague","Milan","Bayreuth","Vienna","York","France","Cambridge","New Haven"],"ref_url":[],"ref_bibl":[],"bibl":[]}},"ark":["ark:/67375/HXZ-X6C532M0-5"],"categories":{"wos":[],"scienceMetrix":[],"scopus":["1 - Social Sciences","2 - Arts and Humanities","3 - Music"]},"publicationDate":"2005","copyrightDate":"2005","enrichments":{"type":["multicat","refBibs","teeft","unitex"]},"doi":["10.1093/oq/kbi028"],"_id":"FC10DE7EB9DBDB83AA7C125433AE37B36D2DF490"}