{"corpusName":"sage","keywords":{"teeft":["other hand","great difference","richard strauss","certain modes","vocal music","religious music","glad music","metaphysical point","good music","little doubt","aesthetic credo","such things","psychologist attempts","choral symphony","mona lisa","many people today","famous symphonies","such people","particular type","such works","musical scene","many people love jazz","many people","same people","real beauty","transient sensation","greatest attributes","technical terms","excessive chromaticism","certain compositions","greater stability","regular phrases","classical school","undignified excesses","romantic school","obvious example","mighty fortress","familiar hymn","music drama parsifal","richard wagner","communion service","high peak","latter part","tone poem death","appeal persons","spiritual sense","strauss opera salome","emotional reaction","calm beauty","pastoral symphony","opera tannhiuser","additional examples","sensuous music","evening star","fervid outpouring","worldly passion","errant knight tannhiiuser","inner emotions","sensitive listener","popular songs","song stylist","different kind","considerable value","therapeutic agent","ancient greeks","3ceas masie","mail order music dealer stock","definite order","ecawi band orchestra string orchestra chorus solosand ensembles","state requiredmusic contest list","available promptlyfrom","wabash avenue chicago","member yourfamily","unit fingers","anypiano organ","chordsin perfecttime","availableon fingersmusic scrolls","educational division","harold dart","higher moods","baser ones","mixolydian mode","history books","particular modes","ideal republic","ballet music","great russian dancer","last years","mental institution","former activity","ballet positions","musical excerpts","greatest successes","considerable work","definite value","musical composition","great understanding","certain impressions","classical period","music educators journal","thunderous applause","feeling demandsa","distortionof form","dramatic phrases","first symphony","mature haydn","climacticmeasuresof salomeor","absolute terror","dramatic effects","jupiter symphony","final scene","same opera","much impact today","music need","person need flavorhis speech","violent gestures","great proportion","many cases","music history","expressionistsis haydn","creative artist","arnold schoenberg","musical product","assistantprofessorof music","universityof bridgeport","pirogram foryour","thehousewith music","fine music blueprints","musical understanding series","saul feinberg student","steppicturizasees step","musical score","fine columbia","entire term","royal egmont","mendelssohn symphony","rachmaninoff lincoln","student parts","serious music","free brochure","music publishers","withgreat pridethatmph","inaugural address","important work","musicpublishers holdingcorp","music text","twentieth century music","newcomb college","tulane university","successfultext approaches study","style periods","influencesand personalitiesat work","selectionsanalyzedin detail","yourexamination writeto","copy arthur","bacon collegedivision"]},"author":[{"name":"Harold Dart","affiliations":["Assistant professor of music at the University of Bridgeport, Bridgeport, Connecticut."]}],"articleId":["10.2307_3390313"],"arkIstex":"ark:/67375/M70-GVQ8TP3H-F","language":["eng"],"originalGenre":["research-article"],"qualityIndicators":{"score":3.562,"pdfWordCount":1550,"pdfCharCount":10362,"pdfVersion":1.6,"pdfPageCount":3,"pdfPageSize":"612 x 879 pts","refBibsNative":false,"abstractWordCount":1,"abstractCharCount":0,"keywordCount":0},"title":"An Aesthetic Credo or to Each His Own","genre":["research-article"],"host":{"title":"Music Educators Journal","language":["unknown"],"issn":["0027-4321"],"eissn":["1945-0087"],"publisherId":["MEJ"],"volume":"51","issue":"2","pages":{"first":"111","last":"113"},"genre":["journal"]},"namedEntities":{"unitex":{"date":["1964","1960","TWENTIETH CENTURY"],"geogName":[],"orgName":["Tulane University","Allyn and Baco, Inc"],"orgName_funder":[],"orgName_provider":[],"persName":["Richard Strauss","Peter S. Hansen","Even Plato","Arnold Schoenberg","Richard Wagner","Mona Lisa","John F. Kennedy","Egmont Overture-Beethoven","Lincoln Portrait"],"placeName":["Mass.","Bridgeport","Columbia","Boston","York"],"ref_url":[],"ref_bibl":[],"bibl":[]}},"ark":["ark:/67375/M70-GVQ8TP3H-F"],"publicationDate":"1964","copyrightDate":"1964","enrichments":{"type":["refBibs","teeft","unitex"]},"doi":["10.2307/3390313"],"_id":"24CF7B7514EE2B47DED5A4D54534369A85EE53D9"}