{"corpusName":"oup","keywords":{"teeft":["lindenberger","bokina","seria","opera seria","operagoer","musicologist","opera house","wagnerian aesthetic","reception history","other art","less familiar","monetary consideration","early music","number opera","public favor","herbert lindenberger","monteverdi"]},"author":[{"name":"MARY C. FRANCIS"}],"articleId":["16.1.78"],"arkIstex":"ark:/67375/HXZ-SPHB9TBR-J","language":["eng"],"originalGenre":["book-review"],"qualityIndicators":{"score":2.538,"pdfWordCount":2488,"pdfCharCount":14101,"pdfVersion":1.3,"pdfPageCount":6,"pdfPageSize":"496 x 722 pts","pdfWordsPerPage":415,"pdfText":true,"refBibsNative":false,"abstractWordCount":0,"abstractCharCount":0,"keywordCount":0},"title":"Books","genre":["book-reviews"],"host":{"title":"The Opera Quarterly","language":["unknown"],"issn":["0736-0053"],"eissn":["1476-2870"],"publisherId":["operaq"],"volume":"16","issue":"1","pages":{"first":"78","last":"83"},"genre":["journal"],"subject":[{"value":"BOOKS"}]},"namedEntities":{"unitex":{"date":["2000","1960s","nineteenth century"],"geogName":[],"orgName":["Yale University"],"orgName_funder":[],"orgName_provider":[],"persName":["Bokina","Herbert Lindenberger","American","Jack Sacher","John Donne","Francis","Don Giovanni","John Bokina","Beethoven","Anthony Arblastcr","Catherine Clement","Lindenberger","Peter Grimes","Edward Said","Anthony Arblaster","Herbert"],"placeName":["Liberia","York","New Haven"],"ref_url":[],"ref_bibl":["New York: Verso, 1992","Ithaca: Cornell University Reviewed by David McKee in The Opera Press, 1984"],"bibl":[]}},"ark":["ark:/67375/HXZ-SPHB9TBR-J"],"categories":{"wos":[],"scienceMetrix":[],"scopus":["1 - Social Sciences","2 - Arts and Humanities","3 - Music"]},"publicationDate":"2000","copyrightDate":"2000","enrichments":{"type":["multicat","refBibs","teeft","unitex"]},"doi":["10.1093/oq/16.1.78"],"_id":"03FEE6727FDA17634A06782F64870C2F3B070748"}