{"corpusName":"oup","keywords":{"teeft":["campanini","mapleson","italo campanini","lohengrin","november","june","italo","york times","puente","october","april","aria","otello","parma","requiem","lucrezia","deum","december","signor campanini","metropolitan opera house","theodore thomas","berlioz","mapleson memoirs","music hall","title role","cincinnati festival","lucrezia borgia","aida","signor","seventh regiment armory","annie louise cary","american premiere","stabat mater","lilli lehmann","christine nilsson","carnegie hall","missa solemnis","minnie hauk","conductor luigi arditi","antonio galassi","beniamino gigli","tenor","premiere","wagner opera","conductor angelo mariani","world premiere","alwina valleria","great success","evan williams","love song","feste burg","drury lane","grove dictionary","last century","conductor leopold damrosch","clara louise kellogg","francesco marconi","piano accompaniment","andrew farkas","cavalleria rusticana","walter damrosch","gaspare nello vetro","primo lohengrin","cavaliere azzurro","great career","hector berlioz","concert repertory","york symphony society","oratorio society","romano nannetti","long tenure","victor maurel","memoir","bologna","carmen"]},"author":[{"name":"Jim McPherson"}],"arkIstex":"ark:/67375/HXZ-413SSL5W-X","language":["eng"],"originalGenre":["research-article"],"qualityIndicators":{"score":5.717,"pdfWordCount":8039,"pdfCharCount":44835,"pdfVersion":1.4,"pdfPageCount":21,"pdfPageSize":"504 x 720 pts","pdfWordsPerPage":383,"pdfText":true,"refBibsNative":false,"abstractWordCount":0,"abstractCharCount":0,"keywordCount":0},"title":"Italo Campanini","refBibs":[{"host":{"publicationDate":"1874","author":[{"name":"Auteri Manzocchi"},{"name":"Dolores Manfredi Rome 1876 Balfe"},{"name":"* S Ir Il Talismano"},{"name":" Kenneth"}]}},{"host":{"title":"Bellini Norma Pollione Dublin 1874 I Puritani Arturo Trieste","publicationDate":"1876","author":[]}},{"host":{"publicationDate":"1864","author":[{"name":"La Sonnambula"},{"name":"Notary Parma"}]}},{"host":{"publicationDate":"1875","author":[{"name":"* Dall 'olio Ettore Fieramosca"},{"name":" Bologna"}]}},{"host":{"publicationDate":"1877","author":[{"name":"Donizetti Don Pasquale Ernesto St"}]}},{"host":{"publicationDate":"1871","author":[{"name":"La Favorite"},{"name":"Fernand Vicenza"}]}},{"host":{"publicationDate":"1869","author":[{"name":"Lucia Di Lammermoor"},{"name":"Edgardo Madrid"}]}},{"host":{"publicationDate":"1864","author":[{"name":"Lucrezia Borgia"},{"name":"Vitellozzo Parma"}]}},{"host":{"publicationDate":"1870","author":[{"name":"Gennaro Milan 1871 Flotow Martha"},{"name":"Lionel Lisbon"}]}},{"host":{"publicationDate":"1877","author":[{"name":"Giammieri Niccolò"},{"name":"* Lamberto Lapi"},{"name":" St"}]}},{"host":{"author":[{"name":"Juive Halévy La"}]}},{"host":{"publicationDate":"1876","author":[{"name":"Romeo Marchetti Romeo E Giulietta"},{"name":" Rome"}]}},{"author":[],"publicationDate":"1871","host":{"title":"Ruy Blas Ruy Blas Ancona","publicationDate":"1871","author":[]}},{"host":{"publicationDate":"1871","author":[{"name":"Mercadante Elena Da Feltre"}]}},{"host":{"publicationDate":"1872","author":[{"name":"Virginia,Appio "},{"name":"Rome "}]}},{"host":{"publicationDate":"1878","author":[{"name":"L Meyerbeer"},{"name":" Africaine"}]}},{"host":{"publicationDate":"1878","author":[{"name":"Thomas,Mignon "},{"name":"Wilhelm Moscow"}]}},{"host":{"publicationDate":"1873","author":[{"name":"Meister Verdi"},{"name":"Aida "}]}},{"author":[{"name":"Un Ballo In Maschera Riccardo"},{"name":" St"}],"publicationDate":"1873","host":{"title":"Petersburg 1877 Ernani Ernani","publicationDate":"1873","author":[]}},{"host":{"publicationDate":"1888","author":[{"name":" La Forza Del Destino Don"}]}},{"host":{"publicationDate":"1870","author":[{"name":"Rigoletto Duke"},{"name":" Cento"}]}},{"host":{"publicationDate":"1872","author":[{"name":"Mantua La Traviata"},{"name":"Alfredo London"}]}},{"author":[],"publicationDate":"1871","host":{"title":"Wagner Lohengrin Lohengrin Bologna","publicationDate":"1871","author":[]}},{"author":[],"publicationDate":"1878","host":{"title":"Tannhäuser Tannhäuser Moscow","publicationDate":"1878","author":[]}},{"host":{"title":"Italo Campanini's Known Concert Repertory (large-scale works) Bach Cantata No","publicationDate":"1880","author":[]}},{"host":{"publicationDate":"1880","author":[{"name":"Beethoven Missa"},{"name":" Cincinnati"}]}},{"host":{"title":"Berlioz La damnation de Faust London 1894 Requiem (Grande messe des morts","publicationDate":"1891","author":[]}},{"author":[],"publicationDate":"1882","host":{"title":"Les Troyens","publicationDate":"1882","author":[]}},{"host":{"publicationDate":"1881","author":[{"name":"Handel Dettingen"}]}},{"host":{"publicationDate":"1881","author":[{"name":"Rubinstein Der Thurm Zu"},{"name":" Babel"}]}},{"author":[],"publicationDate":"1880","host":{"title":"Verdi Manzoni Requiem Boston","publicationDate":"1880","author":[]}},{"host":{"title":"Italo Campanini's Known Concert Repertory (opera excerpts and songs) Auber La muette de Portici: berceuse Cincinnati","publicationDate":"1880","author":[]}},{"host":{"publicationDate":"1890","author":[{"name":"Adelaide Beethoven"}]}},{"host":{"title":"Pria che spunti","author":[{"name":"Cimarosa Il Matrimonio Segreto"}]}},{"host":{"publicationDate":"1893","author":[{"name":" Hatton"},{"name":" Goodbye"}]}},{"host":{"publicationDate":"1891","author":[{"name":"L Mascagni"},{"name":" Fritz"}]}},{"host":{"title":"Champs paternels","publicationDate":"1882","author":[{"name":"Méhul Joseph"}]}},{"host":{"title":"Del tuo gran Ministero","publicationDate":"1882","author":[{"name":"Spontini La Vestale"}]}},{"host":{"publicationDate":"1893","author":[{"name":" Tosti"},{"name":" Vorrei"}]}},{"host":{"publicationDate":"1880","author":[{"name":"Wagner Götterdämmerung"}]}},{"host":{"author":[{"name":" Götterdämmerung"}],"pages":{"first":"1880"}}},{"host":{"title":"Die Meistersinger: excerpts","publicationDate":"1881","author":[]}},{"host":{"title":"Siegfried: forging scene","publicationDate":"1882","author":[]}},{"host":{"title":"Die Walküre: Siegmund's love song Brooklyn","publicationDate":"1879","author":[]}},{"host":{"title":"Unter blühenden Brooklyn","publicationDate":"1881","author":[{"name":"Weber Euryanthe"}]}},{"host":{"title":"Some Selected Career Highlights","author":[{"name":" Mandelbäumen"}]}},{"host":{"title":"Lohengrin: Bianka Blume, Marie Löwe-Destinn; Pietro Silenzi (Telramund), Giuseppe Galvani (Henry), Lodovico Buti (Herald); conductor Angelo Mariani","publicationDate":"1871-11","author":[]}},{"title":"Annie Louise Cary; Victor Maurel (Amonasro), Romano Nannetti (Ramfis), Giovanni Scolara (King); conductor Emanuele Muzio. U.S. premiere. I regret this puzzle remains to be solved","author":[],"publicationDate":"1873-11","host":{"title":"Academy of Music): Aida: Ottavia Torriani","publicationDate":"1873-11","author":[]}},{"host":{"title":"The Mapleson Memoirs","publicationDate":"1966","author":[{"name":"James,H Mapleson"}],"pages":{"first":"94","last":"95"}}},{"host":{"author":[{"name":"Clara,Louise Kellogg"},{"name":" Memoirs Of An American Prima Donna"}]}},{"host":{"publicationDate":"1913","author":[{"name":" Putnam"},{"name":" Sons"}],"pages":{"first":"236","last":"9"}}},{"title":"The Mapleson Memoirs","author":[],"host":{"title":"Mapleson","author":[]}},{"host":{"publicationDate":"1962","author":[{"name":"Ellen,H Bleiler"},{"name":"Aida "}],"pages":{"first":"39"}}},{"host":{"title":"Jean de Reszke and the Great Days of Opera","publicationDate":"1934","author":[{"name":"Clara Leiser"}],"pages":{"first":"25"}}},{"host":{"title":"The Mapleson Memoirs","author":[{"name":" Mapleson"}],"pages":{"first":"116","last":"17"}}},{"host":{"title":"Memories of a Singer","publicationDate":"1925","author":[{"name":"Minnie Hauk"}],"pages":{"first":"161","last":"16"}}},{"author":[],"publicationDate":"1878-10-24","host":{"title":"New York Times","publicationDate":"1878-10-24","author":[]}},{"host":{"title":"My Path Through Life","publicationDate":"1914","author":[{"name":"Lilli Lehmann"}],"pages":{"first":"276"}}},{"author":[],"publicationDate":"1881-03","host":{"title":"New York Times","publicationDate":"1881-03","author":[],"volume":"4"}},{"host":{"title":"The New Grove Dictionary of Opera, s.v Thurm zu Babel, Der","author":[]}},{"host":{"title":"on both occasions with Theodore Thomas conducting and popular Welsh tenor Ben Davies as soloist (he also sang the Te Deum there on 11 That posterity has a skewed perception of such artists as Davies—whose wide concert repertory included La damnation de Faust, Die Walküre, The Dream of Gerontius, and many other major works, but who is now widely regarded as little more than an accomplished purveyor of Victorian ballads—is scarcely to be wondered in light of the fact that his discography of more than a hundred discs boasts four separate recordings of Balfe's \" Come into the garden","publicationDate":"1894-03-17","author":[{"name":"Alessandro Stucken"},{"name":" Bonci"}]}},{"author":[],"publicationDate":"1881-03","host":{"title":"New York Times","publicationDate":"1881-03","author":[],"volume":"4"}},{"author":[],"publicationDate":"1881-03","host":{"title":"New York Times","publicationDate":"1881-03","author":[],"volume":"6"}},{"title":"Thomas repeated The Fall of Troy in Cincinnati (19 May, with American tenor William Candidus as Aeneas) and Chicago (26 May, with Campanini) At New York's Chickering Hall on 26 February 1887, Frank Van der Stucken led the U.S. premiere of The Trojans in Carthage (also sung in English) with Marie Gramm as Dido and Max Alvary as Aeneas. This version, which cut only four numbers","author":[],"publicationDate":"1882-03-27","host":{"title":"was revived at the Cincinnati Festival on","publicationDate":"1882-03-27","author":[]}},{"author":[],"publicationDate":"1883-10-23","host":{"title":"New York Tribune","publicationDate":"1883-10-23","author":[]}},{"host":{"title":"One Hundred Years of Music in America","publicationDate":"1961","author":[],"pages":{"first":"131"}}},{"author":[],"publicationDate":"1891-03","host":{"title":"New York Times","publicationDate":"1891-03","author":[],"volume":"6"}},{"author":[],"publicationDate":"1891-12-14","host":{"title":"New York Times","publicationDate":"1891-12-14","author":[]}},{"author":[],"publicationDate":"1891-12-30","host":{"title":"New York Times","publicationDate":"1891-12-30","author":[]}},{"author":[],"publicationDate":"1892-01","host":{"title":"New York Times","publicationDate":"1892-01","author":[],"volume":"11"}},{"author":[],"publicationDate":"1892-04-10","host":{"title":"New York Times","publicationDate":"1892-04-10","author":[]}},{"host":{"title":"Twenty years later, baritone Powell repeated Brander (was it his only part, do you suppose?) in a 5 May 1914 Cincinnati Festival La damnation de Faust, featuring Alma Gluck","author":[]}},{"host":{"title":"The Times","publicationDate":"1894-12-14","author":[]}},{"title":"The Mapleson Memoirs","author":[],"host":{"title":"Mapleson","author":[]}},{"host":{"title":"39 According to Parma-based Campanini","author":[]}}],"genre":["research-article"],"host":{"title":"The Opera Quarterly","language":["unknown"],"issn":["0736-0053"],"eissn":["1476-2870"],"publisherId":["operaq"],"volume":"19","issue":"2","pages":{"first":"251","last":"271"},"genre":["journal"]},"namedEntities":{"unitex":{"date":["1882","1869","1871","one thousand","1887","1935","1894","1888","1890","1877","1890s","1873","twelve hundred","1889","1878","1880","1908","1896","2003","1915","1892","1879","1881","1868","1857","from January 1863 to June 1865"],"geogName":[],"orgName":["Concert Party","Ministero","Academy of Music","American Prima Donna","Ireland, Scotland, and the English"],"orgName_funder":[],"orgName_provider":[],"persName":["Wilma Neruda","Alessandro Bonci","Lady Hallé","Michael Costa","Agostino Carbone","Francesco Lamperti","Carl Alves","Emily Lablache","Harold Rosenthal","Hector Berlioz","Faust Ettore","Charles M. Schwab","Alice Maresi","Gaspare","Marie Löwe-Destinn","Henry T. Finck","Giuseppe GriYni","Alberto Randegger","Clara Leiser","Albert Hall","Ludovico Contini","Emmy Destinn","Martha Lionel","Faust Roméo","Andrew Black","Antonio Galassi","Anton Seidl","Marie Brema","Lohengrin","Andrew Farkas","Louise Dotti","Almaviva","London Violetta","Calvin M. Goodwin","Luigi Dall’Argine","Giuseppe Galvani","G. P. Putnam","Henderson","E. Aline","Pietro Silenzi","Hale","Giovanni di Reschi","Carlo Lucia","Henry Krehbiel","Hans Sachs","Otello Duke","La Hauk","Victor Hugo","Lillian Nordica","Edward J. Smith","Fernand Linda","Love Song","W. Whitney","Alfredo Germont","Ottavia Torriani","Romano Nannetti","Otello","Lilli Lehmann","Gianni Bettini","Zélia Trebelli","Henry E. Abbey","Marie Ritter-Goetze","Auguste Vianesi","Nello Vetro","Pauline Lucca","Henry E. Krehbiel","Francesco Sergi","Harry Plunket","Eva Tetrazzini","Imogen Brown","Italia Cittanti","Valentino Sermattei","Helen Dudley","Max Maretzek","Walter Damrosch","Eva Campanini","Emanuele Muzio","Thomas G. Kaufman","Amalie Materna","Thomas Orchestra","Don Giovanni","Giuseppe Del","Arnold Wilhelm","The","Frank Van der Stucken","Elvira Repetto","Marie Tavary","Arturo Notary","Don José","Viola Pisani","Francesco Marconi","Beethoven","Theodore J. Toedt","Emily Winant","Celeste Aida","Met Faust","Louise Lablache","Conrad Behrens","Met Lucia","Victor Capoul","Guillaume Tell","Aristide De Comis","Victor Maurel","Roméo La Juive","La Juive","Marcella Sembrich","Cecilian Society","Rosa Raisa","Antonia Henne","My Path","Max Strakosch","Angelo Mariani","Ernest Newman","Christine Nilsson","Emil Fischer","Armando Maini","Jean de Reszke","Patrick Walker","Dolores Il","Patrick Gilmore","Max Heinrich","Carmen Don José","Faust Requiem","Manhattan Opera","Ellen H. Bleiler","Clara Louise","Giovanni Don Ottavio","Wilhelm Meister","Giovanni Scolara","Aimé Dupont","Elena da Feltre","Luigi Arditi","Clementine de Vere","Franz Remmertz","La Scala","Rodolfo Celletti","A. M. Philpot","Adelina Patti","Louise Cary","Krehbiel","Edouard de Reszke","Emma Eames","James H. Mapleson","Minnie Hauk","Jean Lassalle","Alonzo E. Stoddard","Lucia di Lammermoor","Manon Lescaut","Bianka Blume","Etelka","Ruy Blas","Times","Leo Stern","Clarice Campobello","Theodore Thomas","Leopold Damrosch","Aida Un","Enrico Tamberlik"],"placeName":["Naples","Bilbao","Taganrog","Fremstad","Germany","Hagen","United States","San Carlo","Montreal","Newark","Moscow","Poole","London","American","Parma","Madrid","Boston","Cincinnati","Jersey City","Tobolsk","Trieste","Messina","Toronto","Europe","Milan","America","Baltimore","Ancona","Vienna","Novara","Lisbon","San Francisco","Dublin","New Zealand","Rome","Chicago","York","Vicenza","St. Petersburg","Russia","Italy","Cleveland","Worcester"],"ref_url":[],"ref_bibl":["November 1889","New York: Funk and Wagnalls, 1926","New York: Appleton-Century, 1966","June 1865","London: Cassell, 1957","New York: Henry Holt, 1908","New York: Dover, 1962","Parma: Il cavaliere azzurro, 2001","New York: Dover, 1966","January 1893","March 1890"],"bibl":[]}},"ark":["ark:/67375/HXZ-413SSL5W-X"],"categories":{"wos":[],"scienceMetrix":[],"scopus":["1 - Social Sciences","2 - Arts and Humanities","3 - Music"]},"publicationDate":"2003","copyrightDate":"2003","enrichments":{"type":["multicat","refBibs","teeft","unitex"]},"doi":["10.1093/oq/19.2.251"],"_id":"7B348EDA8C24CDE235EAB3F842EEFF6888B08D83"}