{"corpusName":"cambridge","author":[{"name":"Eric Blom"}],"articleId":["05991"],"arkIstex":"ark:/67375/6GQ-LT0T36P6-L","language":["eng"],"originalGenre":["research-article"],"abstract":"The temptation to divide the work of great composers into three periods has assailed many critics, Lenz having done it so plausibly with Beethoven's music. Lenz, of course, should have been a warning rather than a model, and would have been if his mere plausibility had been a little more obvious. As it was, his system commended itself in Beethoven's case because in a rough and ready way it worked well enough; and it has done so in the case of many a later composer, if only because it saved many a later critic a deal of trouble.","qualityIndicators":{"score":5.063,"pdfWordCount":1887,"pdfCharCount":10494,"pdfVersion":1.4,"pdfPageCount":3,"pdfPageSize":"504 x 738 pts","refBibsNative":false,"abstractWordCount":98,"abstractCharCount":533,"keywordCount":0},"title":"Bartók's Third Period","pii":["S004029820005991X"],"genre":["research-article"],"host":{"title":"Tempo","language":["unknown"],"issn":["0040-2982"],"eissn":["1478-2286"],"publisherId":["TEM"],"issue":"5","pages":{"first":"60","last":"62","total":"3"},"genre":["journal"]},"ark":["ark:/67375/6GQ-LT0T36P6-L"],"categories":{"wos":[],"scienceMetrix":[],"scopus":["1 - Social Sciences","2 - Arts and Humanities","3 - Music"],"inist":["1 - sciences humaines et sociales","2 - philosophie"]},"publicationDate":"1941","copyrightDate":"1941","enrichments":{"type":["multicat","nb","refBibs"]},"doi":["10.1017/S004029820005991X"],"_id":"BCF6E11092FB056B50212F68D1EA8CA8AAFF95BE"}