{"corpusName":"wiley","keywords":{"teeft":["pilogue","music analysis","waltz","ravel","valse","blackwell publishing","melancholic","basic idea","involuntary memory","puri","reprise","thematic recollection","thematic","mawer","tonic","temp","middle layer","bergson","maurice ravel","motivic","papillon","triad","schumann","bass line","upper layer","love triangle","princeton university press","valses nobles","voluntary memory","melancholic reprise","blackwell","scenario","musical memory","deborah mawer","second quotation","night music","continuation motive","major triad","recollection","quotation","acoustic","involuntary","analytical reduction","acoustic tonic","memory studies","lower diagram","cambridge university press","cornell university press","collective memory","musical behaviours","libretto","melancholy","rosen","robert schumann","marcel proust","previous waltzes","renaissance chanson","ferne geliebte","puri memory","musical design","right hand","dynamic emphasis","imaginative scenario","pure memory","daily life","baroque tombeau","same waltz","opening bars","beethoven quotation","lower layer","classical sonatine","andreas huyssen","slow tempo","ornamental gestures","piano score","present context","vantage point","musical nocturnalism","tonal equivocation","twilight memories","subsequent quotation","waltz quotation","charles rosen","opening phrase","cambridge companion","intervallic progression","solo piano","textural waves","individual phrases","medieval ballade","henri bergson","other words","melancholic point","habit memory","single note","triste mourir","homogeneous space","true self","spatialised time","thematic arrivals","thematic material","historical loss","marcel marnat","forms part","james hepokoski","special status","musical structures","string quartet","music division","cadres sociaux","rapsodie espagnole","ostinato rigore","oxford university press","thematic recollections","musical examples","pantomime","marcel"]},"author":[{"name":"MICHAEL J. PURI"}],"articleId":["MUSA306"],"arkIstex":"ark:/67375/WNG-CZ6WKCHN-5","language":["eng"],"originalGenre":["article"],"abstract":"When conceived as the presence of the past, memory can be said to pervade the music of Maurice Ravel. The number and range of these acts of musical memory – including pieces modelled on the medieval ballade, the Renaissance chanson, the Baroque tombeau, the Classical sonatine and the Romantic poème, among others – seem at first glance to testify to a uncomplicated relation between past and present which, upon closer review, is revealed to be problematic. One of the most complex and captivating artistic testaments to what Andreas Huyssen has called ‘twilight memory’– not only in Ravel's music, but in Western modernism as a whole – is the eighth and final waltz of his piano suite Valses nobles et sentimentales (1911). In this waltz, which Ravel entitled ‘Épilogue’, the hope of making the past present is reborn with each of its numerous thematic recollections, only to be dashed repeatedly by the melancholy knowledge of its impossibility. In the present study, affinities between the Épilogue's musical behaviours and philosophical accounts of memory by Bergson, Jankélévitch and Nora are explored, along with the compositional precedents established by Beethoven, Schumann, Debussy and others.","qualityIndicators":{"score":9.28,"pdfWordCount":15735,"pdfCharCount":89168,"pdfVersion":1.3,"pdfPageCount":37,"pdfPageSize":"484.7 x 697.3 pts","pdfWordsPerPage":425,"pdfText":true,"refBibsNative":true,"abstractWordCount":190,"abstractCharCount":1204,"keywordCount":0},"title":"Memory and Melancholy in theÉpilogue of Ravel'sValses nobles et sentimentales","genre":["article"],"host":{"title":"Music Analysis","language":["unknown"],"doi":["10.1111/(ISSN)1468-2249"],"issn":["0262-5245"],"eissn":["1468-2249"],"publisherId":["MUSA"],"volume":"30","issue":"2‐3","pages":{"first":"272","last":"308","total":"37"},"genre":["journal"]},"namedEntities":{"unitex":{"date":["2011","1912","1898","1924","1913","1819","1907","1925","nineteenth century","1910","1885","1909","1911"],"geogName":[],"orgName":["University of Texas","University of Virginia","Blackwell Publishing Ltd","American Philosophical Society","University of Pennsylvania"],"orgName_funder":[],"orgName_provider":[],"persName":["Camille Saint-Saëns","Carolyn Abbate","Woodley","Richard Terdiman","H. Myers","Brian Hyer","Without","Émile Verhaeren","Benjamin Ivry","Charles Rosen","La Valse","Manuel Rosenthal","Deborah Mawer","Catherine Massip","Jean-Christophe Branger","Warren Darcy","Marcel Marnat","In","Maurice Halbwachs","Alexis Lucot","Howat","Jess Tyre","Henri Bergson","Reynaldo Hahn","Ravel","H.Yaraman","Adélaïde","Andreas Huyssen","Pierre Nora","Charlotte de Latour","Gérard Genette","Sylvia Chong","Jean Paul","Frank L. Pogson","James Hepokoski","David Friedrich","Mark Muldoon","Vladimir Jankélévitch","Henri de Régnier","Maurice Ravel","Roy Howat","Suzanne Guerlac","Ma Fin"],"placeName":["Paris","Austin","France"],"ref_url":[],"ref_bibl":["Ravel 2003, p. 31","Abbate 2001, p. 195","Jankélévitch 1974, p. 34","Howat 2000, p. 88","Marnat 1986, p. 299","Rosen 1995, p. 112","Orenstein (1991)","Myers 1973, p. 168","Fischer 2005, p. 125","Shattuck (1974)","Mawer 2006, p. 135","Mawer 2006, p. 129","Woodley 2000, p. 218","Nora 1989, p. 19","Bergson 2001, p. 151","Proust 1981, p. 49","Guerlac 2006, p. 91","Huyssen 1995","Jankélévitch 1974, p. 212","Terdiman 1993, p. 108","Jankélévitch 2003, p. 120","Muldoon 2006, p. 83","Nora 1989, p. 7","Blackwell Publishing Ltd, 9600","Fischer (2005)","Nectoux (1987)","Hepokoski and Darcy (2006)"],"bibl":[]}},"ark":["ark:/67375/WNG-CZ6WKCHN-5"],"categories":{"wos":[],"scienceMetrix":["1 - arts & humanities","2 - visual & performing arts","3 - music"],"scopus":["1 - Social Sciences","2 - Arts and Humanities","3 - Music"],"inist":["1 - sciences humaines et sociales","2 - histoire et sciences de la litterature"]},"publicationDate":"2011","copyrightDate":"2011","enrichments":{"type":["multicat","nb","teeft","unitex"]},"doi":["10.1111/j.1468-2249.2011.00306.x"],"_id":"711EC0F7E863A88934528670806A356BD87BAC24"}