{"corpusName":"oup","keywords":{"teeft":["beethoveniana","prelinger","fishman","kastner","kalischer","sovietskaya muzyka","schindler","soviet russia","wielhorsky","nohl","nottebohm","sketchbook","archive","leipzig","first page","first movement","glinka","haslinger","musical quarterly","glinka museum","piano score","facsimile","sovietskaya","russian autograph","string quartet","state public library","manuscript division","russian catalogue","oblong","muzyka","central government archive","musical example","second movement","unpublished piece","wielhorsky sketchbook","nephew karl","moscow sketchbook","erster aller tobiasse","pushkin house","beethoven samtliche briefe","much more important case","imperial public library","autograph","beethoven","remote connection","toni adamberger","document collection","subtle difference","breitkopf hartel","orchestral version","soviet commentator","ukrainian song","draft score","second song","schottische lieder","virtuoso passage","fourth movement","many year","second sheet","piano sonata","music line","archduke rudolph","louis koch","eroica sketchbook","voprosy muzykoznania","gustav nottebohm","otto paper","periodical muzykalnoye obrazovanie","present whereabouts","full text","state university","unknown hand","russian literature","science ussr","moskauer skizzenbuch","beethoven letter","original letter","brother johann","previous publication","thayer version","notation"]},"author":[{"name":"BORIS SCHWARZ"}],"articleId":["XLVII.1.4"],"arkIstex":"ark:/67375/HXZ-1R7RZT0W-C","language":["eng"],"originalGenre":["research-article"],"qualityIndicators":{"score":5.05,"pdfWordCount":5432,"pdfCharCount":32156,"pdfVersion":1.2,"pdfPageCount":22,"pdfPageSize":"444 x 670 pts","pdfWordsPerPage":247,"pdfText":true,"refBibsNative":false,"abstractWordCount":0,"abstractCharCount":0,"keywordCount":0},"title":"BEETHOVENIANA IN SOVIET RUSSIA","refBibs":[{"title":"Kastner-Kapp 435 (also in MacArdle-Misch 221) One sheet, with address on reverse Tartu In the collection of letters edited by Kastner and Kapp, the year is given erroneously as 1814. The error was discovered and corrected by M. Unger. MacArdle-Misch refer to the correction of the date by Unger, who saw the original letter in 1940. Letter to I. Schreyvogel, November 29 (no year; 1818 or 1819?) Kalischer-Frimmel 798 (also MacArdle-Misch 241) Two sheets. On bottom of second sheet, an annotation by an unknown hand","author":[{"name":"F Letter"},{"name":" Treitschke"}],"publicationDate":"1817-06-04","host":{"title":"Library","publicationDate":"1817-06-04","author":[]}},{"host":{"title":"Beethovens samtliche Briefe The Kalischer numbers refer also to the English translation by","publicationDate":"1909","author":[{"name":"A Kalischer"}],"pages":{"first":"1906","last":"08"}}},{"host":{"title":"Beethovens samtliche Briefe","publicationDate":"1910","author":[{"name":"E Kastner"}]}},{"host":{"title":"The same","publicationDate":"1923","author":[]}},{"host":{"author":[{"name":"F Prelinger"}],"pages":{"first":"1907","last":"11"}}},{"host":{"publicationDate":"1911","author":[{"name":" Kalischer"}]}},{"author":[{"name":"D Macardle"},{"name":"L Misch"}],"publicationDate":"1957","host":{"title":"New Beethoven Letters","publicationDate":"1957","author":[]}},{"title":"Prelinger 749. A facsimile of this letter is attached to Schindlers Beethoven biography See also Thayer-Deiters, IV, 443 and 446, footnote 3; Thayer- Krehbiel, III, 131-32. Letter to N","author":[],"publicationDate":"1827-02-18","host":{"title":"Munster, 1845","publicationDate":"1827-02-18","author":[]}},{"host":{"author":[{"name":"Op Prelinger"}],"pages":{"first":"343","last":"44"}}},{"host":{"publicationDate":"1921","author":[{"name":"Max Unger"},{"name":"S,A Beethoven Und Seine Verleger"},{"name":"Tobias Steiner"},{"name":" Haslinger In Wien"}]}},{"title":"The Russian catalogue has the erroneous date","author":[],"publicationDate":"1826","host":{"title":"The music (\"Erster aller Tobiasse\") and the signature are in Beethoven's handwriting","publicationDate":"1826","author":[]}}],"genre":["research-article"],"host":{"title":"The Musical Quarterly","language":["unknown"],"issn":["0027-4631"],"eissn":["1741-8399"],"publisherId":["musqtl"],"volume":"XLVII","issue":"1","pages":{"first":"4","last":"21"},"genre":["journal"],"subject":[{"value":"Articles"}]},"namedEntities":{"unitex":{"date":["1802","1952","1871","1818","1901","1941","1860","1825","1865","1894","1803","1819","1808","1850s","March or April 1803","1822","1809","1959","1961","April or May 1810","1856","1926","1812","1922","1828","1868","1900","1940","1927","1870s","1824"],"geogName":["Danube"],"orgName":["Institute of Russian Literature of the Academy of Science USSR","Ministry of Culture","State University"],"orgName_funder":[],"orgName_provider":[],"persName":["V. V. Stassov","Ludwig Nohl","Michael Wielhorsky","Wilhelm von Lenz","L. Maurer","Louis Koch","J. S. Shedlock","Gustav von Jurie","Otto Jahn","Tobias Haslinger","A. Schindler","Max Unger","Otto Lindner","M. Unger","Toni Adamberger","N. B. Yussupov","M. Alexeyev","T. Haslinger","A. Alshvang","B. Romberg","B. Granovsky","Theodor Frimmel","K. Holz","W. Goethe","Willy Hess","Michael Ivanov-Boretzky","L. Misch","B. Gross","von Ungermann","The","Gustav Nottebohm","S. A. Steiner","Nathan Fishman","Nicolai Findeisen","F. Treitschke","George Bridgetower","Ludwig Maurer","S. Uspenskaya","J. Berman","Rodolphe Kreutzer","N. Zmeskall","A. Kotzebue","Arnold Alshvang","B. Yagolim","A. Kalischer","L. Beethouena","W. von Lenz","L. van Beethovens","Georgi Orlov","Therese Malfatti","Thayer","I. Schreyvogel","J. Gross"],"placeName":["Leipzig","Berlin","Switzerland","Germany","Munich","Frankfort","Hetzendorf","Moscow","Stuttgart","Gneixendorf","Vienna","Leningrad","Wiesbaden","York","St. Petersburg","Tartu","Glinka","Russia","England","Heiligenstadt","New Beethoven"],"ref_url":[],"ref_bibl":["[1928]","[1905]","MacArdle-Misch 10436","Kalischer-Frimmel 27435"],"bibl":[]}},"ark":["ark:/67375/HXZ-1R7RZT0W-C"],"categories":{"wos":[],"scienceMetrix":["1 - arts & humanities","2 - visual & performing arts","3 - music"],"scopus":["1 - Social Sciences","2 - Arts and Humanities","3 - Music"]},"publicationDate":"1961","copyrightDate":"1961","enrichments":{"type":["multicat","refBibs","teeft","unitex"]},"doi":["10.1093/mq/XLVII.1.4"],"_id":"CF7F4B89DE61AFC56DEAE012D0BA3A456241AC3E"}