{"corpusName":"oup","keywords":{"teeft":["chamber music","string quartet","music letter","musical quarterly","music program book","program book","grosse fuge","last quartet","march issue","british musician","american music lover","chamber work","beethoven violinsonaten","british museum","helm title","frimmel entry","instrument news","other work","schola cantorum","courrier musical","violin music","boston symphony orchestra","kunst maandblad voor muziek","music bulletin","alice mattullath","book form","allgemeine musikzeitung","programme note","beethoven","quartet"]},"author":[{"name":"DONALD W. MACARDLE"}],"articleId":["XXVII.4.251"],"arkIstex":"ark:/67375/HXZ-K8VPC7XF-N","language":["eng"],"originalGenre":["research-article"],"qualityIndicators":{"score":2.968,"pdfWordCount":2918,"pdfCharCount":16761,"pdfVersion":1.3,"pdfPageCount":7,"pdfPageSize":"624 x 803 pts","pdfWordsPerPage":417,"pdfText":true,"refBibsNative":false,"abstractWordCount":0,"abstractCharCount":0,"keywordCount":0},"title":"A CHECK-LIST OF BEETHOVEN'S CHAMBER MUSIC","refBibs":[{"title":"170: add after first Thayer entry: While this catalogue, more than eighty years old, has in considerable measure been superseded by the work of later scholars who took it as a starting-point for their studies, it still contains information not readily available elsewhere 170: add in paragraph following heading PERIODICAL ARTICLES, line 3, after Cobbett: and a substantial number were secured from the card catalogue of periodical literature in the Music Division of the Library of Congress (Washington). p. 171: add between Kalischer and Frimmel entries: Mathews 171: add at end of entry Die Musik: Die Musik—list ten Special Beethoven Issues as set, and in addition: XI 171: add between Frimmel and Waack entries: Riemann, Hugo : Wer kennt den Komponisten ? (Blatter fur Haus-und Kirchenmusik 5","author":[{"name":" Such An Index"}],"publicationDate":"1904","host":{"title":"manuscript, is available at the British Museum, the Library of Congress and the New York Public Library","publicationDate":"1904","author":[],"pages":{"first":"131","last":"171"}}},{"host":{"title":"Neuaufgefundene Tanz-Kompositionen Beethovens (Neue Musik- Zeitung 29 [1907] in). p. 171: add after Kalbeck entry: Kalischer, Alfr. Chr.: Ein Druckfehlerverzeichnis von Beethoven zu seiner Sonate in As-dur (sic) Op","author":[{"name":" Anon"}],"pages":{"first":"69"}}},{"host":{"title":"Beethoven's great E minor Quartet (Musical Standard 7 [1907] 8). p. 171: add between Riemann and Wetzel entries: Riemann, Hugo: Tanze Beethovens aus dem Jahre 1819 (Die Musik 6","publicationDate":"1907","author":[{"name":"Harold,E Knapp"}]}},{"host":{"title":"Beethoven's Modlinger Tanze 171: add between Wyzewa and Chitz entries: Wyzewa, T. de and Saint-Foix, Georges de: Un pretendu trio de Mozart (Guide musical","publicationDate":"1910","author":[{"name":"Hermann Wetzel"}],"pages":{"first":"36","last":"37"}}},{"host":{"title":"Ein Fehler in Beethovens erster Violinsonate (Die Musik","publicationDate":"1912","author":[{"name":"Gustav Altmann"}]}},{"host":{"title":"Beethovens Kompositionen fur Mandoline (mit einem unveroffentlichen Sonatinen-satz Beethovens) (Der Merker_j [1912] 446). p. 171: add at bottom of page","publicationDate":"1912","author":[{"name":"Arthur Chitz"}],"pages":{"first":"442","last":"23"}}},{"host":{"title":"Notes on Beethoven's Opus 132 (Harvard Musical Review","author":[{"name":"Leo Lewis"},{"name":" Rich"}],"pages":{"first":"8"}}},{"author":[{"name":"Friedrich Spiro"}],"publicationDate":"1913","host":{"title":"Ein Beethoven-Fund","publicationDate":"1913","author":[]}},{"host":{"title":"Wharton: A note on Beethoven's tenth Sonata (Op. 96) (The Strad 24","publicationDate":"1914","author":[{"name":"J Sharp"}],"pages":{"first":"129"}}},{"host":{"title":"Beethoven's String Quartets (translated by Alice Mattullath) (Musical Observer 12 f I 9 I 5J to J 5 C^ 1 ?])- Winn, Edith L.: The violin music of Beethoven (The Foyer 2","publicationDate":"1915","author":[{"name":"Theodor Helm"}],"pages":{"first":"9","last":"27"}}},{"host":{"title":"Overture: Grand Fugue (now free, now strict) B flat major, Op. 133—Beethoven (Programmes","author":[{"name":"Philip Hale"}]}},{"host":{"title":"Beethoven's last quartets (translated by F. H. Martens) (Programmes","author":[{"name":"Theodor Helm"}]}},{"host":{"title":"172: add between Saint-Foix and Albini titles: Viotta, H. A.: Een en Ander over Beethoven's Laatste Kwartetten (Kunst Maandblad voor MuziekBeethoven- Forschungc? [1923] 13). p. 172: add between Schmitz and Schenker titles: Viotta, H. A.: Een weinig bekend Werk van Beethoven [arrangement of Op","publicationDate":"1920","author":[],"pages":{"first":"218","last":"172"}}},{"author":[{"name":"Max Unger"}],"publicationDate":"1925","host":{"title":"Beethovens Handschrift (Die Musik iy","publicationDate":"1925","author":[],"pages":{"first":"432"}}},{"host":{"title":"The Strad Anon: Beethoven's Septet in E flat Op","publicationDate":"1925-06","author":[{"name":"T,W Wodehouse"}]}},{"title":"172: delete Capet entry between Bonaventura and Conturier 172: correct Dunhill entry between Contrurier and Engel: Some thoughts . . . should read The music of friends: some thoughts MUSIC AND LETTERS p. 172: add between Engel and Herwegh: Grew, Sidney: Beethoven's String Quartets (British Musician 5: add between that entry and White: Walthew, Richard: Chamber Music [one of several articles crowded out of the ' Beethoven Number","author":[{"name":"Karl Gerhartz"}],"publicationDate":"1927-03","host":{"title":"Music Bulletin","publicationDate":"1927-03","author":[],"volume":"84","issue":"173","pages":{"first":"28","last":"8"}}},{"author":[{"name":"Willi Schmid"}],"host":{"title":"Zur Interpretation von Beethovens Streichquartetten","author":[]}},{"author":[{"name":"Joseph Cottier"}],"publicationDate":"1931","host":{"title":"The string quartets of Beethoven","publicationDate":"1931","author":[]}},{"author":[{"name":"Boris Goldowsky"}],"host":{"title":"A note on Beethoven's Sonatas for Piano and Violin","author":[]}},{"host":{"title":"Beethoven's ' Grosse Fuge ' (Musical Quarterly iy [1931] 497)- Grew, Sidney: The ' Great Fugue ' of Beethoven (Musical Mirror and Fanfare","author":[{"name":"Sidney Grew"}]}},{"host":{"title":"The Grosse Fuge of Beethoven (The Strad 41","publicationDate":"1931","author":[{"name":"Sidney Grew"}]}},{"host":{"title":"Arthur: String chamber music—the lesser forms (Music & Letters 10: correct Landormy entry between Grew and Misch: g2, 6 should read 92","publicationDate":"1929","author":[],"pages":{"first":"866","last":"173"}}},{"host":{"title":"173: add between Altmann and Lacroix Novaro entries: Pulver, Jeffrey: Beethoven and the Violinist (Monthly Musical Record 63 [i933] 145)- Einstein, Alfred: Opus 1 (Musical Quarterly 20 [1934] 367). p. 173: add between Lacroix-Novaro and Ley entries: Misch, Ludwig: \"Alia danza tedesca","publicationDate":"1934","author":[{"name":"Ludwig Misch"}],"pages":{"first":"61","last":"6"}}},{"title":"On the playing of Beethoven's violin music (American Music Lover 173: add between Petzoldt and Hess entries: Einstein","author":[{"name":"William Kozlenko"}],"publicationDate":"1937","host":{"title":"Alfred: Opus Ultimum (Musical Quarterly","publicationDate":"1937","author":[],"volume":"23","pages":{"first":"269"}}},{"host":{"title":"Beethoven's Opus 18 quartets, a summary of estimations and recordings (American Music Lover 3 [1937] 123)","author":[{"name":"Hess Heizen"},{"name":" Petzoldt ) Stet"},{"name":"Peter Reed"},{"name":" Hugh"}],"pages":{"first":"173"}}},{"host":{"title":"173: add at bottom of page: Reed, Peter Hugh: Beethoven's Opus 59 Quartets (American Music Lover 4 [1938] 4). p. 174: add between Hess and Werner entries: Kolodin, Irving: Trios and Quintets (New Friends of Music Program Book","publicationDate":"1929","author":[{"name":" Watson"}],"pages":{"first":"10","last":"9"}}},{"host":{"title":"Beethoven, the five sonatas for 'cello and piano (New Friends of Music Program Book","publicationDate":"1940","author":[{"name":"Mark Brunswick"}],"pages":{"first":"7"}}},{"host":{"title":"Beethoven's sonatas for violin and piano (New Friends of Music Program Book","publicationDate":"194041","author":[{"name":"Irving Kolodin"}],"pages":{"first":"10"}}},{"host":{"title":"Unknown Beethoven composition discovered (Fretted Instrument Newsg","publicationDate":"1941","author":[{"name":"Alfred,E Johns"}],"pages":{"first":"1"}}},{"host":{"title":"An approach to Beethoven's final string quartets","publicationDate":"1941-04","author":[{"name":"Martin Johnson"}],"pages":{"first":"88"}}},{"host":{"title":"Sonata) Studie (Acta musicologica 13 An unknown composition by Beethoven for Mandolin and Piano (translation of article by Chitz in Revue musicale","publicationDate":"1912","author":[{"name":"Ludwig Misch"},{"name":"B Zwei"},{"name":" Themen"}],"pages":{"first":"24","last":"1"}}},{"host":{"title":"Beethoven's compositions for mandoline (Fretted Instrument News 10 174: add between Harthan and Deutsch entries: Kolisch, Rudolf: Tempo and character in Beethoven's music (Musical Quarterly 29","publicationDate":"1942","author":[{"name":"Alfred,E Johns"}],"pages":{"first":"291"}}},{"host":{"title":"Relevance of the last Beethoven quartets to Mozart's (Music & Letters 25","publicationDate":"1944","author":[{"name":"Martin Johnson"}],"pages":{"first":"80"}}},{"host":{"title":"Chamber Music (New Friends of Music Program Book g 174: add between Forbes and Saint-Foix entries: Kroyt, Boris: Beethoven's string quartets: their performance (Listen","publicationDate":"1944","author":[{"name":"Curt Sachs"}],"pages":{"first":"3"}}},{"host":{"title":"Beethoven's string quartets: their meaning (Listen, May '945. P-5)- p. 174: add after Saint-Foix entry: MacArdle, Donald W.: Beethoven's Opus 130: an analysis (Music Review","publicationDate":"1946","author":[{"name":"Kurt List"}]}}],"genre":["research-article"],"host":{"title":"Music and Letters","language":["unknown"],"issn":["0027-4224"],"eissn":["1477-4631"],"publisherId":["musicj"],"volume":"XXVII","issue":"4","pages":{"first":"251","last":"257"},"genre":["journal"],"subject":[{"value":"Articles"}]},"namedEntities":{"unitex":{"date":["1946","1935","1936","1925","1943","1926","1927"],"geogName":[],"orgName":["Fretted Instrument Newsg","Oxford University","Fretted Instrument News","Congress","American Music Lover"],"orgName_funder":[],"orgName_provider":[],"persName":["Leo Rich","Irving Kolodin","J. Arthur","Alice Mattullath","J. Wharton","Robert Schumann","Wolfgang Baruch","Norton","Justus Hermann","Ludwig van Beethoven","F. H. Martens","Max Hcsses","George P. Bridgetower","Peter Hugh","E. W. Organ","Karl Louis","Konrad Wolff"],"placeName":["Birmingham","Foix","York","Cleveland","England"],"ref_url":[],"ref_bibl":["[1914]","[1939-40]","Apollo, April 1941, p. 88","[1942]","[1907]","Music Review, 1946","[1940-41]","[1913]","[1941]","[1928]","[1944-45]","[1934]","[1916-17]","Music Bulletin, October 1925, p. 297","[1938]","[1944]","[1909]","[ 1930]","[1937]","[1943]","[1908]","February 1915","Listen, May 1945, p. 3"],"bibl":[]}},"ark":["ark:/67375/HXZ-K8VPC7XF-N"],"categories":{"wos":[],"scienceMetrix":["1 - arts & humanities","2 - visual & performing arts","3 - music"],"scopus":["1 - Social Sciences","2 - Arts and Humanities","3 - Music"]},"publicationDate":"1946","copyrightDate":"1946","enrichments":{"type":["multicat","refBibs","teeft","unitex"]},"doi":["10.1093/ml/XXVII.4.251"],"_id":"D23A51884DDE3F98369C3ED317788EB4C4227769"}