{"corpusName":"oup","keywords":{"teeft":["johann","musik","malines","cornelius","november","zeitung","anon","ludwig","february","october","april","december","neue","florin","adelard","august","henry adelard","musical quarterly","familie","allgemeine","zeitschrift","september","january","neues","nephew karl","grandfather ludwig","linz","uncle ludwig","neue musik zeitung","beethoven","alexander wheelock thayer","master baker","ernest closson","kritischer beitrag","musical time","military service","choir school","time karl","allgemeine musikalische zeitung","famous brother","father johann","biographie nationale","maria komorn","same month","several year","young ludwig","brother ludwig","sole guardian","joint guardian","brother johann","revue musicale","first year","next year","ludwig joseph","karl stolzle","baptismal record","conversation book","private school","infantry regiment","uncle johann","great composer","pacific railroad","legal document","beethoven neffe","johann joseph","time ludwig","bass singer","academie royale","brother cornelius","ihre beziehungen","court musician","court chapel","maria magdalena","kaiser friedrich wilhelm","neue zeitschrift","courrier musical","biographical sketch","deutsche musiker zeitung","origines flamandes","familiengeschichtliche blatter","heinrich rietsch","exact date","karl","bonn"]},"author":[{"name":"DONALD W. MACARDLE"}],"articleId":["XXXV.4.528"],"arkIstex":"ark:/67375/HXZ-J5ZD3KJJ-N","language":["eng"],"originalGenre":["research-article"],"qualityIndicators":{"score":5.05,"pdfWordCount":9144,"pdfCharCount":49845,"pdfVersion":1.3,"pdfPageCount":23,"pdfPageSize":"456 x 672 pts","pdfWordsPerPage":398,"pdfText":true,"refBibsNative":false,"abstractWordCount":0,"abstractCharCount":0,"keywordCount":0},"title":"THE FAMILY VAN BEETHOVEN","refBibs":[{"author":[{"name":"@bullet "},{"name":"L,A Schmidt"}],"publicationDate":"1889","host":{"title":"Beethovens Geburtsstatte in Bonn","publicationDate":"1889","author":[],"pages":{"first":"7"}}},{"author":[{"name":" Anon"},{"name":" Obituary Of Frau Karoline Van Beethoven"}],"publicationDate":"1891-11-18","host":{"title":"Wiener Neue Freie Pressethese notices quoted or summarized in Allgemeine Musik-Zeitung","publicationDate":"1891-11-18","author":[],"pages":{"first":"1891","last":"5"}}},{"author":[{"name":"Max Vancsa"},{"name":"Beethovens Neffe"}],"publicationDate":"1901","host":{"title":"Beilage zu Miinchener Allgemeiner Zeitung","publicationDate":"1901","author":[],"pages":{"first":"5"}}},{"author":[{"name":"Max Vancsa"},{"name":" Nachtrdgliches Zur Biographie Karls Van Beethoven"}],"publicationDate":"1902","host":{"title":"Die Musik","publicationDate":"1902","author":[],"pages":{"first":"1083"}}},{"title":"Grandfather Ludwig as a singer], in-Monatshefte fur Musikgeschichte","author":[{"name":" Anon"}],"publicationDate":"1902","host":{"title":"XXXIV","publicationDate":"1902","author":[],"pages":{"first":"54"}}},{"author":[{"name":"Max Vancsa"},{"name":" Nachtrag"},{"name":" Berichtigung"}],"publicationDate":"1903","host":{"title":"Die Musik","publicationDate":"1903","author":[],"pages":{"first":"54"}}},{"author":[{"name":" Anon"}],"publicationDate":"1904","host":{"title":"La succession de Beethoven, in Courrier musical","publicationDate":"1904","author":[],"pages":{"first":"153"}}},{"host":{"publicationDate":"1906","author":[{"name":"Jean Chantavoine"},{"name":"Le De Beethoven"}],"pages":{"first":"389"}}},{"host":{"publicationDate":"1906","author":[{"name":" Th"},{"name":" Frimmel"},{"name":"Ii Beethoven-Studien"}],"pages":{"first":"171"}}},{"author":[{"name":"Leopold Schmidt"},{"name":" Beethoven-Briefe An Nicolaus"},{"name":"F,G Simrock"},{"name":"Eleonore,V Wegeler"}],"publicationDate":"1909","host":{"title":"Breuning und Ferd. Reis","publicationDate":"1909","author":[],"pages":{"first":"3"}}},{"title":"Beethoven's Letters (trans","author":[{"name":"A,C Kalischer"}],"publicationDate":"1909","host":{"title":"J. H. Shedlock)","publicationDate":"1909","author":[],"volume":"130","pages":{"first":"349","last":"207"}}},{"host":{"publicationDate":"1909","author":[{"name":"Hermann Kretzschmar"},{"name":" Ludwig Van Beethoven"}],"pages":{"first":"669"}}},{"host":{"publicationDate":"1916","author":[{"name":"Franz Griiflinger"},{"name":" Ludwig Und Johann Van Beethovens Beziehungen Zu"},{"name":" Linz"}],"pages":{"first":"41"}}},{"author":[{"name":"Karl Lohmeyer"},{"name":"Rheinische,Ahnen Ludwig Van Beethovens"}],"publicationDate":"1917","host":{"title":"Kolnische Zeitung Dec","publicationDate":"1917","author":[]}},{"host":{"publicationDate":"1917","author":[{"name":" Anon"},{"name":" Beethovens Letzter Mannliche Nachkomme"}],"pages":{"first":"360"}}},{"author":[{"name":"Landsturmmann Anon"},{"name":" Beethoven"}],"publicationDate":"1917","host":{"title":"375- 38 Anon., Der letzte vom Stamme Beethovens, in Neue Zeitschrift fur Musik, LXXXIV","publicationDate":"1917","author":[],"pages":{"first":"274"}}},{"title":"Neues ilber Beethovens Grosseltern miitterlicher Seite, in Kolnische Volkszeitung (Zweites Blatt, Sonntags-Ausgabe","author":[{"name":"J-Wagner "}],"publicationDate":"1918","host":{"title":"Dec","publicationDate":"1918","author":[]}},{"host":{"title":"Prod'homme, Les origines flamandes de Beethoven","publicationDate":"1918","author":[{"name":"J,G "}],"pages":{"first":"454"}}},{"host":{"publicationDate":"1919","author":[{"name":"Theodor Haas"},{"name":"Ein Dokument Johann Van Beethovens"}],"pages":{"first":"6"}}},{"host":{"publicationDate":"1920","author":[{"name":"Adolf Sandberger"},{"name":" Beitrage Zur Beethoven-Forschung"}],"pages":{"first":"398"}}},{"host":{"publicationDate":"1920","author":[{"name":"J Wagner"},{"name":"Beethovens Mutter"}],"pages":{"first":"162"}}},{"host":{"title":"The Life of Ludwig van Beethoven (ed. and rev. The Musical Quarterly","author":[{"name":"Alexander Wheelock Thayer"}]}},{"author":[{"name":"Rudolf Stammler"},{"name":"Rechtliche Venuicklungen Beethovens"}],"publicationDate":"1929","host":{"title":"Velhagen und Klasings Monatshefte","publicationDate":"1929","author":[],"pages":{"first":"153"}}},{"title":"Beethoven's Belgian ancestry","author":[{"name":"W,H G F "}],"publicationDate":"1929","host":{"title":"Musical Times","publicationDate":"1929","author":[],"pages":{"first":"751"}}},{"host":{"publicationDate":"1931","author":[{"name":"Maria Komorn"},{"name":"Minnie Van Beethoven"}],"pages":{"first":"439"}}},{"author":[{"name":"Maria Komorn"},{"name":"Minnie Van Beethoven"}],"publicationDate":"1932","host":{"title":"Musical Quarterly","publicationDate":"1932","author":[],"pages":{"first":"628"}}},{"author":[{"name":"Ernest Closson"},{"name":"Grandfather Beethoven"}],"publicationDate":"1933","host":{"title":"Musical Quarterly","publicationDate":"1933","author":[],"pages":{"first":"367"}}},{"host":{"publicationDate":"1934","author":[{"name":"Walther Rauschenberger"},{"name":"Rassenmerkmale Beethovens Und Seine Nachsten Verwandten"}],"pages":{"first":"194"}}},{"title":"Die Wahrheit iiber den Voter Ludwig van Beethovens, in Die Musik","author":[{"name":"Heinz-Ernst Pfeiffer"}],"publicationDate":"1935","host":{"title":"XXVIII","publicationDate":"1935","author":[],"volume":"1","pages":{"first":"13"}}},{"author":[{"name":" Ph"},{"name":" Van Boxmeer"}],"publicationDate":"1936","host":{"title":"Beethovens Ahnen in Flamisch-Brabant","publicationDate":"1936","author":[],"issue":"5","pages":{"first":"14","last":"7"}}},{"author":[{"name":"Herbert Antcliffe"}],"publicationDate":"1936","host":{"title":"The \"van\" of Beethoven, in Musical Times","publicationDate":"1936","author":[],"pages":{"first":"254"}}},{"title":"Beethoven und Bayem","author":[{"name":"Max Unger"},{"name":"Zum Kapitel"}],"publicationDate":"1936","host":{"title":"Allgemeine Musik-Zeitung, LXIII","publicationDate":"1936","author":[],"pages":{"first":"260"}}},{"host":{"publicationDate":"1937","author":[{"name":"Richard Eichenauer"},{"name":" Musik Und Rasse"}]}},{"author":[{"name":"Andre Pols"},{"name":" Beethovens Fiamische Abstammung"}],"publicationDate":"1937","host":{"title":"Neues Beethoven-Jahrbuch VII","publicationDate":"1937","author":[],"pages":{"first":"17"}}},{"author":[{"name":"Joseph Schmidt-Gorg"}],"publicationDate":"1938","host":{"title":"Stand und Aufgaben der Beethoven-Genealogie, in Beethoven und die Gegenwart","publicationDate":"1938","author":[],"pages":{"first":"114"}}},{"author":[{"name":"Joseph Schmidt-Gorg"}],"publicationDate":"1938","host":{"title":"Kolner Ahnen Beethovens","publicationDate":"1938","author":[],"pages":{"first":"53"}}},{"author":[{"name":"Fritz Erckmann"},{"name":"Die Familie Van Beethoven"}],"host":{"title":"Allgemeine Musik-Zeitung, LXV ('938","author":[]}},{"author":[{"name":"August Pohl"},{"name":"Johann Van Beethoven"}],"publicationDate":"1938","host":{"title":"Zeitschrift fur Musik","publicationDate":"1938","author":[],"pages":{"first":"67"}}},{"author":[{"name":"Josef Pohe"},{"name":"Beethovens Mutter"}],"publicationDate":"1938","host":{"title":"Die Musik","publicationDate":"1938","author":[],"pages":{"first":"829"}}},{"author":[{"name":"Richard Petzoldt"},{"name":"Neues Zur Familie Van Beethoven"}],"publicationDate":"1939","host":{"title":"Allgemeine Musik-Zeitung, LXVI","publicationDate":"1939","author":[],"pages":{"first":"621"}}},{"host":{"publicationDate":"1939","author":[{"name":" Raymond Van Aerde"}],"pages":{"first":"154","last":"156"}}},{"host":{"publicationDate":"1941","author":[{"name":"Joseph Schmidt-Gorg"},{"name":" Beethovens Fiamische Vorfahren"}],"pages":{"first":"299"}}},{"host":{"title":"Beethoven as foster-parent, in Keynote","publicationDate":"1945","author":[{"name":"R,C James"}],"pages":{"first":"12"}}},{"host":{"title":"Prod'homme, Les Cahiers de Conversation de Beethoven","publicationDate":"1946","author":[{"name":"J,G "}]}}],"genre":["research-article"],"host":{"title":"The Musical Quarterly","language":["unknown"],"issn":["0027-4631"],"eissn":["1741-8399"],"publisherId":["musqtl"],"volume":"XXXV","issue":"4","pages":{"first":"528","last":"550"},"genre":["journal"],"subject":[{"value":"Articles"}]},"namedEntities":{"unitex":{"date":["1813","1732","1772","1570","1802","1842","1869","1939","1535","1860","1807","1836","month of March 1733","1795","1823, 1824, and 1826","1825","1865","1784","1814","1733","1832","1872","1819","1740","1808","1890","1837","1826","1785","1815","1731 or 1732","from the 16th century","1873","1739","1739 or 1740","1822","1809","64s","1889","1891","1800","1595","1816","30s","1834","1874","1823","1812","1801","1949","1868","in the 13th and 14th centuries","1806","1765","1794","1783","44s"],"geogName":[],"orgName":[],"orgName_funder":[],"orgName_provider":[],"persName":["La Revue","Pacific Company","Minnie van Beethoven","Court Chapel","Leopold Schmidt","Friedrich Wilhelm","Maria-Josepha Pols","Ludwig Nohl","Marie Nitsche","Charles Major","Beiges","Antoine Coifs","Henry Adelard","Anton Schindler","Mary Louise","Johann Emmanuel","Joseph Schmidt-Gorg","Cornelius van Beethoven","J. G. Prod","Van Aerde","Johann Leym","Carl Kossmaly","Max Vancsa","Max Unger","Marcus van Beethoven","Pacific Railroad","Stephan Ley","Herbert Antcliffe","Edouard Gregoir","German Order","Jean Chantavoine","F. A. Brockhaus","Ludwig Schiedermair","Heinz-Ernst Pfeiffer","Caspar Beethoven","Obermeyer","Marcus Joseph","Fritz Erckmann","Julius Maria","Maria Magdalena","Paul Bergmans","Erich H. Miiller","F. J. Fetis","Johann Bernard","G. Prod","Richard Wagner","Fritz Paudler","Rudolf Stammler","Maurice Dubois","Nicholas Simrock","Maria Klara","A. Choron","Stephan von Breuning","R. C. James","Caroline Naske","Schiedermair","Louis van Beethoven","Ludwig F. Coifs","Ludwig van Beethovens","Ernest Closson","Heinrich Keverich","Magda von Hattingberg","Henry Edward","Theodor Haas","Karl Lohmeyer","Karl Beethoven","Francis Robert","Heinrich Milz","Werner Hesse","Otto Redlich","Johann van Beethovens","Johann van Beethoven","Josine van Vlesselaer","Anna Maria","Walter Nohl","H. Deiters","Walther Rauschenberger","Richard Petzoldt","Heinrich Rietsch","Sara Haesaertsi","Catherine van Leempoel","Friedrich Starke","Ludwig","A. Schmidt","A. C. Kalischer","Maria Komorn","August Pohl","Franz Griiflinger","Adolphe Boschot","Adolf Sandberger","Lambert Michael","Joseph Czerny","Fritz Winzenburg","Anton Karl","Alexander Wheelock","Raymond van Aerde","Ludwig Joseph","Josef Pohe","Ferdinand Ries","F. Fayolle","Franz George","Louis Stuyckers","Johann Joseph","Madeline Gouffau","Richard Eichenauer","Anna Smets","Elector","J. H. Shedlock","Andre Pols","Thayer","F. G. Wegeler","Karl Stolzle","P. Bergmans"],"placeName":["Leipzig","Linz","Berlin","Coblenz","Paris","Nuremberg","Germany","United States","Munich","Ghent","Antwerp","Bonn","Regensburg","Gneixendorf","America","Brussels","St. Rombaut","Vienna","Amsterdam","York","France","Werkersdorf","England","Heiligenstadt","St. Katherine","Belgium","Netherlands"],"ref_url":[],"ref_bibl":["[13, 49]","[4]","Gartenlaube, 1927, p. 214","February 1745","[89]","June 1729","[29]","[60]","October 1731","[27, 73, 74, 83]","[66]","[10, 11]","[28]","[92]","December 1819","September 1775","[1]","[8, 13, 44]","[32]","July 1787","baptized on November 21, 1642","March 1831","February 1819","baptized April 8, 1774","[38]","November 1831","March 1808","[3]","[91]","baptized October 2, 1776","[43, 45, 47]","[64]","born December 19, 1746","[48]","January 1816","[1891]","baptized September 25, 1708","August 1744","[85]","[7]","June, 1775","March 1770","[14]","baptized December 17, 1770","[9]","baptized January 5, 1712","September 1733","[640]","[36, 37, 38]","August 1819","1715, 1727","November 1769","March 1741","[1919]","[60, 54]","March 1800","[19]"],"bibl":[]}},"ark":["ark:/67375/HXZ-J5ZD3KJJ-N"],"categories":{"wos":[],"scienceMetrix":["1 - arts & humanities","2 - visual & performing arts","3 - music"],"scopus":["1 - Social Sciences","2 - Arts and Humanities","3 - Music"]},"publicationDate":"1949","copyrightDate":"1949","enrichments":{"type":["multicat","refBibs","teeft","unitex"]},"doi":["10.1093/mq/XXXV.4.528"],"_id":"78BFA23664CAADC36B2DDA5532303E4A9BD1DF71"}