{"corpusName":"oup","keywords":{"teeft":["folio","colour","verso","recto","tagebuch","dark brown","same time","different ink","paper type","hess","facsimile","fragment","miscellany","same work","pale brown","fair copy","other hand","apparent colour","different part","same colour","autograph miscellany","autograph score","oboe part","ink","long period","opening quotation","page fragment","great variety","joseph kerman","fragment mixture","violin concerto","several page","darker form","douglas johnson","british library","early sketch","fischhof miscellany","great deal","perfect pitch","piano trio","piano concerto","bonn paper","sketch miscellany","whole year","certain page","early vienna paper","cadenza sketch","lower half","first performance","light brown","more greenish","vocal text","darker","sketch"]},"author":[{"name":"BARRY COOPER"}],"articleId":["68.4.315"],"arkIstex":"ark:/67375/HXZ-J1954W8G-7","language":["eng"],"originalGenre":["research-article"],"qualityIndicators":{"refBibsNative":false,"abstractWordCount":0,"abstractCharCount":0,"keywordCount":0,"score":5.05,"pdfWordCount":7377,"pdfCharCount":38991,"pdfVersion":1.3,"pdfPageCount":18,"pdfPageSize":"475 x 710 pts","pdfWordsPerPage":410,"pdfText":true},"title":"THE INK IN BEETHOVEN'S ‘KAFKA’ SKETCH MISCELLANY","refBibs":[{"host":{"title":"7 AandDmixed 118 59 III-A10 c. early 1797 Op A and D; also B for verso staves 71, Symphony 7-10 and ' Menuetto' in C inscription 119 101 r III-A10 c.earlyl797 Op","author":[{"name":"D 58"},{"name":"Iii-A10 C. Earlyl797 Op"}]}},{"host":{"author":[{"name":" Op"}]}},{"host":{"author":[{"name":" Op"}]}}],"genre":["research-article"],"host":{"title":"Music and Letters","language":["unknown"],"issn":["0027-4224"],"eissn":["1477-4631"],"publisherId":["musicj"],"volume":"68","issue":"4","pages":{"first":"315","last":"332"},"genre":["journal"],"subject":[{"value":"Articles"}]},"namedEntities":{"unitex":{"date":["1790","1795","1792 to early 1794","1791","1796","1987","1792","1797","1793","1798","1794"],"geogName":[],"orgName":[],"orgName_funder":[],"orgName_provider":[],"persName":["Philippe Brou","Geoffrey Block","Rudolf Elvers","Joseph Kerman","Dagmar von Busch-Weise","Willy Hess","Albi Rosenthal","Martin Staehelin","The","Hans Halm","Leopold Cantata","Ann Arbor","Elliot Forbts","Ludwig van Beethoven","Phyllis Benjamin","Lewis Lockwood"],"placeName":["Mass.","Berlin","Munich","Bonn","Prague","Graz","Vienna","Wiesbaden"],"ref_url":[],"ref_bibl":["October 1790","September 1986"],"bibl":[]}},"ark":["ark:/67375/HXZ-J1954W8G-7"],"categories":{"wos":[],"scienceMetrix":["1 - arts & humanities","2 - visual & performing arts","3 - music"],"scopus":["1 - Social Sciences","2 - Arts and Humanities","3 - Music"]},"publicationDate":"1987","copyrightDate":"1987","enrichments":{"type":["multicat","refBibs","teeft","unitex"]},"doi":["10.1093/ml/68.4.315"],"_id":"8D6337C65FF56E8B348E121882261C05C0EC4F2A"}