{"corpusName":"oup","keywords":{"teeft":["minor composer","nineteenth century","other hand","church music","other work","beethoven","approach fall maturity","sidgle personality","rame direction","full swing","important wing","strategic position","true commander","certain phase","democratic attitude","musical movement","distractingly comprehensive","classical trend","eighteenth century","artistic republicanism more","other composer","practical result","creative musician","rate show","minor gomposers","dominant personality","older great master","wider extent","certain mannerism","much more","early work","mozartian idiom","complete edition","little temperamental","technical affinity","oldest musical genius","minor contemporary","more obtrusive","less weighty","actual matter","chronological position","extensive literary treatment","earliest experience","practical form","main operatic","bonn theatre","favourite composer","minor composer bkbthoven","more difficult","instrumental music","outeide private house","public concert","fashionable subscription concert","inferior successor","imperial chamber composer","letter beethoven","endless programme","anton eberl","aloys fdrster","johann vanhall","rigid traditionalist","happiest home","great consequence","italianised frenchman pierre dutillier","moravian paul wranitzky","wenzel muller","johann schenk","vicarious achievement","facile dramatic talent beethoven","certain esteem","first opera","creative cataclysm","clarinet trio","operatic music","finest example","french workb","court opera","good deal","chamber music","early vienna day","great house","gifted amateur","famous performer","concerted work","curious product","flattering hospitality","exalted improvisation","famous performere","instantaneous invention","half clerical dignatories","half artistic worldling","typical figure","late eighteenth century","younger day","surprising toleration","interminable embroidery","other invention","joseph geknek","abbe stadler","count lichnowski","christian spirit","first romantic","secular pianist","less friendly conflict","other anything","irrepressible flash","same reason","immense popularity","shallow fluency","elegant futility beethoven","personal antagonism","certain affection","falbcher hand","personal dislike","artistic aversion","inexhaustible improviser","extemporaneous inanity","bame visit","prince louif ferdinand","characteristic clumsy","excellent pianist","older contrapuntal school","vocal work","famous choral society","irish musician","astonishing degree","time beethoven","piano sonata","striking resemblance","vital work","unsuspected link","domenico scarlatti","less effect","luminous handling","bolid unity","such faint trace","external influence","certain procedure","rapid extinction","first dramatic composer","actual likeness","feeling common","bequiem mass","gradual emancipation","creative independence","various period","speculative labour","careful study","pathological fact","available document","ear lea unreceptive","general health","similar remark","intermittent aggravation","sentimental diary","same year","concerted piece","btone deaf","certain metaphorically","many occasion deaf","physical hearing","astonishing reply","other music","notable figure","classical purity","artistic need","true inspiration","deliberate intellectual resolu","letter tion","inferior work","cold blood","beethoven contrives","attic deportment","amour conjugal","pierre gaveaox","italian version","same book","german opera text","funeral march","similar movement","same opera","amusing tale","diabelli variation","various composer","numerous british national song","other purpose","handel theme","early operatic career","popular winter","personal esteem","momentary concession","public taste","count waldstein","formal politeness","friendly patron","similar tribute","many detail","favourite pupil","unqualified reverence","original feature","eighteenth century artificiality","great english composer","little english music","casual dealing","foreign exponent","continental music","british school","italian music beethoven","exhaustive study","latin prosody","grudging tribute","great master","great model","church composer","magnificent egotism","younger contemporary","last year","great theatre painter","melodious composer","sensuous spirit","similar comic opera","excellent italian company","commiseratingiy indulgent","common crowd","chromatic nature","spontini beethoven","good theatrical effect","capital understanding","more comprehensive critical perception","creative genius","much hope","great composer","schubert excepted","surprising appearance","great constellation","concert platform","short career","wide public","pupil beethoven","severe technical","text book","consecutive fifth","ferdinand ries","archduke rudolph","regular pupil","imperial scholar","minor concerto","warm approval","eulogistic reference","masterly variation","courtly tone","ring true","imperial highness","foreign composer","personal contact","cipriani potter","several time","english visit","ceerny beethoven","cordial relation","obdurate nephew carl","piano score","immense output","pedagogic work","complete piano music","letter separate number","towering genius","immediate indebtedness","great precursor need","minor forerunner","small successor","great one","great geniub","solitary phenomenon","minor artist"]},"author":[{"name":"ERIC BLOM"}],"articleId":["VIII.3.306"],"arkIstex":"ark:/67375/HXZ-XW9Z05BS-F","language":["eng"],"originalGenre":["research-article"],"qualityIndicators":{"score":5.941,"pdfWordCount":4558,"pdfCharCount":24209,"pdfVersion":1.5,"pdfPageCount":11,"pdfPageSize":"496 x 711 pts","pdfWordsPerPage":414,"pdfText":true,"refBibsNative":false,"abstractWordCount":0,"abstractCharCount":0,"keywordCount":0},"title":"THE MINOR COMPOSERS","genre":["research-article"],"host":{"title":"Music and Letters","language":["unknown"],"issn":["0027-4224"],"eissn":["1477-4631"],"publisherId":["musicj"],"volume":"VIII","issue":"3","pages":{"first":"306","last":"316"},"genre":["journal"],"subject":[{"value":"Articles"}]},"namedEntities":{"unitex":{"date":["1802","1818","1820","eighteenth century","1814","1789","1791","1796","1826","1804","1822","1805","1798","1817","the eighteenth century","1927"],"geogName":[],"orgName":[],"orgName_funder":[],"orgName_provider":[],"persName":["Aloys Fdrster","Tomaschek","August von Eloeber","Paul Wranitzky","Joseph GeKnek","Pierre Gaveaox","Johann Schenk","Pierre Dutillier","Johann Vanhall","Domenico Scarlatti","Ferdinand Ries","Louif","C. F. C. Fasch","Wenzel Muller"],"placeName":["Berlin","Bonn","Edinburgh","London","Europe","Dittersdorf","Vienna","Aschaffenburg","England","Palestrina"],"ref_url":[],"ref_bibl":[],"bibl":[]}},"ark":["ark:/67375/HXZ-XW9Z05BS-F"],"categories":{"wos":[],"scienceMetrix":["1 - arts & humanities","2 - visual & performing arts","3 - music"],"scopus":["1 - Social Sciences","2 - Arts and Humanities","3 - Music"]},"publicationDate":"1927","copyrightDate":"1927","enrichments":{"type":["multicat","refBibs","teeft","unitex"]},"doi":["10.1093/ml/VIII.3.306"],"_id":"D3476E04F1AE0732958B8DFD01FB6A0A0FB934DF"}