{"corpusName":"oup","keywords":{"teeft":["polonaise","empress","kaiserin","polonaise theme","improvisation","alexiewna","wiener","musical quarterly","composee","nally","alexeievna","improvisatory","musik","couplet","coda","leben","sich","dediee","leipzig","kopitz","einer","fermata","tanz","same time","durch","seiner","pianoforte","piano sonata","elisabeth alexiewna","russian empress","wiener kongre","beethoven leben","improvisatory element","nineteenth century","systematische anleitung","slow introduction","seventh chord","empress elizabeth alexeievna","title page","beethoven","czerny","class marker","beethoven klaviermusik","musical quarterly example","polonaise rhythm","second couplet","sieghard brandenburg","cello sonata","grande duchesse","carl czerny","stefan burhardt","national dance","elizabeth alexeievna","georg muller","california press","birgit lode","tsar alexander","elisabeth","genre","prince narishkin","quarter note","middle part","musical form","original wording","johann nepomuk hummel","polskie muzyczne","melodic material","long coda","last measure","last ritornello","fantasialike introduction","polonaise part","concert piece","chromatic line","russian land","solo piano","klaus martin kopitz","katalog tematyczny","forte section","emperor alexander","louis spohr","wohlgefallen aufgenommen","furst narischkin","johann nepomuk hochle","imperial hofburg palace","richard taruskin","emily anderson","viennese classic","joseph weigl","wiener kongress","carl maria","austrian national library","verlag neue musik","josef polonaise","helmut aloysius","sketchbook mendelssohn","russies elisabeth alexiewna","princeton university press","grom pobedy","first edition","whole composition","franz patzer","english translation","hilde spiel","wilhelm friedemann bach","bericht uber","performance resp","free element","triple concerto","rondo alla polacca","congres danse","ludwig","petersburg"]},"author":[{"name":"Birgit Lodes","affiliations":["Translated by Sabine Ladislav","E-mail: birgit.lodes@univie.ac.at"]}],"articleId":["gdq022"],"arkIstex":"ark:/67375/HXZ-XW4CNN12-T","language":["eng"],"originalGenre":["research-article"],"qualityIndicators":{"score":6.383,"pdfWordCount":11122,"pdfCharCount":66427,"pdfVersion":1.5,"pdfPageCount":36,"pdfPageSize":"504 x 720 pts","pdfWordsPerPage":309,"pdfText":true,"refBibsNative":false,"abstractWordCount":0,"abstractCharCount":0,"keywordCount":0},"title":"“Le congrès danse”: Set Form and Improvisation in Beethoven's Polonaise for Piano, Op. 89","genre":["research-article"],"host":{"title":"The Musical Quarterly","language":["unknown"],"issn":["0027-4631"],"eissn":["1741-8399"],"publisherId":["musqtl"],"volume":"93","issue":"3-4","pages":{"first":"414","last":"449"},"genre":["journal"]},"namedEntities":{"unitex":{"date":["1810, 1811, and 1812","1795","1814","2011-01-24","the nineteenth century","1815","1833","1822","1809","1811","2007","in the nineteenth century","nineteenth century","1793","1801"],"geogName":[],"orgName":["Austrian National Library, Vienna","Russian National Anthem","Denmark, Wurttemberg, Bavaria","Austrian National Library, Vienna, Musiksammlung, SH","Poland and Saxony","Princeton University","University of California, Los Angeles","Russia Musically","Austria, England, and Prussia","University of Vienna","Austrian Academy of Sciences","Saarland University","Harvard University","and Russia, Prussia, and Austria","The Congress","Poland, Saxony, and Russia","Polish Congress","Oxford University","Vienna Congress","Congress"],"orgName_funder":[],"orgName_provider":[],"persName":["Rene van Rhyn","William Kinderman","Andreas Ballstaedt","Karol Berger","Caroline Pichler","Elaine R. Sisman","Peter Burg","Helga Luhning","Peter Haberle","Lucian Kamienski","Ernst Herttrich","Karl Bohmer","La Lanterna","C.E. Kollmann","Vladimir Grigorevich","Anna Amalia","Ludwig Finscher","Leo Schrade","Hans Schneider","Stanley Sadie","Karol Hławiczka","Frederick William","Thomas Schallmann","Alexander Thayer","Carl Maria","Franz Schubert","Emanuel Bach","Carl Bertuch","Hans Effenberger","Gustav Leonhardt","Douglas Johnson","Elliot Forbes","Vincenzo Martini","Czerny","Alexander L. Ringer","Wolfgang Osthoff","Werther Freund","August Fournier","Hilde Spiel","La Garde","Emily Anderson","Elisabeth Fritz-Hilscher","Eduard David","Joseph Weigl","Hermann Freiherr","Harry Goldschmidt","Walter Salmen","Theodor Hentschke","A.S.M. Elisabetha","Konrad Niemann","Irving Godt","Ludwig van Beethovens","Johann Nepomuk","Sabine Ladislav","F.A. Dittmar","Elisabeta Alexejewna","Karl Joseph","Irene Zedlacher","Jan Lewicki","Klaus Martin","Claus Raab","Louis Spohr","Heinz Alfred","A. Diabelli","Stefan Burhardt","Peter Wollny","Narishkin","Elisabeth Aleksiejewna","Kristina Pfarr","Alexander Lvovich","Elisabeth Empress","Jurgen Uhde","Metternich","Matthias Franz","Antonie Brentano","Theodor von Frimmel","Carl Dahlhaus","Peter Cahn","Birgit Lodes","Sieghard","Robert Winter","Tia de Nora","Frederic Chopin","Richard H. Weber","Elizabeth Alexeievna","Daniela Gerstner","Ludwig van Beethoven","Elisabeth Alexiewna","Armin Raab","Julius Kapp","Josef Kozłowski","Franz Patzer","Sebastian Bach","Jozef Kozłowski","G.R. Dierz","Pietro Guglielmi","Eduard Helmke","Richard Taruskin","Karl Bursy","Bernhard Fr","Hugo Riemann","Bernhard Weck","Alice L. Mitchell","Carl Czerny","Valerie Woodring","Joseph Bertolini","Christian Koch","Lulu Gra","L. van Beethovens","Hermann Deiters","Stefan Keym","Wolfgang Horn","Emerich Kastner","Heinz von Loesch","Dorothea von Ertmann","Alan Tyson","Auguste von Baden","Lewis Lockwood","Christopher Hogwood","Nigel Yandell","C. P. E. Bach","An Essay"],"placeName":["Leipzig","Karlsruhe","Berlin","Philadelphia","Rochester","Nuremberg","Munich","NY","Bonn","Poland","Moscow","Kassel","Saint Petersburg","Warsaw","Europe","Vienna","Frankfurt","Wiesbaden","St. Petersburg","Hof","Weimar","Russia","PA"],"ref_url":[],"ref_bibl":["[1815]","Berlin: Verlag Neue Musik, 1988","Munich: Henle, 1955/83","Paris: Appert, 1843","Munich: Jugend und Volk, 1981","Leipzig: Deutscher Verlag fur Musik, 1989","November 1816","Stuttgart: Reclam, 1968","[1810]","Beethoven had actually extemporized the introduction at the ﬁrst performance and only notated it afterwards, 1808/09","Berlin: Verlag Neue Musik, 1971","Berkeley and Los Angeles: University of California Press, 1985","Marz 1927 (Vienna: Universal Edition, 1927)","Munich: Georg Muller, 1923","Bern and Munich: Francke, 1973","Tutzing: Schneider, 2010","Berkeley: University of California Press, 2007","Urbana: University of Illinois Press, 2006","December 1814","Bonn: Beethoven-Haus, 2004","Berlin: Gebruder Paetel, 1916","London: Macmillan, 1961","Leipzig: Peters, 1887","February 1814","[1829]","Stuttgart and Weimar: Metzler, 1996","Kassel: Barenreiter, 2004","Vienna and Leipzig: Tempsky, 1913","London: Macmillan, 2001","Bonn: Beethoven-Haus, 1989","New York: Dick & Fitzgerald, 1864","[1839]","University of Rochester Press, 2008","Alexander Blankenagel et al.","New York and London: Longman, 1983","[1812]","Cambridge: Cambridge University Press, 2003","Munich: Deutscher Taschenbuch-Verlag, 1984","Munich: Georg Muller, 1914","Mainz: Villa Musica, 2007","Leipzig: ¨ Breitkopf und Hartel, 1923","Brno: Callwey, 1943","January 1815","Vienna and Leipzig: Rosenbaum, 1912","[1811]","Bonn: Beethoven-Haus, 2006","Kassel: Barenreiter, 1994","Vienna: Mechetti, 1815","Cracow: Polskie Wyd-wo Muzyczne, 1976","Wulf Arlt et al.","Stralsund: Hausschildt, 1836","Laaber: Laaber, 2008","Berkeley: University of California Press, 1995"],"bibl":[]}},"ark":["ark:/67375/HXZ-XW4CNN12-T"],"categories":{"wos":[],"scienceMetrix":["1 - arts & humanities","2 - visual & performing arts","3 - music"],"scopus":["1 - Social Sciences","2 - Arts and Humanities","3 - Music"]},"publicationDate":"2010","copyrightDate":"2011","enrichments":{"type":["multicat","refBibs","teeft","unitex"]},"doi":["10.1093/musqtl/gdq022"],"_id":"1B7061725E22A6D838D897A21970D03F3EE8AD65"}