{"corpusName":"oup","keywords":{"teeft":["liszt","stanislaus","hohenlohe","november","cornelius","april","august","oratorio","mara","dingelstedt","weimar","siemienski","ramann","libretto","franz liszt","january","boleslaus","briefe","adelheid","lamennais","october","polonia","leipzig","raabe","carolyne","mainz","profundis","tres","june","september","meyendorff","franz","princess carolyne","salve polonia","krakow","final chorus","royal feast","avec","orchestral interlude","piano score","stanislas","legenda liryczna","next year","pilerins polonais","elisabeth","german translation","daily czas","minor change","bishop stanislaw","royal castle","heiligen elisabeth","franz briefe","rough translation","dramatic oratorio","orchestral score","franz brendel","mutual friend","first week","first scene","beethoven cantata","whole thing","stumme biisser","lina ramann","first version","heilige cdcilia","late autumn","stanislaus text","pope gregory","mein sohn","necessary change","original translation","lettres voyageur","baron anton august","greater part","political drama","liberal catholic","antal augusz"]},"author":[{"name":"PAUL MUNSON"}],"articleId":["78.4.532"],"arkIstex":"ark:/67375/HXZ-CZN0KJCM-R","language":["eng"],"originalGenre":["research-article"],"qualityIndicators":{"score":5.05,"pdfWordCount":11195,"pdfCharCount":60536,"pdfVersion":1.2,"pdfPageCount":19,"pdfPageSize":"461 x 703 pts","pdfWordsPerPage":589,"pdfText":true,"refBibsNative":false,"abstractWordCount":0,"abstractCharCount":0,"keywordCount":0},"title":"THE LIBRETTOS FOR LISZT'S ORATORIO ‘ST STANISLAUS’","refBibs":[{"host":{"publicationDate":"1874-09","author":[{"name":" Sayn-Wittgenstein To Liszt"}],"pages":{"first":"74"}}},{"host":{"title":"Speaking of compositions, I've hardly been able to attend to mine in more than six weeks. However, I have not been idle and I devote several hours daily to the arrangement for four hands of the Symphonische Dichtungen, for which Hartel has asked me; furthermore I am revising, correcting, and recasting a number of transcriptions of the Licder of Beethoven, Mendelssohn, Franz, as well as six old pieces taken from Wagner's operas, which will appear in 8° (second edition) at Hand's during the winter. You will consider this work very superfluous and not very important. I agree; but for want of something better I am devoting myself to it with a kind of conscientious passion.' The Letters of Franz Liszt to Olga von Meyendorff, trans. Tyler, p. 161. He signed the orchestral score of 'The Cry of the Oppressed' on 6Vous ne connaissez que trop mes \"exigences\" a ce sujet; je ne puis m'en dedire, car elles me semblent raisonnables. II faut que cet oratorio se presente dans des conditions de viabilite, desquelles le texte decide principalement Inutile relatives aux changements necessaires; de mon cote","publicationDate":"1875-01","author":[{"name":"Mainz Stadtbibliothek"},{"name":"Peter-Comelius-Nachlass "}]}},{"title":"Si ie poete esu'me ce mode plus sortable, je me range de son avis Deine Amendements zu derselben, die ich wohl begriindet und vortheilhaft fiir unsere beiderseitige Arbeit finde, sollen sorgfaltig berucksichtigt, also insonderheit 1) die Figur Christina's reducirt, 2) das ObermaB der Engelchore beschrankt, 3) dagegen der Schutzengel mehr in den Vordergrund gezogen werden. Fiir den allerhochst-eigenhandigen Mord durch Boleslaus mochte ich plaidiren, weil der Zug historisch ist, und dies Motiv den Wahnsinn des Konigs im Finale einleitet Dingelstedt,' \"Legende\" vom heiligen Stanislaus', Budapest, Liszt Memorial Museum, Liszt's estate, books, 47. sz. M 'Material aber geniigt nicht zu einen Kunstwerk. Gestem Abend bekam ich eine dramatische Arbeit, welche iiber einen grossartigen Sujet—eine lacherliche Insce'nirung gab—von einen Mann der noch einen grossen Namen in Deutschland tragt","author":[],"publicationDate":"1878-06","host":{"title":"La Mara assigned the letter to 1876, but this is a misreading of the manuscript (GSA 59","publicationDate":"1878-06","author":[]}},{"host":{"publicationDate":"1883-01-11","author":[{"name":" Liszt To Marie Von Hohenlohe"}],"pages":{"first":"3"}}},{"host":{"publicationDate":"1882-12-28","author":[{"name":"Venice Liszt To Sayn-Wittgenstein"}],"pages":{"first":"3"}}},{"host":{"publicationDate":"1883-04","author":[{"name":" Liszt To Marie Von Hohenlohe"}]}},{"host":{"title":"1 May 1883; copy in Hohenlohe's hand, GSA 60/B3mAu concert d'hier le \"Salve Polonia\" a ete repete, sur 1'instigation de la C[omte]sse de Schleinitz et de Mme de MeyendorfT, d'accord avec le Grand Due. A le Pentecote 85, j'espere avoir termine la partition du St Stanislas. J'ecris lentement, efface les trois quarts","publicationDate":"1884-03","author":[]}},{"host":{"title":"For more evidence of Liszt's interest in St Stanislaus during his final months, see the draft of his letter to the abbot of Ossiach Monastery (GSA, supplement to 60/B3b), given in Winkler What are you thinking, my Lord? Do not forget new chains! I thought only to save my people from sacrilege. KING. Your people! You dare to speak these words in front of me? 73 Twice in 1869 he called it a 'legend","publicationDate":"1908","author":[{"name":"August Gollerich"},{"name":"Franz Liszt"}],"pages":{"first":"173"}}},{"title":"]; copy in Hohenlohe's hand, GSA 60/B3m; and Ramann","author":[{"name":" Liszt To Marie Von Hohenlohe"}],"publicationDate":"1883-04-07","host":{"title":"Front Lull's Britje","publicationDate":"1883-04-07","author":[],"pages":{"first":"359"}}}],"genre":["research-article"],"host":{"title":"Music and Letters","language":["unknown"],"issn":["0027-4224"],"eissn":["1477-4631"],"publisherId":["musicj"],"volume":"78","issue":"4","pages":{"first":"532","last":"550"},"genre":["journal"],"subject":[{"value":"Article"}]},"namedEntities":{"unitex":{"date":["1882","1869","80s","1836","1997","1865","1883","1861","1834 or 1835","1877","1866","1855","1844","1884","Twentieth Centuries","1878","1880","1867","1874","1879","1830s","1830","1870","1886","1870s","1875"],"geogName":[],"orgName":["Congress"],"orgName_funder":[],"orgName_provider":[],"persName":["Anton Augusz","S. Stanislas","Olga von Meyendorff","Franz Lull","Peter Cornelius","Klara Hamburger","Franz von Dingelstedt","July Revolution","Liszt","Cosima Wagner","Adolf Stern","Karl Erdmann","Carl Alexander","King Boleslaw","Wilhelm von Csapo","L. Philippe","Wittgenstein","Alec R. Vidler","Lina Ramann","Princess Carolyne","Louis Le Guillou","Siemienski","Charles Didier","Son Stanislas","Maria P. Eckhardt","Howard E. Hugo","Maria Cornelius","Salomon Mosenthal","Gustav von Hohenlohe","Gerhard J. Winkler","Ferdinand Gregorovius","H. Elisabeth","In","Otto Roquette","Eduard Liszt","Marie von Hohenlohe","Carl Riedel","Franz Liszts","Kornel Abranyi","Peter Raabe","Wladislav Tarnowski","Carolyne von Sayn-Wittgenstein","Library","King Bolesfaw","August Gollerich","Rudolf Jung","Dorothea Redepenning","La Mara","Otto Lessmann","Sacha Rabinovitch","William R. Tyler","Hans von Bulow","ROCK Martyrdom","Franc Liszt","King Boleslaus","Ramann","Anton August","Raabe","C. E. Blum","Bismarck","Dingelstedt"],"placeName":["Leipzig","Mass.","Venice","Switzerland","SOLEC","Germany","St Stephen","St Thomas","Fribourg","Munich","Poland","Tivoli","Washington","Kassel","DC","St Nicolas","St. Stanislaus","Warsaw","St Stanislaus","Bayreuth","Vienna","St Stanislas","Rome","Israel","St Michael","Weimar","Cambridge","Hungary","Italy","Papal States","Mainz","Budapest","Lyon"],"ref_url":[],"ref_bibl":["December 1877","Leipzig, 1894","Paris, 1977","Agoult et aL","December 1882","[1869]","Leipzig, 1902","May 1833","Leipzig, 1893","April 1876","January 1879","December 1869","April 1875","June and September 1878","November 1875","November 1869","Leipzig, 1905","August 1876","University of Michigan, 1996","[1862]","April 1834","Leipzig, 1904","November 1873"],"bibl":[]}},"ark":["ark:/67375/HXZ-CZN0KJCM-R"],"categories":{"wos":[],"scienceMetrix":["1 - arts & humanities","2 - visual & performing arts","3 - music"],"scopus":["1 - Social Sciences","2 - Arts and Humanities","3 - Music"]},"publicationDate":"1997","copyrightDate":"1997","enrichments":{"type":["multicat","refBibs","teeft","unitex"]},"doi":["10.1093/ml/78.4.532"],"_id":"7173573174CB37E928240AF65C3474E01A884D61"}