{"corpusName":"cambridge","author":[{"name":"Tristram Pugin"}],"articleId":["00757"],"arkIstex":"ark:/67375/6GQ-MMH54LMP-F","language":["eng"],"originalGenre":["research-article"],"abstract":"The image of French music from the late 18th century to the present day in its European context is less clear in most people's minds, even most French people's minds, than one could reasonably expect. Yet it has a decisive bearing on what one makes of contemporary developments. There are too few names involved, for one thing, and the lines of influence drawn do not always point in the right direction. In particular, historical ascendancy is blurred, not least because too many musicologists who ought to know better base their work on that shakiest of grounds, ‘accepted repertoire’. Manuals repeat uncritically the opinions of Grimm and Rousseau on the shortcomings of le style français without bothering to uncover the influence of Rameau and Armand-Louis Couperin on Schobert – and through him on the young Mozart. Beethoven's ‘heroic’ manner is most often thought to be the outcome of an instinctively ‘romantic temperament’ exploding Viennese classicism from inside, when in fact it was largely prompted by French composers of the revolutionary period such as Méhul and Gossec (something altogether natural in a composer born in the Rhine–Palatinate). The beginning of a new contrapuntal spirit in French music is often credited to Gounod and his discovery of Bach, to detriment of Böely both as composer and performer.","qualityIndicators":{"score":9.568,"pdfWordCount":5830,"pdfCharCount":33845,"pdfVersion":1.4,"pdfPageCount":10,"pdfPageSize":"523.44 x 769.68 pts","refBibsNative":false,"abstractWordCount":214,"abstractCharCount":1328,"keywordCount":0},"title":"Through the Spectrum: The New Intimacy in French Music (I)","pii":["S0040298200007579"],"genre":["research-article"],"host":{"title":"Tempo","language":["unknown"],"issn":["0040-2982"],"eissn":["1478-2286"],"publisherId":["TEM"],"issue":"212","pages":{"first":"12","last":"21","total":"10"},"genre":["journal"]},"ark":["ark:/67375/6GQ-MMH54LMP-F"],"categories":{"inist":["1 - sciences humaines et sociales"]},"publicationDate":"2000","copyrightDate":"2000","enrichments":{"type":["nb","refBibs"]},"doi":["10.1017/S0040298200007579"],"_id":"A165CBEBB23B9C0503EAF83158750765DE5AED89"}