{"corpusName":"oup","keywords":{"teeft":["copyist","aria","wielhorsky","berlin score","oratorio","london score","breitkopf","hartel","breitkopf hartel","christus","oelberge","trombone","april","recitative","first performance","seraph","first number","musical quarterly","black text","second number","sketchbook","october","august","third number","first edition","last number","wielhorsky sketchbook","duet","eroica sketchbook","last page","full score","autograph","final version","leonore","first aria","vocal part","loose page","libretto","erzittre erde","british museum","final chorus","different oratorio","distressing event","early work","first work","dramatic vocal music","first mass","whole work","vocal score","trombone accompaniment","deutsche staatsbibliothek","autograph passage","other page","elegante welt","original version","autograph copyist","autograph section","autograph score","american musicological society","further sketch","final bar","third piano concerto","original word","bar long","heil euch","form part","allegro molto","choral part","orchestral part","second half","bar copyist","second symphony","fortissimo chord","short recitative","major chorus","london icore","giorni tuoi felici","ludwig nohl","erzittre erde aria","ruhe denn","nicht ungestraft","meinen adem","welten singen","piano figuration","particular content","present form","biblioteca estense","hauptstimme sketch","bonn page","problematical recitative","gesehen nach diesen berge gehen","beethoven","recapitulation","sketch"]},"author":[{"name":"ALAN TYSON"}],"articleId":["LVI.4.551"],"arkIstex":"ark:/67375/HXZ-65G6PD7R-G","language":["eng"],"originalGenre":["research-article"],"qualityIndicators":{"score":5.05,"pdfWordCount":11661,"pdfCharCount":59788,"pdfVersion":1.3,"pdfPageCount":34,"pdfPageSize":"453 x 686 pts","pdfWordsPerPage":343,"pdfText":true,"refBibsNative":false,"abstractWordCount":0,"abstractCharCount":0,"keywordCount":0},"title":"THE 1803 VERSION OF BEETHOVEN'S CHRISTUS AM OELBERGE","refBibs":[{"author":[],"host":{"title":"166 Recitative: \"Jehovah! du ...\" 90","author":[],"pages":{"first":"105","last":"108"}}},{"title":"Meine Seele","author":[{"name":" Aria"}],"host":{"title":"Erzittre Erde ...\" Ill","author":[],"volume":"90","issue":"132","pages":{"first":"113"}}},{"host":{"title":"IllOheil euch","author":[{"name":" Aria"}],"pages":{"first":"129","last":"131"}}},{"host":{"title":"care, visible today in the London icore. C also copied what b now the lait surviving page of this score. In the Berlin score VI: 259 wai heavily corrected by Beethoven after A had copied it, and C was evidently called upon to replace the corresponding bar (and therefore the page)","author":[]}},{"title":"1874), pp. 95-101. I Introduction II RecitativeErzittre ErdeVerkundet, Seraph\" Duet: \"So ruhe denn IV RecitativeWillkommen Tod!Wir haben ihn gesehen\" V RecitativeDie mich zu fangen\" Chorus: \"Hier ist er","author":[{"name":" Wilhehn Von Lenz Ludwig"},{"name":" Nohl"},{"name":" Betthovtn"},{"name":" Wagnir"},{"name":" Liszt"},{"name":". Viennao Heil Euch"},{"name":"Vi Iii Recitative"},{"name":" Recitative"}],"host":{"title":"Mod T Mh 69","author":[],"pages":{"first":"71","last":"6"}}}],"genre":["research-article"],"host":{"title":"The Musical Quarterly","language":["unknown"],"issn":["0027-4631"],"eissn":["1741-8399"],"publisherId":["musqtl"],"volume":"LVI","issue":"4","pages":{"first":"551","last":"584"},"genre":["journal"],"subject":[{"value":"Articles"}]},"namedEntities":{"unitex":{"date":["1802","1901","1970","1803","1936","1804","1809","1811","1801","3 and 6-7","1945"],"geogName":["Ill"],"orgName":[],"orgName_funder":[],"orgName_provider":[],"persName":["Ludwig Nohl","Caspar Carl","A. Schindler","London Copyist","F. X. Huber","J. K. Bernard","Julius Rietz","Owen Jander","Emily Anderson","August Griesinger","N. L. Fishman","Wilhelm Hitzig","Calliste Rzewuska","Hans Halm","Sec","Beethoven","Sebastian Meyer","Ludwig van Betthoven","Hans Schmidt","Pamela J. Willetts","Ludwig van Beethoven","Antonio Salieri","Joseph von Varena","Journal","Boris Schwarz","Schindler","Ferdinand Ries","Emanuel Nowotny","J. N. Bouilly","L. Fishman","Bernhard Musik","F. G. Wegeler","Lewis Lockwood","Friedrich Treitschke","Georg Kinsky"],"placeName":["LEIPZIG","Berlin","Coblenz","Dresden","Munich","Bonn","Modena","Hetzendorf","Moscow","London","Graz","Vienna","Glinka","Heiligenstadt"],"ref_url":[],"ref_bibl":["Zurich, 1939","London, 1970","[1970]","Moscow, 1962","London, 1906","March, 1804","Hamburg, 1860","London, 1961","Egerton 2727","April, 1803","Jahre 1803 (Leipzig, 1880)","Vienna, 1874","October, 1811"],"bibl":[]}},"ark":["ark:/67375/HXZ-65G6PD7R-G"],"categories":{"wos":[],"scienceMetrix":["1 - arts & humanities","2 - visual & performing arts","3 - music"],"scopus":["1 - Social Sciences","2 - Arts and Humanities","3 - Music"]},"publicationDate":"1970","copyrightDate":"1970","enrichments":{"type":["multicat","refBibs","teeft","unitex"]},"doi":["10.1093/mq/LVI.4.551"],"_id":"1F8B1F776C80B4B1C0489D7E410246A70EBF9F4D"}