{"corpusName":"oup","keywords":{"teeft":["adorno","versuch","parsifal","parsifal essay","ibid","late style","schriften","spatstil","jugendstil","schoenberg","critique","spatstil beethoven","late beethoven","compositional","gesammelte schriften","musical language","choral treatment","extreme reduction","wagner critique","naked instrumental sound","much more","many respect","musikalische schriften","columbia university","richard parsifal","orchestral sound","last supper","richard wagner","original inventive power","versuch iiber wagner","historical moment","wagnerian ideology","first time","music drama","musikalischen monographien","infinitesimal differentiation","particular consequence","essaybuches versuch iiber wagner","hartmut zelinsky","lucy beckett","michael tanner","modern music","idiosyncratic resistance","aesthetic creation","material nature","parsifal prelude","totalizing impulse","theodor uhlig","jugendstil aesthetic","biirgerliche oper","late work","precise technical sense","metaphysical meaning","suspicious gaze","cryptic quality","less important","adorno claim","erscheinung tritt","vegetabilische gesetz","stufenweises zuriicktreten","vegetative principle","aesthetic theory","schoenberg essay","beethoven essay","national socialism"]},"author":[{"name":"THEODOR W. ADORNO"}],"articleId":["76.3.384"],"arkIstex":"ark:/67375/HXZ-W9F4BJHV-M","language":["eng"],"originalGenre":["research-article"],"qualityIndicators":{"score":5.05,"pdfWordCount":7019,"pdfCharCount":41863,"pdfVersion":1.2,"pdfPageCount":14,"pdfPageSize":"456 x 706 pts","pdfWordsPerPage":501,"pdfText":true,"refBibsNative":false,"abstractWordCount":0,"abstractCharCount":0,"keywordCount":0},"title":"ON THE SCORE OF ‘PARSIFAL’","refBibs":[{"host":{"title":"Richard Wagner: the Man, his Mind and his Music","publicationDate":"1968","author":[{"name":"W Robert"},{"name":" Gutman"}]}},{"author":[],"publicationDate":"1979","host":{"title":"Rettung ins Ungenau. Zu Martin Gregor-Dellins","publicationDate":"1979","author":[],"pages":{"first":"421","last":"40"}}}],"genre":["research-article"],"host":{"title":"Music and Letters","language":["unknown"],"issn":["0027-4224"],"eissn":["1477-4631"],"publisherId":["musicj"],"volume":"76","issue":"3","pages":{"first":"384","last":"397"},"genre":["journal"],"subject":[{"value":"Articles"}]},"namedEntities":{"unitex":{"date":["1952","1968","1957","1964","1960s","nineteenth century","1937","1955","1995","1956"],"geogName":[],"orgName":["Columbia University","National Socialism","American Musicotogical Society"],"orgName_funder":[],"orgName_provider":[],"persName":["Ferdinand Heine","Daniel Purdy","Gretel Adorno","Peter Burbidge","Alfred Lorenz","Rodney Livingstone","Adorno","Rose Rosengard","Michael Tanner","Richard Sutton","Richard Wagner","Hans Joachim","Wesley V. Blomster","Theodor W. Adorno","Professors Edward","Robert W. Gutman","Rolf Tiedemann","C. Lenhardt","Anne G. Mitchell","Edward","Martin Gregor-Dellins","Susanne Vill","Ludwig Frankel","Lippman","Dietmar Holland","Journal","Heinz-Klaus Metzger","Professor Susanne","Ludwig Uhland","Theodor Uhlig","Wilhelm Fischer","Robert Gutman"],"placeName":["Leipzig","Germany","Munich","Bayreuth","Frankfurt","York","Cambridge"],"ref_url":[],"ref_bibl":["Leipzig, 1893","London, 1984"],"bibl":[]}},"ark":["ark:/67375/HXZ-W9F4BJHV-M"],"categories":{"wos":[],"scienceMetrix":["1 - arts & humanities","2 - visual & performing arts","3 - music"],"scopus":["1 - Social Sciences","2 - Arts and Humanities","3 - Music"]},"publicationDate":"1995","copyrightDate":"1995","enrichments":{"type":["multicat","refBibs","teeft","unitex"]},"doi":["10.1093/ml/76.3.384"],"_id":"16194EB3E60EE87B1A2A59C21D9A4A96A8F4AED0"}