{"corpusName":"sage","keywords":{"teeft":["visual arts","arts study","special teachers","literary arts","secondary level","analogous concepts","common themes","subject areas","physical education","individual arts","subject matter areas","philosophical context","classroom teachers","arts approaches","school program","geographical area","japanese arts"]},"author":[{"name":"William M. Anderson","affiliations":["Professor of music and assistant dean of the graduate college at Kent State University, Ohio."]},{"name":"Joy E. Lawrence","affiliations":["Associate professor of music at Kent State University."]}],"articleId":["10.2307_3396049"],"arkIstex":"ark:/67375/M70-V5W6N6KX-T","language":["eng"],"originalGenre":["research-article"],"qualityIndicators":{"score":4.586,"pdfWordCount":2574,"pdfCharCount":16044,"pdfVersion":1.2,"pdfPageCount":5,"pdfPageSize":"594 x 861 pts","refBibsNative":true,"abstractWordCount":1,"abstractCharCount":0,"keywordCount":0},"title":"Sweet success stories in related arts: Approaches to Allied Arts","refBibs":[{"host":{"title":"Music and Related Arts for the Classroom","author":[]}},{"title":"“Money.”","author":[{"name":" Armour Richard"},{"name":" Mary Ellen Chase"},{"name":" Arno Jewett"},{"name":" William Evans"}],"host":{"title":"Values in Literature","author":[],"pages":{"first":"285"}}},{"host":{"title":"Art and Man: Japan","author":[]}},{"host":{"title":"Art of the Koto: The Music of Japan","author":[]}},{"host":{"title":"Cricket Songs: Japanese Haiku","author":[]}},{"host":{"title":"New Dimensions in Music","author":[],"pages":{"first":"142"}}},{"title":"“Mice.”","author":[{"name":" Flyeman Rose"}],"host":{"title":"Poems Children Sit Still For","author":[],"pages":{"first":"63"}}},{"title":"“The Goblin.”","author":[{"name":" Edna Johnson"},{"name":" Evelyn R. Sickels"},{"name":" Frances Clark Sayers"}],"host":{"title":"Anthology of Children's Literature","author":[],"pages":{"first":"121"}}}],"genre":["research-article"],"host":{"title":"Music Educators Journal","language":["unknown"],"issn":["0027-4321"],"eissn":["1945-0087"],"publisherId":["MEJ"],"volume":"69","issue":"1","pages":{"first":"31","last":"35"},"genre":["journal"]},"namedEntities":{"unitex":{"date":["1982","in the twentieth century","nineteenth century"],"geogName":[],"orgName":["Traditional American Music","American Studies","National Symphonies, Bob Brown Puppet Productions"],"orgName_funder":[],"orgName_provider":[],"persName":["Richard Armour","Joy E. Lawrence","Cherry Blossoms","Jeff Davis","Amadeus Mozart","Asher Durand","Roman Coliseum","Jacque-Louis David","Ludwig van Beethoven","Steve Zoref","Rose Flyman","Theodore Brown","Kent Stale","Leonardo Da"],"placeName":["Simplicity","Vinci"],"ref_url":[],"ref_bibl":[],"bibl":[]}},"ark":["ark:/67375/M70-V5W6N6KX-T"],"publicationDate":"1982","copyrightDate":"1982","enrichments":{"type":["teeft","unitex"]},"doi":["10.2307/3396049"],"_id":"382065C56BB47EBA4FF3DAEDA47C503F3D645BA1"}