{"corpusName":"oup","keywords":{"teeft":["mayr","aria","zeliska","fidelio","moroski","amorveno","coniugale","accompagnato","floreska","paer","duet","opera buffa","last scene","excellent example","comic opera","vocal line","italian opera","dungeon","recitative","rossi","true dramma","farsa sentimentale","full score","comic element","dramatic situation","secco recitative","early verdi","namenlose freude","concerted number","french revolution","dungeon scene","neapolitan opera","opening part","italian comic opera","first version","concerted piece","dramatic action","voice part","powerful accompagnato","dramatic thrust","pure rossini","vocal phrase","serious style","neapolitan school","serious opera","allegro","neapolitan","mozart"]},"author":[{"name":"MOSCO GARNER"}],"articleId":["LII.3.239"],"arkIstex":"ark:/67375/HXZ-N159549R-K","language":["eng"],"originalGenre":["research-article"],"qualityIndicators":{"score":5.05,"pdfWordCount":5902,"pdfCharCount":32822,"pdfVersion":1.3,"pdfPageCount":20,"pdfPageSize":"401 x 689 pts","pdfWordsPerPage":295,"pdfText":true,"refBibsNative":false,"abstractWordCount":0,"abstractCharCount":0,"keywordCount":0},"title":"SIMONE MAYR AND HIS ‘L’AMOR CONIUGALE’","genre":["research-article"],"host":{"title":"Music and Letters","language":["unknown"],"issn":["0027-4224"],"eissn":["1477-4631"],"publisherId":["musicj"],"volume":"LII","issue":"3","pages":{"first":"239","last":"258"},"genre":["journal"],"subject":[{"value":"Articles"}]},"namedEntities":{"unitex":{"date":["1813","1772","1814","1803","1971","1805","the eighteenth century","1967"],"geogName":[],"orgName":[],"orgName_funder":[],"orgName_provider":[],"persName":["Adelaide de Guesclino","Felice Romani","J. C. Bach","G. B. Biaggi","S. Mayr","W. A. Mozart","Hermann Abert","Ludwig Schiedermair","Giacomo Cinti","La Cenerentola","Alessandro Scarlatti","Leonore","Giuseppe Manghenoni","La Statira","Don Giovanni","Beethoven","Mayr","Gaetano Rossi","Adelaide di Guesclino","German Singspul","Gianni Schicchi","Hermann Kretzichmar","Friedrich Oppmann"],"placeName":["Leipzig","Germany","Poland","Mannheim","Bergamo","Europe","Milan","Vienna","Lisbon","St. Petersburg","Italy","Spain"],"ref_url":[],"ref_bibl":["Venice, 1786","Dresden, 1804","Rome, 1690","Leipzig, 1923","Padua, July 1805","Cologne, 1969","Berlin, 1919","Paris, 1798"],"bibl":[]}},"ark":["ark:/67375/HXZ-N159549R-K"],"categories":{"wos":[],"scienceMetrix":["1 - arts & humanities","2 - visual & performing arts","3 - music"],"scopus":["1 - Social Sciences","2 - Arts and Humanities","3 - Music"]},"publicationDate":"1971","copyrightDate":"1971","enrichments":{"type":["multicat","refBibs","teeft","unitex"]},"doi":["10.1093/ml/LII.3.239"],"_id":"937D025F4B7E75C6615F6988C1A548D1DC4EF34D"}