{"corpusName":"sage","keywords":{"teeft":["follett","music educator","church rock","rock version","other music","folk songs","general direction","string quartet","human voice","classic blues","european music","bucket blues","solo instruments","different melodies","brandenburg concerto","second movement","chord changes"]},"author":[{"name":"Sidney Fox","affiliations":["Music Consultant for the Follett Educational Corporation, Chicago, Illinois."]}],"articleId":["10.2307_3392814"],"arkIstex":"ark:/67375/M70-0H7VCN8W-M","language":["eng"],"originalGenre":["research-article"],"qualityIndicators":{"score":4.39,"pdfWordCount":2378,"pdfCharCount":13788,"pdfVersion":1.5,"pdfPageCount":4,"pdfPageSize":"612 x 879 pts","refBibsNative":false,"abstractWordCount":1,"abstractCharCount":0,"keywordCount":0},"title":"From Rock to Bach (youth music on our terms)","genre":["research-article"],"host":{"title":"Music Educators Journal","language":["unknown"],"issn":["0027-4321"],"eissn":["1945-0087"],"publisherId":["MEJ"],"volume":"56","issue":"9","pages":{"first":"52","last":"55"},"genre":["journal"]},"namedEntities":{"unitex":{"date":["1517","1923","1710","1970","the Twentieth Century","1899","1918","1840","1908","in the Twentieth Century","1922","1956","6360S"],"geogName":[],"orgName":["Congo Square","Follett Educational Corporation","National Convention"],"orgName_funder":[],"orgName_provider":[],"persName":["Mason Williams","Ariel Ramirez","John Philip","Bessie Smith","Louis Armstrong","BessiE Smith","E. Power","Martin Luther","Paul Mauriat","Beethoven","J. S. Bach","La Creation","Sebastian Bach","S. Bach","Geoffrey Beaumont","Scott Joplin"],"placeName":["Columbia","Germany","New Orleans","Europe","York","France"],"ref_url":[],"ref_bibl":["Decca 29204","Nonesuch 71122","Liberty 56077"],"bibl":[]}},"ark":["ark:/67375/M70-0H7VCN8W-M"],"publicationDate":"1970","copyrightDate":"1970","enrichments":{"type":["refBibs","teeft","unitex"]},"doi":["10.2307/3392814"],"_id":"CE79E65FC19778E92CA1EC7D54D38C3A3F0D076B"}