{"corpusName":"oup","keywords":{"teeft":["romanticist","bach","same time","musical quarterly","chamber music","german people","heroic beethoven","recent time","brahms","last period","mechanistic routine","whole personality","first attempt","other hand","philipp emanuel bach","younger generation","german unity","bachian style","grand style","more temperament","beethoven","romanticism","mozart"]},"author":[{"name":"HERMANN ABERT"}],"articleId":["XIII.2.329"],"arkIstex":"ark:/67375/HXZ-074LC8XV-C","language":["eng"],"originalGenre":["research-article"],"qualityIndicators":{"score":5.05,"pdfWordCount":5882,"pdfCharCount":32227,"pdfVersion":1.3,"pdfPageCount":18,"pdfPageSize":"436 x 683 pts","pdfWordsPerPage":327,"pdfText":true,"refBibsNative":false,"abstractWordCount":0,"abstractCharCount":0,"keywordCount":0},"title":"BACH, BEETHOVEN, BRAHMS","refBibs":[],"genre":["research-article"],"host":{"title":"The Musical Quarterly","language":["unknown"],"issn":["0027-4631"],"eissn":["1741-8399"],"publisherId":["musqtl"],"volume":"XIII","issue":"2","pages":{"first":"329","last":"343"},"genre":["journal"],"subject":[{"value":"Articles"}]},"namedEntities":{"unitex":{"date":["in the eighteenth century","the seventeenth century","1789","from the fifteenth century","the nineteenth century","1785","1926","1870","1927"],"geogName":[],"orgName":["American Epilogue"],"orgName_funder":[],"orgName_provider":[],"persName":["Jay C. Freeman","C. M. von Weber","Wilhelm Werker","Emanuel Bach","Ernst Kurth","Richard Wagner","Christian Georg","Frank Damrosch","Beethoven","German Bund","Anton Bruckner","Frederick B. Martens","Philipp Spitta","Albert Schweitzer","Wilhelm von Humboldt","Even Hermann"],"placeName":["Leipzig","Germany","Bonn","Moscow","Madrid","Europe","Vienna","York","Cheltenham"],"ref_url":[],"ref_bibl":[],"bibl":[]}},"ark":["ark:/67375/HXZ-074LC8XV-C"],"categories":{"wos":[],"scienceMetrix":["1 - arts & humanities","2 - visual & performing arts","3 - music"],"scopus":["1 - Social Sciences","2 - Arts and Humanities","3 - Music"]},"publicationDate":"1927","copyrightDate":"1927","enrichments":{"type":["multicat","refBibs","teeft","unitex"]},"doi":["10.1093/mq/XIII.2.329"],"_id":"0A6D22246FAED878DD07BC9484EB999ABFE2FA3E"}