{"corpusName":"sage","keywords":{"teeft":["good music","mcdonald","common basis","good purpose","large group","leopold stokowski","popular music","large masses","music educators","music education","typical answers","strauss waltzes","many cases","social significance","york times","harl mcdonald bolero"]},"author":[{"name":"Harry E. Moses"}],"articleId":["10.2307_3386697"],"arkIstex":"ark:/67375/M70-H5P22GR6-X","language":["eng"],"originalGenre":["research-article"],"qualityIndicators":{"score":4.424,"pdfWordCount":2412,"pdfCharCount":16088,"pdfVersion":1.5,"pdfPageCount":3,"pdfPageSize":"648 x 864 pts","refBibsNative":false,"abstractWordCount":1,"abstractCharCount":0,"keywordCount":0},"title":"An Icky Looks at Good Music","genre":["research-article"],"host":{"title":"Music Educators Journal","language":["unknown"],"issn":["0027-4321"],"eissn":["1945-0087"],"publisherId":["MEJ"],"volume":"31","issue":"1","pages":{"first":"28","last":"65"},"genre":["journal"]},"namedEntities":{"unitex":{"date":["1944"],"geogName":[],"orgName":["INCORPORATED","Teachers Agency","VOGEL COMPANY, INC."],"orgName_funder":[],"orgName_provider":[],"persName":["Philadelphia Orchestra","My Soul","My Shepherd","Roy Peery","Frank Sinatra","Thy Heart","Leopold Stokowski","Clair De Lune","April Pastorale","Solo Voice","Beethoven","My Roy","Tommy Dorsey","Stokowski","Rodzinski","Hitler","Music","Sinatra","Will Sing"],"placeName":["Germany","America","Chicago","York"],"ref_url":[],"ref_bibl":[],"bibl":[]}},"ark":["ark:/67375/M70-H5P22GR6-X"],"publicationDate":"1944","copyrightDate":"1944","enrichments":{"type":["refBibs","teeft","unitex"]},"doi":["10.2307/3386697"],"_id":"DF57FCBF70FC5C183214AABB022A8A99C8D63144"}