{"corpusName":"oup","keywords":{"teeft":["kerman","ibid","oulibicheff","first movement","sein","lenz","kinderman","last quartet","beethoven quartet","first violin","scherzo","lento","schwer","second theme","beethovenian","deafness","trans","string quartet","mus","beethoven","entschlu","vols","late quartet","dahlhaus","movt","sonata form","quartet","seiner","einer","streichquartette","sich","second movement","mus sein","martin cooper","piano arrangement","last decade","alternative finale","schwer entschlu","right hand","last work","romantic plot","late style","motto theme","primo part","william kinderman","beethoven myth","entire quartet","ferne geliebte","beethoven essay","last movement","development section","kramer","humour","kerman state","first violin melody","joseph kerman","title page","earliest critic","weighty resolution","false recapitulation","daniel gregory mason","ungeheuer spielmann","jonathan kramer","beethoven hero","iron purpose","third movement","double canon","other hand","major work","suicide attempt","many critic","unbearable lightness","deryck cooke","sharp minor quartet","lewis lockwood","metaphysical truth","late beethoven","moral elevation","pesky motif","finale","recapitulation","harmonic","igor stravinsky","harmonic ambiguity","small rapid","anton schindler","music letter","biographical reading","triple metre","third symphony","bettina brentano","philip radcliffe","nouvelle biographie","good humour","good manner","string quartet performance","trois style","retrospective character","bold expansive composition","major quartet","phillip radcliffe","second violin part","unfinished string quintet","secondo part","ernest newman","exploratory work","alexander oulibicheff","triple octave","second group","second subject","absolute music","cantus firmus","roger session","same passage","formale strategien","interpretationen seiner werke","same problem","basso ostinato","second violin note","many commentator","serious quartet","entire movement","richard wagner","second violin","friedrich schiller","charles rosen","perpetual motion","last year","piano sonata","nephew karl","other word","frivolous inspiration","historical event","hayden white","historical text","final quartet","lower instrument","true schwanengesang","spiegel seiner zeit","scott burnham","karl holz","duple metre","temporary triumph","real tragedy","christopher reynolds","first time","cantante tranquillo","final movement","biographical event","representational impulse","doublet phrase","acta musicologica","cosmic problem","walter riezler","slow movement","further reference","satiric plot","great fugue","musical time","schwer gefasste entschluss","whole world","special responsibility","triple counterpoint","heiligenstadt testament","cadence","motif","transcendence","octave","violin","trio","cooke"]},"author":[{"name":"K. M. Knittel","affiliations":["For Scott Burnham"]}],"arkIstex":"ark:/67375/HXZ-7T068BXG-F","language":["eng"],"originalGenre":["research-article"],"abstract":"Beethoven’s last completed work, the string quartet in F major, Op. 135, perhaps best exemplifies the chaos unleashed by the Beethoven myth. It fails to live up to most critics’ and analysts’ expectations of a Schwanengesang. A critical examination of its treatment allows us to see how often we attempt to write the story of Beethoven Hero, even if the evidence does not fit. Op. 135 forces us to ask why, in the case of Beethoven, we insist that Beethoven’s life and works must form a symbiotic relationship.","qualityIndicators":{"score":7.389,"pdfWordCount":18142,"pdfCharCount":99680,"pdfVersion":1.5,"pdfPageCount":36,"pdfPageSize":"479 x 697 pts","pdfWordsPerPage":504,"pdfText":true,"refBibsNative":false,"abstractWordCount":88,"abstractCharCount":510,"keywordCount":0},"title":"‘Late’, Last, and Least: On Being Beethoven’s Quartet in F Major, op. 135","genre":["research-article"],"host":{"title":"Music and Letters","language":["unknown"],"issn":["0027-4224"],"eissn":["1477-4631"],"publisherId":["musicj"],"volume":"87","issue":"1","pages":{"first":"16","last":"51"},"genre":["journal"]},"namedEntities":{"unitex":{"date":["1853","1829","1876","1825","1865","1843","1859","2006","1826","in the twentieth century","nineteenth century","1827","1885","1911","1870","1760s"],"geogName":[],"orgName":["San José State University","Brilliant Center for Beethoven Studies","American Musicological Society","Harmonic Organization"],"orgName_funder":[],"orgName_provider":[],"persName":["William Kinderman","Stewart Spencer","Hayden White","J. W. N. Sullivan","Karl Holz","C. Rummel","Romain Rolland","Ashton Ellis","Wilhelm von Lenz","Anton Schindler","Barry Millington","Deryck Cooke","Michel Foucault","Cooke","O. G. Sonneck","Jonathan Kramer","Grillparzer","Philip Radcliffe","Igor Stravinsky","Robert Wittman","Lochhead","Alexander Oulibicheff","Andrew Gray","Elliot Forbes","A. B. Marx","Joseph Kerman","Charles Rosen","Alexander L. Ringer","William E. Caplin","Richard Wagner","Paul Bekker","Jim Samson","Scott Burnham","Stefan Kunze","Marx","Ivan Mahaim","Von Lenz","Gerhard von Breuning","Christoph Wolff","Theodor W. Adorno","Franz Grillparzer","Hans Heinrich","Edward Walden","Ludwig van Beethovens","Leonard G. Ratner","Caplin","Aleksandr Dmitryevich","Rolf Tiedemann","Phillip Radcliffe","Martin Staehelin","Gregory Mason","Donald W. MacArdle","The","Friedrich Krummacher","Peter Schleuning","K. M. Knittel","Gustav Nottebohm","von Fischer","K. L. Chua","Von Fischer","Michael C. Tusa","Robert Craft","Martin Cooper","Bettina Brentano","G. D. H. Pidcock","Jonathan D. Kramer","Carl Dahlhaus","Michael Henry","Ludwig van Beethoven","To","Dahlhaus","Ernest Newman","Mary Whittall","Theodore Baker","Riezler","White","Anton Nel","Edward Garden","Daniel Chua","Quartet","Roger Sessions","Allen Chopin","Ulrich Siegele","Hugo Riemann","Milan Kundera","Kerman","James Buhler","Christopher Reynolds","Hugo Ulrich","My Life","Friedrich Schiller","Kurt von Fischer","Lockwood","Theodor Helm","John Edward","Cooper","Geoffrey Norris","Lewis Lockwood","Spiker","Georg Kinsky"],"placeName":["Leipzig","Mass.","NY","Garden City","Bonn","Europe","Gneixendorf","Los Angeles","Vienna","Berkeley","Dover","York","Cambridge","Heiligenstadt"],"ref_url":[],"ref_bibl":["Moscow, 1843","London, 1925","New York and London, 1988","Princeton, 1957","London, 1902","Laaber, 1987","Kassel and Hamburg, 1855","Cambridge and New York, 1999","New York, 1992","Berkeley and Los Angeles, 1995","May 1827","Leipzig, 1887","New York, 1969","New York, 1997","Princeton, 1967","Beethoven 1970 (Mainz, 1972)","Princeton, 1995","Leipzig and Paris, 1857","New York, 1980","Munich, 1955","Boston, 1912","Paris, 1964","Cambridge, 1983","Cambridge and New York, 1992","Oxford, 2000","Cambridge, 2001","London, 1927","New York, 1984","New York, 1967","London, 1938","Paris: Schlesinger, 1828","Baltimore and London, 1973","Vienna, 1874","New Haven and London, 2002","New York and London, 2003","New York and Oxford, 1998","Stanford, 1998","Baltimore and London, 1978","Berlin, 1859","Wiesbaden, 1980","Hildesheim, 2000","Oxford and New York, 1985","St Petersburg, 1852","Laaber, 1994"],"bibl":[]}},"ark":["ark:/67375/HXZ-7T068BXG-F"],"categories":{"wos":[],"scienceMetrix":["1 - arts & humanities","2 - visual & performing arts","3 - music"],"scopus":["1 - Social Sciences","2 - Arts and Humanities","3 - Music"],"inist":["1 - sciences humaines et sociales","2 - philosophie"]},"publicationDate":"2006","copyrightDate":"2006","enrichments":{"type":["multicat","nb","refBibs","teeft","unitex"]},"doi":["10.1093/ml/gci162"],"_id":"FD14296492B05F4D59C5570F92E12D3107F88E23"}