{"corpusName":"oup","keywords":{"teeft":["musical appreciation","introspective listener","genuine interest","historical place","violin concerto","musical commentary","emotional stimulus","more difficult","same attitude","complete absorption","such fortunate people","rare exception","first step","note stretch","humbling experience","pleasant background","annoying neighbour","same room","impatient companion","important letter","important decision","perfect quiet","appreciative concert audience","unruly beehive","mere matter","concentration aldous grey eminence","intensive training","clever remark","last party","next time","wireless concert","various way","particular thing","different instrument","different composer","biographical background","anne medley","particular work","general style","different artist","same work","straight programme music","such interpretation","second subject","biographical angle","emotional content","particular time","latex period","other performance","important respect","intelligent type","commentary stage","real intimacy","different approach","collection part","swan lake last spring","knightsbridge march","slavonic dance","josephine baker","gramophone record","piano concerto","hunt quartet","last movement","bated breath","nimrod variation","present method","real swing","music programme","wireless several month","jazz thrilling","ashamed worse","right thing","other standard","perfect expression","conventional timidity","henry sidgwick","other people","ordinary listener","humble person","pure delight","different thing","intimate contact","real temptation","other extreme","unlearned listener","ideal listener","civilized decade","good teaching","conventional standard","physical reaction","such sensation","more important","such experience","strong emotional stimulus","such moment","real obstacle","controllable function","initial difficulty","apparent paradox","alert receptiveness","quaker meeting","proper disposition","penonality healing","religious bodci","quiet centre","thought stray","centred meditation","great thing","barren period","fascinating adventure","greatest experience","beethoven symphony","rossini overture","little piece","wireless late","force growth","hothouse method","such time","classical interpretation","musical performance","pedestrian player","first requisite","ideal performer","teaching musical appreciation","student need","real secret","people more","serious music","more spontaneous","good music","same spirit","less cause","more intense","more exacting","usual literature","average amateur pianist","beethoven sonata","letter prelude","schubert impromptu","chopin nocturne","technical shortcoming","more elementary work","single note","complete attention","concert platform","technical difficulty","work better","more alive","listener less dependent","constant companion","training musical memory","great deal","great satisfaction","respectable repertory","good deal more","vocal range","mechanical process","astonishing fashion","masterly interpretation","listener need","technical consideration","musical knowledge","rightful place","musical information","more likely","favourite passage","different section","various section","technical term","more music","different way","musical composition","such thing","sonata form","more immediate","mental note","particular idiom","final test","same level","high intensity","continual vigilance","whole movement","different character","less dependent","more sober","more controllable","book farewell","longmans grcrn","brother clifford","first line","delightful volume","reply pooh","exact date","belated youth","thrilling period","legendary ninety","wayward thought"]},"author":[{"name":"ANNE MEDLEY"}],"articleId":["24.3.171"],"arkIstex":"ark:/67375/HXZ-G21JBWC4-6","language":["eng"],"originalGenre":["research-article"],"qualityIndicators":{"score":4.416,"pdfWordCount":4366,"pdfCharCount":22014,"pdfVersion":1.3,"pdfPageCount":7,"pdfPageSize":"471 x 697 pts","pdfWordsPerPage":624,"pdfText":true,"refBibsNative":false,"abstractWordCount":0,"abstractCharCount":0,"keywordCount":0},"title":"THE INTROSPECTIVE LISTENER","genre":["research-article"],"host":{"title":"Music and Letters","language":["unknown"],"issn":["0027-4224"],"eissn":["1477-4631"],"publisherId":["musicj"],"volume":"24","issue":"3","pages":{"first":"171","last":"177"},"genre":["journal"],"subject":[{"value":"Articles"}]},"namedEntities":{"unitex":{"date":["1943"],"geogName":[],"orgName":[],"orgName_funder":[],"orgName_provider":[],"persName":["Swan Lake","Henry Sidgwick","Sir Arnold","Howard E. Collier","Arnold Bax"],"placeName":[],"ref_url":[],"ref_bibl":[],"bibl":[]}},"ark":["ark:/67375/HXZ-G21JBWC4-6"],"categories":{"wos":[],"scienceMetrix":["1 - arts & humanities","2 - visual & performing arts","3 - music"],"scopus":["1 - Social Sciences","2 - Arts and Humanities","3 - Music"]},"publicationDate":"1943","copyrightDate":"1943","enrichments":{"type":["multicat","refBibs","teeft","unitex"]},"doi":["10.1093/ml/24.3.171"],"_id":"97672560292703E9DFC316EC8205020C5033DF8D"}