{"corpusName":"sage","keywords":{"teeft":["madsen","nonmusic","tempo changes","tempo","geringer","tempo condition","music majors","researchin","frequency changes","frequency condition","nonmusic majors","jrme","pitch responses","musiceducation","majors","unaltered","kuhn","pitch perception","tempo alterations","musical examples","geringer madsen","melodic rhythm","dependent variables","tempo responses","actual frequency changes","tempo condition figure","subject responses","actual tempo changes","researchin music education","tempo perception","nonmusic frequency tempo","music frequency tempo","replication","nonmusic tempo frequency","strauss excerpt","greater extent","subdivision speed","frequency condition frequency condition","researchin music","universityof texas","beethoven excerpt","presentation conditions","frequency tempo","madsen geringer","research musiceducation","excerpt","frequency","researchin music kuhn","music excerpts","successive presentations","slower versions","future research","relative tempo","listener discrimination","beethoven example","actual changes","highest voice","brahms excerpt","tempo perceptions","different music excerpts","previous studies","band music","musical context","frequency alterations","tempo differences","original recording","previous research","unaltered tempo","subdivision speed jrme","tempo music majors nonmusic majors","pitch music majors nonmusic majors","experimental study","madsen madsen","actual frequency","greater influence","orchestral music","journalof research musiceducation","kuhn gates","tempo discriminationin","research musicbehavior","alabama press","councilfor researchin music education","original tempi","independent variables"]},"author":[{"name":"Robert A. Duke","affiliations":["University of Texas at Austin"]},{"name":"John M. Geringer","affiliations":["University of Texas at Austin"]},{"name":"Clifford K. Madsen","affiliations":["Florida State University, Tallahassee"]}],"articleId":["10.2307_3345244"],"arkIstex":"ark:/67375/M70-WNXRTHFX-N","language":["eng"],"originalGenre":["research-article"],"abstract":"The purpose of the study was to investigate the perceptions of music majors and nonmusic I majors concerning combined frequency and tempo changes in music across a range of musical tempi. The subjects, 200 music majors and 200 nonmusic majors, heard 10 consecutive presentations of an orchestral excerpt, each of which had been altered by changing the frequency or tempo (or both) of the original version in various combinations. The task was to compare each example to the preceding version and indicate perceived pitch and tempo changes. This comparison procedure was replicated using four different music excerpts, in which the speeds of the fastest moving voices were approximately 50, 100, 150, and 200 per minute. Each of the 400 subjects was randomly assigned to two of the four replications. Results indicated that (a) music majors and nonmusic majors responded similarly across conditions and replications; (b) changes in tempo were discriminated more accurately than frequency changes of the same magnitude; (c) tempo changes seemed to affect pitch perception to a greater extent than frequency changes affected the perception of tempo; and (d) the speed of subdivided beats apparently affected the perception of changes in frequency and tempo across replications.","qualityIndicators":{"score":8.533,"pdfWordCount":4157,"pdfCharCount":33009,"pdfVersion":1.3,"pdfPageCount":18,"pdfPageSize":"432 x 671.88 pts","refBibsNative":true,"abstractWordCount":198,"abstractCharCount":1274,"keywordCount":0},"title":"Effect of Tempo on Pitch Perception","refBibs":[{"title":"An experimental study of selected variables in the performance of musical durational notation.","author":[{"name":" Drake A. H."}],"host":{"title":"Journal of Research in Music Education","author":[],"volume":"16","pages":{"first":"329","last":"338"}}},{"title":"The effect of melodic rhythm on undergraduates' perception of relative tempo.","author":[{"name":" Duke R. A."}],"host":{"title":"Contributions to Music Education","author":[],"volume":"14","pages":{"first":"19","last":"28"}}},{"host":{"title":"Melodic rhythm and tempo perception: Judgments of relative tempo by elementary children and college undergraduates.","author":[]}},{"title":"The effect of speed alterations on high school musicians' tempo note selections.","author":[{"name":" Duke R. A."},{"name":" Madsen C. K."},{"name":" Geringer J. M."}],"host":{"title":"Journal of Band Research","author":[],"volume":"21","pages":{"first":"37","last":"46"}}},{"title":"Tuning preferences in recorded orchestral music.","author":[{"name":" Geringer J. M."}],"host":{"title":"Journal of Research in Music Education","author":[],"volume":"24","pages":{"first":"169","last":"176"}}},{"title":"Intonational performance and perception of ascending scales.","author":[{"name":" Geringer J. M."}],"host":{"title":"Journal of Research in Music Education","author":[],"volume":"26","pages":{"first":"32","last":"40"}}},{"title":"The relationship of pitch-matching and pitch-discrimination abilities of pre-school and fourth-grade students.","author":[{"name":" Geringer J. M."}],"host":{"title":"Journal of Research in Music Education","author":[],"volume":"31","pages":{"first":"93","last":"99"}}},{"title":"Pitch and tempo discrimination in recorded orchestral music among musicians and nonmusicians.","author":[{"name":" Geringer J. M."},{"name":" Madsen C. K."}],"host":{"title":"Journal of Research in Music Education","author":[],"volume":"32","pages":{"first":"195","last":"204"}}},{"title":"Pitch and tempo preferences in recorded popular music","author":[{"name":" Geringer J. M."},{"name":" Madsen C. K."},{"name":" C. K. Madsen"},{"name":" C. K. Prickett"}],"host":{"title":"Applications of research in music behavior","author":[],"pages":{"first":"204","last":"212"}}},{"title":"An investigation of tuning performance and perception of string instrumentalists.","author":[{"name":" Geringer J. M."},{"name":" Witt A. C."}],"host":{"title":"Bulletin of the Council for Research in Music Education","author":[],"volume":"81","pages":{"first":"90","last":"101"}}},{"title":"The effect of timbre on brass wind intonation","author":[{"name":" Greer R. D."},{"name":" E. Gordon"}],"host":{"title":"Research in music: Studies in the psychology of music, 6","author":[],"pages":{"first":"65","last":"94"}}},{"title":"String instrument intonation in upper and lower registers: The effects of accompaniment.","author":[{"name":" Kantorski V. J."}],"host":{"title":"Journal of Research in Music Education","author":[],"volume":"34","pages":{"first":"200","last":"210"}}},{"title":"Discrimination of modulated beat tempo by professional musicians.","author":[{"name":" Kuhn T. L."}],"host":{"title":"Journal of Research in Music Education","author":[],"volume":"22","pages":{"first":"270","last":"277"}}},{"title":"Effects of dynamics, halves of exercise, and trial sequences on tempo accuracy.","author":[{"name":" Kuhn T. L."}],"host":{"title":"Journal of Research in Music Education","author":[],"volume":"25","pages":{"first":"222","last":"227"}}},{"title":"The effect of tempo, meter, and melodic complexity on the perception of tempo","author":[{"name":" Kuhn T. L."},{"name":" C. K. Madsen"},{"name":" C. A. Prickett"}],"host":{"title":"Applications of research in music behavior","author":[],"pages":{"first":"165","last":"174"}}},{"host":{"title":"The perception of tempo: Experiment 1, effect of audible beat, melodic activity, and tempo; Experiment 2, effect of size of tempo change and melodic activity.","author":[]}},{"title":"Effects of notational values, age and example length on tempo performance accuracy.","author":[{"name":" Kuhn T. L."},{"name":" Gates E. E."}],"host":{"title":"Journal of Research in Music Education","author":[],"volume":"23","pages":{"first":"203","last":"210"}}},{"title":"Effects of style, tempo, and performing medium on children's music preference.","author":[{"name":" Le Blanc A."}],"host":{"title":"Journal of Research in Music Education","author":[],"volume":"29","pages":{"first":"143","last":"156"}}},{"title":"The effect of scale direction on pitch acuity in solo vocal performance.","author":[{"name":" Madsen C. K."}],"host":{"title":"Journal of Research in Music Education","author":[],"volume":"14","pages":{"first":"266","last":"275"}}},{"title":"Sharpness and flatness in scalar vocal performance.","author":[{"name":" Madsen C. K."}],"host":{"title":"Science de l'Art: Scientific Aesthetics","author":[],"volume":"9","pages":{"first":"91","last":"97"}}},{"title":"Modulated beat discrimination among musicians and nonmusicians.","author":[{"name":" Madsen C. K."}],"host":{"title":"Journal of Research in Music Education","author":[],"volume":"27","pages":{"first":"57","last":"67"}}},{"title":"Pitch and tempo discrimination in recorded band music among wind and percussion musicians.","author":[{"name":" Madsen C. K."},{"name":" Duke R. A."},{"name":" Geringer J. M."}],"host":{"title":"Journal of Band Research","author":[],"volume":"20","pages":{"first":"20","last":"29"}}},{"title":"The effect of speed alteration on tempo note selection.","author":[{"name":" Madsen C. K."},{"name":" Duke R. A."},{"name":" Geringer J. M."}],"host":{"title":"Journal of Research in Music Education","author":[],"volume":"34","pages":{"first":"101","last":"110"}}},{"title":"Modulated frequency discrimination in relationship to age and musical training.","author":[{"name":" Madsen C. K."},{"name":" Edmonson F. A."},{"name":" Madsen C. H."}],"host":{"title":"Journal of the Acoustical Society of America","author":[],"volume":"46","pages":{"first":"1468","last":"1472"}}},{"title":"Preferences for trumpet tone quality versus intonation.","author":[{"name":" Madsen C. K."},{"name":" Geringer J. M."}],"host":{"title":"Bulletin of the Council for Research in Music Education","author":[],"volume":"46","pages":{"first":"13","last":"22"}}},{"title":"Selection of music listening or candy as a function of contingent versus noncontingent reinforcement and scale singing.","author":[{"name":" Madsen C. K."},{"name":" Madsen C. H. Jr."}],"host":{"title":"Journal of Music Therapy","author":[],"volume":"9","pages":{"first":"190","last":"198"}}},{"title":"The effect of reinforcement and directional scalar methodology on intonational improvement.","author":[{"name":" Madsen C. K."},{"name":" Wolfe D. E."},{"name":" Madsen C. H."}],"host":{"title":"Bulletin of the Council for Research in Music Education","author":[],"volume":"18","pages":{"first":"22","last":"33"}}},{"title":"Comparison of solo and ensemble performances with reference to Pythagorean, just, and equi-tempered intonations.","author":[{"name":" Mason J. A."}],"host":{"title":"Journal of Research in Music Education","author":[],"volume":"8","pages":{"first":"31","last":"38"}}},{"title":"The effects of visual stimulus and instruction on intonation accuracy of string instrumentalists.","author":[{"name":" Salzberg R. S."}],"host":{"title":"Psychology of Music","author":[],"volume":"8","pages":{"first":"42","last":"49"}}},{"title":"An experimental study of the pitch factor in artistic singing.","author":[{"name":" Schoen M."}],"host":{"title":"Psychological Monographs","author":[],"volume":"31","pages":{"first":"230","last":"259"}}},{"title":"An objective analysis of artistic violin performance.","author":[{"name":" Small A. M."}],"host":{"title":"University of Iowa Studies in the Psychology of Music","author":[],"volume":"4","pages":{"first":"172","last":"231"}}},{"title":"Discrimination of modulated music tempo by music majors.","author":[{"name":" Wang C. C."}],"host":{"title":"Journal of Research in Music Education","author":[],"volume":"31","pages":{"first":"49","last":"55"}}},{"title":"Discrimination of modulated music tempo by string students.","author":[{"name":" Wang C. C."},{"name":" Salzberg R. S."}],"host":{"title":"Journal of Research in Music Education","author":[],"volume":"32","pages":{"first":"123","last":"131"}}},{"title":"Pitch, tempo, and timbral preferences in recorded piano music.","author":[{"name":" Wapnick J."}],"host":{"title":"Journal of Research in Music Education","author":[],"volume":"28","pages":{"first":"43","last":"58"}}},{"title":"The effect of music excerpts on tempo discriminations and preferences of musicians and non-musicians","author":[{"name":" Yarbrough C."},{"name":" C. K. Madsen"},{"name":" C. A. Prickett"}],"host":{"title":"Applications of research in music behavior","author":[],"pages":{"first":"175","last":"189"}}}],"genre":["research-article"],"host":{"title":"Journal of Research in Music Education","language":["unknown"],"issn":["0022-4294"],"publisherId":["JRM"],"volume":"36","issue":"2","pages":{"first":"108","last":"125"},"genre":["journal"]},"namedEntities":{"unitex":{"date":["1968","1988"],"geogName":[],"orgName":["Florida State University","Kent State University"],"orgName_funder":[],"orgName_provider":[],"persName":["Richard Strauss","Igor Stravinsky","Clifford K. Madsen","Duke","Johannes Brahms","Independent","Nonmusic","Ludwig van Beethoven","V. Cl","John M. Geringer","Music"],"placeName":["Austin","Tallahassee"],"ref_url":[],"ref_bibl":["Kuhn, 1974","Drake, 1968","Madsen & Madsen, 1972","Wapnick, 1980","Geringer and Madsen (1987)","Kantorski, 1986","LeBlanc, 1981","Madsen, Edmonson, & Madsen, 1969","Greer, 1970","Geringer, 1976","Yarbrough (1987)","Madsen, 1966, 1974","Kuhn, 1977","Mason, 1960","Duke 1987a, 1987b","Madsen,Edmonson, & Madsen, 1969","Madsen, 1979","Madsen et al., 1984","Schoen, 1922","Geringer & Witt, 1985","Madsen & Geringer, 1976","Kuhn and Booth (1987)","Madsen, Wolfe, & Madsen, 1969","Geringer, 1978, 1983","Kuhn (1987)","Kuhn, 1974, 1977","1987a, 1987b","Kuhn & Gates, 1975","Geringer & Madsen, 1984","Madsen, 1966"],"bibl":[]}},"ark":["ark:/67375/M70-WNXRTHFX-N"],"categories":{"wos":[],"scienceMetrix":["1 - arts & humanities","2 - visual & performing arts","3 - music"],"scopus":["1 - Social Sciences","2 - Arts and Humanities","3 - Music","1 - Social Sciences","2 - Social Sciences","3 - Education"],"inist":["1 - sciences humaines et sociales"]},"publicationDate":"1988","copyrightDate":"1988","enrichments":{"type":["multicat","nb","teeft","unitex"]},"doi":["10.2307/3345244"],"_id":"9AC4671B27101A73D3C9F26FABB0CDAE9C361027"}