{"corpusName":"oup","keywords":{"teeft":["deafness","harmonic innovator","best work","formal skeleton","creative process","harmonic","beethoven","first method","serious dilettante","musical sensibility","final aural impression","second movement","musical illiteracy","first movement","symphonic structure","thematic material","emotional grip","formal principle","last aspect","formal technique","formal conception","seventh symphony","other hand","great extent","brahms"]},"author":[{"name":"RALPH W. WOOD"}],"articleId":["XV.3.209"],"arkIstex":"ark:/67375/HXZ-MXD09K68-J","language":["eng"],"originalGenre":["research-article"],"qualityIndicators":{"score":5.05,"pdfWordCount":5017,"pdfCharCount":27186,"pdfVersion":1.2,"pdfPageCount":13,"pdfPageSize":"449 x 696 pts","pdfWordsPerPage":386,"pdfText":true,"refBibsNative":false,"abstractWordCount":0,"abstractCharCount":0,"keywordCount":0},"title":"THE MEANING OF BEETHOVEN","refBibs":[],"genre":["research-article"],"host":{"title":"Music and Letters","language":["unknown"],"issn":["0027-4224"],"eissn":["1477-4631"],"publisherId":["musicj"],"volume":"XV","issue":"3","pages":{"first":"209","last":"221"},"genre":["journal"],"subject":[{"value":"Articles"}]},"namedEntities":{"unitex":{"date":["1934","1827"],"geogName":[],"orgName":[],"orgName_funder":[],"orgName_provider":[],"persName":["J. W. N. Sullivan","W. N. Sullivan","Joseph Conrad","Beethoven","Eugene Goossens","Sullivan"],"placeName":[],"ref_url":[],"ref_bibl":[],"bibl":[]}},"ark":["ark:/67375/HXZ-MXD09K68-J"],"categories":{"wos":[],"scienceMetrix":["1 - arts & humanities","2 - visual & performing arts","3 - music"],"scopus":["1 - Social Sciences","2 - Arts and Humanities","3 - Music"]},"publicationDate":"1934","copyrightDate":"1934","enrichments":{"type":["multicat","refBibs","teeft","unitex"]},"doi":["10.1093/ml/XV.3.209"],"_id":"17D17D4786EF23C0B92A0A80366F6342B2A21E82"}