{"corpusName":"sage","keywords":{"teeft":["high school","haynes","keyboard facility","music educators journal harmony","york city","technical facts","many symphonies beethoven","drill material","beethoven music","similar occasion","technical discussion","graduate complaint","keyboard acby cussion","quiring skill","such experiences","high school level","first place","various phases","whole problem","theoretic literacy","special features","individual capacities","throughmusic harmony howard","unique place","simple songs","more theory","thorough knowl","music directors","basic facts","general student","little theoretic knowledge","similar hance","many problems","instrumental melodies","practical purposes","basic problem","other level","tonic interest","dominant chord","ample opportunity","original stanzas","actual music","various term","considerable music","harmonic background","exact methods","inaccurate title","class procedure","subject matter","important thing","inely mass","phase technicalities","real music","musical history","beethoven symphonies","piano accompaniments","beethoven parts","other music","simple patterns","other forms","other words","wide contact","essential requisites","gradual addiin","greatest teacher","other voices","melodic lines","simple rounds","excellent introduction","approach music","simple bach","folk melodies","suitable music","special theoretic problems","modunical facts","less lation","indirect manner","murphy assistant professorof music education","tional value","chord distinction","intervals need","initial course","such rarities","teachers college","many respects","more importance","average student","creative work","course center","keyboard application","aural perception","obvious characteristics","chord qualities","second level","simple material","third level","great care","keyboard harniony","pianistic ability","familiar songs","harmonic fragments","orchestral instrument","musical literature","unrelated technicalities","recent book","mental agonies","band wife","tortuous mountain route","special train","christmas carols flute","columbia university","flute silver haynes","angel voices","haynes hand","sterling silver flutes","best orchestras","master craftsmen","xytes haynes","music rooms","equipment music education research council bulletin","music educators","east jackson blvd","cent chorus books","cheerful mien exeach","auditorium series","same time","choral music","surprisband widow","rible things","specific purpose","wild dash","mountain roads","specific voice group","sevwe wives","eral volumes","secular music","sacred material","loving helpmate","many places","school music","constant rangers","comnerve strain","everlastplete list","opand contents","endeach volume","music wheel","hall mccreary wonder","peaceful life","yearbook copies","east jackson boulevard","illinois dents","daily problems","same things","cadence"]},"author":[{"name":"Howard A. Murphy","affiliations":["Assistant Professor of Music Education, Teachers College, Columbia University, New York City"]}],"articleId":["10.2307_3385546"],"arkIstex":"ark:/67375/M70-94DKS47X-3","language":["eng"],"originalGenre":["research-article"],"qualityIndicators":{"score":3.767,"pdfWordCount":1755,"pdfCharCount":10246,"pdfVersion":1.4,"pdfPageCount":2,"pdfPageSize":"648 x 863.88 pts","refBibsNative":false,"abstractWordCount":1,"abstractCharCount":0,"keywordCount":0},"title":"Harmony Through Music","genre":["research-article"],"host":{"title":"Music Educators Journal","language":["unknown"],"issn":["0027-4321"],"eissn":["1945-0087"],"publisherId":["MEJ"],"volume":"26","issue":"3","pages":{"first":"16","last":"67"},"genre":["journal"]},"namedEntities":{"unitex":{"date":["1934","1939"],"geogName":[],"orgName":["WES Co"],"orgName_funder":[],"orgName_provider":[],"persName":["Professorof","The","Beethoven"],"placeName":["Jackson","Chicago"],"ref_url":[],"ref_bibl":[],"bibl":[]}},"ark":["ark:/67375/M70-94DKS47X-3"],"publicationDate":"1939","copyrightDate":"1939","enrichments":{"type":["refBibs","teeft","unitex"]},"doi":["10.2307/3385546"],"_id":"ED309ECAAF1AFC6161CFEB6F53F8D9A0B64DF4C8"}