{"corpusName":"oup","keywords":{"teeft":["appoggiatura","semiquaver","main note","quaver","demisemiquaver","small note","crotchet","early music","vancouver","long appoggiatura","piano sonata","ornament","semiquaver ornament","august","short appoggiatura","notated","hochschule","beethoven symphony","similar context","autograph score","main theme","british library","violin sonata","third movement","short ornament","first movement","slow movement","quaver appoggiatura","string quartet","notation","autograph","modern performer","early work","fifth symphony","such appoggiatura","quaver ornament","normal appoggiatura","crotchet main note","good example","preussischer kulturbesitz","full semiquaver","modern edition","demisemiquaver ornament","beethoven","miscellany","london recorder centre","same effect","auxiliary note","piano part","striking case","equal note","same theme","final version","piano concerto","single pitch","first edition","daniel gottlob turk","more information","earliest manuscript","sheet music","other evidence","herbert myers","manningham lane","semiquaver appoggiatura","quick ornament","quick appoggiatura","seventh symphony","short note","other word","modern editor","original edition","manuscript copy","other time","subsidiary theme","parallel flag","mail order service","large number","major critical commentary","quick note","early sketch","proper performance","actual duration","festival vancouver","vancouver early music programme festival"]},"author":[{"name":"Barry Cooper"}],"articleId":["XXXI.2.165"],"arkIstex":"ark:/67375/HXZ-NTSM8HQ6-D","language":["eng"],"originalGenre":["other"],"qualityIndicators":{"score":5.05,"pdfWordCount":7244,"pdfCharCount":44746,"pdfVersion":1.3,"pdfPageCount":15,"pdfPageSize":"615 x 797 pts","pdfWordsPerPage":483,"pdfText":true,"refBibsNative":false,"abstractWordCount":0,"abstractCharCount":0,"keywordCount":0},"title":"Beethoven's appoggiaturas: long or short?","refBibs":[{"host":{"title":"Performance conventions in Beethoven's early works', Beethoven, performers, and critics: the International Beethoven Congress Detroit","publicationDate":"1977","author":[{"name":"E Badura-Skoda"}],"pages":{"first":"64"}}},{"host":{"title":"Beethoven on Beethoven: playing his piano music his way","publicationDate":"1988","author":[{"name":"W,S Newman"}],"pages":{"first":"224"}}},{"host":{"title":"Classical and Romantic perform ing practice","publicationDate":"1999","author":[{"name":"See,C Brown"}],"pages":{"first":"1750","last":"1900462"}}},{"host":{"title":"Beethoven Symphony no.7 in A major op.92: critical commentary (Kassel, 2000), p.51, where several sources, including the autograph, use semiquaver ornaments in bars 1-2 of the third movement, while in several others these are","author":[{"name":" See"},{"name":"J Example"},{"name":" Mar"}]}},{"title":"A notable example is P. Hauschild in his edition of Ludwig van Beethoven","author":[],"host":{"title":"Sonaten ftir Klavier","author":[],"pages":{"first":"1997"}}},{"host":{"title":"Essay on the true art of playing keyboard instruments","publicationDate":"1951","author":[{"name":"C,P E Bach"}],"pages":{"first":"87"}}},{"host":{"title":"See Beethoven Symphony no.6 in F major 'Pastorale' op","publicationDate":"1998","author":[],"pages":{"first":"57"}}},{"host":{"title":"The autograph score is in Staatsbibliothek zu Berlin, Preussischer Kulturbesitz, Musikabteilung, Artaria 196. The fair copy is in Bonn","author":[]}},{"title":"British Library, Add. Ms.29801; facsimile and transcription in Ludwig van Beethoven: autograph miscellany from circa 1786 to 1799 The 'Fischhof is in Staatsbibliothek zu Berlin, Preussischer Kulturbesitz, Musikabteilung; most of this is transcribed in D. Johnson, Beethoven's early sketches in the 'Fischhof Miscellany","author":[{"name":" The 'kafka"}],"publicationDate":"1970","host":{"title":"ii","publicationDate":"1970","author":[]}},{"host":{"author":[{"name":" Autograph In Bonn"}]}},{"host":{"title":"Classical and Romantic performing practice","author":[{"name":" Brown"}],"pages":{"first":"464"}}},{"title":"On the proper performance of all Beethoven's works for the piano","author":[{"name":"C Czerny"}],"publicationDate":"1970","host":{"title":"Badura-Skoda","publicationDate":"1970","author":[],"pages":{"first":"32","last":"42"}}},{"title":"Beethoven: Sonatas for pianoforte","author":[],"publicationDate":"1931","host":{"title":"Tovey, 3 vols. i","publicationDate":"1931","author":[],"pages":{"first":"12"}}},{"author":[{"name":" Autograph In Staatsbibliothek Zu Berlin"}],"host":{"title":"Preussischer Kulturbesitz, Musikabteilung, Beethoven aut. 29","author":[],"volume":"111"}},{"host":{"title":"Beethoven's early sketches, ii","author":[{"name":"See Johnson"}],"pages":{"first":"66"}}},{"host":{"title":"On the proper performance","author":[{"name":" Czemy"}]}},{"host":{"title":"Klavierschule (Leipzig, 1789), trans. R. H. Haggh as School of clavier playing","publicationDate":"1982","author":[{"name":"Daniel Gottlob Turk"}]}},{"host":{"title":"See Brown, Classical and Romantic performing practice","author":[{"name":"Klavierschule Turk"}],"pages":{"first":"212","last":"460"}}},{"author":[{"name":"S,P Rosenblum"}],"publicationDate":"1988","host":{"title":"Performance practices in Classical piano music","publicationDate":"1988","author":[],"pages":{"first":"226"}}}],"genre":["other"],"host":{"title":"Early Music","language":["unknown"],"issn":["0306-1078"],"eissn":["1741-7260"],"publisherId":["earlyj"],"volume":"XXXI","issue":"2","pages":{"first":"165","last":"179"},"genre":["journal"],"subject":[{"value":"SIGNS & SOUNDS"}]},"namedEntities":{"unitex":{"date":["eighteenth century","the 18th century","18th century","Seventeenth Century","20th century","1820s","1800","1860s","2003","the 17th century","from the 20th century","1830s","in the 14th Century"],"geogName":[],"orgName":["Garfield Weston Foundation","Dutch Foundation for Historical Performance Practice Musique","Senate","Alamire Foundation Summer"],"orgName_funder":[],"orgName_provider":[],"persName":["Marco Tiella","Jan Van Outryve","Stephen Stubbs","Katie Mitchell","Ellen Hargis","A. Weinberger","Maria Luz","Giovanni Anaya","Donald Tovey","David Lasocki","Ray Nurse","Mortimer Sarah","W. J. Mitchell","Liz Hamel","B. Carr","Klavierschule","Pat O'Brien","Nathan Wilkes","J. Kerman","Colin Balzer","Jose Verstappen","Peggy Monroe","Bach","Colin Introductions","Paul Leenhouls","Barthold Kuijken","R. Winter","William S. Newman","Beatrix Darmstatter","Sophie Watillon","Daniel Taylor","C. Brown","Keith Polk","Rinaldo Alessandrini","A. Schnabel","Susan Bickley","P. Badura-Skoda","P. E. Bach","Renee Kartodirdjo","Alison Melville","Valerie Weeks","Leopold Mozart","Paul O'Dette","D. Johnson","Robert Barto","M. Guti","Eva Legene","Colloquium","The","H. Craxton","Karen Epp","S. Brandenburg","Beethoven","Vicki St. Pierre","Adrian Brown","Mark Padmore","Marc Molomot","Roger Hyams","Herbert Myers","Catherine Webster","Jacob Heringman","Barthold Kuijktn","Norah Rendcll","R. Reiser","Peter van der Poel","Sonja Boon","Steven Adby","La Venexiana","Nancy Hadden","Harry van der Kamp","Eva BaduraSkoda","Tyler Duncan","D. F. Tovey","S. P. Rosenblum","Dirk Snellmgs","Christopher Purves","E. Badura-Skoda","Alison Crum","Anne Smith","S. Newman","Laura Pudwell","Eleonora Fuser","Matthew White","Wilbert Hazelzet","C. Monteverdi","B. A. Wallner","La Cetra","Chan Centre","Milos Valent","David Sherwin","Nell Snaidas"],"placeName":["Leipzig","Utrecht","Bradford","Birmingham","Bristol","Columbia","Germany","Halle","Munich","Antwerp","Bonn","Canada","London","Bremen","Vancouver","Wales","Vienna","Amsterdam","NE","France","Plymouth","Lincoln"],"ref_url":[],"ref_bibl":["Kassel, 2000","London, 1931","London, 1908","London, 1970","Leipzig, 1789","Vienna, 1970","Detroit, 1980","Ann Arbor, 1980","Oxford, 1999","Bonn, 1988","London, 1951","International Beethoven Congress Detroit, 1977","Milan, 1949","Oxford, 2000","Kassel, 1999","Bloomington, 1988","New York, 1988","Kassel, 1998"],"bibl":[]}},"ark":["ark:/67375/HXZ-NTSM8HQ6-D"],"categories":{"wos":[],"scienceMetrix":["1 - arts & humanities","2 - visual & performing arts","3 - music"],"scopus":["1 - Social Sciences","2 - Arts and Humanities","3 - Music"]},"publicationDate":"2003","copyrightDate":"2003","enrichments":{"type":["multicat","refBibs","teeft","unitex"]},"doi":["10.1093/earlyj/XXXI.2.165"],"_id":"29EC03C9BF13E391FD8D391B40E0A7C84BF7BFDD"}