{"corpusName":"oup","keywords":{"teeft":["kerman","kafka sketchbook","british museum","diplomatic method","sketchbook","creative process","piano concerto opus","variant reading","other source","proper sequence","time signature","opus number","musical quarterly","transcription","opus"]},"author":[{"name":"P. H. L."}],"articleId":["LVII.2.323"],"arkIstex":"ark:/67375/HXZ-41KMC8R6-K","language":["eng"],"originalGenre":["book-review"],"qualityIndicators":{"score":2.643,"pdfWordCount":2593,"pdfCharCount":14839,"pdfVersion":1.3,"pdfPageCount":7,"pdfPageSize":"452 x 684 pts","pdfWordsPerPage":370,"pdfText":true,"refBibsNative":false,"abstractWordCount":0,"abstractCharCount":0,"keywordCount":0},"title":"REVIEWS OF BOOKS","genre":["book-reviews"],"host":{"title":"The Musical Quarterly","language":["unknown"],"issn":["0027-4631"],"eissn":["1741-8399"],"publisherId":["musqtl"],"volume":"LVII","issue":"2","pages":{"first":"323","last":"329"},"genre":["journal"],"subject":[{"value":"REVIEWS OF BOOKS"}]},"namedEntities":{"unitex":{"date":["1952","1971","11/1-3","1875"],"geogName":[],"orgName":[],"orgName_funder":[],"orgName_provider":[],"persName":["Arnold Schmitz","Willy Hess","Beethoven","Kerman"],"placeName":["Bonn","Moscow","Europe","Vienna"],"ref_url":[],"ref_bibl":[],"bibl":[]}},"ark":["ark:/67375/HXZ-41KMC8R6-K"],"categories":{"wos":[],"scienceMetrix":["1 - arts & humanities","2 - visual & performing arts","3 - music"],"scopus":["1 - Social Sciences","2 - Arts and Humanities","3 - Music"]},"publicationDate":"1971","copyrightDate":"1971","enrichments":{"type":["multicat","refBibs","teeft","unitex"]},"doi":["10.1093/mq/LVII.2.323"],"_id":"3EFAD47723C229BDA19937B7AAF392BE87EBD8E4"}