{"corpusName":"sage","keywords":{"teeft":["musical examples","marek","robbins landon","bicentennial","musicography","landon","general index","bicentennial year","record list","hans schmidt","documentary study","great composer","other firstclass composer","bibliography","beethoven","longest chapter","musical cannonade","beethoven performances","impressive display","library centers","prothe author","assistant professor","austin college","fessional journals","major contributions","worthy tribute","special year","other hand","boundless horizon","musical realm","last word","bicentennial fest","good books","fine books","perfect books","beethovenian world","beethoven today","standard biography","last century","alexander wheelock thayer","adult life","documentary material","thoven research","great pieces","biographical scholarship","nineteenth century","towering mountain","musical discussion","musical works","form part","important events","original work","elliot forbes","actual birthday","impressive work","wider circle","important event","george beethoven","music educators journal","monumental stature","music world","great deal","opinions marek","opposite opinion","analytic discussion","limited treatment","spiritual world","particular work","strong points","stylistic distinction","musical subjects","beethoven book","biographical sections","martin beethoven","last decade deals","third period","first quarter","biographical considerations","political attitudes","religious attitudes","engrossing topics","separate chapter","musical world","conceptual basis","late compositions","keen analyst","lucid writer","final years","first rate","best examples","anno beethovenii","wonderful thing","important works","middle period","similar manner","musical writers","major books","cecil isaac","quick notion","longest chapter deals","ninth symphony","difficult thanwritingabout","major part","musical writerto","rosemary hughes","concert companion","useful information","formidable beethoven literature","biographical sketch","first half","helpful section","various editions","beeth book","american readers","good contribution","paul mies","informative title","various minute","earliest sketches","important source","original german edition","english translation","real interest","small circle","beethoven specialists","actual pages","bicentennial commemoration","first guns","other events","substantial portion","books overlap","beethoven recordings","pictorial accounts","important portraits","life masks","rich gallery","visual reproduction","color plates","robbins landon book","professional journals","assortmentof books","beethoven students","books offer","presentation copy scores","conversation books","photographic reproduction","pleasurable tour","famous pieces","musical manuscripts","visual appeal","anecdotal celebrity","symphony title page","orchestral parts","clear indication","major features","clear superiority","visual beauty","essays amount","vital statistics","first performance","usual book","comprehensive beethoven archive","anniversary year","hardest thing","material legacy","musical writer","beethoven books","martin cooper","late works","same time","analytic insight","musical sense","fine examples","piano sonatas","beethoven string quartets","penetrating writers","real test","kindred treatment","original breitkopf hartel","college libraries","secondary school libraries","pianoforte sonatas","capo press","unabridged republication","first edition","american market","last decade","oxford university press","miniature score format","princeton university press","shoestring press","beethoven quartets","funk wagnalls","english edition","macmillan company"]},"author":[{"name":"Cecil Isaac","affiliations":["Assistant Professor of Music, Austin College, Sherman, Texas"]}],"articleId":["10.2307_3392930"],"arkIstex":"ark:/67375/M70-TT9B7MRG-5","language":["eng"],"originalGenre":["research-article"],"qualityIndicators":{"score":4.274,"pdfWordCount":2262,"pdfCharCount":13959,"pdfVersion":1.5,"pdfPageCount":3,"pdfPageSize":"612 x 879 pts","refBibsNative":true,"abstractWordCount":1,"abstractCharCount":0,"keywordCount":0},"title":"Browsing the Beethoven Bookshelf","refBibs":[{"host":{"title":"All of the books listed below would be useful for college libraries. Books preceded by an asterisk seem particularly appropriate for secondary school libraries.","author":[]}},{"host":{"title":"Beethoven's Pianoforte Sonatas Discussed.","author":[]}},{"host":{"title":"Beethoven, The Last Decade 1817–1827.","author":[],"pages":{"first":"483"}}},{"host":{"title":"Thayer's Life of Beethoven.","author":[],"pages":{"first":"1,141"}}},{"host":{"title":"Beethoven, A Concertgoer's Companion.","author":[],"pages":{"first":"114"}}},{"host":{"title":"The Beethoven Quartets.","author":[],"pages":{"first":"386"}}},{"host":{"title":"Beethoven, Biography of a Genius.","author":[],"pages":{"first":"696"}}},{"host":{"title":"Beethoven's Sketches.","author":[]}},{"host":{"title":"Beethoven, A Documentary Study.","author":[],"pages":{"first":"400"}}},{"host":{"title":"Ludwig van Beethoven.","author":[],"pages":{"first":"275"}}}],"genre":["research-article"],"host":{"title":"Music Educators Journal","language":["unknown"],"issn":["0027-4321"],"eissn":["1945-0087"],"publisherId":["MEJ"],"volume":"57","issue":"4","pages":{"first":"44","last":"46"},"genre":["journal"]},"namedEntities":{"unitex":{"date":["1970","1964","1929","in the nineteenth century","1938"],"geogName":[],"orgName":["Princeton University"],"orgName_funder":[],"orgName_provider":[],"persName":["Doris L. MacKinnon","Austin College","Paul Mies","Joseph Kerman","Landon","Eric Blom","Rosemary Hughes","Martin Cooper","George Marek","Hans Schmidt","Joseph Schmidt-Girg","Ludwig van Beethoven","Alexander Wheelock","Alfred A. Knopf"],"placeName":["Bonn","York"],"ref_url":[],"ref_bibl":["Johnson Reprint Corporation, 1969"],"bibl":[]}},"ark":["ark:/67375/M70-TT9B7MRG-5"],"publicationDate":"1970","copyrightDate":"1970","enrichments":{"type":["teeft","unitex"]},"doi":["10.2307/3392930"],"_id":"127AB799501C063F8BE232CA8400E7A5B9C75152"}