{"corpusName":"oup","keywords":{"teeft":["illus","kipnis","alexander kipnis","mozart","aida","george martin","white gold","daniel jacobson","video review mozart","reszke brother","margaret eichenwald","brian henderson","william ashbrook","pain matter","sergei prokofiev","christopher hatch","waldncr family","many note","historic partnership","john david peterson","possible reasonforits splendor","quarterly quiz","caruso","video","susan vandiver nicassio","lottc lchmann","william albright","kipnis onstage","operatic career","thomas glasow","william pcncak","mozart library","brief overview","cherubini stage","harlow robinson","possible reason","howard pollack","reconstruction ofjonathan","roland graeme","record review beethoven","great singer","francis poulenc","musical style","opera aria","hector berlioz","book review cambridge opera handbook","sheila hodges","giuseppe verdi","francesco lucca","critical study","drake"]},"articleId":["8.4.185"],"arkIstex":"ark:/67375/HXZ-NC1CFT4Q-G","language":["eng"],"originalGenre":["other"],"qualityIndicators":{"score":2.102,"pdfWordCount":2052,"pdfCharCount":14889,"pdfVersion":1.3,"pdfPageCount":8,"pdfPageSize":"614 x 798 pts","pdfWordsPerPage":257,"pdfText":true,"refBibsNative":false,"abstractWordCount":0,"abstractCharCount":0,"keywordCount":0},"title":"The Opera Quarterly","refBibs":[{"host":{"title":"Beethoven: Fidelia, +","author":[],"pages":{"first":"24","last":"28"}}},{"host":{"author":[{"name":"4 Bellini: La Sonnambula"},{"name":"10—12 Bizet"}],"pages":{"first":"18","last":"22"}}},{"host":{"author":[{"name":"32~34 Borodin132—37"},{"name":"Cherubini "}],"pages":{"first":"151","last":"53"}}},{"host":{"title":"Lalo: Le roi dTTs","author":[],"pages":{"first":"150","last":"53"}}},{"author":[{"name":"L Massenet: Esdarmonde"},{"name":"158—53 Monteverdi"}],"host":{"title":"Bmammazione di Poppea","author":[],"pages":{"first":"121","last":"27"}}},{"author":[],"host":{"title":"Mozart: Die Entfuhrung out dem Serail (8 recordings )","author":[],"pages":{"first":"168","last":"79"}}},{"title":"Record Review Wall: The Ballad ofMagna Carta","author":[{"name":"4 Puccini: La Boheme"},{"name":"30—32 Kowalke"},{"name":"Kim,H "}],"host":{"title":"Dcr Ltndbcrghflug, and Dcr Silbersu","author":[],"volume":"1","pages":{"first":"1","last":"3"}}},{"host":{"title":"Book Reviews Cambridge Opera Handbook: Salome","author":[],"pages":{"first":"103","last":"5"}}},{"author":[],"host":{"title":"The Titrn of the Screw","author":[],"pages":{"first":"169","last":"70"}}},{"author":[],"host":{"title":"Mozart: Idomeneo, ri di Creta (6 recordings)","author":[],"pages":{"first":"6","last":"68"}}},{"host":{"author":[{"name":"Lee "},{"name":"M Owen Quarterly"},{"name":" Quiz"}],"pages":{"first":"85","last":"87"}}},{"author":[],"host":{"title":"The Tenor of His Time\")","author":[],"pages":{"first":"121","last":"23"}}},{"author":[],"host":{"title":"Quarterly Quiz (Tutti","author":[],"volume":"3","pages":{"first":"87","last":"89"}}},{"author":[],"host":{"title":"Quarterly Quiz (\"I Heard It at the Movies\"), 4,83-86 Video Review Mozart: Idomeneo, ri di Creta","author":[],"pages":{"first":"123","last":"25"}}},{"author":[{"name":"Mckee "},{"name":"David Video Reviews Berg115—16 Britten"}],"host":{"title":"112—14 Mozart: Don Giovanni","author":[],"pages":{"first":"129","last":"30"}}},{"host":{"author":[{"name":"Kiri Te Kanawa"}],"pages":{"first":"7","last":"76"}}},{"author":[],"host":{"title":"Mozart: Don Giovanni (20 recordings)","author":[]}},{"host":{"author":[{"name":"Wagner Tristan"},{"name":" Isolde"}],"pages":{"first":"151","last":"55"}}},{"author":[],"host":{"title":"Mascagni: Nenme","author":[],"pages":{"first":"163","last":"67"}}},{"host":{"title":"Analyzing Opera: Verdi and Wagner","author":[],"pages":{"first":"88","last":"93"}}},{"author":[],"host":{"title":"Braunbehrens: Mozart in Vienna","author":[],"volume":"J","pages":{"first":"1781","last":"1791"}}},{"host":{"title":"Hucbner: The Operas of Charles Gounod","author":[],"pages":{"first":"87","last":"92"}}},{"host":{"title":"with Notes on Francesco Lucca: From a Oberto x> to \"La traviata","author":[{"name":"Giuseppe Jensen"},{"name":"Giovanni Verdi"},{"name":" Ricordi"}],"pages":{"first":"134","last":"37"}}},{"host":{"title":"Verdi and His Major Contemporaries: A Selected Chronology of Performances with Casts","author":[{"name":"Comp Kaufman"}],"pages":{"first":"105","last":"7"}}},{"author":[],"host":{"title":"Lee: Wagneri \"Ring\": Turning the Sky Round","author":[],"pages":{"first":"125","last":"30"}}},{"author":[{"name":"134—37 Miller"},{"name":"Philip Lieson"}],"host":{"title":"Parker Studies in Early Verdi, I8J2-I&M-\\ New Information and Perspectives on the Milanese Musical Milieu and the Operas from \"Oberto\" to \"Ernani","author":[],"pages":{"first":"127","last":"29"}}},{"author":[],"host":{"title":"Salicri: LesDanaides","author":[],"pages":{"first":"177","last":"79"}}},{"author":[{"name":" Honolka"},{"name":"Wakeling Papageno"},{"name":"Dennis,W "}],"host":{"title":"Man of the Theater in Mozart^ Time","author":[],"volume":"4","pages":{"first":"100","last":"105"}}},{"author":[{"name":" Rimsky-Korsakov"}],"host":{"title":"The Legend if the Invisible City ofKitczb and the Maiden Fevrvnia","author":[],"pages":{"first":"154","last":"55"}}},{"author":[],"host":{"title":"Salicri: Prima la muska epoi le parole","author":[],"pages":{"first":"176","last":"77"}}},{"author":[],"host":{"title":"Tchaikovsky: Mazeppa","author":[],"volume":"2","pages":{"first":"186","last":"88"}}},{"author":[{"name":" Book Review"},{"name":" Steinberg"}],"host":{"title":"The Meaning of the Salzburg Festival: Austria as Theater and Ideology","author":[],"pages":{"first":"1890","last":"1938100"}}},{"title":"Analyzing Opera: Verdi and Wagner, reviewed by George Martin, 1, 88—93 Birkin, Kenneth, a Friedenstag a and","author":[{"name":"Carolyn Abbate"},{"name":" Parker"},{"name":" Roger"}],"host":{"title":"Daphne\": An Interpretive Study of the Literary and Dramatic Sources of \"Two Operas by Richard Strauss","author":[],"pages":{"first":"139","last":"42"}}},{"host":{"author":[{"name":" Braunbchrens"},{"name":" Vblkmar"},{"name":" Mozart In"},{"name":"1781—1791 Vienna"},{"name":"George Martin"}],"pages":{"first":"91","last":"96"}}},{"host":{"title":"Mozart the Dramatist, reviewed by Christopher Hatch, 3, 97-99 Cambridge Opera Handbooks Arabella","author":[{"name":"Brooby Brigid"}],"pages":{"first":"105","last":"10"}}},{"host":{"author":[{"name":"Joe,K Salome"},{"name":"103—5 La\\% 1"},{"name":" Caswell"}],"pages":{"first":"7","last":"39"}}},{"author":[{"name":"Keith,W Daniel"},{"name":"Francis Poulenc"}],"host":{"title":"His Artistic Development and Musical Style","author":[],"pages":{"first":"130","last":"32"}}},{"host":{"title":"Jeremy The Operas of Darius Milbaud","author":[{"name":"Drake "}],"pages":{"first":"97","last":"100"}}},{"host":{"title":"Mozart: His Character, His Work","author":[{"name":"Alfred Einstein"}],"pages":{"first":"99","last":"103"}}},{"host":{"author":[{"name":"Steven Griffiths"}],"pages":{"first":"92","last":"97"}}},{"host":{"author":[{"name":"Daniel Heartz"},{"name":"Mozarrt Operas"}],"pages":{"first":"103","last":"5"}}},{"host":{"title":"Emanud Schilcaneder, Man of the Theater in Mozarti Time, reviewed by Linda Tyler, 4, 100—105 Hucbncr, Steven, The Operas of Charles Gounod","author":[{"name":"Kurt Honolka"},{"name":"Papageno "}],"pages":{"first":"87","last":"92"}}},{"host":{"author":[{"name":"Luke Jensen"},{"name":"Giuseppe Verdi"},{"name":"Giovanni Ricordi"}],"pages":{"first":"134","last":"37"}}},{"host":{"title":"Verdi and His Major Contemporaries: A Selected Chronology of Performances with Casts","author":[{"name":"Thomas,G Kaufman"}],"pages":{"first":"105","last":"7"}}},{"host":{"title":"Strong on Music: The New Tort Music Scene in the Days of George Timpleton Strong","author":[{"name":"Vcra Lawrence"},{"name":" Brodsky"}],"pages":{"first":"1836","last":"18751"}}},{"host":{"title":"Wagner's \"Ring\": Turning the Sky Round","author":[{"name":"M Lee"},{"name":" Owen"}],"pages":{"first":"125","last":"30"}}},{"host":{"author":[{"name":"Murphy Kerry"},{"name":"Hector Berlioz"},{"name":"The Development Of French Music"},{"name":" Criticism"}],"pages":{"first":"133","last":"34"}}}],"genre":["other"],"host":{"title":"The Opera Quarterly","language":["unknown"],"issn":["0736-0053"],"eissn":["1476-2870"],"publisherId":["operaq"],"volume":"8","issue":"4","pages":{"first":"185","last":"195"},"genre":["journal"],"subject":[{"value":"Index to Volume 8"}]},"namedEntities":{"unitex":{"date":["1991"],"geogName":[],"orgName":[],"orgName_funder":[],"orgName_provider":[],"persName":["Richard Strauss","Brian Henderson","Hector Berlioz","Billy Budd","James A. Drake","Son Remembers","M. Owen","Lotte Lehmann","Edward Downcs","A. Scarlani","E. Thomas","John David","Giovanni Ricordi","Ogncnnyi","Le","Murphy Kerry","Sun Disk","Jonathan Wade","Malcolm S. Cole","Igor Kipnis","Charles Braunbchrens","Edita Gruberovd","Boris Godunov","Elektra","Joe K. La","Don Giovanni","G. Kaufman","Sergei Prokofiev","Lucio Silla","Sheila Hodges","Susan Vandiver","Igor","John Pennino","George Martin","Francis Poulenc","Peter Horwarh","Howard Pollack","George Salome","JOHN Tetrazzini","Maria Egiziaca","Joe K. Law","Charles Gounod","Giuseppe Verdi","Roland Graeme","William Ashbrook","Thomas Development","George Umpleton","Aida Favia-Artsay","Ognennji","Susan K. Peterson","David E. Anderson","Christopher Hatch","Daniel Jacobson","Margaret Eichenwald","Linda Tyler","Francesco Lucca","Peter Horwath","William Albright","Video","Darius Milbaud","Richard Honolka","Musical","Mozart","Henry Pleasants","William Pcncak","Contemporaries","Jane Austen","Alexander Kipnis","Giovanni","An Interpretation"],"placeName":["Tivoli","HARLOW","Harlow","Vienna","San Francisco","New Tbrk","Cambridge","Salzburg"],"ref_url":[],"ref_bibl":["Theater and Ideology, 1890"],"bibl":[]}},"ark":["ark:/67375/HXZ-NC1CFT4Q-G"],"categories":{"wos":[],"scienceMetrix":[],"scopus":["1 - Social Sciences","2 - Arts and Humanities","3 - Music"]},"publicationDate":"1991","copyrightDate":"1992","enrichments":{"type":["multicat","refBibs","teeft","unitex"]},"doi":["10.1093/oq/8.4.185"],"_id":"768C58E09904503B6E110D27CA72B5E01FBC6DB9"}