{"corpusName":"oup","keywords":{"teeft":["joachim","solo part","violin concerto","holograph","solo violin part","leipzig","ossia","poco","first movement","january","holograph score","august","june","simrock","musical quarterly","moser","clara schumann","animato","johannes brahms","johannes","brahms","schumann","first performance","piano score","original version","orchestral score","piano reduction","joseph joachim","concerto","solo","violin sonata","brahms concerto","melodic line","concerto score","final version","first time","several time","violin","joachim tradition","concerto proof","musical example","several day","orchestral part","unusual difficulty","crayon marking","first half","andreas moser","joachim answer","first version","hungarian concerto","crystal palace","several place","violinist hugo heermann","urspriingliche lesart","double concerto","animato poco","string quartet","poco animato","tempo modification","english tour","clara"]},"author":[{"name":"BORIS SCHWARZ"}],"articleId":["LXIX.4.503"],"arkIstex":"ark:/67375/HXZ-SCJ6SPVT-N","language":["eng"],"originalGenre":["research-article"],"qualityIndicators":{"score":5.05,"pdfWordCount":6473,"pdfCharCount":36295,"pdfVersion":1.3,"pdfPageCount":24,"pdfPageSize":"453 x 674 pts","pdfWordsPerPage":270,"pdfText":true,"refBibsNative":false,"abstractWordCount":0,"abstractCharCount":0,"keywordCount":0},"title":"Joseph Joachim and the Genesis of Brahms's Violin Concerto","refBibs":[{"title":"Suppressed Passages in the Brahms-Joachim Correspondence","author":[{"name":"Artur Holde"}],"publicationDate":"1959","host":{"title":"The Musical Quarterly XLV","publicationDate":"1959","author":[],"pages":{"first":"319"}}},{"title":"Vienna's Golden Years of Music","author":[{"name":"Eduard Hanslick"}],"publicationDate":"1850","host":{"title":"Henry Pleasanis","publicationDate":"1850","author":[],"pages":{"first":"79"}}},{"author":[],"publicationDate":"1860","host":{"title":"Letters of Clara Schumann and Johannes Brahms","publicationDate":"1860","author":[],"pages":{"first":"116","last":"17"}}},{"author":[],"publicationDate":"1912","host":{"title":"II","publicationDate":"1912","author":[],"pages":{"first":"140","last":"176"}}},{"host":{"author":[{"name":" Nov"}]}},{"host":{"title":"J. wants to retain January 1 fora possible premiere","author":[{"name":"J "}]}},{"host":{"title":"B. is reluctant about a premiere and would prefer a piano tryout in Vienna. He dropped the two middle movements and is writing a \"poor\" Adagio. 373 ca. Dec. 12 B. to J.: B. sends the solo violin part and agrees","author":[{"name":"B Nov"}]}},{"host":{"title":"J. is overjoyed. He prepares to write a Cadenza","author":[{"name":"J Dec"},{"name":"B To"}]}},{"host":{"author":[{"name":" Dec"}]}},{"host":{"title":"B. agrees to everything and plans to arrive in Berlina few days earlier to rehearse the Concerto with piano","author":[{"name":"B "}]}},{"host":{"title":"If you'll be very lenient, I'll risk it in Leipzigon January 1; the work contains quite a few unusual difficulties","author":[{"name":" Dec"}]}},{"host":{"author":[{"name":" Dec"}]}},{"host":{"title":"B. plans to leave for Berlin on December 28. He alludes to the Leipzig performance as a \"rehearsal\" for Vienna","author":[{"name":"B "}]}},{"title":"Seealso Andreas Moser","author":[],"publicationDate":"1905","host":{"title":"Joseph Joachim(Ber\\in","publicationDate":"1905","author":[],"volume":"111","issue":"11","pages":{"first":"246241","last":"42"}}},{"host":{"author":[{"name":"Letters Liumann"},{"name":"Clara Schumann"},{"name":"Johannes Brahms"}],"pages":{"first":"34"}}},{"author":[{"name":"Brahms-Joachim Moser"},{"name":" Bnefwechsel"}],"host":{"title":"letter No. 471. 16 Ibid., II","author":[],"pages":{"first":"62"}}}],"genre":["research-article"],"host":{"title":"The Musical Quarterly","language":["unknown"],"issn":["0027-4631"],"eissn":["1741-8399"],"publisherId":["musqtl"],"volume":"LXIX","issue":"4","pages":{"first":"503","last":"526"},"genre":["journal"],"subject":[{"value":"Articles"}]},"namedEntities":{"unitex":{"date":["1853","1882","1979","1887","1930","1880s","1854","the nineteenth century","1983","In the twentieth century","1889","1878","1948","1896","1885","1879","1881","1897"],"geogName":[],"orgName":["Wayne State University","University of Michigan School of Music","Congress","Music Division of the Library of Congress","Donald L"],"orgName_funder":["Music Division of the Library of Congress","Donald L"],"orgName_provider":[],"persName":["Henry Pleasanis","Crystal Palace","Joachim Bnefwechsel","Gertrude Clarke","Joachim Correspondence","Moser","Eugene Ysaye","Eduard Remenyi","Joachim Briefwechsel","Max Kalbeck","Emile Sauret","Berthold Litzmann","Hugo Heermann","Clara Schumann","Franz Lachner","J. Brahms","London Philharmonic","Pablo de Sarasate","Robert Keller","Robert Schumann","Franz Clement","Bronislaw Huberman","Johannes Brahms","Beethoven","Elizabeth H. Auman","Nora Bickley","Marcella Sembrich","Fritz Simrock","Kurt Siephenson","Pierre Rode","Artur Holde","Ferdinand David","Marie Soldat","P. J. Simrock","Andreas Moser","Sonata","Mozart","Eduard Hanslick","Joseph Joachim","Jon Newsom","E. von Herzogenberg"],"placeName":["Leipzig","Berlin","Paris","Hanover","Australia","Mannheim","Hamburg","Europe","Vienna","Amsterdam","Frankfurt","York","Florence","Berchtesgaden","Russia","Detroit","Salzburg"],"ref_url":[],"ref_bibl":["London, 1914","Berlin, 1912","Berlin, 1923","December, 1878","Hamburg, 1961","Berlin, 1905","late June, 1879","review of Joachim's debut in Vienna, 1861","Washington: Library of Congress, 1979","September, 1878","New York, 1927, 1971","August, 1879","Tuizing, 1974","Leipzig, 1911","Letter of April 2, 1860","October, 1879","New York, 1950","New York, 1972","May 13, 1879","New York and London, 1961","Leipzig, 1909"],"bibl":[]}},"ark":["ark:/67375/HXZ-SCJ6SPVT-N"],"categories":{"wos":[],"scienceMetrix":["1 - arts & humanities","2 - visual & performing arts","3 - music"],"scopus":["1 - Social Sciences","2 - Arts and Humanities","3 - Music"]},"publicationDate":"1983","copyrightDate":"1983","enrichments":{"type":["multicat","refBibs","teeft","unitex"]},"doi":["10.1093/mq/LXIX.4.503"],"_id":"D4BC05DA49DB7FFC6C4F5F01D8970A434F950296"}