{"corpusName":"oup","keywords":{"teeft":["hoffmann","charlton","jean paul","instrumental music","musical writing","music criticism","first time","beethoven instrumentalmusik","short adagio","ritter gluck","short story","cambridge university press","martyn clarke","essential character","many respect","last movement","skillful orchestration","david charlton","church music","german romantic literature"]},"author":[{"name":"Linda Rogols-Siegel"}],"articleId":["75.2.219"],"arkIstex":"ark:/67375/HXZ-TPDCWLJ4-J","language":["eng"],"originalGenre":["book-review"],"qualityIndicators":{"score":3.163,"pdfWordCount":2446,"pdfCharCount":15175,"pdfVersion":1.4,"pdfPageCount":6,"pdfPageSize":"469 x 711 pts","pdfWordsPerPage":408,"pdfText":true,"refBibsNative":false,"abstractWordCount":0,"abstractCharCount":0,"keywordCount":0},"title":"Book Reviews","genre":["book-reviews"],"host":{"title":"The Musical Quarterly","language":["unknown"],"issn":["0027-4631"],"eissn":["1741-8399"],"publisherId":["musqtl"],"volume":"75","issue":"2","pages":{"first":"219","last":"224"},"genre":["journal"],"subject":[{"value":"Book Reviews"}]},"namedEntities":{"unitex":{"date":["1950s","1917","1814","1821","1796","1991","1776","the eighteenth century"],"geogName":[],"orgName":["Kdnigsberg University","Now Cambridge University"],"orgName_funder":[],"orgName_provider":[],"persName":["David Charlton","Leonard Rosenmann","Immanuel Kant","James Dean","Friedrich Schlegel","Alfred Newman","Linda Rogols-Siegel","Leonardo Leo","Don Giovanni","The","German Romantics","Theodor Amadeus","Don Juan","E. T. A. Hoffmann","Tieck","Ludwig Tieck","Charlton","Friedrich Perthes","Paul","Hoffmann","Harvey Hewett-Thayer","Johannes Kreisler","Jean Paul","Music","Eric BlackalPs","Matthias Claudius","John Fetzer"],"placeName":["St. Cecilia","Kaliningrad","York","Palestrina"],"ref_url":[],"ref_bibl":["University of California Press, 1974","Toronto: University of Toronto Press, 1975","Ithaca: Cornell University Press, 1983","Athenaum, 1798","Princeton: Princeton University Press, 1948"],"bibl":[]}},"ark":["ark:/67375/HXZ-TPDCWLJ4-J"],"categories":{"wos":[],"scienceMetrix":["1 - arts & humanities","2 - visual & performing arts","3 - music"],"scopus":["1 - Social Sciences","2 - Arts and Humanities","3 - Music"]},"publicationDate":"1991","copyrightDate":"1991","enrichments":{"type":["multicat","refBibs","teeft","unitex"]},"doi":["10.1093/mq/75.2.219"],"_id":"171143C2C18346F39C5F9E6D57681CC844499A32"}