{"corpusName":"oup","keywords":{"teeft":["larsen","handel","handelian oratorio","oratorio","messiah","capo aria","chorus type","italian duet"]},"author":[{"name":"W. S."}],"articleId":["XXXIX.2.169"],"arkIstex":"ark:/67375/HXZ-WHKF3LJ2-9","language":["eng"],"originalGenre":["book-review"],"qualityIndicators":{"score":3.242,"pdfWordCount":3192,"pdfCharCount":17046,"pdfVersion":1.3,"pdfPageCount":6,"pdfPageSize":"485 x 695 pts","pdfWordsPerPage":532,"pdfText":true,"refBibsNative":false,"abstractWordCount":0,"abstractCharCount":0,"keywordCount":0},"title":"REVIEWS OF BOOKS","genre":["book-reviews"],"host":{"title":"Music and Letters","language":["unknown"],"issn":["0027-4224"],"eissn":["1477-4631"],"publisherId":["musicj"],"volume":"XXXIX","issue":"2","pages":{"first":"169","last":"174"},"genre":["journal"],"subject":[{"value":"Reviews of Books"}]},"namedEntities":{"unitex":{"date":["1732","1737","1958","the nineteenth century","1741","40s"],"geogName":[],"orgName":[],"orgName_funder":[],"orgName_provider":[],"persName":["Freud","Larsen","Thurston Dart","Bayliss","Clive","Jens Peter","W. S. Beethoven","Messiah Surveyed","Richard Sterba"],"placeName":["Egypt"],"ref_url":[],"ref_bibl":[],"bibl":[]}},"ark":["ark:/67375/HXZ-WHKF3LJ2-9"],"categories":{"wos":[],"scienceMetrix":["1 - arts & humanities","2 - visual & performing arts","3 - music"],"scopus":["1 - Social Sciences","2 - Arts and Humanities","3 - Music"]},"publicationDate":"1958","copyrightDate":"1958","enrichments":{"type":["multicat","refBibs","teeft","unitex"]},"doi":["10.1093/ml/XXXIX.2.169"],"_id":"BFA27C8A9A9C071272A319528F745D8BA56ABBF8"}