{"corpusName":"oup","keywords":{"teeft":["sich","nicht","leipzig","seiner","schering","idee","durch","grosheim","selbst","cine","auch","sketch book","musical quarterly","last part","first time","final form","rough draft","first movement","preliminary draft","long time","gustav nottebohm","musical idea","last analysis","pastoral symphony","ninth symphony","das","musical notation","program music","final version","musical work","word idee","seinen compositionen","slow movement","piano sonata","romantische richtung","romantic tendency","such explanation","musical composition","richard wagner","minor sonata","arnold schering","artistic scheme","great work","neuer deutung","considerable number","individual movement","several line","damit zufrieden","high altar","verbal note","bremen conductor","beethoven","adagio"]},"author":[{"name":"MAX UNGER"}],"articleId":["XXIV.3.323"],"arkIstex":"ark:/67375/HXZ-97ZXDHZV-F","language":["eng"],"originalGenre":["research-article"],"qualityIndicators":{"score":5.05,"pdfWordCount":7836,"pdfCharCount":43259,"pdfVersion":1.2,"pdfPageCount":18,"pdfPageSize":"467 x 712 pts","pdfWordsPerPage":435,"pdfText":true,"refBibsNative":false,"abstractWordCount":0,"abstractCharCount":0,"keywordCount":0},"title":"FROM BEETHOVEN'S WORKSHOP","refBibs":[{"host":{"title":"Das ihncn fchlcnde Moment lasst sich nur durch Abstraction gewinncn Wir suchen cs in Beethoven, dem Kunsder, selbst; in der Einheit seines ganzen Wesens und Geistes; in der Harmonic seiner Seelenkrafte. Der ganze Mensch mit seiner geistigen und seclischen Thatigkeit muss hinzugezogen werden, um die Einheit zwischen Erscheinung und Idee herzustellen. Hier liegt der Schlussel zu seiner Werkstatte Wer mag sich aber riihmen, solches Amt der Schlussel verwalten zu konnen? 18 Considering the diverse nature of the reports on the psychology of Beethoven's work given by his contemporaries, we might be tempted to believe that he himself was not fully conscious of the essential nature and meaning of his art. That is definitely wrong. So far as can be seen, he was himself as clear about it as the most able modern psychologist of music. There appears in his correspondence and other pieces of writing no word that might contradict it. Indeed, in one of his letters there are several little-known lines that—except for the awkwardness of the sentence structure—might have come from a judicious present-day representative of","author":[{"name":" Abcr Dariiber Muss Man Klar Scin"}]}},{"host":{"title":"Beethoven is excusing himself in the following words for not having set to music some Anacreontic verses that had been sent to him: . . . sehr beschaftigt war es mchr Unmoglichkeit als Unhoflichkcit ihnen hierauf nicht zu antworten","author":[{"name":"Wilhehn Gerhard"}]}},{"host":{"title":"But on this point we must be clear: that they alto keep some things secret, and that we learn least of all from them about everything that is called organic The main point that is lacking in them can be secured only through abstraction. We seek it in Beethoven","author":[]}},{"host":{"author":[{"name":"Gustav Nottebohm"},{"name":"Ein Skixxenbuch Von Beethoven"}],"pages":{"first":"1865"}}},{"host":{"title":"being very bujy, I have not answered you, owing to inability rather than impolite- ness","author":[]}},{"host":{"author":[{"name":"A,W Thayer"}],"pages":{"first":"42"}}}],"genre":["research-article"],"host":{"title":"The Musical Quarterly","language":["unknown"],"issn":["0027-4631"],"eissn":["1741-8399"],"publisherId":["musqtl"],"volume":"XXIV","issue":"3","pages":{"first":"323","last":"340"},"genre":["journal"],"subject":[{"value":"Articles"}]},"namedEntities":{"unitex":{"date":["1818","the 18th century","1819","1809","1811","1816","1823","1812","1798","1938"],"geogName":[],"orgName":[],"orgName_funder":[],"orgName_provider":[],"persName":["Anton Schindler","A. Wagner","G. C. Grosheim","Alfred Heuss","Verbal","C. F. Kahnt","Richard Wagner","Wilhelm","A. W. Thayer","Albert Leitzmann","Karl Johann","King Lear","The","Gustav Nottebohm","Willis Wager","Ries","Christian Miiller","Franz Wegeler","Lfichnowsky","Christian God","Concerto","Adolf Sandberger","Carl Iken","Ferdinand Ries","J. G. Seume","Hugo Riemann","G. Seume","Carl Czerny","Ludwig Rellstab","Hermann Deiters","J. J. Eschenburg","Arnold Schering"],"placeName":["Leipzig","Berlin","Bremen","Auch"],"ref_url":[],"ref_bibl":["May, 1812"],"bibl":[]}},"ark":["ark:/67375/HXZ-97ZXDHZV-F"],"categories":{"wos":[],"scienceMetrix":["1 - arts & humanities","2 - visual & performing arts","3 - music"],"scopus":["1 - Social Sciences","2 - Arts and Humanities","3 - Music"]},"publicationDate":"1938","copyrightDate":"1938","enrichments":{"type":["multicat","refBibs","teeft","unitex"]},"doi":["10.1093/mq/XXIV.3.323"],"_id":"F8E81B94896AC804DE6EED76771CD89B12AA1668"}