{"corpusName":"sage","keywords":{"teeft":["first performance","letter ends","contemporary account","precious documents","florid script","context assignments","analysis exercises","happenedlast night","many manuscript","johann eismann","early friendship","elizabeth silsbury","flinders university","bedford park","xercising imagination","effect knowledge","difficult temper","other friends","landladies disappointments","difficult person","ridiculous music","fifth symphony","romantic interruptions","critical analysis","whole work","intellectual disapproval","emotional sympathies","states madness","third movement","long coda","whole mastery","elizabeth silsburybrings voicesfromthe","music federation","elizabeth silsbury vienna","friend ludwig","johann ries","friend emilie","great admiration","musikalische zeitung","first movement","dramatic motives","cruel workings","brave attempts","gentlemanly offer","mutual agreement","rare treasures","last night","original parchment","obsequious dedication","presentation manuscripts","brandenburg concertos","magic flute","first meetings","clarinetist richard muhlfeld","henry purcell","recent restorations","great organ","westminster abbey","edouard hanslick","piano concerto","first edition copy","chopin etudes","gaunt figure","bright eyes","australian dress designer paulien","true love alistair","world symphony","original pieces","university students","teacher education courses","ages levels","medical students","same site","inspiring students anyone","same subject","enormous wealth","fourth account","japanese influences","madama butterfly","lecturer tedium","unlucky student","formal essays","life diaries","merest exercise","major change","daily newspaper","weekend paper","musical journal","other publication","similar wordings","recentfirst semester essays","appropriate context","good quality","formal knowledge","unit outline","others need","best students","pleasant surprises","music critics","major work","posteisner theories","affective domains","powerful effect","purcell wasentirely diary script","excerptfrom henry purcell papers","leisure pursuitand","henry purcell diary","first performanceof","real pens","real nibs","actual quills","considerable pains","analytical essays","specific ways","factual knowledge","history books","conto sulted","standard sources","manuscript origi","fair representation","first round","beethoven preparinghis","several cases","lovewithcalligraphywellas music","violin indifferentlyand","theoretical studies","matriculation exams","ordinary essays","third term","producedthe letter","extracts printedat","abilityand personalityuntil","gustav mahler","brahms clarinetquintet","drunk togetherat","first meeting","pleasing capacity","serious analysis","music situationbut","hintedat uncourtly behavior","other work","historical studies","standard comments","hesitateto drawthe attention","johann testament","glorious company","hundredpercent success","context assignment requirements","musical understandingand","good paper","knowledgeabout music","dear johann","understandthe burningof","predictable styles","proud friend","readings colwell","englewood cliffs","scottish larousse encyclopediaof music","jeoffrey hindley","thenew groveencyclopediaof music","stanley sadie","arts education","musical universityof washington press","source readings"]},"author":[{"name":"Elizabeth Silsbury","affiliations":["Coordinator for the Allied Arts at Flinders University in Bedford Park, South Australia."]}],"articleId":["10.2307_3398213"],"arkIstex":"ark:/67375/M70-84S5GF12-D","language":["eng"],"originalGenre":["other"],"abstract":"Elizabeth Silsbury brings voices from the past into today's classroom to inspire both her students and her teaching.","qualityIndicators":{"score":4.419,"pdfWordCount":2203,"pdfCharCount":14389,"pdfVersion":1.5,"pdfPageCount":5,"pdfPageSize":"594 x 861 pts","refBibsNative":false,"abstractWordCount":18,"abstractCharCount":116,"keywordCount":0},"title":"Bringing Composers to Life with Diaries, Letters, and Papers","genre":["other"],"host":{"title":"Music Educators Journal","language":["unknown"],"issn":["0027-4321"],"eissn":["1945-0087"],"publisherId":["MEJ"],"volume":"77","issue":"6","pages":{"first":"41","last":"45"},"genre":["journal"]},"namedEntities":{"unitex":{"date":["1982","1987","1991"],"geogName":[],"orgName":[],"orgName_funder":[],"orgName_provider":[],"persName":["Stanley Sadie","Elizabeth Silsbury","Henry Purcell","D.Mus","BrandenburgConcertos","Johannes Brahms","J. S. Bach","Washington Press","Paulien","Johann Ries","Ludwig van Beethoven","Johann Eismann","George Bernard","Richard Muhlfeld","Jeoffrey Hindley","Gustav Mahler","Arts"],"placeName":["Bedford","Australia","Bonn","Edinburgh","Seattle","Vienna","York"],"ref_url":[],"ref_bibl":["WorldPublishing Co., 1971"],"bibl":[]}},"ark":["ark:/67375/M70-84S5GF12-D"],"categories":{"inist":["1 - sciences humaines et sociales"]},"publicationDate":"1991","copyrightDate":"1991","enrichments":{"type":["nb","refBibs","teeft","unitex"]},"doi":["10.2307/3398213"],"_id":"65E4D18B06C3B5103BBCCEDA16C8E887B49F0839"}