{"corpusName":"oup","keywords":{"teeft":["metronome mark","marcia","vivace","metronome","semiquaver","fastest note","ninth symphony","early music","london classical player","allegro","molto","tempo term","note value","tremolando","prestissimo","quaver","figuration","allegretto","last movement","ancient music","first movement","tempo","hanover band","metre","second movement","fifth symphony","many instance","period instrument","fourth symphony","modern performance","time signature","keyboard instrument","little doubt","present recording","significant difference","other metronome mark","roger norrington","orchestral section","practical difficulty","eighth symphony","sound quality","grand clavier","sixth symphony","metronome marking","orchestral music","rapid tempo","nicholas mcgegan","slower tempo","hard evidence","certain type","allegro vivace","allegro molto","wrong note value","larger proportion","triplet quaver","beethoven recording","semiquaver figuration","allegretto agitato","choral fantasia","brio allegro","early metronome mark","molto vivace","fastest"]},"author":[{"name":"Clive Brown","affiliations":["Lecturer in music at The Queen's College, Oxford, between 1981 and 1989. Heis co-musical director of the Orchesterakademie Prinz Louis Ferdinand (Berlin), and is currently writing a book on Classical and Romantic performing practice for OUP"]}],"articleId":["XIX.2.247"],"arkIstex":"ark:/67375/HXZ-MHPZ87WF-5","language":["eng"],"originalGenre":["other"],"qualityIndicators":{"score":5.05,"pdfWordCount":6600,"pdfCharCount":39469,"pdfVersion":1.3,"pdfPageCount":14,"pdfPageSize":"518 x 683 pts","pdfWordsPerPage":471,"pdfText":true,"refBibsNative":false,"abstractWordCount":0,"abstractCharCount":0,"keywordCount":0},"title":"Historical performance, metronome marks and tempo in Beethoven's symphonies","genre":["other"],"host":{"title":"Early Music","language":["unknown"],"issn":["0306-1078"],"eissn":["1741-7260"],"publisherId":["earlyj"],"volume":"XIX","issue":"2","pages":{"first":"247","last":"260"},"genre":["journal"],"subject":[{"value":"OBSERVATIONS"}]},"namedEntities":{"unitex":{"date":["1990s","1982","18/3/1","1826","1987","Nineteenth Century","1988","the 19th century","1991","1817","1967","18/5/1"],"geogName":[],"orgName":["MONACO Le Grand Clavier","Koch International Ltd.","MONACO EARLY MUSIC MAY I","Alfred A Kalmus Ltd","Extraordinary New Releases From Schwann and Koch International Classics","Academy of Ancient Music"],"orgName_funder":[],"orgName_provider":[],"persName":["Eliot Gardiner","John Eric","Amadeus March","Stadlen","Martin Boecker","Gloria Banditelli","Lothar Hoffmann-Erbrecht","Emanuel Bach","Hans Haselbock","Willem Talsma","Sally Bradshaw","Irena Grafenauer","Walter Georgii","Elliot Forbes","London Freiburger","Jochen Kowalski","Gerhard Weinberger","Marley Copse","Tatjana Grindenko","Lia Rotlier","Roger Norinsuperable","Liege","Malcolm Bilson","Sol Si","Peter Schreier","Roger Norrington","Lisa Saffer","Judith Nelson","Schulz","Dominique Rouits","Marley Common","Mayeur","Susan McAdoo","Nicholas McGegan","Thomas Hengelbrock","Jaqueline","Denis Herlin","Peter Stadlen","Otto Baensch","Carol Meyer","Louis Ferdinand","Jeffrey Thomas","Roger Nornngton","Monika Frimmer","A.D.D.M. Hotel","Tatjana Nikolajeva","Raphael Alpermann","Jacques Houtmann","Johann Ludwig","Agostino Steffani","Suzanne Hickman","Ralf Popken","Monica Huggett","Roy Goodman","Maria Zadori","Sol La Si","Drew Minter","Amadeus Quartet","Brown","Franz Xavier","Christopher Hogwood","Elaine Thornburgh","V. Hainholzweg","Nancy Argenta"],"placeName":["Leipzig","Hanover","UK","VERSAILLES","Vienna","FRANCE"],"ref_url":[],"ref_bibl":["Wiedergeburt der Klassiker (Innsbruck, 1980","Cambridge, Mass , 1984","Augsburg, 1925"],"bibl":[]}},"ark":["ark:/67375/HXZ-MHPZ87WF-5"],"categories":{"wos":[],"scienceMetrix":["1 - arts & humanities","2 - visual & performing arts","3 - music"],"scopus":["1 - Social Sciences","2 - Arts and Humanities","3 - Music"]},"publicationDate":"1991","copyrightDate":"1991","enrichments":{"type":["multicat","refBibs","teeft","unitex"]},"doi":["10.1093/earlyj/XIX.2.247"],"_id":"C6669C082D30E53B8A4A7DE3F9F9F8623CFE613B"}