{"corpusName":"oup","keywords":{"teeft":["hoffmann","fifth symphony","beethoven criticism","musical aesthetic","german material","main idea","instrumental music","cambridge university press","formal analysis","contemporary beethoven criticism","music criticism","music critic","french criticism","french material","many minor german critic","wallace document","musical press","fairer evaluation","best work","allgemeine musikalische zeitung criticism","historical music criticism","amadeus wendt","musical idea","similar attitude","vocal music","different angle","important addition","gain momentum","twentieth century","much attention","german idealist philosopher","critical reception","concrete association","emotional vocal style","contemporary musical periodical","radical change","complete negation","first instance","beethoven review essay","aesthetic dilemma","critical output","leipzig allgemeine musikalische zeitung","same time point","ambivalent attitude","other art","strict formal analysis","subjective interpretation","valid today","literary analogy","little attention","significant literary allusion","short chapter","uncompromising originality","more regard","much important material","academic dryness","little more attention","robin wallace","chretien urhan","wallace claim","musical invective","prime example","malicious misrepresentation","same time","virtuoso literary invective","relative neglect","technical virtuosity","total neglect","english writing","german philosophy","unhappy decision","early part","france much","unbalancing effect","extensive work","good intention","french beethoven criticism","poor relation","french text","critical review","aesthetic implication","literary style","methodological parallel","contemporary literary criticism","stylistic analysis","original text","extensive textual note","difficult subject","readable manner","katharine elli victorian cathedral music","present display","victorian matter","particular interest","victorian period","church affair","victorian stimulus","early year","more open","principal order","great advantage","william timely study","cathedral music","such music","ancient statutory","manner owing nothing","concert practice","first part","historical background","theological condition","philosophical attitude","broader frame","romantic movement","ecclesiastical tendency","cathedral establishment","secular environment"]},"author":[{"name":"KATHARINE ELLIS"}],"articleId":["68.3.293"],"arkIstex":"ark:/67375/HXZ-CS9Q5W8D-K","language":["eng"],"originalGenre":["book-review"],"qualityIndicators":{"score":1.361,"pdfWordCount":1311,"pdfCharCount":7813,"pdfVersion":1.3,"pdfPageCount":2,"pdfPageSize":"467 x 705 pts","pdfWordsPerPage":656,"pdfText":true,"refBibsNative":false,"abstractWordCount":0,"abstractCharCount":0,"keywordCount":0},"title":"REVIEWS OF BOOKS","genre":["book-reviews"],"host":{"title":"Music and Letters","language":["unknown"],"issn":["0027-4224"],"eissn":["1477-4631"],"publisherId":["musicj"],"volume":"68","issue":"3","pages":{"first":"293","last":"294"},"genre":["journal"],"subject":[{"value":"REVIEWS OF BOOKS"}]},"namedEntities":{"unitex":{"date":["the twentieth century","1987"],"geogName":[],"orgName":["Cambridge University"],"orgName_funder":[],"orgName_provider":[],"persName":["Robin Wallace","Amadeus Wendt","Orders","William Gatens","Beethoven","E. T. A. Hoffmann","Gatens"],"placeName":["Germany","France"],"ref_url":[],"ref_bibl":[],"bibl":[]}},"ark":["ark:/67375/HXZ-CS9Q5W8D-K"],"categories":{"wos":[],"scienceMetrix":["1 - arts & humanities","2 - visual & performing arts","3 - music"],"scopus":["1 - Social Sciences","2 - Arts and Humanities","3 - Music"]},"publicationDate":"1987","copyrightDate":"1987","enrichments":{"type":["multicat","refBibs","teeft","unitex"]},"doi":["10.1093/ml/68.3.293"],"_id":"20982A8EF02AA43F966921AC5BD40AD318D3BDD6"}