{"corpusName":"oup","keywords":{"teeft":["schiller","faust part","eighth symphony","lipiner","spinoza","goethe","gure","german culture","menzel","schein","siegfried","goetschel","musical quarterly","veni","nineteenth century","zelter","gustav","faust","ideenwelt","ideenwelt siegfried lipiners","spiritus","lipiners","dissertation","eckermann","second movement","literatur","german cultural history","faustische","gedanken","schwerte","gustav mahler","deutsche literatur","adorno","mahler","mandelkow","veni creator spiritus","werke","other word","deutschland","extaticus","icon","entelechy","gluck ohne","cultural history","pater profundus","deutsche","nietzsche","heine","fall wagner","pater extaticus","spiritual love","doctor marianus","musical adaptation","wiener ringstrasse","schiller monument","pernerstorfer circle","national occasion","gustav klimt","entire nation","religious imagery","deutscher klassiker verlag","nachgelassene fragmente","german literary","rahel varnhagen","friedrich","pater","meyerbeer","klimt","literary interest","second part","student day","briefwechsel zwischen goethe","jean paul","radical enlightenment","richard wagner","goethe monument","samtliche werke","second section","younger angel","more perfect angel","german literature","wolfgang menzel","german literary history","human being","austrian culture","creator spirit","german cultural tradition","basic drive","nationalistic appropriation","siegfried lipiner","karen painter","mater gloriosa","christian tradition","chorus mysticus","fundamental level","interested mahler","unparteyische kirchen","berlin salon","important role","nationalist appropriation","ewiger liebe kern","middle age","central idea","gain knowledge","more general","national celebration","eternal core","modern view","faust composition","late nineteenth century","veni spiritus creator","faust drama","praeceptor germaniae","preferred goethe","accende lumen sensibus","aesthetic sensibility","fundamental ambiguity","other hand","constantin floros","cambridge university press","exact nature","heinrich heine","german people","jean titan","mountain slope","german national culture","romantische schule","friedrich nietzsche","architectural history","focal point","traditional sense","kritische studienausgabe","eveline nikkels","zehn banden","dieter borchmeyer","gesammelte schriften","national function","alfred roller","political connotation","oxford university press","beethoven frieze","canonical status","edith zehm","carl hanser","philosophical interest","albrecht schone","stuart atkins","medieval hymn","redemption","cosmopolitan"]},"author":[{"name":"Carl Niekerk"}],"articleId":["gdl002"],"arkIstex":"ark:/67375/HXZ-QWVLNZX4-N","language":["eng"],"originalGenre":["research-article"],"qualityIndicators":{"refBibsNative":false,"abstractWordCount":0,"abstractCharCount":0,"keywordCount":0,"score":5.05,"pdfWordCount":14787,"pdfCharCount":86759,"pdfVersion":1.2,"pdfPageCount":36,"pdfPageSize":"504 x 720 pts","pdfWordsPerPage":411,"pdfText":true},"title":"Mahler's Goethe","genre":["research-article"],"host":{"title":"The Musical Quarterly","language":["unknown"],"issn":["0027-4631"],"eissn":["1741-8399"],"publisherId":["musqtl"],"volume":"89","issue":"2-3","pages":{"first":"237","last":"272"},"genre":["journal"]},"namedEntities":{"unitex":{"date":["1853","1831","1871","during the nineteenth century","1876","throughout the nineteenth century","Throughout the nineteenth century","1832","2007-08-08","1819","1859","1902","1899","1888","the nineteenth century","twentieth centuries","1936","1833","1930s","1903","1849","1840","in the nineteenth century","nineteenth century","1908","1827","1834","1699","1812","1909","1911","1870","1900","1897","1870s","1875"],"geogName":[],"orgName":["Ohio State University","Social Party","Democratic Party","Princeton University","Cornell University","Cambridge University","Johns Hopkins University","Israel, Radical Enlightenment","Jonathan Israel, Radical Enlightenment","University of Illinois","University of Vienna","Germany and Austria","Oxford University","Department of Germanic Languages and Literatures","Yale University"],"orgName_funder":[],"orgName_provider":[],"persName":["Mathias Mayer","Hans-Gunter Ottenberg","J. Lindauersche","Friedrich Ruckert","Von Bormann","Sander Gilman","Klaus L. Berghahn","Siegfried Lipiner","Peter Lang","Wagner","Carl Hanser","Herman Grimm","Camden House","Victor Adler","Natalie Bauer-Lechner","Hans Schneider","Giorgio Colli","Josef Bayer","Johann Peter","Marian Bisanz-Prakken","Henriette Herz","Franz Dingelstedt","Robert Zimmermann","Clementine Lipiner","Willi Goetschel","Nietzsche","Patrizia C. McBride","Steven Beller","Marc Weiner","Alfred Roller","Klaus Schultz","Wilhelm Svoboda","K.K. Hofburgtheater","Peter Vergo","Edith Zehm","Karl Robert","Wilhelm von Humboldts","Mitchell","Moses Mendelssohn","Mazzino","Richard Specht","Ludwig Geiger","Richard Wagner","Jost Hermand","Heinrich Heine","La Grange","William J. McGrath","Arthur Schnitzler","Theodor W. Adorno","Friedrich Nietzsche","Carl Friedrich","Thomas Richter","Wolfgang Menzel","Albert Leitzmann","C.H. Beck","Gustav Mahlers","Ida Schein","Benno Filser","Alma Mahler","Constantin Floros","Berthold Auerbach","Robert Becque","Gerhard Scheit","Spinoza","Friedrich Gottlieb","Rolf Tiedemann","Don Giovanni","Ferdinand Brockhoff","George L. Mosse","Eveline Nikkels","Adam Sutcliffe","Wilfried Barner","Dietrich Turnau","Monika Zagar","Engelbert Pernerstorfer","Esteban Buch","Gustav von Loeper","Joachim Kreutzer","Court Opera","August Spieß","Alexander von Bormann","Faust Symphony","Symphony","Lorenzo Da Ponte","German Jew","German Rousseau","Gunther Weiß","Hans Schwerte","Ludwig Borne","Literature","Mahler","Barbara Hahn","Rahel Varnhagen","Stuart Atkins","Gustav Mahler","Jean Paul","Heinrich Duntzer","Friedrich Schiller","Wilhelm von Humboldt","Albert Bielschowsky","Dorothea Mendelssohn","Richard W. McCormick","B. Behr","Gustav Klimt","Klaus Briegleb","Paul Reitter","Siegfried Lipiners","Jens Malte","Dieter Borchmeyer","Paul Zsolnay","Von Rahel","Jeffrey L. Sammons","Donald Mitchell","Karen Painter"],"placeName":["Berlin","Columbia","Germany","Dresden","Munich","UK","Austria","SC","Cincinnati","Europe","Bayreuth","Baltimore","Vienna","CT","Barcelona","MD","Amsterdam","Israel","France","Weimar","Cambridge","Italy","Augsburg","Mainz","New Haven","Oxford","OH"],"ref_url":["http://www.suf.at/wien/ringstr_uebers.htm"],"ref_bibl":["Stuttgart: Metzler, 2000","Frankfurt am Main: Suhrkamp, 1997","Vienna: Zsolnay, 2003","Frankfurt am Main: Insel, 1983","Stuttgart: Ernst Klett, 1962","University of Vienna, 1936","Vienna: Sonderzahl, 2002","Munich: DTV, 2005","Vienna: Wilhelm Braumuller, 1856","Frankfurt am Main: Deutscher Klassiker Verlag, 1999","Leipzig: Universal-Edition, 1912","[1912]","Munich: Beck, 2003","Stuttgart: Franckh, 1828","Chicago: University of Chicago Press, 1996","Munich: DTV, 1980","Vienna: Gesellschaft fur vervielfaltigende Kunst, 1894","London: Phaidon, 2001","Frankfurt am Main: Deutscher Klassiker Verlag, 1992","Amsterdam: Allert de Lange, 1940","Vienna: Jugend & Volk, 1969","Palgrave, 2007","Madison: University of Wisconsin Press, 2004","Lincoln: Nebraska University Press, 1997","Theater and Ideology, 1890","Gottingen: Wallstein, 1992","Munich: Beck, 1982","Munich: Carl Hanser, 1991","[1908]","Chicago: Chicago University Press, 2003","Vienna: Rudolf Lechner & Sohn, 1907","The Hague: Nijgh & Van Ditmar Universitair, 1992","Berlin: Siedler, 1995"],"bibl":[]}},"ark":["ark:/67375/HXZ-QWVLNZX4-N"],"categories":{"wos":[],"scienceMetrix":["1 - arts & humanities","2 - visual & performing arts","3 - music"],"scopus":["1 - Social Sciences","2 - Arts and Humanities","3 - Music"]},"publicationDate":"2006","copyrightDate":"2008","enrichments":{"type":["multicat","refBibs","teeft","unitex"]},"doi":["10.1093/musqtl/gdl002"],"_id":"E753F6A1771DE238215E94D66436136407C253EA"}