{"corpusName":"oup","keywords":{"teeft":["orch","gramophone","english gramophone","dolmetsch","polydor","french gramophone","hpschd","english columbia","berlin phil","london phil","electrola","pathe","fugue","english parlophone","german gramophone","decca","lehmann","telefunken","dolmetsch record","french polydor rapsodie hongroise","arnold dolmetsch","french columbia","artur schnabel","vienna phil","meyers foggin","tiana lemnitz","erna sack","ernst wolff","hall orch","english decca","egon petri","eighteenth century symphony","charles panzera","carl dolmetsch","decca sonata","nathalie dolmetsch","ruggero gerlin","george thill","maurice faure","beethoven violin sonata society","orchestre symphonique","arthur rubinstein","czech phil","ania dorfmann","philadelphia orch","traum durch","arthur loesser","cecile dolmetsch","diana poulton","marie dolmetsch","mabel dolmetsch","edwin fischer","lili krauss","eugen jochum","nancy evans","jussi bjoerling","kathleen long","field marshall death","vida breve","jascha heifetz","german odeon","marta fuchs","wanderer nachtlied","valse triste","antonio concerto","vaughan williams","eide norena","walter gieseking"]},"author":[{"name":"PHILIP MILLER"}],"articleId":["XXIV.2.234"],"arkIstex":"ark:/67375/HXZ-MN8PBPB8-3","language":["eng"],"originalGenre":["other"],"qualityIndicators":{"score":3.819,"pdfWordCount":3769,"pdfCharCount":25112,"pdfVersion":1.3,"pdfPageCount":9,"pdfPageSize":"468 x 706 pts","pdfWordsPerPage":419,"pdfText":true,"refBibsNative":false,"abstractWordCount":0,"abstractCharCount":0,"keywordCount":0},"title":"QUARTERLY RECORD-LIST","genre":["other"],"host":{"title":"The Musical Quarterly","language":["unknown"],"issn":["0027-4631"],"eissn":["1741-8399"],"publisherId":["musqtl"],"volume":"XXIV","issue":"2","pages":{"first":"234","last":"242"},"genre":["journal"],"subject":[{"value":"QUARTERLY RECORD-LIST"}]},"namedEntities":{"unitex":{"date":["Eighteenth Century","1906","1938","1905"],"geogName":[],"orgName":["BELGIAN CONGO RECORDS Choral, Dance and Ceremonial music","American Songbag","Bachem"],"orgName_funder":[],"orgName_provider":[],"persName":["Hans Rosbaud","JOSEPH Concerto","Magda Tagliafero","Georges Baklanoff","FRANCESCA Dispiegate","Neel Orch","Marshall Death","Egon Petri","Erna Sack","Maria Miilier","German GramoEn","Ida Presti","Clothilde Kleeberg","Lazarus","Gerhard Hiisch","Lorenzo Molajoli","Stefan Auber","Arnold Dolmetsch","Carl Dolmetsch","Lotte Lehmann","La Traviata","Jean Wiener","Madeleine Panzera-Baillot","Karl Erb","ALEXANDER Prince","Lili Krauss","Paul Bender","Sam Hall","Angelica Morales","DARIUS Operas-Minutes","N. Y. Simlish","Hans von Benda","Clifford Curzon","Harold Berkley","German Gramophone","Henri Temianka","Walter Goehr","Friedrich Wiihrer","Ruggero Gerlin","Jean Francaix","Elisabeth Schumann","de Lyon","La Gtoconda","Ave Maria","Aria de Salud","Carl Schuricht","Mabel Dolmetsch","Hazel Griggs","King Saul","Hans Kriiger","Sebastian Peschko","Franz Rupp","Alfred Cortot","John McCormack","Milan Sym","Arthur Rubinstein","Esther Elkin","Pierre Fournier","Marion Kahn","Max Goberman","La Rondine","ALFREDO Loreley","RICHARD Fiinj","ERNEST Sonata","Edith Walton","B. B. C. Sym","MODESTE Boris","Lilli Lehmann","SERGE Concerto","Hedwig Jungkurth","EMMANUEL Bouree","Mildred Dilling","Frank Black","Diana Poulton","Keith Falkner","GUSTAV Diverus","Germaine Cernay","Jean Hubeau","Nils Grevillius","Marie Dolmetsch","Gaston Poulet","RALPH Symphony","Suzanne Bloch","Joseph Schuster","Don Giovanni","Alexander Borovsky","KAROL Le Roi","La Watty","Artur Schnabel","Daniele Amfiteatrof","ALEXANDER Roussalhp","Antoinette Tikanova","Emanuel Bay","Moriz Rosenthai","Ernst Wolff","Arthur Loesser","de Saint-Nicolas","REYNALDO Concerto","Igor","PETER Der","GIACOMO L'Africaine","Heinz Stopkar","MAX Humoreske","Ania Dorfmann","N. Y. SimEtude","Wolf Society","Frederick Thurston","Roger","Marian Anderson","LUIGI Quartet","Henry Gouin","Vladimir HoroGramophone","George Reeves","PETER Rest","Harley Glegg","Maurice Faure","D. Everett","E. Kilenyi","CAMILLE Havanaise","Franz Volker","Noelie Pierront","Carl Bergner","Arnold Goldsbrough","Michael Rauch","N. Y. Sinfonietta","K. Stamitz","Rudolf Boeckelmann","Edwin Fischer","Eileen Joyce","Moshe Rudinow","Bruno Walter","Deux","Tino Rossi","D. Todtentanz","ROY Symphony","Robert Goble","London Sym","S. Pickwick","ANTONIO Concerto","Charles Panzera","Reginald Kell","Raoul Ko","William Murno","Archibald Douglas","Albert Schweitzer","Ambrose Gauntlett","Chant de Roxane","PAUL Der","Elly Ney","Jean Pougnet","William Primrose","Nathalie Dolmetsch","Wilhelm Kempff","John Ticehurst","ROBERT DE Pieces","Maria Wiegenlied","Casey Jones","Richard OdnopsofT","Herbert Janssen","G. Walter","Benjamin Kohon","Phyllis Polonaise","Clement Doucet","Walter Rehberg","Walter Gieseking","Paul Lohmann","Cecile Dolmetsch","CESAR Sonata","Isolde Menges","Tiana Lemnitz","Anatole Kitain","Edwin McArthur","Raoul KoczalConcerto","Hilde Konetzni","M. Minnelied","La Plus","London Phil","Leon Vietti","Edvard Grieg"],"placeName":["Leipzig","Columbia","Turin","Flagstad","Freiberg","Congo","Europe","Segovia","Vienna","Amsterdam","Denmark","St. Op","York","GLINKA","Stockholm","Padua","Glinka","Weimar","St. Francois","Salisbury","Goldberg","Budapest"],"ref_url":[],"ref_bibl":[],"bibl":[]}},"ark":["ark:/67375/HXZ-MN8PBPB8-3"],"categories":{"wos":[],"scienceMetrix":["1 - arts & humanities","2 - visual & performing arts","3 - music"],"scopus":["1 - Social Sciences","2 - Arts and Humanities","3 - Music"]},"publicationDate":"1938","copyrightDate":"1938","enrichments":{"type":["multicat","refBibs","teeft","unitex"]},"doi":["10.1093/mq/XXIV.2.234"],"_id":"0DCDB0702BB41E628AD10AEC989F4F467D6C2523"}