{"corpusName":"oup","keywords":{"teeft":["hermeneutic","unworldly","largo","musical analysis","analysis worldly","worldliness","analytic statement","musical quarterly","cello","musical meaning","interpretive","analytic description","hermeneutics","musical form","communicative action","critique","horton","analytic discourse","great deal","other word","california press","first inversion","root position","future anterior","postmodern knowledge","same time","worldly","communicative economy","worldly discourse","cognitive authority","unspoken claim","worldly interpretation","oxford university press","hermeneutic claim","analytic process","worldly understanding","hermeneutic statement","hermeneutic evidence","theory journal","musical style","chord position","seventh chord","historical musicology","worldly meaning","tonal claim","musical quarterly example","music theory spectrum","sonata form","enlightened subject","bourgeois public sphere","schenkerian approach","interpretive statement","technical description","empirical foundation","phrase regime","gain validity","nicholas cook","music analysis","cambridge university press","postmodern reason","classical music","worldly analysis","multiform world","theorizing musical meaning","constituent pitch"]},"author":[{"name":"Lawrence Kramer"}],"arkIstex":"ark:/67375/HXZ-X9VNNCXQ-G","language":["eng"],"originalGenre":["other"],"qualityIndicators":{"refBibsNative":false,"abstractWordCount":0,"abstractCharCount":0,"keywordCount":0,"score":5.717,"pdfWordCount":7633,"pdfCharCount":44092,"pdfVersion":1.4,"pdfPageCount":21,"pdfPageSize":"504 x 720 pts","pdfWordsPerPage":363,"pdfText":true},"title":"Analysis Worldly and Unworldly","refBibs":[{"title":"Schenker and Kantian Epistemology Competing Myths: The American Abandonment of Schenker's Organicism The Living Work: Organicism and Musical Analysis Superior Myths, Dogmatic Allegories: The Resistance to Musical Unity","author":[],"publicationDate":"1980","host":{"title":"Theory, Analysis, and Meaning in Music Anthony Pople Toward a Deconstruction of Structural Listening: A Critique of Schoenberg, Adorno, and Stravinsky, \" in her Deconstructive Variations: Music and Reason in Western Society","publicationDate":"1980","author":[],"pages":{"first":"102","last":"37"}}},{"title":"Most of the authors, books, and articles responsible for this development are very familiar Rather than cite a necessarily partial and unwieldy list, let me recommend a rich and comprehensive survey by Alastair Williams","author":[],"publicationDate":"2001","host":{"title":"Constructing Musicology","publicationDate":"2001","author":[]}},{"title":"Whether he's right or not doesn't matter My text explicitly disavows the intention to represent the views of any specific thinker: \" [My account] will seek to establish an orientation, not work up capsule summaries It will try to encourage, by envisioning, a generalized climate of postmodernist thought that is at best still nascent At the same time it will fight shy of promoting that contradiction in terms, an official or normative or definitive postmodernism \" (Classical Music and Postmodern Knowledge Horton eventually concludes that postmodern reason is not \" a localized form of reason resituated 'in the dense, multiform world that reason seeks to know' \" —the suggestion I had advanced. He proposes that \" Lyotard, Baudrillard, and Rorty seem rather to be concerned, in different ways, with moving reason from the domain of truth to the domain of discourse \" ( \" Postmodernism and the Critique of Musical Analysis This is a classic instance of a distinction without a difference. Where else is discourse located but in the dense, multiform world that reason seeks to know—the world, one might say in Rortyesque terms, of contingency, irony, and solidarity? 4. See my Musical Meaning","author":[{"name":"Pace Julian Horton"}],"publicationDate":"1995","host":{"title":"Musical Quarterly Music Theory Spectrum","publicationDate":"1995","author":[],"volume":"85","issue":"23","pages":{"first":"170","last":"95"}}},{"title":"One point worth noting apropos of Horton's critique is a puzzling contradiction . On one hand, Horton (mis)reads my position as antilogocentric","author":[],"publicationDate":"1993","host":{"title":"Current Musicology","publicationDate":"1993","author":[],"volume":"53","pages":{"first":"15","last":"35"}}},{"host":{"title":"reads a much-quoted passage from Classical Music and Postmodern Knowledge as a","author":[]}}],"genre":["other"],"host":{"title":"The Musical Quarterly","language":["unknown"],"issn":["0027-4631"],"eissn":["1741-8399"],"publisherId":["musqtl"],"volume":"87","issue":"1","pages":{"first":"119","last":"139"},"genre":["journal"]},"namedEntities":{"unitex":{"date":["1992","1990s","1784","the twentieth century","1808","The nineteenth century","2002","2004"],"geogName":[],"orgName":["American Abandonment of Schenker","Brahms Research and Aesthetic Ideology"],"orgName_funder":[],"orgName_provider":[],"persName":["Cook","Ruth Solie","Robert Gauldin","Alban Berg","Roy Bhaskar","Rose Subotnik","Robert Snarrenberg","Immanuel Kant","Jean-François Lyotard","Rose Rosengard","Simone Winko","Garrett Bardon","Gerhard Lauer","Fotis Jannidis","Nicholas Cook","Alan Street","Robert Fink","Matias Martinex","Frederick Lawrence","Anthony Pople","Beethoven","Julian Horton","Kevin Korsyn","Jonathan W. Bernard","John Guillory","Alastair Williams","Mark Everist","John Cumming","Thomas Burger"],"placeName":["Mass.","Europe","Sokal","Berkeley","Brighton","Cambridge"],"ref_url":[],"ref_bibl":["Berlin: de Gruyter, 2003","Berkeley: University of California Press, 2002","London: Ashgate, 2001","[1]","University of California Press, 1995","New York: Seabury Press, 1975","Oxford: Oxford University Press, 1999","Minneapolis: University of Minnesota Press, 1996","[2001]","Indianapolis: Bobbs-Merrill, 1963","[9]","[2]","Berkeley: University of California Press, 1990","Cambridge: Cambridge University Press, 1994"],"bibl":[]}},"ark":["ark:/67375/HXZ-X9VNNCXQ-G"],"categories":{"wos":[],"scienceMetrix":["1 - arts & humanities","2 - visual & performing arts","3 - music"],"scopus":["1 - Social Sciences","2 - Arts and Humanities","3 - Music"]},"publicationDate":"2004","copyrightDate":"2004","enrichments":{"type":["multicat","refBibs","teeft","unitex"]},"doi":["10.1093/musqtl/gdh004"],"_id":"07DB0188E0500028AC3B1BD29EC207FD3F0E81EE"}