{"corpusName":"oup","keywords":{"teeft":["irische","irische lieder","gaelic","bunting","thomson","irish melody","irish music","musical quarterly","ancient music","lieder","irish poetry","irish song","bard","harp","dublin","penal law","george thomson","brown maid","harp tune","irish bard","irish literature","historical memoir","alexander boswell","native irish culture","many year","middle age","james clarence mangan","general collection","gaelic revival","foreign land","eileen aroon","scottish music","irish tune","dark head","dark rosaleen","folk music","celtic saga","edward bunting","joanna baillie","same tune","first collection","dark age","irish history","scotch song","english poetry","greatest beauty","schottische lieder","young lady","beethoven scholar","william smyth","tune","beethoven","haydn"]},"author":[{"name":"ALICE ANDERSON HUFSTADER"}],"articleId":["XLV.3.343"],"arkIstex":"ark:/67375/HXZ-0FSFPM1J-B","language":["eng"],"originalGenre":["research-article"],"qualityIndicators":{"score":5.05,"pdfWordCount":7644,"pdfCharCount":41489,"pdfVersion":1.3,"pdfPageCount":22,"pdfPageSize":"436 x 670 pts","pdfWordsPerPage":347,"pdfText":true,"refBibsNative":false,"abstractWordCount":0,"abstractCharCount":0,"keywordCount":0},"title":"BEETHOVEN'S IRISCHE LIEDER: SOURCES AND PROBLEMS","genre":["research-article"],"host":{"title":"The Musical Quarterly","language":["unknown"],"issn":["0027-4631"],"eissn":["1741-8399"],"publisherId":["musqtl"],"volume":"XLV","issue":"3","pages":{"first":"343","last":"360"},"genre":["journal"],"subject":[{"value":"Articles"}]},"namedEntities":{"unitex":{"date":["1813","the 12th century","the fifth century A.D.","1803","the 18th century","1789","18th century","1902","in the 15th century","1000","1890","1796","in the 17th century","the tenth century","1792","1670s","1959","1797","during the 18th century","During the 18th century","17th century","1790s","1798","19th century","1806"],"geogName":["Truagh"],"orgName":["Ireland for Scotland","Ireland of James","American and French Revolutions, the Irish","Ireland, the Battle of the Boyne","Congress"],"orgName_funder":[],"orgName_provider":[],"persName":["Thomas Campion","Hugh O'Neill","Mary Bennett","Frank Mercer","J. C. Walker","Rory Dall","Cibber","J. S. Shedlock","J. A. Fuller","Patrick Sarsfield","John Stevenson","George Fetrie","George Petrie","Thomas Campbell","Eugene O'Curry","Latham","Hans Sachs","Edmund Ryan","Thomas Moore","William Smyth","Robin Adair","Denis Hampson","W. Power","Peggy Bawn","Robert Burns","Tom Moore","Samuel Ferguson","Francis Sylvester","Hadden","Sean O'Faolain","Charles O'Conor","Burney","A. P. Graves","David Thomson","James Boswell","Max Friedlaender","Hugh O'Donnell","Alexander Boswell","Kathleen Hoagland","Siddons","George Thomson","Douglas Hyde","My Dark","J. C. Mangan","Joanna Baillie","Eileen Aroon","William Smith","James Clarence","J. C. Hadden","Johnson","Music","Henry Carey","Robert Emmet","J. Kapp","Jane Austen","Burns","Charlie","E. Kastner","Mac Ward"],"placeName":["Leipzig","Stanford","St. Anne","Germany","UK","Edinburgh","London","Belfast","Europe","Vienna","Dublin","Rome","York","IRELAND","France"],"ref_url":[],"ref_bibl":["Ireland, Dublin, 1796","New York, 1911, p. 207","July 1792","Dublin and London, 1786","Ireland, Dublin, 1840"],"bibl":[]}},"ark":["ark:/67375/HXZ-0FSFPM1J-B"],"categories":{"wos":[],"scienceMetrix":["1 - arts & humanities","2 - visual & performing arts","3 - music"],"scopus":["1 - Social Sciences","2 - Arts and Humanities","3 - Music"]},"publicationDate":"1959","copyrightDate":"1959","enrichments":{"type":["multicat","refBibs","teeft","unitex"]},"doi":["10.1093/mq/XLV.3.343"],"_id":"715BA5E0A146C1009D38AF949C02367151C82BA5"}