{"corpusName":"oup","keywords":{"teeft":["debussy","symbolist","mallarme","azure","free verse","nymph","piano piece","azure ideal","ideal union","symbolist verse","calm irony","beethoven symphony","anterior sky","vocal work","emotional fact","professional composer"]},"author":[{"name":"C. HENRY PHILLIPS"}],"articleId":["XIII.3.298"],"arkIstex":"ark:/67375/HXZ-CSBG29MJ-N","language":["eng"],"originalGenre":["research-article"],"qualityIndicators":{"score":5.05,"pdfWordCount":5360,"pdfCharCount":28431,"pdfVersion":1.3,"pdfPageCount":14,"pdfPageSize":"471 x 695 pts","pdfWordsPerPage":383,"pdfText":true,"refBibsNative":false,"abstractWordCount":0,"abstractCharCount":0,"keywordCount":0},"title":"THE SYMBOLISTS AND DEBUSSY","genre":["research-article"],"host":{"title":"Music and Letters","language":["unknown"],"issn":["0027-4224"],"eissn":["1477-4631"],"publisherId":["musicj"],"volume":"XIII","issue":"3","pages":{"first":"298","last":"311"},"genre":["journal"],"subject":[{"value":"Articles"}]},"namedEntities":{"unitex":{"date":["1876","1884","1932","1908","1910","1909","the eighteenth century"],"geogName":[],"orgName":[],"orgName_funder":[],"orgName_provider":[],"persName":["Richard Strauss","Hector Berlioz","Pater","Debussy","Berlioz","Clair de Lune","La Fontaine","Paul Vatery","Samuel Pickwick"],"placeName":["Saint Sebastian","Paris","Rome","Granada"],"ref_url":[],"ref_bibl":[],"bibl":[]}},"ark":["ark:/67375/HXZ-CSBG29MJ-N"],"categories":{"wos":[],"scienceMetrix":["1 - arts & humanities","2 - visual & performing arts","3 - music"],"scopus":["1 - Social Sciences","2 - Arts and Humanities","3 - Music"]},"publicationDate":"1932","copyrightDate":"1932","enrichments":{"type":["multicat","refBibs","teeft","unitex"]},"doi":["10.1093/ml/XIII.3.298"],"_id":"636004997C51E14785629E4AB56F3BA5EA12871B"}