{"corpusName":"oup","keywords":{"teeft":["canned music","musical quarterly","violin concerto","chamber music","american company","phonograph","richard strauss","concert hall","black disk","tone poem","missa solemnis","sharp minor"]},"author":[{"name":"GARRY JOEL AUGUST"}],"articleId":["XVII.1.138"],"arkIstex":"ark:/67375/HXZ-G29TS8NZ-R","language":["eng"],"originalGenre":["research-article"],"qualityIndicators":{"score":4.637,"pdfWordCount":4587,"pdfCharCount":24839,"pdfVersion":1.2,"pdfPageCount":12,"pdfPageSize":"619 x 799 pts","pdfWordsPerPage":382,"pdfText":true,"refBibsNative":false,"abstractWordCount":0,"abstractCharCount":0,"keywordCount":0},"title":"IN DEFENSE OF CANNED MUSIC","genre":["research-article"],"host":{"title":"The Musical Quarterly","language":["unknown"],"issn":["0027-4631"],"eissn":["1741-8399"],"publisherId":["musqtl"],"volume":"XVII","issue":"1","pages":{"first":"138","last":"149"},"genre":["journal"],"subject":[{"value":"Articles"}]},"namedEntities":{"unitex":{"date":["1931"],"geogName":[],"orgName":[],"orgName_funder":[],"orgName_provider":[],"persName":["Richard Strauss","Mischa Elman","Ave Maria","Maurice Havel","Albert Coates","Till Eulenspiegel","Glorious","Walter Damrosch","Cesar Franck","Don Juan","Johannes Brahms","Jacques Thibaud","Pablo Casals","Ludwig van Beethoven","La Tosca","Pol Plancon"],"placeName":["Bonn","Boston","Europe","Bayreuth","America","Brussels","Vienna","Barcelona","Rome","Detroit","England"],"ref_url":[],"ref_bibl":[],"bibl":[]}},"ark":["ark:/67375/HXZ-G29TS8NZ-R"],"categories":{"wos":[],"scienceMetrix":["1 - arts & humanities","2 - visual & performing arts","3 - music"],"scopus":["1 - Social Sciences","2 - Arts and Humanities","3 - Music"]},"publicationDate":"1931","copyrightDate":"1931","enrichments":{"type":["multicat","refBibs","teeft","unitex"]},"doi":["10.1093/mq/XVII.1.138"],"_id":"5579319D630FB254C46D3E0DA7A12C1AB2C53C74"}