{"corpusName":"oup","keywords":{"teeft":["july","teplitz","immortal beloved","therese","esterhazy","karlsbad","brunsvik","amalie","countess","mara","amalie sebald","therese brunsvik","musical quarterly","same year","love letter","bottomless road","josephine brunsvik","whole series","karlsbad postillion","love affair","first time","josephine deym","prince esterhazy"]},"author":[{"name":"MAX UNGER"}],"articleId":["XIII.2.249"],"arkIstex":"ark:/67375/HXZ-M5245B7T-C","language":["eng"],"originalGenre":["research-article"],"qualityIndicators":{"score":4.832,"pdfWordCount":4782,"pdfCharCount":25051,"pdfVersion":1.3,"pdfPageCount":18,"pdfPageSize":"446 x 673 pts","pdfWordsPerPage":266,"pdfText":true,"refBibsNative":false,"abstractWordCount":0,"abstractCharCount":0,"keywordCount":0},"title":"THE “IMMORTAL BELOVED”","genre":["research-article"],"host":{"title":"The Musical Quarterly","language":["unknown"],"issn":["0027-4631"],"eissn":["1741-8399"],"publisherId":["musqtl"],"volume":"XIII","issue":"2","pages":{"first":"249","last":"260"},"genre":["journal"],"subject":[{"value":"Articles"}]},"namedEntities":{"unitex":{"date":["1799","1820","1807","1814","1803","1810","1815","1811","1910","From May 15th to September 15th","1812","1828","1806"],"geogName":["San"],"orgName":[],"orgName_funder":[],"orgName_provider":[],"persName":["Esterhazy","Josephine Brunsvik","Therese Brunsvik","Amalie Sebald","Paul Esterhazy","Carl Maria","Achim von Arnim","Bettina von Arnim","Therese von Malfatti","A. W. Thayer","Unger","Marie Lipsius","Beethoven","Franz Brunsvik","Ludwig Tieck","Countesses Tlierese","La Mara","C. F. Siegel","LichnoWsky","Louis Wilhelm","Frederick H. Martens","Therese Malfatti","Moritz","Josephine Deym"],"placeName":["Berlin","Dresden","Bonn","Prague","Vienna","Hungary","Italy","Eger"],"ref_url":[],"ref_bibl":["Langensalza, 1910","July, 1807","July, 1812","Stuttgarter Neue Musikzeitung, 1911","Leipsig, 1909"],"bibl":[]}},"ark":["ark:/67375/HXZ-M5245B7T-C"],"categories":{"wos":[],"scienceMetrix":["1 - arts & humanities","2 - visual & performing arts","3 - music"],"scopus":["1 - Social Sciences","2 - Arts and Humanities","3 - Music"]},"publicationDate":"1927","copyrightDate":"1927","enrichments":{"type":["multicat","refBibs","teeft","unitex"]},"doi":["10.1093/mq/XIII.2.249"],"_id":"6E09642DA30A233C9A77E8541A00B01EF38E5FC5"}