{"corpusName":"oup","keywords":{"teeft":["final version","coda","figuration","continuity draft","first movement","second subject","triplet","semiquaver","retransition","andante","waldstein","second half","recapitulation","sketchbook","other sketch","autograph","vesta feuer","coda sketch","triplet figuration","right hand","higher note","first sketch","finale sketch","previous sketch","time beethoven","first half","same time","sketch","early sketch","bottom corner","development sketch","opposite page","harmonic progression","finale theme","flat minor","erard piano","beethoven","third type","third movement","semiquaver figuration","simple change","more sketch","preliminary work","separate stage","whole movement","shorter version","other work","much shorter movement","alan tyson","andante sketch","mediant major","original second movement","early stage","rhythmic contrast","special emphasis","earliest sketch","original movement","first note","important subsidiary","complete sketch","blank bar","previous coda sketch","second attempt","second draft","recapitulation sketch","intensive work","highest note","first type","semiquaver tremolo","exposition sketch","main theme","exposition","sonata"]},"author":[{"name":"BARRY COOPER"}],"articleId":["58.2.170"],"arkIstex":"ark:/67375/HXZ-641G6B3S-N","language":["eng"],"originalGenre":["research-article"],"qualityIndicators":{"score":5.05,"pdfWordCount":8172,"pdfCharCount":43077,"pdfVersion":1.3,"pdfPageCount":24,"pdfPageSize":"423 x 708 pts","pdfWordsPerPage":341,"pdfText":true,"refBibsNative":false,"abstractWordCount":0,"abstractCharCount":0,"keywordCount":0},"title":"THE EVOLUTION OF THE FIRST MOVEMENT OF BEETHOVEN'S ‘WALDSTEIN’ SONATA","genre":["research-article"],"host":{"title":"Music and Letters","language":["unknown"],"issn":["0027-4224"],"eissn":["1477-4631"],"publisherId":["musicj"],"volume":"58","issue":"2","pages":{"first":"170","last":"191"},"genre":["journal"],"subject":[{"value":"Articles"}]},"namedEntities":{"unitex":{"date":["1803","1954","1977","1945"],"geogName":[],"orgName":[],"orgName_funder":[],"orgName_provider":[],"persName":["See","Elliot Forbes","Joseph Kerman","Emily Anderson","Dagmar Weise","Leonore Overtures","Beethoven","Journal","H. C. Bodmer","Alan Tyson","William Newman"],"placeName":["Leipzig","Bonn","Vienna"],"ref_url":[],"ref_bibl":[],"bibl":[]}},"ark":["ark:/67375/HXZ-641G6B3S-N"],"categories":{"wos":[],"scienceMetrix":["1 - arts & humanities","2 - visual & performing arts","3 - music"],"scopus":["1 - Social Sciences","2 - Arts and Humanities","3 - Music"]},"publicationDate":"1977","copyrightDate":"1977","enrichments":{"type":["multicat","refBibs","teeft","unitex"]},"doi":["10.1093/ml/58.2.170"],"_id":"28EE004A0D94EBEC9E4CE6CB120286E1EA1D5C86"}