{"corpusName":"oup","keywords":{"teeft":["handel","leipzig","kalischer","swieten","ibid","leben","september","stumpff","conversation book","greatest composer","archduke rudolph","oratorio","same time","complete work","sebastian bach","berlin leipzig","public performance","last week","handel score","dead march","vocal score","beethoven"]},"author":[{"name":"DONALD MACARDLE"}],"articleId":["41.1.33"],"arkIstex":"ark:/67375/HXZ-88Z08SQ6-K","language":["eng"],"originalGenre":["research-article"],"qualityIndicators":{"score":2.001,"pdfWordCount":1951,"pdfCharCount":10389,"pdfVersion":1.3,"pdfPageCount":5,"pdfPageSize":"427 x 682 pts","pdfWordsPerPage":390,"pdfText":true,"refBibsNative":false,"abstractWordCount":0,"abstractCharCount":0,"keywordCount":0},"title":"BEETHOVEN AND HANDEL","refBibs":[{"author":[{"name":" Thayer"},{"name":" Leben"}],"host":{"title":"Ibid","author":[],"volume":"V V V Ill","pages":{"first":"326","last":"444"}}},{"title":"New Beethoven Letters","author":[{"name":"* @bullet"},{"name":"D Macardlc"},{"name":"&,L Misch"}],"publicationDate":"1909","host":{"title":"No. 462. *> Ibid","publicationDate":"1909","author":[],"pages":{"first":"462","last":"294"}}},{"author":[{"name":" Th"}],"publicationDate":"1906","host":{"title":"Beethoven-Studien' (Munich & Leipzig","publicationDate":"1906","author":[],"pages":{"first":"185","last":"30"}}}],"genre":["research-article"],"host":{"title":"Music and Letters","language":["unknown"],"issn":["0027-4224"],"eissn":["1477-4631"],"publisherId":["musicj"],"volume":"41","issue":"1","pages":{"first":"33","last":"37"},"genre":["journal"],"subject":[{"value":"Articles"}]},"namedEntities":{"unitex":{"date":["1813","1737","1820","1778","1796","1960","1826","1822","1797","1793","1812","1817","1824"],"geogName":["Ill"],"orgName":[],"orgName_funder":[],"orgName_provider":[],"persName":["Johann Baptist","J. S. Shedlock","Van Swieten","F. Ries","Germans Handel","Sarah Burney","La Jeunessc","Bach","G. Nottebohm","S. Kaznelson","G. Prod","H. Riemann","F. Kerst","Ludwig van Beethovenj","A. W. Thayer","Handel","L. Misch","A. Leitzmann","Ludwig van Beethovens","Julius Caesar","Judas Maccabaeus","Schulz","H. Deiters","Beethoven","H. E. Krchbiel","A. C. Kalischer","Queen Caroline","Ludwig van Beethoven","Sebastian Bach","G. von Breuning","Samuel Arnold","D. MacArdlc","von Breuning","F. G. Wegeler","G. Sonneck"],"placeName":["Leipzig","Berlin","Vienna","New Beethoven"],"ref_url":[],"ref_bibl":["New York, 1926","January 1825","Paris, 1927","Leipzig, 1872","Munich & Duisberg, 1955","July 1819","Zurich, 1954","Berlin & Leipzig, 1906","Stuttgart, 1913","Paris, 1946","Vienna, 1874","Norman, Oklahoma, 1957","Goblenz, 1838","London, 1909","Leipzig, 1921","New York, 1921","Munich & Leipzig, 1906"],"bibl":[]}},"ark":["ark:/67375/HXZ-88Z08SQ6-K"],"categories":{"wos":[],"scienceMetrix":["1 - arts & humanities","2 - visual & performing arts","3 - music"],"scopus":["1 - Social Sciences","2 - Arts and Humanities","3 - Music"]},"publicationDate":"1960","copyrightDate":"1960","enrichments":{"type":["multicat","refBibs","teeft","unitex"]},"doi":["10.1093/ml/41.1.33"],"_id":"85E81955F3BCB556596E968ECAD92105204D0487"}