{"corpusName":"sage","keywords":{"teeft":["music education","music educators","tokyo academy","educational system","shuji izawa","music appreciation","music education system","music lovers","supreme commander","cultural state","secondary school","american organ"]},"author":[{"name":"Yoshio Hirooka"}],"articleId":["10.2307_3387497"],"arkIstex":"ark:/67375/M70-5DNQCKN0-H","language":["eng"],"originalGenre":["research-article"],"abstract":"“In this article, I am intending to describe a part of the new music educational system in the cultural State of Japan, together with a brief musical view during the last seventy years.”— Yoshio Hirooka.","qualityIndicators":{"score":3.667,"pdfWordCount":1247,"pdfCharCount":8295,"pdfVersion":1.6,"pdfPageCount":2,"pdfPageSize":"612 x 897 pts","refBibsNative":false,"abstractWordCount":35,"abstractCharCount":203,"keywordCount":0},"title":"Music Education in Japan","genre":["research-article"],"host":{"title":"Music Educators Journal","language":["unknown"],"issn":["0027-4321"],"eissn":["1945-0087"],"publisherId":["MEJ"],"volume":"36","issue":"2","pages":{"first":"34","last":"35"},"genre":["journal"]},"namedEntities":{"unitex":{"date":["1879","1949","1875","1945"],"geogName":[],"orgName":["Ministry of Education","Music Educators National Conference","American Organ","Japan, Japanese","Ministry of Educa","American, Luther Whiting Mason","Tokyo Music Research Institute"],"orgName_funder":[],"orgName_provider":[],"persName":["T. Okabe","Toshiya Etoh","President","S. Soloists","H. Tamura","Love Death","J. Brahms","P.M. Oct","To","Op","L. van Beethoven"],"placeName":["United States","Dominica","Japan","TOKYO"],"ref_url":[],"ref_bibl":[],"bibl":[]}},"ark":["ark:/67375/M70-5DNQCKN0-H"],"categories":{"inist":["1 - sciences humaines et sociales"]},"publicationDate":"1949","copyrightDate":"1949","enrichments":{"type":["nb","refBibs","teeft","unitex"]},"doi":["10.2307/3387497"],"_id":"D9C055A83BC9E83C9FFBC731DA6E96E575E2BD96"}