{"corpusName":"sage","keywords":{"teeft":["helfgott","david helfgott","learner","research studies","music education","many people","general traits","musical skills","recent research","british journal","music education number","nineteenth century","musical ability","musical expression","moral issues"]},"author":[{"name":"Jane W. Davidson","affiliations":["University of Sheffield"]}],"articleId":["10.1177_1321103X010160011101"],"arkIstex":"ark:/67375/M70-WQLNDQPZ-M","language":["eng"],"originalGenre":["research-article"],"abstract":"The promotion of and public interest in the Australian pianist David Helfgott seems to have died away since the media hype of the blockbusting movie, Shine (1997)— a Hollywood version of David's biography - faded a couple of year ago. Yet, for me as a music psychologist, there are several major issues which persist and which I wish to share with others with similar interests. Firstly, I am intrigued by the conditions in which Helfgott acquired his musical skills. Secondly, I wish to explore his adult ability as a performer, and last, I am fascinated by how he has been perceived by audiences.","qualityIndicators":{"score":5.584,"pdfWordCount":2348,"pdfCharCount":13364,"pdfVersion":1.3,"pdfPageCount":4,"pdfPageSize":"595 x 842 pts (A4)","refBibsNative":false,"abstractWordCount":103,"abstractCharCount":598,"keywordCount":0},"title":"David Helfgott: A Psychologist's Perspective","genre":["research-article"],"host":{"title":"Research Studies in Music Education","language":["unknown"],"issn":["1321-103X"],"eissn":["1834-5530"],"publisherId":["RSM"],"volume":"16","issue":"1","pages":{"first":"66","last":"69"},"genre":["journal"]},"namedEntities":{"unitex":{"date":["2001","the nineteenth century"],"geogName":[],"orgName":["Research Studies","University of Sheffield"],"orgName_funder":[],"orgName_provider":[],"persName":["Debussy","Mendelsson","Liszt","Bach","Handel","A.C. Mark","Beethoven","Jane Davidson","Peter Helfgott","R. Steinberg","Chopin","David Helfgott","Cyril Smith","Mozart"],"placeName":[],"ref_url":[],"ref_bibl":["Oxford: Oxford University Press, 1996","Ringwood: Penguin, 1996","Chicago: University of Chicago Press, 1988"],"bibl":[]}},"ark":["ark:/67375/M70-WQLNDQPZ-M"],"categories":{"wos":[],"scienceMetrix":["1 - arts & humanities","2 - visual & performing arts","3 - music"],"scopus":["1 - Social Sciences","2 - Arts and Humanities","3 - Music","1 - Social Sciences","2 - Social Sciences","3 - Education"],"inist":["1 - sciences humaines et sociales","2 - prehistoire et protohistoire"]},"publicationDate":"2001","copyrightDate":"2001","enrichments":{"type":["multicat","nb","refBibs","teeft","unitex"]},"doi":["10.1177/1321103X010160011101"],"_id":"A2A585ECA0FA6396F5D42C8F5EA9AC46FB0062CD"}