{"corpusName":"sage","keywords":{"teeft":["king edward","cameron mclean","tragic elements","significant part","great pole","musical annals","piano virtuosi","high degree","modern education","musical aspirant","federal music project","musical experience","intimate contact","leather jackets","colored shirts","regular attendant","such stuff","refreshing honesty","wholesome thing","good taste","fresh approach","regular concert halls","beneficial effect","greatest accomplishment","greeks freshman","village choir","handsome voice","ruth crary clough","false originality","false grandeur","false genius","science simulating genius","modern critic","great swiss psychologist","henri frederic amiel","famous journal intime","first hearing","musical america","comprehensive articles","symphony orchestras","boston symphony","notable orchestras","convenient reference","many tremolo personalities","many frigidaire voices","mary lawton","scottish singer","rich accent","other questions","many symphonies beethoven","follette imbroglio","ouster proceedings","state universities","unpleasant illusion","geographic displacement","small town","native english woman","colorful life","grave crisis","american papers","long time","british press","short time","queer mentality","british race","stanley baldwin","repugnant task","prime minister","independent labor party","pathe motion","king broadcasti wonder","last time","friday night","queen mary","king george","newspaper warning","speaker bankhead","house committees","luise rainer","film star","clifford odets","vivid impression","dainty viennese","great ziegfeld","last season","superb bits","interesting wedding","composer werner janssen","other words","wiser today"]},"articleId":["10.2307_3385157"],"arkIstex":"ark:/67375/M70-2D8V01QP-R","language":["eng"],"originalGenre":["other"],"qualityIndicators":{"score":3.121,"pdfWordCount":1109,"pdfCharCount":6276,"pdfVersion":1.6,"pdfPageCount":1,"pdfPageSize":"612 x 792 pts (letter)","refBibsNative":false,"abstractWordCount":1,"abstractCharCount":0,"keywordCount":0},"title":"Armchair Gossip","genre":["other"],"host":{"title":"Music Educators Journal","language":["unknown"],"issn":["0027-4321"],"eissn":["1945-0087"],"publisherId":["MEJ"],"volume":"23","issue":"4","pages":{"first":"72","last":"72"},"genre":["journal"]},"namedEntities":{"unitex":{"date":["1877","1937"],"geogName":[],"orgName":["Labor Party"],"orgName_funder":[],"orgName_provider":[],"persName":["Ronald F. Eyer","King George","Cameron McLean","Bankhead","Beethoven","Queen Mary","Sokoloff","Mary Lawton","Frederic Amiel","King Edward","Ann Harding","Maxton","Clifford Odets"],"placeName":["United States","London","America","York"],"ref_url":[],"ref_bibl":[],"bibl":[]}},"ark":["ark:/67375/M70-2D8V01QP-R"],"publicationDate":"1937","copyrightDate":"1937","enrichments":{"type":["refBibs","teeft","unitex"]},"doi":["10.2307/3385157"],"_id":"2F39BD56BF4057DCCE997514F028B9F41B9926C4"}