{"corpusName":"oup","keywords":{"teeft":["tagebuch","late beethoven","diabelli variation","mark everist","musical style","late period","california press","slow variation","ninth symphony","romantic image","such writer","such phrase","solomon","northrop frye","many page","hunting accident","extenso everyone","minor quartet","string trio","best piece","other quintet","programmatic nature","more accessible","fourth chapter document","philharmonic society","favourable notice","cipriani potter","burial place","fine volvic tombstone","dominant musical taste","greatest success","musicologically unfashionable","people wrong","considerable exposure","good deal more music","considerable pleasure","baudime book","critical reassessment onslow","further work","chamber music","ushton late beethoven","thorough documentation","maynard solomon","opera production","outdated beethoven","last decade","musical aspect","last period","late work","provincial panorama","third chapter","biographical period","miscellaneous collection","unified theme","same method","much prominence","others touch","original plan","more appropriate title","subject feature","subtitle music","better clue","subject matter","copious quotation","original speculation","considerable number","last violin sonata","seventh symphony","provincial theatre","masonic element","more disparate","other work","aesthetic goal","sacred style","more outspoken comment","robert martin","beethoven quartet companion","late sentence","further toning","present book","wide range","musical literature","such diverse author","edmund burke","henry david thoreau","cardinal point","aileen ward","more readable","great deal","background information","many ramification","gentleman farmer","specific caveat such","route other","such preposterously hyperbolic statement","such statement","face value","last year","striking metamorphosis","human purpose","deep transformation","world outlook","seismic shift","artistic purpose","divine principle","much closer","much disagreement","late style","major work","fresh transformation","single change","philosophical attitude","gradual decline","concomitant rise","individual expression","solomon perceptively","religious belief","private thought","chance survival","particular document","fragile evidence","masonic influence","useful survey","song text","masonic concept","direct influence","christian doctrine","other idea","little attention","religious precursor","east midnight","masonic connection","compass symbolic significance east","such tenuous","stone unturned","overall impression","more successful essay","whole series","romantic concept","correspondent breeze","starry sky","romantic writing","ferne geliebte","much more profound resonance","geographical metaphor","regional culture","plateau more","previous one","simple concept","group end","persuasive alternative","previous effort","other way","final essay","healing power","separate occasion","therapeutic power","other case","missa solemnis","heiliger dankgesang","other ramification","maynard skill","ooper music drama","charitable work","star singer","titan such","various parisian stage","tenor lecomte","urban horse ownership","status symbol"]},"author":[{"name":"Barry Cooper"}],"arkIstex":"ark:/67375/HXZ-HW06L328-C","language":["eng"],"originalGenre":["other"],"qualityIndicators":{"score":2.995,"pdfWordCount":2278,"pdfCharCount":13276,"pdfVersion":1.4,"pdfPageCount":3,"pdfPageSize":"479 x 697 pts","pdfWordsPerPage":759,"pdfText":true,"refBibsNative":false,"abstractWordCount":0,"abstractCharCount":0,"keywordCount":0},"title":"Review: Late Beethoven: Music, Thought, Imagination","genre":["other"],"host":{"title":"Music and Letters","language":["unknown"],"issn":["0027-4224"],"eissn":["1477-4631"],"publisherId":["musicj"],"volume":"86","issue":"1","pages":{"first":"124","last":"126"},"genre":["journal"]},"namedEntities":{"unitex":{"date":["1829","1840s","2005","1998","1820s","1812"],"geogName":[],"orgName":["University of California Press"],"orgName_funder":[],"orgName_provider":[],"persName":["Halévy","Robert Martin","Henry David","Beethoven","Martin Cooper","Solomon","Edmund Burke","Robert S. Winter","Jam","Mark Everist","Paris Odéon"],"placeName":["Paris","Clermont-Ferrand","Los Angeles","Damascus","Berkeley","France"],"ref_url":[],"ref_bibl":["London, 1970","Berkeley, 1994","April 1826"],"bibl":[]}},"ark":["ark:/67375/HXZ-HW06L328-C"],"categories":{"wos":[],"scienceMetrix":["1 - arts & humanities","2 - visual & performing arts","3 - music"],"scopus":["1 - Social Sciences","2 - Arts and Humanities","3 - Music"]},"publicationDate":"2005","copyrightDate":"2005","enrichments":{"type":["multicat","refBibs","teeft","unitex"]},"doi":["10.1093/ml/gci013"],"_id":"716F312FE20D649A1DFD0CDF6331EC07F21A987C"}