{"corpusName":"oup","keywords":{"teeft":["kinderman","spohr","first half","william kinderman","musical genesis","diabelli variation","less satisfactory","demisemiquaver passage","opus number","sharp contrast","vague emotionalism","operatic love duet","contradictory attitude","different view","other remark","aristocratic sentiment","real feeling","deep feeling","owen wmgrave","illusion such","room owen","other member","family tradition","crucial action","professional writer","different sense","other character","freudian terminology","portentous declaration","semiotic guise","intelligent author","unexceptionable premiss","pedantry more","musical criticism","dean diabelli variation","boito focusses","ultimate meaning","linguistic jargon","clarendon press","jago exploit","difficult work","several recent attempt","great deal","doctoral dissertation","distinct half","series title","purpose belief","analytical observation","first time","more solid contribution","profound effect","analytical portion","perceptive way","significant conclusion","period beethoven","other work","missa solemnis","piano sonata","occasional idea","ninth symphony","pocket sketch","such matter","earliest one","time beethoven","separate location","whole draft","closer study","unnoticed aspect","second half","direct result","sketch study","melodic outline","second phase","sense insertion","strategic point","muslim ship","penetrating observation","internal contrast","natural outcome","duplicitous attitude","consecutive variation","overall structure","gigantic sonata form","book tone","unproved speculation","such slender","equivocal evidence","brilliant insight","further investigation","serious difficulty","extraordinary suggestion","other composer","baroque composer","different composer","such set","relevant composer","something similar","least quotation","other case","stylistic imitation","superficial similarity","goldberg variation","point kinderman","improvisatory ornamentation","much nearer","overall effect","serious objection","vague similarity","naive view","certain passage","kinderman point","such similarity","different work","major work","more significance","same time","dominant harmony","undoubted similarity","many other part","late style","several good point","broadest sense","normal sense","ridiculous effect","much briefer","generous supply","cent correct","opposite direction","original manuscript","main text","misprint liable","notable landmark","worthy contribution","barry cooper verzeichnis","foreign culture","louis spohr","folker gothel","isbn thematic catalogue","influential figure","violin paganini","compositional effort","substantial corpus","great composer","folker catalogue","outstanding piece","invaluable resource","exhaustive listing","other archival source","several main section","love duet","numerical order","instrumental music","other vocal work","many minor composition","second section","orchestral music","chamber music","pedagogic work","stage music"]},"author":[{"name":"BARRY COOPER"}],"articleId":["69.3.387"],"arkIstex":"ark:/67375/HXZ-0TGVCXWX-4","language":["eng"],"originalGenre":["book-review"],"qualityIndicators":{"score":2.176,"pdfWordCount":2126,"pdfCharCount":11584,"pdfVersion":1.2,"pdfPageCount":3,"pdfPageSize":"467 x 708 pts","pdfWordsPerPage":709,"pdfText":true,"refBibsNative":false,"abstractWordCount":0,"abstractCharCount":0,"keywordCount":0},"title":"REVIEWS OF BOOKS","genre":["book-reviews"],"host":{"title":"Music and Letters","language":["unknown"],"issn":["0027-4224"],"eissn":["1477-4631"],"publisherId":["musicj"],"volume":"69","issue":"3","pages":{"first":"387","last":"389"},"genre":["journal"],"subject":[{"value":"REVIEWS OF BOOKS"}]},"namedEntities":{"unitex":{"date":["1819","1822","1988","1823"],"geogName":[],"orgName":[],"orgName_funder":[],"orgName_provider":[],"persName":["William Kinderman","Gothel","The","Louis Spohr","DEAN Beethoven"],"placeName":[],"ref_url":[],"ref_bibl":[],"bibl":[]}},"ark":["ark:/67375/HXZ-0TGVCXWX-4"],"categories":{"wos":[],"scienceMetrix":["1 - arts & humanities","2 - visual & performing arts","3 - music"],"scopus":["1 - Social Sciences","2 - Arts and Humanities","3 - Music"]},"publicationDate":"1988","copyrightDate":"1988","enrichments":{"type":["multicat","refBibs","teeft","unitex"]},"doi":["10.1093/ml/69.3.387"],"_id":"EDC545C991ED92D4D401070CB70D2A9052D77A8A"}