{"corpusName":"sage","keywords":{"teeft":["simonton","halsey","kozbelt","piano sonata","barlow","morgenstern","ries","recording counts","piano concerto","wegeler","aesthetic success","string quartet","performance duration","masterworks","ewen","early works","false alarms","missa solemnis","expert ratings","great composers","negative assessments","best work","classical composers","representative quotations","logistic regression analyses","correct rejections","empirical studies","beethoven","citation measures","piano trio","eminent creators","historical data","second half","social psychology","first half","oxford university press","grosse fuge","late period","square root","musical forms","third symphony","complete recordings","positive assessment","middle period","harvard university press","quotation source","year interval duration","halsey ratings","wellingtons sieg","chronological order","creative products","negative assessment","eighth symphony","contemporary audiences","contingency table","best works","sonata","piano trios","effect sizes","masterpiece status","finer distinctions","fewer recordings","piano concerti","moonlight sonata","classical catalog","halsey rates","multivariate analyses","anecdotal reports","major works","dependent measure","aesthetic success criteria","sonata form works","different periods","early period","composers judge","relative quality","thematic dictionaries","such data","comments span","statistical power","career period","string trios","richard strauss","late quartets","ninth symphony","brooklyn college","string quartets","fundamental fact","critical evaluation","popular works","evaluative processes","violin concerto","creative process","performance time","piano sonatas","high opinion","greatest works","present results","quantitative analyses","reliable processes","musical creativity","vintage books","psychological review","psychological bulletin","classical music","expertise view","correct decisions","whole career","creative productivity","cambridge university press","computer analysis","original theme","quotation","creativity","solomon"]},"author":[{"name":"Aaron Kozbelt","affiliations":["DEPARTMENT OF PSYCHOLOGY, BROOKLYN COLLEGE OF THE CITY UNIVERSITY OF NEW YORK, USA"]}],"subject":[{"lang":["eng"],"value":"aesthetic judgment"},{"lang":["eng"],"value":"Beethoven"},{"lang":["eng"],"value":"creativity"},{"lang":["eng"],"value":"expertise"},{"lang":["eng"],"value":"self-criticism"}],"articleId":["10.1177_0305735607068892"],"arkIstex":"ark:/67375/M70-9CX29DZR-V","language":["eng"],"originalGenre":["research-article"],"abstract":"How well can composers judge their own ideas and works? This question remains largely unanswered, in part because qualitative data sources like quotations and anecdotes have not been systematically examined. This archival case study of Ludwig van Beethoven remedies this by comprehensively analyzing his self-critical statements. Explicit self-criticisms of 70 compositions were found in Beethoven's letters or conversations, spanning his whole career and most musical forms. Beethoven's positive or negative assessments are reliably associated with three citation measures of aesthetic success, and the likelihood of correct decisions strongly increased with age. His comments comparing several similar masterpieces are likewise largely consistent with expert ratings and recording counts. Finally, the ranking of works by listener-hours (number of complete recordings multiplied by performance duration) correspond closely to Beethoven's intra-genre preferences. The results suggest considerable self-critical acumen on Beethoven's part. The results support an expertise view of musical creativity in which knowledge and experience are likely to enable both progressively greater creative accomplishments and sounder self-criticism.","qualityIndicators":{"score":8.956,"pdfWordCount":8441,"pdfCharCount":53777,"pdfVersion":1.5,"pdfPageCount":25,"pdfPageSize":"595 x 842 pts (A4)","refBibsNative":true,"abstractWordCount":163,"abstractCharCount":1234,"keywordCount":5},"title":"A quantitative analysis of Beethoven as self-critic: implications for psychological theories of musical creativity","refBibs":[{"host":{"title":"The Letters of Beethoven","author":[]}},{"title":"‘The Assessment of Aesthetic Judgment Ability’","author":[{"name":" Bamossy G."},{"name":" Johnston M."},{"name":" Parsons M."}],"host":{"title":"Empirical Studies of the Arts","author":[],"volume":"3","pages":{"first":"63","last":"79"}}},{"host":{"title":"A Dictionary of Musical Themes","author":[]}},{"host":{"title":"A Dictionary of Opera and Song Themes","author":[]}},{"host":{"title":"The Joy of Music","author":[]}},{"host":{"title":"Verdi","author":[]}},{"title":"‘Blind Generation and Selective Retention in Creative Thought as in Other Thought Processes’","author":[{"name":" Campbell D.T."}],"host":{"title":"Psychological Review","author":[],"volume":"67","pages":{"first":"380","last":"400"}}},{"host":{"title":"The Beethoven Compendium","author":[]}},{"host":{"title":"Creativity","author":[]}},{"title":"‘The Use and Misuse of Chi-Square: Lewis and Burke Revisited’","author":[{"name":" Delucchi K.L."}],"host":{"title":"Psychological Bulletin","author":[],"volume":"94","pages":{"first":"166","last":"176"}}},{"title":"‘Creative Expertise as Superior Reproducible Performance: Innovative and Flexible Aspects of Expert Performance’","author":[{"name":" Ericsson K.A."}],"host":{"title":"Psychological Inquiry","author":[],"volume":"10","pages":{"first":"329","last":"333"}}},{"host":{"title":"The Complete Book of Classical Music","author":[]}},{"host":{"title":"The RED Classical Catalog","author":[]}},{"host":{"title":"Painting Outside the Lines: Patterns of Creativity in Modern Art","author":[]}},{"title":"‘The Life Cycles of Modern Artists: Theory and Implications’","author":[{"name":" Galenson D.W."}],"host":{"title":"Historical Methods","author":[],"volume":"37","pages":{"first":"123","last":"136"}}},{"host":{"title":"Tchaikovsky","author":[]}},{"host":{"title":"Classical Music Recordings for Home and Library","author":[]}},{"title":"‘Cognitive Processes in Creativity’","author":[{"name":" Hayes J.R."},{"name":" J.A. Glover"},{"name":" R.R. Roning"},{"name":" C.R. Reynolds"}],"host":{"title":"Handbook of Creativity","author":[],"pages":{"first":"202","last":"219"}}},{"host":{"title":"Mozart","author":[]}},{"host":{"title":"Beethoven's Letters: A Critical Edition with Explanatory Notes","author":[]}},{"title":"‘Reexamining the Equal-Odds Rule in Classical Composers’","author":[{"name":" Kozbelt A."},{"name":" J.P. Frois"},{"name":" P. Andrade"},{"name":" J.F. Marques"}],"host":{"title":"Art and Science: Proceedings of the XVIII Congress of the International Association of Empirical Aesthetics","author":[],"pages":{"first":"540","last":"543"}}},{"title":"‘Factors Affecting Aesthetic Success and Improvement in Creativity: A Case Study of the Musical Genres of Mozart’","author":[{"name":" Kozbelt A."}],"host":{"title":"Psychology of Music","author":[],"volume":"33","pages":{"first":"235","last":"255"}}},{"host":{"title":"Selected Letters of Gustav Mahler","author":[]}},{"title":"‘Creativity–Especially in Science’","author":[{"name":" Medawar P.B."},{"name":" P.B. Medawar"},{"name":" David Pyke"}],"host":{"title":"The Threat and the Glory","author":[],"pages":{"first":"83","last":"90"}}},{"host":{"title":"Information Theory and Esthetic Perception","author":[]}},{"host":{"title":"The Complete Operas of Richard Strauss","author":[]}},{"host":{"title":"The Mind's Best Work","author":[]}},{"host":{"title":"Big Science, Little Science","author":[]}},{"title":"‘Problem Finding, Evaluative Thinking, and Creativity’","author":[{"name":" Runco M.A."},{"name":" Chand I."},{"name":" M.A. Runco"}],"host":{"title":"Problem Finding, Problem Solving, and Creativity","author":[]}},{"title":"‘Creative Productivity, Age, and Stress: A Biographical Time-Series Analysis of 10 Classical Composers’","author":[{"name":" Simonton D.K."}],"host":{"title":"Journal of Personality and Social Psychology","author":[],"volume":"35","pages":{"first":"791","last":"804"}}},{"host":{"title":"Genius, Creativity, and Leadership","author":[]}},{"title":"‘Aesthetic Success in Classical Music: A Computer Analysis of 1,935 Compositions’","author":[{"name":" Simonton D.K."}],"host":{"title":"Empirical Studies of the Arts","author":[],"volume":"4","pages":{"first":"1","last":"17"}}},{"title":"‘Musical Aesthetics and Creativity in Beethoven: A Computer Analysis of 105 Compositions’","author":[{"name":" Simonton D.K."}],"host":{"title":"Empirical Studies of the Arts","author":[],"volume":"5","pages":{"first":"87","last":"104"}}},{"host":{"title":"Scientific Genius","author":[]}},{"title":"‘Emergence and Realization of Genius: The Lives and Works of 120 Classical Composers’","author":[{"name":" Simonton D.K."}],"host":{"title":"Journal of Personality and Social Psychology","author":[],"volume":"61","pages":{"first":"829","last":"840"}}},{"host":{"title":"Greatness: Who Makes History and Why","author":[]}},{"title":"‘Drawing Inferences from Symphonic Programs: Musical Attributes Versus Listener Attributions’","author":[{"name":" Simonton D.K."}],"host":{"title":"Music Perception","author":[],"volume":"12","pages":{"first":"307","last":"322"}}},{"title":"‘Creative Productivity: A Predictive and Explanatory Model of Career Landmarks and Trajectories’","author":[{"name":" Simonton D.K."}],"host":{"title":"Psychological Review","author":[],"volume":"104","pages":{"first":"66","last":"89"}}},{"title":"‘Fickle Fashion versus Immortal Fame: Transhistorical Assessments of Creative Products in the Opera House’","author":[{"name":" Simonton D.K."}],"host":{"title":"Journal of Personality and Social Psychology","author":[],"volume":"75","pages":{"first":"198","last":"210"}}},{"host":{"title":"Origins of Genius: Darwinian Perspectives on Creativity","author":[]}},{"title":"‘Scientific Creativity as Constrained Stochastic Behavior: The Integration of Person, Product, and Process Perspectives’","author":[{"name":" Simonton D.K."}],"host":{"title":"Psychological Bulletin","author":[],"volume":"129","pages":{"first":"475","last":"494"}}},{"title":"‘Qualitative and Quantitative Analyses of Historical Data’","author":[{"name":" Simonton D.K."}],"host":{"title":"Annual Review of Psychology","author":[],"volume":"54","pages":{"first":"617","last":"640"}}},{"host":{"title":"Beethoven","author":[]}},{"host":{"title":"Beethoven: Impressions by his Contemporaries","author":[]}},{"host":{"title":"Johannes Brahms","author":[]}},{"host":{"title":"Life of Beethoven, rev","author":[]}},{"host":{"title":"Essays in Musical Analysis","author":[]}},{"host":{"title":"Beethoven Remembered: The Biographical Notes of Franz Wegeler and Ferdinand Ries","author":[]}},{"title":"‘Creativity and Knowledge: A Challenge to Theories’","author":[{"name":" Weisberg R.W."},{"name":" R.J. Sternberg"}],"host":{"title":"Handbook of Creativity","author":[],"pages":{"first":"226","last":"250"}}},{"title":"‘On Structure in the Creative Process: A Quantitative Case-Study of the Creation of Picasso's Guernica’","author":[{"name":" Weisberg R.W."}],"host":{"title":"Empirical Studies of the Arts","author":[],"volume":"22","pages":{"first":"23","last":"54"}}}],"genre":["research-article"],"host":{"title":"Psychology of Music","language":["unknown"],"issn":["0305-7356"],"eissn":["1741-3087"],"publisherId":["POM"],"volume":"35","issue":"1","pages":{"first":"144","last":"168"},"genre":["journal"]},"namedEntities":{"unitex":{"date":["1809","1811","2007","1823","40s"],"geogName":[],"orgName":[],"orgName_funder":[],"orgName_provider":[],"persName":["Snell","Constant Cox","La Traviata","Otto Jahn","E. Forbes","Rigoletto","Ludwig van Beethoven"],"placeName":[],"ref_url":["http://pom.sagepub.com"],"ref_bibl":["Simonton, 1977, 1984, 1988","Barlow and Morgenstern, 1948","[1958]","Thayer, 1967: 871","Perkins, 1981","Wegeler and Ries, 1987","Simonton, 1977, 1984, 1988, 1997, 1999, 2003a","Kozbelt, 2004, 2005","Medawar (1991: 85)","Solomon (1977: 100)","Ewen (1965)","Runco and Chand, 1994","Halsey, 1976","Simonton, 2003a","Simonton, 1977","Cooper, 1991","Campbell, 1960","Hayes, 1989","Delucchi, 1983","Wegeler and Ries, 1987: 92","Wegeler and Ries, 1987: 58","Ford, 2003","see Kozbelt, 2005","Solomon, 1977: 315","Osborne, 1988: 225","Thayer, 1967: 277","Hildesheimer, 1982: 218","Simonton, 1998","Weisberg, 1999","Garden, 1973: 141","Ericsson, 1999","1948, 1950","Galenson, 2001","Simonton, 1987, 1998","Simonton, 1986","Bamossy et al., 1985","2001, 2004","Barlow and Morgenstern (1948, 1950)","Budden, 1985: 231","Simonton, 1986, 1987, 1991, 1995","[1909]","Galenson, 2001, 2004","Wegeler and Ries, 1987: 67","Kozbelt, 2004","Ewen, 1965","[1926]","Barlow and Morgenstern, 1948, 1950","Bernstein, 1959: 74","Thayer, 1967: 351","Csikszentmihalyi, 1996","Simonton, 1977, 1988, 1997, 1999, 2003a","Simonton, 1977: 803","Solomon, 1977: 323","Barlow and Morgenstern (1948)","Simonton, 1977, 1984, 1988, 1994","Simonton, 2003b"],"bibl":[]}},"ark":["ark:/67375/M70-9CX29DZR-V"],"categories":{"wos":["1 - social science","2 - psychology, experimental","2 - psychology, educational","2 - psychology, applied"],"scienceMetrix":["1 - health sciences","2 - psychology & cognitive sciences","3 - experimental psychology"],"scopus":["1 - Social Sciences","2 - Psychology","3 - Psychology (miscellaneous)","1 - Social Sciences","2 - Arts and Humanities","3 - Music"],"inist":["1 - sciences humaines et sociales","2 - philosophie"]},"publicationDate":"2007","copyrightDate":"2007","enrichments":{"type":["multicat","nb","teeft","unitex"]},"doi":["10.1177/0305735607068892"],"_id":"149026F1B362794910DB9510A01F61A7DB91E7DF"}