{"corpusName":"oup","keywords":{"teeft":["prophetic conversation","pastoral symphony","brook","sulzer","mosengeil","goldfinch","quail","musical quarterly","betrachtung","tonality","pianissimo","friedrich","cuckoo","prophetic","schindler","violino","topos","development section","rochlitz","carduelis","landschaft","birdcall","natur","bassoon","goldammer","deafness","friedrich mosengeil","flute","berlioz","beethoven","cryptic","siegfried","caspar david friedrich","friedrich rochlitz","first violin","radoux portrait","musical idea","musical quarterly figure","vivaldi","czerny","elegy","carduelis carduelis","sixth symphony","denen soil","scherz sein","second movement","minor symphony","donald francis tovey","forest bird","same year","hector berlioz","primavera concerto","final measure","violin part","adolf bernhard marx","first sketch","half century","many writer","measure long","heiligenstadt testament","musical quarterly example","pastoral","quattro stagioni","musical imitation","flute concerto","entire movement","first review","musical figure","song cycle","fierce emotion","poet repose","landscape painter","visual art","more important role","yellow hammer","george grove","rhetorical scene","german language","dichter ruht","musical conversation","symbolic bird","meaningful detail","robert haven schauffler","cryptic meaning","anton schindler","specific event","principal melody","many year","cryptic reversal","inanimate nature","notizen iiber beethoven","various bird","ueber malerei","fiorito ameno prato","prophetic bird","first time","bird imagery","symphonie fantastique","final page","english horn","aviary trio","prominent display","sinfonia caracteristica","deve suonare sempre molto forte","dark cape","central message","cryptic word","musical form","heinrich wilhelm tischbein","alessandra comini","anonymous artist","color lithograph","frohlichkeit ermuntern","contemplative seriousness","poet figure","principal theme","rustling branch","breathless rapture","fine landscape painting","stille gegend voll anmuth","solo flute","beloved romantic topos","thomas gray","sanfte rieseln eines bach","same time","meager novelty","violoncelli solo","eighteenth century","tonal scheme","ecclesiastical style","beethoven sketchbook landsberg","forest scene","cryptic remark","spiegel seiner zeit","encyclopedia britannica","dagmar weise","beethoven haus","gustav nottebohm","zweite beethoveniana","bush lovely song","quarterly"]},"author":[{"name":"Owen Jander"}],"articleId":["77.3.508"],"arkIstex":"ark:/67375/HXZ-JCG108D5-D","language":["eng"],"originalGenre":["other"],"qualityIndicators":{"score":5.05,"pdfWordCount":12630,"pdfCharCount":73407,"pdfVersion":1.3,"pdfPageCount":52,"pdfPageSize":"492 x 723 pts","pdfWordsPerPage":243,"pdfText":true,"refBibsNative":false,"abstractWordCount":0,"abstractCharCount":0,"keywordCount":0},"title":"The Prophetic Conversation in Beethoven's “Scene by the Brook”","refBibs":[{"host":{"title":"Siegfried stretches himself out comfortably under the lime tree: \"How I delight in this fair green wood.\" 2. He first thinks about the hateful Mime, but then his thoughts turn to his wonderings about his parents, whom he never knew","author":[]}},{"host":{"title":"Forest Murmurs\" increase (now in sixteenth-notes)","author":[]}},{"host":{"title":"Kunze attributes this review to Michael Gotthard Fischer","publicationDate":"1810-01-17","author":[{"name":"Friedrich Rochlitz"}],"pages":{"first":"241","last":"44"}}},{"title":"Wallace accepts the attribution to Rochlitz reported in Martha Bruckner-Bigenwald","author":[{"name":"Robin Wallace"}],"publicationDate":"1938","host":{"title":"Critics","publicationDate":"1938","author":[],"volume":"19","issue":"170 11","pages":{"first":"97"}}},{"host":{"title":"Beethoven: The Man Who Freed Music 2 vols","publicationDate":"1929","author":[{"name":"Robert,Haven "},{"name":"Schauffler "}],"pages":{"first":"264"}}},{"title":"Programme Music","author":[{"name":"Donald,Francis "},{"name":"Tovey "}],"publicationDate":"1961","host":{"title":"Encyclopedia Britannica","publicationDate":"1961","author":[],"volume":"18","pages":{"first":"563"}}},{"host":{"title":"Beethovens sdmtliche Briefe (Berlin: Schuster & Loeffler , 1906-08), V, 165, no. 1096. The letter is addressed to the publisher Schlesinger","author":[{"name":"Alfred Christlieb"},{"name":"Kalischer "}]}},{"author":[{"name":"Adolf,Bernhard "},{"name":"Marx "}],"publicationDate":"1828","host":{"title":"Ueber Malerei in der Tonkunst","publicationDate":"1828","author":[],"pages":{"first":"21"}}},{"host":{"title":"Beethoven: ein Skizzenbuch zur Pastoralsymphonie op. 68 und zu den Trios op","publicationDate":"1961","author":[{"name":"Dagmar Weise"},{"name":"Ed "}],"pages":{"first":"70","last":"2"}}},{"host":{"title":"The score was published in the summer of 1809; the Mosengeil review was published in","publicationDate":"1810-06","author":[]}},{"author":[{"name":"Anton Felix"},{"name":" Schindler"}],"publicationDate":"1966","host":{"title":"Beethoven As I Knew Him","publicationDate":"1966","author":[],"pages":{"first":"34","last":"35"}}},{"host":{"title":"Beethoven's Pastoral Symphony as a Sinfonia caracteristica The Creative World of Beethoven","publicationDate":"1970","author":[],"pages":{"first":"103","last":"21"}}},{"host":{"title":"NY: Pendragon Press 1988), informs me that these Vivaldi publications were not found in the Archduke's library in 1808. Possibly they were among the works Gerhard van Swieten included in his concerts of ancient music","author":[{"name":"Susan Kagan"},{"name":"Archduke Rudolph"},{"name":" Beethoven 's Patron"},{"name":" Pupil"},{"name":" Friend"},{"name":" Stuyvesant"}]}},{"host":{"title":"Sulzer's treatise was printed and revised seven times from 1771-74 to 1794, originating as two volumes and becoming a four-volume work with separate index. A detailed history of this extremely popular treatise is found in the facsimile reprint","publicationDate":"1967","author":[]}},{"title":"Exploring Sulzer's AUgemeine Theorie as a Source Used by BeethovenScene","author":[{"name":"See,O Jander"}],"publicationDate":"1987","host":{"title":"The Beethoven Newsletter","publicationDate":"1987","author":[],"pages":{"first":"1","last":"7148"}}},{"author":[{"name":"Frangois-Joseph Fdtis"}],"publicationDate":"1829-03","host":{"title":"La Revue Musicale","publicationDate":"1829-03","author":[],"volume":"5","pages":{"first":"173","last":"76"}}},{"host":{"author":[{"name":"Shin,A Kojima"}]}},{"host":{"title":"217-61, has pointed out that in the orchestral parts for the first performance of this symphony, 22 Dec. 1808, the two violin parts in the \"Scene by the Brook","author":[],"pages":{"first":"2","last":"9"}}},{"title":"The sketch in question appears in the Beethoven sketchbook Landsberg 6 (Krakow, Bibioteka Jagiellonska), 96. 19. In the Adagio of the Fourth Symphony, at mm. 54-61, Beethoven, to the best of my knowledge, ventures into the unusual key of G-flat major for the first time. In this passage of the \"Scene by the Brook\" we encounter the first situation in Beethoven's music where a considerable area of a musical form actually hovers","author":[{"name":"Gustav Nottebohm"}],"host":{"title":"Skizzen zur Pastoral-Symphonie","author":[],"pages":{"first":"369","last":"78"}}},{"host":{"title":"Sauter, seems to have been inspired by an anonymous poem \"Wachtelwacht,\" which was originally published in the Viennese Fliegendes Blatt in the 1790s, and then included in L. Achim von Arnim and C. Brentano's Des Knaben Wunderhom","author":[{"name":"By,S This Poem"},{"name":" Fr"}],"pages":{"first":"1805","last":"8"}}},{"host":{"publicationDate":"1966","author":[{"name":"Franz Hadamowsky"},{"name":"Die,Wiener Hoftheater"}],"pages":{"first":"1776","last":"1810"}}},{"author":[{"name":"Gustav Nottebohm"}],"host":{"title":"These sketches are found in the Beethoven sketchbook Landsberg 10","author":[],"pages":{"first":"225","last":"27"}}},{"title":"The 'Kreutzer' Sonata as Dialogue","author":[{"name":"See,O Jander"}],"publicationDate":"1988","host":{"title":"Early Muisic","publicationDate":"1988","author":[],"volume":"16","pages":{"first":"34","last":"49"}}},{"title":"The Radoux Portrait of Beethoven's Grandfather: Its Symbolic Message","author":[{"name":"O Jander"}],"publicationDate":"1989","host":{"title":"Imago Musicae","publicationDate":"1989","author":[],"volume":"6","pages":{"first":"83","last":"107"}}},{"host":{"title":"The Radoux Portrait 99-101, 104. 43. For what it is worth, Beethoven had the Radoux portrait of his grandfather shipped to him from Bonn to Vienna in the summer of 1801. The first sketch of the \"Scene by the Brook\" dates from about two and a half years later","author":[{"name":" Jander"}]}},{"host":{"title":"rep. in Kunze, Ludwig van Beethoven, Die Werke im Spiegel seiner Zeit, 126. An elaborate account of Mosengeil (1773-1839) is found in the AUgemeine Deutsche Biographie","publicationDate":"1810","author":[{"name":"Friedrich Mosengeil"},{"name":" Zew"},{"name":" Jg"}],"pages":{"first":"1049","last":"1053"}}},{"host":{"title":"The Changing Image of Beethoven","publicationDate":"1987","author":[{"name":"Alessandra Comini"}],"pages":{"first":"165","last":"46"}}},{"host":{"author":[{"name":" Sulzer"}],"pages":{"first":"148"}}},{"host":{"title":"This reflection is quoted by Goethe from his WiUielm Meisters Wanderjahre","publicationDate":"1989","author":[{"name":"Johann,Wolfgang Goethe"},{"name":" Maximen Und Reflexionen"}],"pages":{"first":"131","last":"32"}}},{"title":"379-83 lot #38, along with Plutarch's Lives, and the plays of Shakespeare, included \"many individual items by [William] Guthrie and [Thomas] Gray","author":[{"name":"See,A Leitzmann"},{"name":" Ludwig Van Beethoven"}],"publicationDate":"1827","host":{"title":"the auction of Beethoven's library","publicationDate":"1827","author":[]}},{"author":[],"publicationDate":"1990","host":{"title":"Caspar David Friedrich and the Subject of Landscape See particularly the chapters \"Entering the Wood\" (159-66), \"Theomimesis\" (179- 94), and \"Reflection","publicationDate":"1990","author":[]}},{"host":{"title":"A travers chant (Paris, 1862; repr. Paris: L. Guichard 1971), 56. (Berlioz's discussion of the Pastoral Symphony had originally appeared in the Gazette Musicale de Paris","author":[{"name":"Hector Berlioz"}]}},{"host":{"title":"53 This critical chapter in Beethoven's life is best described in Maynard Solomon","publicationDate":"1977","author":[],"pages":{"first":"111","last":"19"}}},{"author":[{"name":"See Mark"},{"name":"E Bonds"}],"publicationDate":"1991","host":{"title":"Wordless Rhetoric. Musical Form and the Metaphor of the Oration","publicationDate":"1991","author":[]}},{"title":"See Richard KramerNotes to Beethoven's Education Another work very likely familiar to Beethoven was Johann Nikolaus Forkel, Von der Theorie der Musik, in so fern sie Liebhabem und Kennem nothwendig und niitzlich ist, which was published in Cramer's Magazin der Musik","author":[],"publicationDate":"1739","host":{"title":"One monument of this literature was in Beethoven's library: Johann M. Mattheson's Der voUkommene Capettmeister","publicationDate":"1739","author":[],"pages":{"first":"94","last":"95"}}},{"host":{"author":[{"name":"Beethovens Kalischer"},{"name":" Briefe"}],"pages":{"first":"49","last":"50"}}},{"host":{"author":[{"name":" Kalischer"}],"pages":{"first":"45"}}},{"host":{"author":[{"name":" Kalischer"}],"pages":{"first":"94"}}},{"author":[{"name":"Dagmar Weise"},{"name":" Beethoven"}],"publicationDate":"1957","host":{"title":"Ein Skizzenbuch zur Chorfantasie op. 80 und zu anderen Werken","publicationDate":"1957","author":[],"pages":{"first":"92"}}},{"host":{"author":[{"name":"See,G Nottebohm"}],"pages":{"first":"375","last":"18"}}},{"title":"The earliest occurs in the final page of the Rondino in E-flat Major for two oboes, two clarinets, two horns, and two bassoons","author":[],"publicationDate":"1793","host":{"title":"The other occurs at the very end of the Larghetto of the Violin Concerto","publicationDate":"1793","author":[]}},{"host":{"title":"These page references are to Andrew Porter's translation, Richard Wagner, The Ring","publicationDate":"1976","author":[]}},{"host":{"title":"Very few conductors pay any attention to Beethoven's distinction between the piano of mm. 33-40 and the important pianissimo of mm","author":[],"pages":{"first":"41","last":"48"}}}],"genre":["other"],"host":{"title":"The Musical Quarterly","language":["unknown"],"issn":["0027-4631"],"eissn":["1741-8399"],"publisherId":["musqtl"],"volume":"77","issue":"3","pages":{"first":"508","last":"559"},"genre":["journal"],"subject":[{"value":"Primary Sources"}]},"namedEntities":{"unitex":{"date":["1802","1829","February and March of 1808","In the eighteenth century","1920s","1773","1803","1993","1821","1808","1810","1774","1833","1930s","1820s","1862","1809","1851","in the twentieth century","1823","1852","1771","1790s","1801","1830s","1828","1787","the eighteenth century"],"geogName":[],"orgName":["Encyclopedia Britannica Inc.","Harvard University","Oxford University"],"orgName_funder":[],"orgName_provider":[],"persName":["Johann M. Mattheson","Robin Wallace","Hector Berlioz","Alfred Christlieb","Roman Campagna","Anton Schindler","Alessandra Comini","Max Hecker","Otto Jahn","Johann Peter","Robert Haven","Rochlitz","Franz Schubert","G. Finkesche","L. Guichard","H. Bachtold-Staubli","G. Nottebohm","D. Weise","S. Fr","Johann Georg","Richard Wagner","Stefan Kunze","Goethe","Viola Due","German Languages","G. Morelli","Worth","Dagmar Weise","Heinrich Wilhelm","Bernhard Marx","Martha Bruckner-Bigenwald","A. Leitzmann","L. Achim","C. Mm","Richard Kramer","A. Kojima","Donald W. MacArdle","Andrew Porter","Gustav Nottebohm","Viola Violoncello","Michael Gotthard","J. L. Koerner","Antonio Vivaldi","Paul H. Lang","Franz Wegeler","Beethoven","C. F. Peters","Mosengeil","Wilhelm Miiller","Al Caro","Felix Anton","Gerhard van Swieten","Johann Nikolaus","Franz Hadamowsky","C. Brentano","Mark E. Bonds","Ludwig van Beethoven","To","W. de Gruyter","H. Milford","Friedrich Rochlitz","Johann Wolfgang","O. Jander","Friedrich Mosengeil","C. H. Beck","George Grove","Susan Kagan","Carl Czerny","George","P. BaduraSkoda","David Friedrich","Karl Amenda","Christian Sturm","Leopold Radoux","Giuseppe Boerio","Joseph Fdtis","Donald Francis"],"placeName":["Leipzig","Mass.","Berlin","Hermannstadt","Munich","Garden City","Bonn","New Muret","Sibiu","Vienna","N.Y.","Frankfurt","Chicago","York","Cambridge","Italy","Zurich","Heiligenstadt"],"ref_url":[],"ref_bibl":["New York: Norton, 1976","Vienna: Prachner, 1966","New York: Schirmer, 1977","Vienna: Universal Edition, 1963","Miinster, 1860","Hamburg 1971","Venice: Cecchini, 1856","New Haven: Yale University Press, 1990","Hamburg, 1739","New York: Barnes & Noble, 1962","Leipzig: Duncker & Humblot, 1885","January 1810","Bonn: Beethoven Haus, 1957","Hildesheim, Olms Verlag 1967","New York: Rizzoli, 1987","Spring 1987","Leipzig: Insel-Verlag, 1921"],"bibl":[]}},"ark":["ark:/67375/HXZ-JCG108D5-D"],"categories":{"wos":[],"scienceMetrix":["1 - arts & humanities","2 - visual & performing arts","3 - music"],"scopus":["1 - Social Sciences","2 - Arts and Humanities","3 - Music"]},"publicationDate":"1993","copyrightDate":"1993","enrichments":{"type":["multicat","refBibs","teeft","unitex"]},"doi":["10.1093/mq/77.3.508"],"_id":"4AFC09FE128A399CAE2458F035E8AE8DB7868CC1"}