{"corpusName":"cambridge","author":[{"name":"Jeremy Boosey"}],"articleId":["08787"],"arkIstex":"ark:/67375/6GQ-V1JN3C36-6","language":["eng"],"originalGenre":["research-article"],"abstract":"The firm of Boosey   Co. originated as a lending library which was founded by John Boosey. His family, which is of Franco-Flemish origin, came over from the Continent and settled in Essex in the early part of the fifteenth century. They were cloth spinners and were probably invited to this country to bring with them the latest cloth spinning methods from the Lowlands, since this was a major industry in East Anglia during the middle ages and competition with the Continent was always very fierce. The family, who continued to ply their trade for many generations, lived at Bocking, which is where John Boosey was born in 1740. It is not possible to give an exact date for his founding of the library. He was admitted to the freedom of the City of London in 1773 so the date would probably have been some time between 1765 and 1770. Another link with the past is to be found in the archives of Samuel Taylor Coleridge. Correspondence with the family when they lived in King Street shows that they were on friendly terms, and the circulating library to which a stranger gave him a ticket, and to which he used to slip out from school, was not, as had been supposed, the Guildhall library (which was not reconstituted till 1824) but John Boosey's library.","qualityIndicators":{"score":6.386,"pdfWordCount":1698,"pdfCharCount":9041,"pdfVersion":1.4,"pdfPageCount":4,"pdfPageSize":"488.88 x 722.88 pts","refBibsNative":false,"abstractWordCount":224,"abstractCharCount":1255,"keywordCount":0},"title":"Beethoven, Bellini, Ballads and Bands","pii":["S0040298200087878"],"genre":["research-article"],"host":{"title":"Tempo","language":["unknown"],"issn":["0040-2982"],"eissn":["1478-2286"],"publisherId":["TEM"],"issue":"S78","pages":{"first":"2","last":"4","total":"3"},"genre":["journal"]},"ark":["ark:/67375/6GQ-V1JN3C36-6"],"categories":{"wos":[],"scienceMetrix":[],"scopus":["1 - Social Sciences","2 - Arts and Humanities","3 - Music"],"inist":["1 - sciences humaines et sociales"]},"publicationDate":"1966","copyrightDate":"1966","enrichments":{"type":["multicat","nb","refBibs"]},"doi":["10.1017/S0040298200087878"],"_id":"911A5E258A6FEF81EE07221B003FB71A0EC3A312"}