{"corpusName":"cambridge","author":[{"name":"Iannis Xenakis"}],"articleId":["03429"],"arkIstex":"ark:/67375/6GQ-L0QBMB0M-K","language":["eng"],"originalGenre":["research-article"],"abstract":"Art (and especially music) has a fundamental catalytic function, which is to effect sublimation by all its means of expression. It should aim to lead by constant points of reference towards that total exaltation in which, unaware of self, the individual will identify with an immediate, rare, vast and perfect truth. If a work of art achieves this even for an instant, it has fulfilled its purpose. This massive truth does not consist in objects, nor feelings, nor sensations; it lies beyond them, as Beethoven's Seventh lies beyond music. For this reason, art is capable of leading to those regions still occupied by certain religions.","qualityIndicators":{"score":5.247,"pdfWordCount":1987,"pdfCharCount":11328,"pdfVersion":1.4,"pdfPageCount":4,"pdfPageSize":"488.88 x 722.88 pts","refBibsNative":true,"abstractWordCount":105,"abstractCharCount":636,"keywordCount":0},"title":"The Origins of Stochastic Music","pii":["S004029820003429X"],"refBibs":[],"genre":["research-article"],"host":{"title":"Tempo","language":["unknown"],"issn":["0040-2982"],"eissn":["1478-2286"],"publisherId":["TEM"],"issue":"78","pages":{"first":"9","last":"12","total":"4"},"genre":["journal"]},"ark":["ark:/67375/6GQ-L0QBMB0M-K"],"categories":{"inist":["1 - sciences humaines et sociales"]},"publicationDate":"1966","copyrightDate":"1966","enrichments":{"type":["nb"]},"doi":["10.1017/S004029820003429X"],"_id":"E955E7FEF8B43926CACC0E4ADED97FEB125DD673"}