{"corpusName":"sage","keywords":{"teeft":["parenting","young children","music education","music educators","custodero","parenting magazines","musical development","music therapy","american baby","dissertation abstracts","musical content","musical components","musical activities","national association","premature infants","exclusive categories","calendar year","article excerpts","university microfilms","musical toys","musical experiences","music classes","musical background","mozart effect","parent","advertisement","parental involvement","mediamark research","total audience","musical topics","magazine staff","product reviews","early childhood connections","advice column","babies love music","developmental music aptitude","brilliant math whiz","second article","practice problem","late bloomers","intuitive parenting","spiritual values","separate category","musical backgrounds","musical objects","udtaisuk representation","data points","care unit","reasonable frequency","first time","musical abilities","unexpected joys","baby care","older children","several advertisers","classical music","interactive toys","messages readers","many reasons","music training","product recommendations","early childhood connection","early childhood educators","accreditation performance criteria","musical experience","musical parenting","monthly column","toy","researcher","lullaby"]},"author":[{"name":"Wendy L. Sims","affiliations":[null,"E-mail: simsw@missouri.edu","University of Missouri-Columbia, simsw@missouri.edu"]},{"name":"Dneya B. Udtaisuk","affiliations":["Chulalongkorn University","Chulalongkorn University"]}],"subject":[{"lang":["eng"],"value":"early childhood education"},{"lang":["eng"],"value":"music education"},{"lang":["eng"],"value":"musical development"},{"lang":["eng"],"value":"parenting magazines"},{"lang":["eng"],"value":"popular opinion"}],"articleId":["10.1177_8755123308317682"],"arkIstex":"ark:/67375/M70-P4ZFWNNL-8","language":["eng"],"originalGenre":["other"],"abstract":"The purpose of this study was to investigate the types, quantity, and quality of information regarding music that parents of young children receive from parenting magazines. Content analysis procedures were used to obtain and analyze the data for this study. All issues of the three most widely circulated parenting magazines in the United States for the calendar year 2004 were examined. Text or photos from articles or advertisements including music, musical topics, or musical objects served as data points. Music was featured as the primary topic in only five articles or columns, and there were 103 mentions in articles that included information or advice about a variety of nonmusical topics. Although music was represented with reasonable frequency and accuracy in these magazines, the messages readers received about music's role in children's and families' lives were primarily utilitarian—music's role for stress reduction and entertainment accounted for approximately half of the items.","qualityIndicators":{"score":8.8,"pdfWordCount":6477,"pdfCharCount":40794,"pdfVersion":1.3,"pdfPageCount":10,"pdfPageSize":"585 x 783 pts","refBibsNative":true,"abstractWordCount":150,"abstractCharCount":997,"keywordCount":5},"title":"Music's Representation in Parenting Magazines","refBibs":[{"title":"Lifts: Extended family","author":[{"name":" Alpanian A."}],"host":{"title":"Folio: The Magazine for Magazine Management","author":[],"volume":"32","pages":{"first":"54"}}},{"title":"April). Web tunes","author":[{"name":" Bal S."}],"host":{"title":"Parenting","author":[],"volume":"18","issue":"3","pages":{"first":"182"}}},{"title":"The mom exchange","author":[{"name":" Balmain M."}],"host":{"title":"Parenting","author":[],"volume":"18","issue":"3","pages":{"first":"29","last":"30"}}},{"title":"Relationship between home musical environment and selected musical attributes of second-grade children","author":[{"name":" Brand M."}],"host":{"title":"Journal of Research in Music Education","author":[],"volume":"34","pages":{"first":"111","last":"120"}}},{"title":"Sound balance: Music and well-being with young children","author":[{"name":" Boyce-Tillman J.B."}],"host":{"title":"Early Childhood Connection","author":[],"volume":"8","issue":"2","pages":{"first":"20","last":"37"}}},{"title":"The effects of music on the selected stress behaviors, weight, caloric and formula intake, and length of hospital stay of pre-mature and low birth weight neonates in a newborn intensive care unit","author":[{"name":" Cain J."}],"host":{"title":"Journal of Music Therapy","author":[],"volume":"28","issue":"4","pages":{"first":"180","last":"192"}}},{"title":"Effects of the pacifier activated lullaby on weight gain of premature infants","author":[{"name":" Cevasco A.M."},{"name":" Grant R.E."}],"host":{"title":"Journal of Music Therapy","author":[],"volume":"42","issue":"2","pages":{"first":"123","last":"139"}}},{"title":"An intervention for helping elementary students reduce test anxiety","author":[{"name":" Cheek J.R."},{"name":" Bradley L.J."},{"name":" Reynolds J."}],"host":{"title":"Professional School Counseling","author":[],"volume":"6","pages":{"first":"162","last":"164"}}},{"title":"The power of music to nourish children in stressful times","author":[{"name":" Coulter D.J."}],"host":{"title":"Early Childhood Connection","author":[],"volume":"8","issue":"2","pages":{"first":"19","last":"22"}}},{"title":"From Mozart to Motown, lullabies to love songs: Preliminary report on the parents' use of music with infants survey (PUMIS)","author":[{"name":" Custodero L.A."},{"name":" Britto P.R."},{"name":" Xin T."}],"host":{"title":"Zero to Three","author":[],"volume":"23","issue":"1","pages":{"first":"41","last":"46"}}},{"title":"Passing the cultural torch: Musical experience and musical parenting of infants","author":[{"name":" Custodero L.A."},{"name":" Johnson-Green E.A."}],"host":{"title":"Journal of Research in Music Education","author":[],"volume":"51","pages":{"first":"102","last":"114"}}},{"title":"Decisions regarding music training: Parental beliefs and values","author":[{"name":" Dai D.Y."},{"name":" Schader R.M."}],"host":{"title":"Gifted Child Quarterly","author":[],"volume":"46","pages":{"first":"135","last":"144"}}},{"title":"The relationship of French-immersion education to tonal skills of first- and fourth-grade Canadian children","author":[{"name":" DeFrece R.J."}],"host":{"title":"Dissertation Abstracts International","author":[],"volume":"50","issue":"3","pages":{"first":"113"}}},{"title":"Children who study piano with excellent teachers in the United States","author":[{"name":" Duke R.A."},{"name":" Flowers P.J."},{"name":" Wolfe D.E."}],"host":{"title":"Bulletin of the Council for Research in Music Education","author":[],"volume":"132","pages":{"first":"51","last":"84"}}},{"title":"Five signs that you need to get out more","author":[],"host":{"title":"Parenting","author":[],"volume":"18","issue":"6","pages":{"first":"170"}}},{"title":"Developmental influences on children's perception","author":[{"name":" Freeman J."}],"host":{"title":"Educational Research","author":[],"volume":"19","pages":{"first":"69","last":"74"}}},{"title":"Young musicians' accounts of significant influences in their early lives: 1","author":[{"name":" Howe M.J.A."},{"name":" Sloboda J.A."}],"host":{"title":"The family and the musical background. British Journal of Music Education","author":[],"volume":"8","pages":{"first":"39","last":"52"}}},{"host":{"title":"Mothers' beliefs and uses of music in the nursery","author":[]}},{"title":"The relationship between maternal parents' musical experience and the musical development of two- and three-year-old girls","author":[{"name":" Jenkins J.M.D."}],"host":{"title":"Dissertation Abstracts International","author":[],"volume":"37","issue":"11","pages":{"first":"7015"}}},{"title":"Why babies love music","author":[{"name":" Johnson H.M."}],"host":{"title":"American Baby","author":[],"volume":"65","issue":"1","pages":{"first":"31","last":"33"}}},{"title":"The power of musical parenting in home and school settings","author":[{"name":" Jordan-DeCarbo J."}],"host":{"title":"Early Childhood Connections","author":[],"volume":"10","issue":"4","pages":{"first":"49","last":"59"}}},{"host":{"title":"A study of infant musical productivity","author":[],"pages":{"first":"35","last":"53"}}},{"title":"An examination of parent/caregiver attitudes toward music instruction, the nature of the home musical environment, and their relationship to the developmental music aptitude of preschool children","author":[{"name":" Mallett C.A."}],"host":{"title":"Dissertation Abstracts International","author":[],"volume":"61","pages":{"first":"1335"}}},{"title":"The reassuring truth about late bloomers","author":[{"name":" McCarthy L.L."}],"host":{"title":"Parenting","author":[],"volume":"18","issue":"1","pages":{"first":"121","last":"126"}}},{"title":"Medical update","author":[],"host":{"title":"American Baby","author":[],"volume":"65","issue":"11","pages":{"first":"22"}}},{"host":{"title":"The school music program: A new vision","author":[]}},{"title":"The effects of music listening on changes in selected physiological parameters in adult pre-surgical patients","author":[{"name":" Miluk-Kolasa B."},{"name":" Matejek M."},{"name":" Stupnicki R."}],"host":{"title":"Journal of Music Therapy","author":[],"volume":"33","pages":{"first":"208","last":"218"}}},{"host":{"title":"Musical environment: Its influence on the preschool child","author":[]}},{"title":"Looking back, looking forward: A report on early childhood music education in accredited","author":[{"name":" Nardo R.L."},{"name":" Custodero L.A."},{"name":" Persellin D.C."},{"name":" Fox D.B."}],"host":{"title":"American preschools. Journal of Research in Music Education","author":[],"volume":"54","pages":{"first":"278","last":"292"}}},{"host":{"title":"Accreditation performance criteria","author":[]}},{"title":"Out of the mouths of babes","author":[],"host":{"title":"Parents","author":[],"volume":"79","issue":"9","pages":{"first":"262"}}},{"host":{"title":"Intuitive parenting: A hidden source of musical stimulation in infancy","author":[],"pages":{"first":"88","last":"112"}}},{"title":"Parenting picks","author":[],"host":{"title":"Parenting","author":[],"volume":"18","issue":"7","pages":{"first":"191"}}},{"host":{"title":"About us","author":[]}},{"title":"The practice problem","author":[{"name":" Pfaff L.G."}],"host":{"title":"Parents","author":[],"volume":"79","issue":"5","pages":{"first":"221","last":"222"}}},{"title":"Rapping rap","author":[],"host":{"title":"Parents","author":[],"volume":"79","issue":"12","pages":{"first":"68"}}},{"title":"Distinctive messages in infant-directed lullabies and play songs","author":[{"name":" Rock A.M.L."},{"name":" Trainor L.J."},{"name":" Addison T."}],"host":{"title":"Developmental Psychology","author":[],"volume":"35","pages":{"first":"527","last":"534"}}},{"title":"The influence of home musical environment upon the musical response of first-grade children","author":[{"name":" Shelton J.S."}],"host":{"title":"Dissertation Abstracts International","author":[],"volume":"26","pages":{"first":"6765","last":"6766"}}},{"title":"Music therapy in the NICU: Promoting the growth and development of premature infants","author":[{"name":" Standley J.M."}],"host":{"title":"Zero to Three","author":[],"volume":"23","issue":"1","pages":{"first":"23","last":"27"}}},{"title":"Therapeutic effects of music and mother's voice on premature infants","author":[{"name":" Standley J.M."},{"name":" Moore R."}],"host":{"title":"Pediatric Nursing","author":[],"volume":"21","pages":{"first":"509","last":"512"}}},{"title":"The world of infants: A world of music","author":[{"name":" Trehub S."}],"host":{"title":"Early Childhood Connections","author":[],"volume":"2","issue":"4","pages":{"first":"27","last":"34"}}},{"title":"Singing to infants: Lullabies and playsongs","author":[{"name":" Trehub S.E."},{"name":" Trainor L.J."}],"host":{"title":"Advances in Infancy Research","author":[],"volume":"12","pages":{"first":"43","last":"77"}}},{"host":{"title":"Harmonic development: Music's impact to age three","author":[]}},{"title":"Baby love: 15 simple, unexpected joys of becoming a parent","author":[{"name":" Yaquib R."}],"host":{"title":"Parents","author":[],"volume":"79","issue":"4","pages":{"first":"132"}}},{"title":"Parental involvement, gender, and learning outcomes among instrumentalists","author":[{"name":" Zdzinski S.F."}],"host":{"title":"Contributions to Music Education","author":[],"volume":"21","pages":{"first":"73","last":"89"}}},{"title":"Parental involvement, selected student attributes, and learning outcomes in instrumental music","author":[{"name":" Zdzinski S.F."}],"host":{"title":"Journal of Research in Music Education","author":[],"volume":"44","pages":{"first":"34","last":"48"}}}],"genre":["other"],"host":{"title":"Update: Applications of Research in Music Education","language":["unknown"],"issn":["8755-1233"],"eissn":["1945-0109"],"publisherId":["UPD"],"volume":"26","issue":"2","pages":{"first":"17","last":"26"},"genre":["journal"]},"namedEntities":{"unitex":{"date":["2005","1960s","2006","2008","2004"],"geogName":[],"orgName":["Udtaisuk Chulalongkorn University","American Baby","National Association for the Education of Young Children","National Standards and related publications","United States, Parents","MENC’s National Standards","Sims University","Chulalongkorn University","Teachers National Center","and American Baby","University of Missouri–Columiba"],"orgName_funder":[],"orgName_provider":[],"persName":["You Need","J. C. Peery","Tom Chapin","National Association for the Education of Young Children.","Arthur Rubenstein","Holland","Leslie Garisto","Love Music","I. W. Peery","Authors","T. W. Draper","Baby Einstein","Sandra Trehub","B. Udtaisuk","Parents as Teachers National Center.","Baby Beethoven","Music Educators National Conference.","Dan Zanes","J. A. Sloboda","I. Delige","Norman Weinberger"],"placeName":["United States","Motown"],"ref_url":["http://www.mediamark.com/"],"ref_bibl":["Balmain, 2004, p. 29","Trehub, 1996","Standley & Moore, 1995","Howe & Sloboda, 1991","Coulter, 2002","McCarthy, 2004","Shelton, 1965","DeFrece, 1988","Miluk-Kolasa, Matejek, & Stupnicki, 1996","Jenkins, 1976","Bal, 2004, p. 182","Alpanian, 2003","Custodero and JohnsonGreen (2003)","Music Educators National Conference, 1994","Kelley & Sutton-Smith, 1987","Brand (1986)","BoyceTillman, 2002","Cain, 1991","Ilari, 2002","Nardo, Custodero, Persellin, & Fox, 2006, p. 290","Moore, 1982","Walters, 2000","Rock, Trainor, & Addison, 1999","Trehub & Trainor, 1998","JordanDeCarbo, 2004","Dai and Schader (2002)","Custodero & Johnson-Green, 2003","Zdzinski, 1994","Duke et al. (1997)","Standley, 2002","Custodero and Johnson-Green (2003)","Papousek, 1996","Cevasco & Grant, 2005","Custodero et al. (2002)","Cheek, Bradley, & Reynolds, 2002","Freeman, 1976","Duke, Flowers, and Wolfe (1997)"],"bibl":[]}},"ark":["ark:/67375/M70-P4ZFWNNL-8"],"categories":{"inist":["1 - sciences humaines et sociales"]},"publicationDate":"2008","copyrightDate":"2008","enrichments":{"type":["nb","teeft","unitex"]},"doi":["10.1177/8755123308317682"],"_id":"2CBD31A51E48280BAC9C7F6DB1BE91C65470322C"}