{"corpusName":"oup","keywords":{"teeft":["andante","allegretto","cantabile","piano sonata","molto","malzel","tempo","espressivo","adagio","string quartet","troppo","largo","moto","musical quarterly","metric","metronome","tempo unit","tempo indication","quasi","metric unit","metronome marking","violin sonata","poco","grazioso","espressione","kolisch","larghetto","scherzoso","metronomic","string trio","piano trio","andante cantabile","rondo","adagio cantabile","piano concerto","tempo category","same tempo","metronomic indication","battle symphony","performance practice","allegro","whole measure","note value","molto cantabile","violin concerto","italian term","molto adagio","allegretto quasi allegro","second movement","sonata","beethoven","third movement","metronome scale","ninth symphony","first performance","missa solemnis","meter signature","integral part","objective category","musical idea","tempo ordinarii","slow movement","tempo question","barbarous day","first time","prince regent","metronomic marking","quarter note","adagio sostenuto","conventional category","mechanical apparatus","different piece","other time","cello sonata","adagio molto","contemporary musician","adagio molto espressivo","adagio molto semplice","triple concerto","second symphony","artistic freedom","special case","poco scherzoso","half note","many composer","andante molto mosso","mere nuance","beethoven scholarship","variation theme","grazioso rondo","poco allegretto","subjective validity","allegretto vivace","slow tempo","david satz","rudolf kolisch","complete distortion"]},"author":[{"name":"Rudolf Kolisch"}],"articleId":["77.1.90"],"arkIstex":"ark:/67375/HXZ-9GK99P0S-P","language":["eng"],"originalGenre":["other"],"qualityIndicators":{"score":5.05,"pdfWordCount":8834,"pdfCharCount":50132,"pdfVersion":1.3,"pdfPageCount":42,"pdfPageSize":"488 x 724 pts","pdfWordsPerPage":210,"pdfText":true,"refBibsNative":false,"abstractWordCount":0,"abstractCharCount":0,"keywordCount":0},"title":"Tempo and Character in Beethoven's Music","refBibs":[{"host":{"title":"Piano Trio, op. l/III Serenade, op","author":[]}},{"title":"Andante quasi Allegretto Tema con Variazioni Once, in a conversation about Beethoven's metronome marks, a well-known conductor refused to consider them, on the ground that Beethoven had brought suit against Malzel because his metronome had proved wholly unreliable! What passions must be raging in a musician's heart if his mind can believe such an absurdity! 2","author":[],"publicationDate":"1911-04","host":{"title":"Stem","publicationDate":"1911-04","author":[],"pages":{"first":"13","last":"80"}}},{"host":{"publicationDate":"1872","author":[{"name":"Gustav Nottebohm"},{"name":" Beethoveniana"},{"name":" Leipzig"}],"pages":{"first":"131"}}},{"author":[],"publicationDate":"1961","host":{"title":"The Letters of Beethoven","publicationDate":"1961","author":[],"pages":{"first":"806"}}},{"host":{"author":[{"name":" Letters Of Beethoven"}],"pages":{"first":"1314","last":"1315"}}},{"host":{"author":[{"name":" Letters Of Beethoven"}],"pages":{"first":"1325"}}},{"host":{"author":[{"name":" Letters Of Beethoven"}],"pages":{"first":"727","last":"728"}}},{"host":{"title":"Beethoven is reported to have said to Schuppanzigh","publicationDate":"1884","author":[],"pages":{"first":"41"}}},{"host":{"title":"For the original French of this letter, see the Deiters edition of Alexander Wheelock Thayer's Ludwig van Beethovens Leben Tempo and Character in Beethoven","publicationDate":"1908","author":[],"pages":{"first":"558"}}},{"host":{"title":"10 Most interesting in this context is the case of Beia Bart6k, whose conception of tempo was so exact that the indications given on the metronome scale were not sufficient for him. Thus he might indicate J = 130, but would note right away, as I had repeated occasion to observe, the slightest deviation from that tempo","author":[]}}],"genre":["other"],"host":{"title":"The Musical Quarterly","language":["unknown"],"issn":["0027-4631"],"eissn":["1741-8399"],"publisherId":["musqtl"],"volume":"77","issue":"1","pages":{"first":"90","last":"131"},"genre":["journal"],"subject":[{"value":"Institutions, Industries, Technologies"}]},"namedEntities":{"unitex":{"date":["1813","1772","1992","1872","1961","1970s","1817"],"geogName":[],"orgName":["American Musicological Society"],"orgName_funder":[],"orgName_provider":[],"persName":["Ashton Ellis","Alia Polacca","Regent","Marcia Tunebre","Richard Wagner","C. W. Stem","Emily Anderson","German Romanticism","David Satz","Bernhard Marx","Court Machinist","Johann Nepomuk","Rudolf Kolisch","Fritz Prelinger","Gustav Nottebohm","Beethoven","Largo Marcia","Largo Op","Ludwig van Beethoven","Gustav Behncke","C.F. Peters","Alexander Wheelock","York Chapter","Thomas Y. Levin","Arthur Mendel","Character","Rudolph Stephan","Kolisch","Largo Tempo","Regina Busch","Nottebohm"],"placeName":["Leipzig","Philadelphia","Paris","United States","Munich","Austria","London","Europe","America","Vienna","York"],"ref_url":[],"ref_bibl":["Leipzig: Reimann, 1908","April 1979","Berlin: Verlag von Ottojanke, 1884"],"bibl":[]}},"ark":["ark:/67375/HXZ-9GK99P0S-P"],"categories":{"wos":[],"scienceMetrix":["1 - arts & humanities","2 - visual & performing arts","3 - music"],"scopus":["1 - Social Sciences","2 - Arts and Humanities","3 - Music"]},"publicationDate":"1993","copyrightDate":"1993","enrichments":{"type":["multicat","refBibs","teeft","unitex"]},"doi":["10.1093/mq/77.1.90"],"_id":"57E0E0820AEFEB35D9530956D63DED2F9193B967"}