{"corpusName":"oup","keywords":{"teeft":["allegretto","symphonic march","andante","beethoven movement","second movement","major symphony","symphonic movement","berlioz","corresponding movement","minor movement","architectural outline","first movement","beethoven allegretto","same idea","octave higher","gute nacht","rhythmic pattern","seventh symphony","certain similarity","same time","sharp relief","richard capell","march element","strict period","musical symbol","structural plan","harold theme","striking example","harold symphony","whole movement","symphonic"]},"author":[{"name":"MOSCO CARNER"}],"articleId":["XX.3.281"],"arkIstex":"ark:/67375/HXZ-LWBDQJJK-X","language":["eng"],"originalGenre":["research-article"],"qualityIndicators":{"score":3.587,"pdfWordCount":3537,"pdfCharCount":19235,"pdfVersion":1.3,"pdfPageCount":11,"pdfPageSize":"477 x 698 pts","pdfWordsPerPage":322,"pdfText":true,"refBibsNative":false,"abstractWordCount":0,"abstractCharCount":0,"keywordCount":0},"title":"A BEETHOVEN MOVEMENT AND ITS SUCCESSORS","genre":["research-article"],"host":{"title":"Music and Letters","language":["unknown"],"issn":["0027-4224"],"eissn":["1477-4631"],"publisherId":["musicj"],"volume":"XX","issue":"3","pages":{"first":"281","last":"291"},"genre":["journal"],"subject":[{"value":"Articles"}]},"namedEntities":{"unitex":{"date":["1813","1939","1827","1830"],"geogName":[],"orgName":[],"orgName_funder":[],"orgName_provider":[],"persName":["Mendelssohn","Richard Capell","Ludwig van Beethoven","Symphony"],"placeName":["Vienna","Rome","Italy"],"ref_url":[],"ref_bibl":["Duckworth, London, 1938"],"bibl":[]}},"ark":["ark:/67375/HXZ-LWBDQJJK-X"],"categories":{"wos":[],"scienceMetrix":["1 - arts & humanities","2 - visual & performing arts","3 - music"],"scopus":["1 - Social Sciences","2 - Arts and Humanities","3 - Music"]},"publicationDate":"1939","copyrightDate":"1939","enrichments":{"type":["multicat","refBibs","teeft","unitex"]},"doi":["10.1093/ml/XX.3.281"],"_id":"3DAC146D7325C9BA223275A4030EBF96A5ED6D8D"}