{"corpusName":"oup","author":[{"name":"RALPH W. WOOD"}],"articleId":["XI.4.375"],"arkIstex":"ark:/67375/HXZ-P10GBRJ3-W","language":["eng"],"originalGenre":["research-article"],"qualityIndicators":{"score":2.735,"pdfWordCount":2685,"pdfCharCount":14303,"pdfVersion":1.3,"pdfPageCount":8,"pdfPageSize":"473 x 697 pts","pdfWordsPerPage":336,"pdfText":true,"refBibsNative":false,"abstractWordCount":0,"abstractCharCount":0,"keywordCount":0},"title":"PUTTING IN THE EXPRESSION","genre":["research-article"],"host":{"title":"Music and Letters","language":["unknown"],"issn":["0027-4224"],"eissn":["1477-4631"],"publisherId":["musicj"],"volume":"XI","issue":"4","pages":{"first":"375","last":"382"},"genre":["journal"],"subject":[{"value":"Articles"}]},"namedEntities":{"unitex":{"date":["1820","1930","2120"],"geogName":[],"orgName":[],"orgName_funder":[],"orgName_provider":[],"persName":["Teresa Banger","Josef Holbrooke","Beethoven"],"placeName":[],"ref_url":[],"ref_bibl":[],"bibl":[]}},"ark":["ark:/67375/HXZ-P10GBRJ3-W"],"categories":{"wos":[],"scienceMetrix":["1 - arts & humanities","2 - visual & performing arts","3 - music"],"scopus":["1 - Social Sciences","2 - Arts and Humanities","3 - Music"]},"publicationDate":"1930","copyrightDate":"1930","enrichments":{"type":["multicat","refBibs","unitex"]},"doi":["10.1093/ml/XI.4.375"],"_id":"FAE9C53ADCA1918F31CC7A1BC19A12726A64F5D4"}