{"corpusName":"oup","author":[{"name":"EVA MARY GREW"}],"articleId":["XXVII.2.102"],"arkIstex":"ark:/67375/HXZ-FPRXRZ4F-Z","language":["eng"],"originalGenre":["research-article"],"qualityIndicators":{"refBibsNative":false,"abstractWordCount":0,"abstractCharCount":0,"keywordCount":0,"score":4.303,"pdfWordCount":4253,"pdfCharCount":21388,"pdfVersion":1.3,"pdfPageCount":7,"pdfPageSize":"625 x 807 pts","pdfWordsPerPage":608,"pdfText":true},"title":"THE CREATIVE FACULTY","genre":["research-article"],"host":{"title":"Music and Letters","language":["unknown"],"issn":["0027-4224"],"eissn":["1477-4631"],"publisherId":["musicj"],"volume":"XXVII","issue":"2","pages":{"first":"102","last":"108"},"genre":["journal"],"subject":[{"value":"Articles"}]},"namedEntities":{"unitex":{"date":["the seventeenth century","1946","the eighteenth century"],"geogName":[],"orgName":[],"orgName_funder":[],"orgName_provider":[],"persName":["Ferruccio Busoni","Arturo Toscanini","Poe","Even Beethoven","Allan Poe","Herbert Reed","Walter Pater","Men","Richard Woodhouse","Johnson"],"placeName":["Germany","Stratford","France","Italy","Palestrina"],"ref_url":[],"ref_bibl":[],"bibl":[]}},"ark":["ark:/67375/HXZ-FPRXRZ4F-Z"],"categories":{"wos":[],"scienceMetrix":["1 - arts & humanities","2 - visual & performing arts","3 - music"],"scopus":["1 - Social Sciences","2 - Arts and Humanities","3 - Music"]},"publicationDate":"1946","copyrightDate":"1946","enrichments":{"type":["multicat","refBibs","unitex"]},"doi":["10.1093/ml/XXVII.2.102"],"_id":"CC3A2325132F1C22589DCFE19DEA497F565CC032"}