{"corpusName":"oup","keywords":{"teeft":["nephew karl","beethoven family","minnie","young lady","deep cleft","square chin","posthumous work","musical quarterly","herr weidinger","uncle beeth6ven","personal inclination","dire necessity","remotest association","keener attention","warmer name","lower austrian marchfeld","chief duty","thtodore baker","little curiosity","sympathetic young girl","sensitive temperament","incredible mass","artistic structure","comical masterpiece","viennese fashion","lifelong fondness","youthful pupil","abundant tress half loosed","thick braid","bare shoulder","vast amount","caroline naske","course minnie","inquisitive damsel","possible resemblance","great composer","family likeness","second portrait","profound impression","felicitous gift","dark eye","much more zeal","great name","excellent memory","numerous attempt","happy result","pedagogical talent","great deal","favorite piece","tobias haslinger","compelling kindliness","last edition","thematic catalogue","fiirsten karl","chronological catalogue","code napolion","noble trait","great popularity","claim beethoven","original form","profound conviction","deeper intimacy","hard life","vital interest","private life","young child","karl julius maria","austrian army","vienna daily newspaper","such late descendant","certain skepticism","personal reminiscence","comparative swiftness","entire family","exhilarating element","instinctive feeling","straitened circumstance","occasional gleam","vienna court opera","such evening","innermost nature","herr axmann","various letter","erstwhile pupil","uneventful life","general interest","personal recollection","sister caroline","useful talent","acquaintance minnie","maria komorn","last scion","several year","youthful sentimentality","maiden year","rightful claim","singular request","particular favor","latesurviving member","youthful eagerness","least approach","such belated kindred","illustrious genius","everyday concern","great kinsman","moderate expectation","strange impassivity","certain bourgeois hebetude","sister minnie","great vivacity","musical aptitude","direct tradition","memorable family affair","trifling reminiscence","trivial souvenir","family picture","early edition","short sketch","penultimate syllable","many viennese","comical threat","best conversational wile","family resemblance","beethoven sister","gabriele heimler","many year","faithful guardian","valuable family souvenir","personal recollection date","vast structural complex","numerous courtyard","original shape","twentieth century","spanish benedictine monk","hallowed shrine","immortal spirit","thoughtless administration","site modern apartment house","city government","sufficient reverence","last dwelling undisturbed","precious shrine","more difficult problem","much trouble","young girl","dark entrancehall","great many","last dwelling","second flight","several bare","tenantless state","cheerless impression","latest occupant","infinite melancholy","empty abode","large number","solitary individual","present shortage","large family","small one","spacious suite","happier period","housing facility","empty room","mind heavy","appropriate burial service","numerous photograph","last abode","admirable institution","public monument department","valuable structural","cultural monument","historical interest","protection last dwelling place","human probability","several house","charming little suburban home","many different place","short time","other city","beethoven minnie"]},"author":[{"name":"MARIA KOMORN"}],"translator":[{"name":"Theodore Baker"}],"articleId":["XVIII.4.628"],"arkIstex":"ark:/67375/HXZ-R3B2G9VB-Z","language":["eng"],"originalGenre":["research-article"],"qualityIndicators":{"score":2.382,"pdfWordCount":2332,"pdfCharCount":12698,"pdfVersion":1.3,"pdfPageCount":8,"pdfPageSize":"439 x 685 pts","pdfWordsPerPage":292,"pdfText":true,"refBibsNative":false,"abstractWordCount":0,"abstractCharCount":0,"keywordCount":0},"title":"MINNIE VAN BEETHOVEN","genre":["research-article"],"host":{"title":"The Musical Quarterly","language":["unknown"],"issn":["0027-4631"],"eissn":["1741-8399"],"publisherId":["musqtl"],"volume":"XVIII","issue":"4","pages":{"first":"628","last":"633"},"genre":["journal"],"subject":[{"value":"Articles"}]},"namedEntities":{"unitex":{"date":["1820","1832","1872","1855","1844","twentieth century","1932","1919","1830","1846"],"geogName":[],"orgName":[],"orgName_funder":[],"orgName_provider":[],"persName":["Minnie van Beethoven","Caroline Naske","Karl von Schwarzenberg","Court Opera","J. H. Walch","Maria van Beethoven","Gabriele Heimler"],"placeName":["Leipzig","Munich","Graz","Gotha","America","Vienna","Heiligenstadt"],"ref_url":[],"ref_bibl":[],"bibl":[]}},"ark":["ark:/67375/HXZ-R3B2G9VB-Z"],"categories":{"wos":[],"scienceMetrix":["1 - arts & humanities","2 - visual & performing arts","3 - music"],"scopus":["1 - Social Sciences","2 - Arts and Humanities","3 - Music"]},"publicationDate":"1932","copyrightDate":"1932","enrichments":{"type":["multicat","refBibs","teeft","unitex"]},"doi":["10.1093/mq/XVIII.4.628"],"_id":"4D11FBA3B2DE2B2778922C88D0C9DC1FEB12B9C8"}