{"corpusName":"oup","keywords":{"teeft":["finscher","string quartet","motivic","opus","chamber music","haydn","sonata form","eighteenth century","quartet","thematic","divertimento","stylistic","rondo","genre","orchestral music","last movement","second half","slow movement","other hand","quartet opus","classic style","entertainment music","ludwig finscher","imperial court","performance practice","classical model","other genre","young beethoven","decisive step","quatuor brillant","baryton trio","quartet composition","musical quarterly","seventeenth century","ground rule","piano sonata","great master","development section","opening movement","quartet symphony","thematic material","quartet divertimento","basso continuo","classical quartet","specie"]},"author":[{"name":"P. H. L."}],"articleId":["LXIII.1.133"],"arkIstex":"ark:/67375/HXZ-MP0JQZGJ-P","language":["eng"],"originalGenre":["book-review"],"qualityIndicators":{"score":4.924,"pdfWordCount":4874,"pdfCharCount":27903,"pdfVersion":1.3,"pdfPageCount":11,"pdfPageSize":"433 x 672 pts","pdfWordsPerPage":443,"pdfText":true,"refBibsNative":false,"abstractWordCount":0,"abstractCharCount":0,"keywordCount":0},"title":"REVIEWS OF BOOKS","genre":["book-reviews"],"host":{"title":"The Musical Quarterly","language":["unknown"],"issn":["0027-4631"],"eissn":["1741-8399"],"publisherId":["musqtl"],"volume":"LXIII","issue":"1","pages":{"first":"133","last":"143"},"genre":["journal"],"subject":[{"value":"REVIEWS OF BOOKS"}]},"namedEntities":{"unitex":{"date":["1772","the seventeenth century","1762","the nineteenth and twentieth centuries","the nineteenth century","the sixteenth and seventeenth centuries","1977","1775","1798","before the eighteenth century","the eighteenth century"],"geogName":[],"orgName":["Austria and Bohemia"],"orgName_funder":[],"orgName_provider":[],"persName":["Ludwig Finscher","Emanuel Bach","Alessandro Scarlatti","Hans Engel","Fausto Torrefranca","Robert Sondheimer","Verdi","Adolf Sandberger","Finscher","Walter Wiora","Roman Hoffstetter","Boccherini"],"placeName":["Paris","Germany","Yugoslavia","Austria","Mannheim","Kassel","Vienna","Amsterdam","France","Italy"],"ref_url":[],"ref_bibl":[],"bibl":[]}},"ark":["ark:/67375/HXZ-MP0JQZGJ-P"],"categories":{"wos":[],"scienceMetrix":["1 - arts & humanities","2 - visual & performing arts","3 - music"],"scopus":["1 - Social Sciences","2 - Arts and Humanities","3 - Music"]},"publicationDate":"1977","copyrightDate":"1977","enrichments":{"type":["multicat","refBibs","teeft","unitex"]},"doi":["10.1093/mq/LXIII.1.133"],"_id":"7F148BB92FF0FC7B20F39CF0A505DB880E763967"}