{"corpusName":"oup","keywords":{"teeft":["klinger","darwinismus","klimt","haeckel","darwinian","wiener","gustav klimt","beethoven frieze","gustav","darwinian vision","reiter","bahr","bolsche","zuckerkandl","neue","secession","koja","hermann","freie","leipzig","hermann bahr","ernst haeckel","stohr","musical quarterly","overview","iconography","monism","philosophie","ninth symphony","gustav mahler","bronn","natur","social darwinism","hevesi","neue freie presse","uber","golden knight","josef reiter","presse","beethoven exhibition","april","lipiner","wagner academic society","kampf","wien","naturliche","kunst","natural selection","beethoven monument","secession artist","kelly","klinger beethoven exhibition","cambridge university press","wiener caricaturen","natural science","darwin","mahler","stephan koja","secession building","darwinism","braun","german darwinism","vienna secession","oxford university press","emil zuckerkandl","ernst stohr","berta zuckerkandl","ludwig hevesi","alice strobl","emil","beethoven","medical school","comparative survey","natural world","richard wagner","vienna opera","negative review","alma schindler","neue wiener tagblatt","musical quarterly figure","franz servaes","wagner society","naturliche zuchtwahl","wiener luft","biblical quotation","exhibition catalogue","emily braun","beethoven reception","georg reimer","alfred krone","acht jahre secession","faculty painting philosophy","eduard potzl","josef","gustav beethoven frieze","director mahler","nastiest woman","wide range","eternal struggle","wondrous power","popular culture","lifelong supporter","great deal","primary goal","contemporary composer","naturliche schopfungsgeschichte","internationale interview","german culture","shofar player","jewish population","bernard williams","rash attempt","gain strength","constance areson clark","original interior","exhibition space","general public","original theory","concert hall","sander gliboff","wiener zeitung","national monument","siegfried lipiner","deutsche zeitung","public display","heinrich bronn","marsha morton","founding member","brahms fantasy","song cycle","music issue","several year","frohliche wissenschaft","fritz lohr","regular member","bildenden kunste leipzig","bildarchiv preussischer resource","central wall","right wall","catalogue description","neues wiener tagblatt","wilhelm bolsche","sexual love","anthony kelly","primordial day","research center","evolution study","leopold schenk","sexual bliss","positive review","assyrische schwimmschule","klingers beethovenstatue","precise meaning","welt abhanden gekommen","paul stefan","bild seiner personlichkeit","vereinigung bildender kunstler osterreichs secession wien","general reader","darwinian term","carl schorske","kelly note","symphony botcher","early twentieth century","emil strauss","direct reference","jugendstil floral funktional","english translation","neue gallerie","embryological development","various stage","viennese modernism","gegen klimt","jeremy barham","william weber","cornell university press","yale university press","wiener akademischen wagnervereins","universal edition","david pickett","gemeinverstandliche studien uber monistische philosophie","nothing more","karen painter","music criticism","illustrierte zeitung","ernst","franz","specie","schenk","vienna"]},"author":[{"name":"Anna Harwell Celenza","affiliations":["E-mail: ahc27@georgetown.edu"]}],"articleId":["gdq002"],"arkIstex":"ark:/67375/HXZ-SBTFKZ9H-9","language":["eng"],"originalGenre":["research-article"],"qualityIndicators":{"score":6.383,"pdfWordCount":16295,"pdfCharCount":98388,"pdfVersion":1.5,"pdfPageCount":46,"pdfPageSize":"504 x 720 pts","pdfWordsPerPage":354,"pdfText":true,"refBibsNative":false,"abstractWordCount":0,"abstractCharCount":0,"keywordCount":0},"title":"Darwinian Visions: Beethoven Reception in Mahler's Vienna","genre":["research-article"],"host":{"title":"The Musical Quarterly","language":["unknown"],"issn":["0027-4631"],"eissn":["1741-8399"],"publisherId":["musqtl"],"volume":"93","issue":"3-4","pages":{"first":"514","last":"559"},"genre":["journal"]},"namedEntities":{"unitex":{"date":["1860","1880s","1902","1888","the nineteenth century","1890s","twentieth century","1873","2010-02-25","1830s","1900","1870s"],"geogName":[],"orgName":["National Monument","University of Vienna","Germany and Austria","In Germany and Austria"],"orgName_funder":[],"orgName_provider":[],"persName":["Ludwig Hevesi","Ver Sacrum","Franz Wickhoff","Franz Schaumann","Alice","Wilhelm Neumann","Wickhoff","Otto Wagner","Viktor Carus","Klimt","Hugo von Hofmannsthal","Ernst Haeckel","Clark","Hermann Bahr","Beethoven Monument","Gustav Fechner","Richard Wagner","Bronn","Gregor Mendel","Arthur Schnitzler","Sander Gliboff","Eduard Potzl","Sigmund Freud","Jean-Baptiste Lamarck","Friedrich Schauta","Heinrich Georg","Kelly","Carl Schorske","Joseph Maria","Max Klinger","Emil Zuckerkandl","Strobl","Constance Areson","Leopold Schenk","Berta Zuckerkandl","Naturphilosophie","Emily Braun","Wilhelm von Hartel","Max Burckhard","Theodor Herzl","Gustav Mahler","Gustav Klimt","German Darwinism"],"placeName":["Munich","Austria","Darwin","Europe","Bayreuth","Vienna"],"ref_url":[],"ref_bibl":[],"bibl":[]}},"ark":["ark:/67375/HXZ-SBTFKZ9H-9"],"categories":{"wos":[],"scienceMetrix":["1 - arts & humanities","2 - visual & performing arts","3 - music"],"scopus":["1 - Social Sciences","2 - Arts and Humanities","3 - Music"]},"publicationDate":"2010","copyrightDate":"2010","enrichments":{"type":["multicat","refBibs","teeft","unitex"]},"doi":["10.1093/musqtl/gdq002"],"_id":"42362BA214904577684C5985255FF83CB838D878"}