{"corpusName":"cambridge","author":[{"name":"Hans Keller"}],"articleId":["03633"],"arkIstex":"ark:/67375/6GQ-KJHNCJ78-0","language":["eng"],"originalGenre":["research-article"],"abstract":"In my experience, anniversary articles about living composers, read a few decades after the event, seem terribly stale and drab—the righter, the staler. The reason is clear. Articles which time proves wrong have, at least, a period flavour: how delightful to see how ‘great’ Spohr or Spontini used to be. (There are also those, of course, which time proves wrongly wrong, at any rate for a time: the period flavour of Mendelssohn's greatness is gradually evaporating, his timeless greatness re-emerging). But to see how right Rochlitz was about Beethoven, or how right—about 40 years too late—I was about Schoenberg, is shatteringly tedious: we don't dive into the past in order to watch how, sweat dripping from its self–righteous forehead, it laboriously discovers the obvious. The prophet's tragedy is that by the time he's right he's out of date with the noise he makes. There will never be any professional prophets, as opposed to those enthusiastic amateurs, good luck to them. It is an unrewarding occupation, a pastime in the most profoundly literal sense of the word.","qualityIndicators":{"score":5.946,"pdfWordCount":1834,"pdfCharCount":10139,"pdfVersion":1.4,"pdfPageCount":7,"pdfPageSize":"488.88 x 722.88 pts","refBibsNative":false,"abstractWordCount":176,"abstractCharCount":1076,"keywordCount":0},"title":"The World Around Britten","pii":["S0040298200036330"],"genre":["research-article"],"host":{"title":"Tempo","language":["unknown"],"issn":["0040-2982"],"eissn":["1478-2286"],"publisherId":["TEM"],"issue":"66-67","pages":{"first":"32","last":"34","total":"3"},"genre":["journal"]},"ark":["ark:/67375/6GQ-KJHNCJ78-0"],"categories":{"inist":["1 - sciences humaines et sociales"]},"publicationDate":"1963","copyrightDate":"1963","enrichments":{"type":["nb","refBibs"]},"doi":["10.1017/S0040298200036330"],"_id":"CEC5781DDFFB8FF553E7820680E8C85DF9CB4C3C"}