{"corpusName":"oup","keywords":{"teeft":["septet","clarinet","cello","military band","bassoon","band piece","clarinet part","variation movement","musical quarterly","flute","piano trio opus","high instrument","septet opus","trio version","opus","last instrument","second horn","military music","separate instrument","formative principle","wind instrument","early handwriting","cello part","first movement","viola part","other instrument","first horn","piano clarinet","string version","arthur holde","musical detail","violin part"]},"author":[{"name":"MYRON SCHWAGER"}],"articleId":["LVI.4.727"],"arkIstex":"ark:/67375/HXZ-38BLW6JS-Q","language":["eng"],"originalGenre":["research-article"],"qualityIndicators":{"score":4.095,"pdfWordCount":4045,"pdfCharCount":22039,"pdfVersion":1.3,"pdfPageCount":15,"pdfPageSize":"440 x 680 pts","pdfWordsPerPage":270,"pdfText":true,"refBibsNative":false,"abstractWordCount":0,"abstractCharCount":0,"keywordCount":0},"title":"BEETHOVEN'S SEPTET, OPUS 20: AN ARRANGEMENT FOR MILITARY BANDD","refBibs":[],"genre":["research-article"],"host":{"title":"The Musical Quarterly","language":["unknown"],"issn":["0027-4631"],"eissn":["1741-8399"],"publisherId":["musqtl"],"volume":"LVI","issue":"4","pages":{"first":"727","last":"741"},"genre":["journal"],"subject":[{"value":"Articles"}]},"namedEntities":{"unitex":{"date":["1732","1970","1825","in the eighteenth and nineteenth centuries","1800","nineteenth century","1805"],"geogName":[],"orgName":["Academy of Military Medicine"],"orgName_funder":[],"orgName_provider":[],"persName":["Johann Schmidt","Joseph Frohlich","Donald MacArdle","Schmidt","Henry FonLT","Stefan von Ertmann","Crusell","Bernhard Crusell","Willy Hess","Ludwig van Beethovens","An Arrangement","In","Frederick Starke","Gustav Nottebohm","Beethoven","C. F. Peters","Metternich","Daniel Fryklund","Anatomy","Ludwig van Beethoven","Georg Kinky","Arthur Holde","Eugene E. Rouraeau","Charles F. Tretbar","Dorothea von Ertmann"],"placeName":["Bern","Europe","Vienna","Sweden"],"ref_url":[],"ref_bibl":["Leipzig, 1887","Munich, 1955","June, 1802","January, 1805","Bonn, 1810","London, 1961","Wiesbaden, 1957"],"bibl":[]}},"ark":["ark:/67375/HXZ-38BLW6JS-Q"],"categories":{"wos":[],"scienceMetrix":["1 - arts & humanities","2 - visual & performing arts","3 - music"],"scopus":["1 - Social Sciences","2 - Arts and Humanities","3 - Music"]},"publicationDate":"1970","copyrightDate":"1970","enrichments":{"type":["multicat","refBibs","teeft","unitex"]},"doi":["10.1093/mq/LVI.4.727"],"_id":"F20F12D4D95D04CEA9DA61E0D504B6803895B2E1"}