{"corpusName":"oup","keywords":{"teeft":["plutarch","moralia","trans","brother johann","greek classic","alan tyson","moralia essay","breitkopf hartel","beethoven"]},"author":[{"name":"E. KERR BORTHWICK"}],"articleId":["79.2.268"],"arkIstex":"ark:/67375/HXZ-NPHFK76F-8","language":["eng"],"originalGenre":["in-brief"],"qualityIndicators":{"score":2.709,"pdfWordCount":2659,"pdfCharCount":14393,"pdfVersion":1.2,"pdfPageCount":5,"pdfPageSize":"460 x 706 pts","pdfWordsPerPage":532,"pdfText":true,"refBibsNative":false,"abstractWordCount":0,"abstractCharCount":0,"keywordCount":0},"title":"BEETHOVEN AND PLUTARCH","refBibs":[{"host":{"title":"This cultural periodical is discussed in Rudolf Hauser, 'Zur Geschichte der Wiener Zeitschrift \"Prometheus","publicationDate":"1808","author":[],"pages":{"first":"308","last":"28"}}},{"host":{"title":"The Letters oj Beethoven, trans. Anderson, i. 235, letter 220","author":[]}},{"author":[],"publicationDate":"1964","host":{"title":"Verein Beethoven-Haus Bonn","publicationDate":"1964","author":[],"pages":{"first":"1889","last":"1964"}}}],"genre":["article"],"host":{"title":"Music and Letters","language":["unknown"],"issn":["0027-4224"],"eissn":["1477-4631"],"publisherId":["musicj"],"volume":"79","issue":"2","pages":{"first":"268","last":"272"},"genre":["journal"],"subject":[{"value":"IN BREIF"}]},"namedEntities":{"unitex":{"date":["1808","1998","1809","1811","1823","after the third century"],"geogName":[],"orgName":[],"orgName_funder":[],"orgName_provider":[],"persName":["Joseph Ludwig","D. M. Robinson","Joseph Schmidt-Gorg","Herbert Grundmann","O. G. Sonneck","Franz Brentano","Heinrich von Collin","Rudolf Hauser","Karl-Heinz Kohler","Emily Anderson","Stephan von Breuning","J. R. Schultz","Donald W. MacArdle","Anton Felix","Christoph August","Franz Wegeler","Beethoven","Dagmar Beck","Theodore Albrecht","Carl Leopold","Lucius Brutus","Nanette Streicher","Christian Adolph","Alan Tyson","John G. Griffiths"],"placeName":["Leipzig","Berlin","Greece","Bonn","Cardiff","Vienna","York","Cambridge","Seckendorf","Heiligenstadt"],"ref_url":[],"ref_bibl":["March 1812"],"bibl":[]}},"ark":["ark:/67375/HXZ-NPHFK76F-8"],"categories":{"wos":[],"scienceMetrix":["1 - arts & humanities","2 - visual & performing arts","3 - music"],"scopus":["1 - Social Sciences","2 - Arts and Humanities","3 - Music"]},"publicationDate":"1998","copyrightDate":"1998","enrichments":{"type":["multicat","refBibs","teeft","unitex"]},"doi":["10.1093/ml/79.2.268"],"_id":"6000479565348DDB43FEF9EB4A84AEE317BD92AE"}