{"corpusName":"oup","keywords":{"teeft":["adelaide","magdalena","musical quarterly","emotional life","magdalena willmann","musical inspiration","nothing less","young lady","young beethoven","same time","second part","considerable period","archduke maximilian"]},"author":[{"name":"MARTIAL DOUËL"}],"articleId":["XIII.2.208"],"arkIstex":"ark:/67375/HXZ-RM05BP9T-6","language":["eng"],"originalGenre":["research-article"],"qualityIndicators":{"score":3.267,"pdfWordCount":3217,"pdfCharCount":17704,"pdfVersion":1.3,"pdfPageCount":11,"pdfPageSize":"451 x 678 pts","pdfWordsPerPage":292,"pdfText":true,"refBibsNative":false,"abstractWordCount":0,"abstractCharCount":0,"keywordCount":0},"title":"BEETHOVEN'S “ADELAÏDE”","genre":["research-article"],"host":{"title":"The Musical Quarterly","language":["unknown"],"issn":["0027-4631"],"eissn":["1741-8399"],"publisherId":["musqtl"],"volume":"XIII","issue":"2","pages":{"first":"208","last":"216"},"genre":["journal"],"subject":[{"value":"Articles"}]},"namedEntities":{"unitex":{"date":["1802","1799","1790","1795","1808","1796","1705","1792","1800","1797","1823","1801","1806","1794"],"geogName":[],"orgName":[],"orgName_funder":[],"orgName_provider":[],"persName":["Peter Winter","J. G. Prod","Magdalena Willmann","Babette Keglevicz","Magdalena Wfllmann","King Theodore"],"placeName":["Munich","Bonn","American","Vienna","Heiligenstadt"],"ref_url":[],"ref_bibl":["February, 1797","July, 1793"],"bibl":[]}},"ark":["ark:/67375/HXZ-RM05BP9T-6"],"categories":{"wos":[],"scienceMetrix":["1 - arts & humanities","2 - visual & performing arts","3 - music"],"scopus":["1 - Social Sciences","2 - Arts and Humanities","3 - Music"]},"publicationDate":"1927","copyrightDate":"1927","enrichments":{"type":["multicat","refBibs","teeft","unitex"]},"doi":["10.1093/mq/XIII.2.208"],"_id":"A0251DB523EED64EE94C5FF30E3678E7B4EFBC84"}