{"corpusName":"oup","keywords":{"teeft":["schuppanzigh","holz","linke","ignaz","late quartet","november","april","bohm","january","string quartet","ignaz schuppanzigh","december","mayseder","february","october","gdmf","subscription concert","amzo","september","quartett","august","conversation book","quartet","musical quarterly","piano trio","razumovsky","abendunterhaltungen","wien","june","musik","subscription series","lamz","quartet concert","subscriber","artaria","nicht","schindler","spirituels","noch","concert spirituels","geschichte","july","public concert","kinsky","halm","zeitung","hanslick","instrumental music","werk","cello","piringer","allgemeine","kunze","septet","weiss","beethoven","nished","dembscher","concertwesens","auch","leipzig","baden","sollinger","johann","viennese","chamber music","musikalische","gesellschaft","werk beethoven","beethoven quartet","subscription","premiere","sein","andere","ducat","concert season","hellsberg","nally","werden","schott","karl holz","mathias artaria","special concert","extra concert","quintet","haydn","biographisches lexikon","classical music","concert series","instrumental genre","george smart","gold ducat","genre","mozart","dilettante","allgemeine musikalische zeitung","next quartet","beethoven quartet companion","salon performance","core repertory","piano sonata","schuppanzigh quartet","nephew karl","deutscher verlag","brother johann","aristocratic patronage","chief source","absolute music","grita herre","double performance","schlesinger","salon","concert","schuppanzigh ensemble","adolph martin schlesinger","newspaper notice","leopold jansa","besonderer rucksicht","grosse fuge","short term","maurice schlesinger","double format","last year","other member","instrumental work","prince galitzin","late beethoven quartet","leon plantinga","mozart quartet","haydn quartet","gunter brosche","ludwig finscher","third series","musical quarterly table","sieghard brandenburg","musical life","count razumovsky","ferdinand piringer","robert winter","actual audience","long term","founding charter","society concert","ludwig","rehearsal","violinist","quarterly","anton","loud exclamation","other art","exclusive performance right","last quartet","more quartet","complete symphony","more concert","fteen year","last subscription series","violin part","joseph michael bohm","musical quarterly quartet","easter sunday","variation set","second violin","second concert","chamber concert","franz weiss","christopher gibbs","joseph linke","opening number","quartet member","second violinist","vivid description","important opera house","joseph mayseder","subsequent quartet","piano version","simultaneous publication","beethoven conversation book","georg hellmesberger","small number","early romantic","other music","viennese public concert","public premiere","same time","other hand","publisher maurice schlesinger","leipzig allgemeine musikalische zeitung","other work","private collection","vocal number","subscription linke","string quintet","premiere concert","concert program","several month","ivan muller","ignaz ritter","romischen kaiser","fanny sallamon","vocal music","other concert","classical trinity","amadeus wendt","gegenwartigen zustand","oxford university press","positive contrast","musical tendency","potpourri master","other review","early romanticism","amati violin","carl dahlhaus","musical quarterly schuppanzigh","concert life","modern chamber ensemble","instrumental concert","successful work","other composer","generic status","princeton university press","newspaper review","ignaz anton","early history","tableau vivants","theodore albrecht","clarinet quintet","other source","subscription season","farewell quartet concert","title page","chronologisches verzeichnib aller","funf theatern gegebenen vorstellungen","letzten october","otto erich deutsch","abendunterhaltungen program","vienna concert","virtuosic display","cambridge university press","rsthand collaboration","other quartet","complete program","wilden mann","leadership position","brief survey","eduard hanslick","numerous comment","carl czerny","quartet performance","conversation booklet","martha handlos","ninth symphony","palm sunday","osterreichischen kaiserstaat","instrumental sonata","violin lesson"]},"author":[{"name":"John M. Gingerich","affiliations":["E-mail: jginger1@peabody.jhu.edu"]}],"articleId":["gdq017"],"arkIstex":"ark:/67375/HXZ-KC7VD24L-G","language":["eng"],"originalGenre":["research-article"],"qualityIndicators":{"score":6.383,"pdfWordCount":25525,"pdfCharCount":150129,"pdfVersion":1.5,"pdfPageCount":64,"pdfPageSize":"504 x 720 pts","pdfWordsPerPage":399,"pdfText":true,"refBibsNative":false,"abstractWordCount":0,"abstractCharCount":0,"keywordCount":0},"title":"Ignaz Schuppanzigh and Beethoven's Late Quartets","genre":["research-article"],"host":{"title":"The Musical Quarterly","language":["unknown"],"issn":["0027-4631"],"eissn":["1741-8399"],"publisherId":["musqtl"],"volume":"93","issue":"3-4","pages":{"first":"450","last":"513"},"genre":["journal"]},"namedEntities":{"unitex":{"date":["1799","1842","1829","1818","from August 1825 through December 1826","2010-09-23","1836","1825","1814","1854","1803","the nineteenth and twentieth centuries","1832","1819","1821","May 1827 1826","1808","1810","the nineteenth century","1826","1815","1804","1833","Nineteenth Centuries","1822","1820s","from 23 January to 28 February","1800","1797","1827","1816","First Century","from 1818 through 1830","1823","from the 29 November through 20 December","1812","1690","1718","from 1824 through 1828","1830s","1841","70s","1828","1830","1817","from 1818 through 1829","1794","1824","from November 1824 through October 1828"],"geogName":["Saale"],"orgName":["National Endowment for the Humanities","Princeton University","Cambridge University","University of Illinois","Chicago University","Oxford University","American Council of Learned Societies","Yale University"],"orgName_funder":[],"orgName_provider":[],"persName":["Oliver Strunk","Robin Wallace","von Seyfried","Julia Moore","Leopold von Sonnleithner","Martha Handlos","J. Andre","Karl Holz","Anton Schindler","Karl","Johann Baptist","Ludwig Beethoven","Ludwig Finscher","Holz","Georges Onslow","Leon Botstein","German Contemporaries","Amadeus Wendt","Rzehaczeck","Fanny Sallamon","Anton Schreiber","Tobias Haslinger","Carl Maria","Marie von Eskeles","Lesley Wright","Bettina von Seyfried","Josef von Spaun","Andreas Razumovsky","Karl-Heinz Kohler","G. Henle","September","Otto Erich","Franz Weiss","M. Artaria","August Theodor","J. P. Sollinger","Sie Quatuors","Schubert","Joseph Bohm","Even Beethoven","Theodor Muller-Reuter","Joseph Kerman","Martin Schlesinger","Galitzin","Robert Martin","Peter Le Huray","Joel-Marie Fauquet","Stefan Kunze","John M. Gingerich","Carl Friedrich","Kaiserstaat","Johann Strauss","Karl Lichnowsky","Rzhehaczeck","Ferdinand Piringer","Raymond Erickson","Ludwig van Beethovens","Johann Nepomuk","Heinrich Gustav","H. von Perger","K. Voll","A. Jeitteles","Tomaselli","In","Judas Maccabeus","The","K. M. Knittel","Heinrich Schutz","Johann Sedlaczek","Hans Halm","Franz Clement","Louis Spohr","Wilhelm Wurfel","Simon McVeigh","Bernhard Romberg","Wilhelm Heinrich","Beethoven","Rudolf Levy","Wayne M. Senner","E. T. A. Hoffmann","Othmar","Joseph Linke","Ivan Muller","Joseph Michael","Anton Halm","Elisabeth Hilscher","Carl Dahlhaus","Vincenzo Ruger","Otto Nikolai","Norbert Miller","Constant von Wurzbach","Franz Joseph","Richard von Perger","Theodore Albrecht","Rose Das","Pierre Rode","Robert Winter","Johann","Christopher Gibbs","Ludwig van Beethoven","Zelter","Schuppanzigh","Dahlhaus","Robert Adelson","Dana Gooley","William Meredith","J. Thibaut","Ludwig Tieck","Ferdinand Adolf","Wilhelm Braumuller","J. F. Reichardt","Zeno Menzel","Bohm","Leopold Jansa","Mathias Strebinger","Friedrich August","Christopher H. Gibbs","Mathias Artaria","Karl van Beethoven","Barbara Boisits","Joseph Berlinger","Friedrich Blume","Carl Czerny","J. G. Albrechtsberger","Lichnowsky","Johann Malzel","Jean Paul","A. Fr","Elliott Forbes","Lewy","Franz Posinger","Bertam Cox","Elisabeth Maria","Anna Marie","Time Relationship","Eduard Hanslick","Katherina Cibbini","James Day","August Friedrich","Joseph Hellmesberger","Joseph Lanner","Joseph Joachim","Joseph Mayseder","Franz Xavier","W. W. Norton","Carl Eckert","Gunter Brosche","Georg Kinsky"],"placeName":["Leipzig","IL","Berlin","Paris","Munich","Austria","Bratislava","Kassel","London","Graz","Europe","Gneixendorf","Baltimore","Vienna","CT","Chicago","Wiesbaden","York","St. Petersburg","Hof","Croatia","Russia","Cambridge","Hungary","Italy","Braunschweig","Zagreb","Hildesheim","Mainz","New Haven","Auch","Palestrina"],"ref_url":[],"ref_bibl":["February 1827","Munster, 1840, 1860","December 1832","New York: Schirmer, 1977","November 1816","[1821]","Cambridge: Cambridge University Press, 1993","Berkeley: University of California Press, 1994","July 1825","Lincoln: University of Nebraska Press, 2001","June 1827","April 1826","Summer 1998","Kassel: Barenreiter, 1964","January 1829","March 1826","December 1808","Tutzing: Hans Schneider, 1998","[1807]","Leipzig: Deutscher Verlag fur Musik, 2001","Herre et al.","Frankfurt: Vittorio Klosterman, 1972","May 1998","Leipzig: Deutscher Verlag fur Musik, 1993","September 1828","March 1825","Leipzig: VEB Deutscher Verlag fur Musik, 1988","November 1825","August and September 1826","Amsterdam, 1810","Summer 2004","University of Vienna, 1985","March 1830","University of Vienna, 1979","Paris: Aux Amateurs de Livres, 1986","September 1827","January 1827","November 1813","January 2006","Gottingen: Dieterichsche Buchhandlung, 1836","Kassel: Barenreiter, 1978","Laaber: Laaber-Verlag, 1987, 1996","[1827]","April 1823","September 1826","May 1824","December 1833","Bonn: Beethoven-Haus, 2006","Bonn: Beethovenhaus, 1983","February 1816"],"bibl":[]}},"ark":["ark:/67375/HXZ-KC7VD24L-G"],"categories":{"wos":[],"scienceMetrix":["1 - arts & humanities","2 - visual & performing arts","3 - music"],"scopus":["1 - Social Sciences","2 - Arts and Humanities","3 - Music"]},"publicationDate":"2010","copyrightDate":"2010","enrichments":{"type":["multicat","refBibs","teeft","unitex"]},"doi":["10.1093/musqtl/gdq017"],"_id":"9FCC70E898D21ECA7D4C7AEC39BE6A2292D0F97B"}