{"corpusName":"oup","keywords":{"teeft":["adorno","adomo","popular music","schoenberg","aesthetic theory","popular song","perennial fashion","tonality","improvisation","culture industry","charlie parker","critique","modem music","musical quarterly","mass audience","entertainment music","aesthetic value","mile davis","jazz musician","truth content","entertainment industry","adorno claim","louis armstrong","popular culture","classical music","social critique","diatonic scale","western music","social truth","false consciousness","duke ellington","radio music","oxford university press","beethoven symphony","aesthetic worth","twentieth century","oppressive standardization","sole appeal","philosophical critique","such narrow bound","harmonic schema","orleans tradition","measure tune","mere ornamentation","chord progression","improvisational freedom","commercial success","other popular music","much less","definitive negation","basic assumption","jazz tradition","individual performance","jazz performance","sonny rollins","serious music","john norris","good jazz","free jazz","thomas huhn","seabury press","simon frith","social situation","other entertainment music","savoy recording","bach"]},"author":[{"name":"Theodore A. Gracyk"}],"articleId":["76.4.526"],"arkIstex":"ark:/67375/HXZ-52RM4GCK-1","language":["eng"],"originalGenre":["research-article"],"qualityIndicators":{"score":5.05,"pdfWordCount":6368,"pdfCharCount":37738,"pdfVersion":1.3,"pdfPageCount":17,"pdfPageSize":"473 x 702 pts","pdfWordsPerPage":375,"pdfText":true,"refBibsNative":false,"abstractWordCount":0,"abstractCharCount":0,"keywordCount":0},"title":"Adorno, Jazz, and the Aesthetics of Popular Music","refBibs":[{"title":"Aesthetic Theory, transOn the Fetish-Character in Music and the Regression of Listening The Essential Frankfurt School ReaderOn Popular MusicOn the Social Situation of Music 221-70; and Philosophy of Modem Music, trans A generally uncritical summary of Adomo's overall position on music is given by Donald KuspitCritical Notes on Adomo's Sociology of Music and Art","author":[{"name":"W This Account Of Theodor"},{"name":"E,B Adomo"},{"name":" Ashton"},{"name":"Trans Prisms"},{"name":"Shierry Samuel"},{"name":" Weber"},{"name":" Cambridge"},{"name":" Mass"}],"publicationDate":"1941","host":{"title":"Musical Aesthetics: A Historical Reader The Twentieth Century","publicationDate":"1941","author":[],"pages":{"first":"270","last":"99"}}},{"title":"Sociology of Music deal most directly with jazz and popular music They draw extensively from material written in 1932—41, particularly \"On the Fetish-Character in Music,\" originally published in ZeitschriOn the Social Situation of Music,\" originally published in the same journal in 1932) recycles some material from","author":[],"publicationDate":"1936","host":{"title":"Perennial Fashion—Jazz\"","publicationDate":"1936","author":[],"pages":{"first":"121","last":"32"}}},{"title":"Those who wish to avoid its 498 dense pages might prefer the summary in Anthony SavileBeauty and Truth: The Apotheosis of an Idea Analytic Aesthetics","author":[],"publicationDate":"1970","host":{"title":"Adomo's posthumous Aesthetic Theory","publicationDate":"1970","author":[],"pages":{"first":"123","last":"46"}}},{"title":"The differences in the reception of official 'classical' music and light music no longer have any real significance. They are only still manipulated for reasons of marketability","author":[],"host":{"title":"Adomo compares Beethoven and jazz in Aesthetic Theory","author":[],"pages":{"first":"170"}}},{"author":[{"name":" Adorno"}],"host":{"title":"Sociology of Music","author":[],"pages":{"first":"32"}}},{"host":{"title":"Adomo, Sociology of Music","author":[],"pages":{"first":"22"}}},{"host":{"title":"Perennial Fashion 127 Adomo's language in these and other passages demonstrates that he is evaluating popular music and not simply presenting an objective cultural critique","author":[{"name":" Adomo"}]}},{"host":{"title":"Perennial Fashion","author":[],"pages":{"first":"121"}}},{"host":{"title":"Perennial Fashion 123 Adomo includes syncopation; see \"Fetish- Character in Music","author":[{"name":" Adomo"}],"pages":{"first":"296"}}},{"author":[],"host":{"title":"Adomo, Sociology of Music","author":[],"pages":{"first":"29"}}},{"author":[{"name":" Adorno"}],"host":{"title":"Sociology of Music","author":[],"pages":{"first":"15"}}},{"host":{"title":"Sociology of Music, 29; and \"Perennial Fashion","author":[{"name":" Adorno"}],"pages":{"first":"121","last":"22"}}},{"author":[],"host":{"title":"Adomo, Aesthetic Theory","author":[],"pages":{"first":"335","last":"37"}}},{"title":"Ironically, Adomo's charges have found their way into the lyrics of rock music, including such hit songs as The Byrds The ClashWhite Man in Hammersmith Palais","author":[],"publicationDate":"1967","host":{"title":"and punk/new wave songs of The Sex Pistols, \"EMI\" and Elvis Costello","publicationDate":"1967","author":[]}},{"title":"For more details about the Hot Five and Hot Seven material, see Gunther Schuller","author":[],"publicationDate":"1968","host":{"title":"Early Jazz","publicationDate":"1968","author":[],"pages":{"first":"89","last":"127"}}},{"title":"See also Gary Giddins","author":[],"publicationDate":"1981","host":{"title":"The Savoy Recordings Riding on a Blue Note","publicationDate":"1981","author":[],"pages":{"first":"116"}}},{"host":{"title":"The 101 Best Jazz Albums","publicationDate":"1980","author":[{"name":"Len Lyons"}],"pages":{"first":"174"}}},{"host":{"title":"The Savoy Recordings. A similar comparison between Schoenberg and earlier jazz is noted by Simon Frith, Music for Pleasure","publicationDate":"1988","author":[{"name":"Ross Russell"}],"pages":{"first":"59"}}},{"host":{"title":"Adomo ever heard Charlie Parker, live or on record, but he occasionally mentions bebop. His writings do not indicate any knowledge of Miles Davis or free jazz","author":[]}},{"title":"258-63; 376-79; 387-91. A detailed analysis of Davis's Kind of Blue is provided in Mark C. Gridley, Jazz Styles: History and Analysis","author":[],"publicationDate":"1985","host":{"title":"Lyons","publicationDate":"1985","author":[],"pages":{"first":"216","last":"23"}}},{"author":[{"name":"Gesammelte Adorno"},{"name":" Schri"}],"publicationDate":"1972","host":{"title":"324; and Sociology of Music","publicationDate":"1972","author":[],"pages":{"first":"27"}}},{"host":{"title":"Fetish-Character in Music","author":[{"name":" Adorno"}],"pages":{"first":"275"}}},{"host":{"title":"Adorno says as much in Aesthetic Theory","author":[],"pages":{"first":"309"}}},{"title":"Sociology of Music, 4-5. See also \"Bach Defended Against His Devotees","author":[{"name":" Adorno"}],"host":{"title":"Prisms","author":[],"pages":{"first":"142","last":"46"}}},{"author":[{"name":"Arnold Adorno"},{"name":" Schoenberg"}],"host":{"title":"Prisms","author":[],"pages":{"first":"1874","last":"1951"}}},{"host":{"title":"Adorno would seem to agree since he says that Schoenberg's and Webern's rescorings of Bach are \"truer\" in today's world than are supposedly","author":[]}},{"title":"A Social Critique of Radio Music","author":[{"name":" Adorno"}],"publicationDate":"1945","host":{"title":"Kenyon Review","publicationDate":"1945","author":[],"volume":"7","pages":{"first":"217"}}},{"host":{"title":"Art and Philosophy: Conceptual Issues in Aesthetics (Atlantic Heights","publicationDate":"1980","author":[{"name":"Joseph The Phrase"},{"name":" Margolis"}],"pages":{"first":"27","last":"49"}}},{"host":{"title":"Social Critique of Radio Music","author":[{"name":" Adorno"}],"pages":{"first":"213","last":"14"}}},{"title":"Bach Defended 144. Here, Adorno echoes views that Schoenberg directed against Ferruccio Busoni; see Andy HamiltonThe Aesthetics of Imperfection","author":[{"name":" Adomo"}],"publicationDate":"1990","host":{"title":"Philosophy","publicationDate":"1990","author":[],"volume":"65","pages":{"first":"323","last":"31"}}},{"host":{"author":[{"name":"Bach Adomo"},{"name":" Defended"}],"pages":{"first":"146"}}},{"host":{"title":"The Imperfect An","publicationDate":"1988","author":[]}},{"host":{"title":"Adomo does not say much about music as performance; when he does, it is mainly in the context of attacking Toscanini as a conductor whose radio performances of Beethoven reduce the music to the level of commodity","author":[],"pages":{"first":"229","last":"43"}}},{"host":{"title":"The Titan of Jazz Rotting Stone","publicationDate":"1990-12-230","author":[{"name":"Scott Quoted In"},{"name":" Spencer"}],"pages":{"first":"13","last":"27"}}},{"author":[{"name":"Duke Ellington"}],"publicationDate":"1973","host":{"title":"Music is My Mistress","publicationDate":"1973","author":[],"pages":{"first":"452","last":"53"}}},{"host":{"title":"cntic Nat Hentoff could name only Jelly Roll Morton, Duke Ellington, and Thelonious Monk as \"major indigenous jazz composers See Hentoff, The Jazz Life","publicationDate":"1962","author":[{"name":"415 Ellington"}]}},{"host":{"title":"The Aesthetic Values of Jazz Coda Magazine Norris contends that jazz \"was created and nurtured by several hundred performers . . . . They alone made it great—unlike classical music where the composition is the most important ingredient","publicationDate":"1984-12-01","author":[{"name":"John Norris"}],"pages":{"first":"230"}}},{"host":{"author":[{"name":" Gioia"}],"pages":{"first":"15","last":"16"}}},{"title":"See also Lyons, 257- 58; 376-77. Herbert Marcuse was considerably more open than Adorno to the possibilities for popular music, proposing that blues, jazz, and rock 'n' roll were capable of negating \"affirmative\" culture. See Marcuse, An Essay on Liberation","author":[{"name":"John Coltrane"}],"publicationDate":"1969","host":{"title":"Cokrane: A Biography","publicationDate":"1969","author":[],"pages":{"first":"36","last":"38"}}}],"genre":["research-article"],"host":{"title":"The Musical Quarterly","language":["unknown"],"issn":["0027-4631"],"eissn":["1741-8399"],"publisherId":["musqtl"],"volume":"76","issue":"4","pages":{"first":"526","last":"542"},"genre":["journal"],"subject":[{"value":"Articles"}]},"namedEntities":{"unitex":{"date":["1992","The Twentieth Century","1969","1960s","1960","1914","1930s","1932","in the twentieth century","1962","1940"],"geogName":[],"orgName":[],"orgName_funder":[],"orgName_provider":[],"persName":["Theodor W. Adomo","Ted Gioia","Richard Shusterman","Gary Giddins","James Condell","Andrew Arato","Co","Duke Ellington","Geoffrey Skelton","Joseph Horowitz","John Norris","Miles Davis","Eike","Adorno","William Morrow","Len Lyons","Nat Hentoff","My Mistress","Mark C. Gridley","Arnold Schoenberg","Gunther Schuller","Andy Hamilton","Alan Durant","Wesley V. Blomster","Ernst Krenek","Edward A. Lippman","Sammy Davis","Donald Kuspit","Anthony Savile","John Coltrane","Charlie Parker","Andrew Goodwin","C. Lenhardt","Ross Russell","An Introduction","C. O. Simpkins","Anne G. Mitchell","Martin Jay","Jazz Life","Joseph Margolis","Danny Davis","Billie Holiday","Jazz Albums","Andrew Edgar","E. B. Ashton","Timothy Gracylc","Jazz Styles","Theory","You Want","Mac Davis","Kegan Paul","Elvis Costello","Norris","Simon Frith","Ernest Tubb","King Oliver","Herbert Marcuse","Having","Declan McManus","Rollins","Margaret Shenfield","Scott Spencer","Ira Gitler","An Essay"],"placeName":["Mass.","Nashville","New Orleans","Atlantic Heights","N.J.","Frankfurt","York","Cambridge"],"ref_url":[],"ref_bibl":["Oxford: Oxford University Press, 1968","Minneapolis: University of Minnesota Press, 1987","New York: Pantheon, 1990","New York: Seabury Press, 1976","Boston: Unwin Hyman, 1989","Boston: Beacon Press, 1969","Oxford: Basil Blackwell, 1989","New York: Doubleday, 1973","New York: Routledge, 1988","New York: Oxford University Press, 1988","Albany: Adomo and Jazz 541 State University of New York Press, 1984","Frankfurt am Main: Suhrkamp Verlag, 1972","London: Peter Davies, 1962","New York: Herndon House Publishers, 1975","New York: Seabury Press, 1973","New York: Oxford University Press, 1981","New York: Continuum, 1982"],"bibl":[]}},"ark":["ark:/67375/HXZ-52RM4GCK-1"],"categories":{"wos":[],"scienceMetrix":["1 - arts & humanities","2 - visual & performing arts","3 - music"],"scopus":["1 - Social Sciences","2 - Arts and Humanities","3 - Music"]},"publicationDate":"1992","copyrightDate":"1992","enrichments":{"type":["multicat","refBibs","teeft","unitex"]},"doi":["10.1093/mq/76.4.526"],"_id":"13CF0F4BB8371201C5C4016DD8BBA279346A18AE"}