{"corpusName":"oup","keywords":{"teeft":["kagel","postmodern","bicentennial","antiauthoritarian","musik","adorno","neue","leftist","mauricio","uber","beethoven bicentennial","musical quarterly","kurzwellen","west germany","schweinitz","mainz","great master","hamburg","postmodern music","compositional","siebert","postmodernism","stockhausen","mauricio kagel","dieter","gure","killmayer","shortwave","kutschke","landler","rihm","danuser","heile","beate","beethoven year","neue musik","musicologist","rolf","neuen","nach","buch","universal edition","variationen","thema","beethoven image","january","suhrkamp","protest movement","antiauthoritarian movement","wolfgang","critique","beethoven","ludwig","classical music","third reich","neuen musik","rolf tiedemann","neue musikzeitung","musical quarterly figure","leftist climate","authoritarian personality","french horn","postmodern composition","grand master","postmodern composer","musical material","beate kutschke","schumann","theodor","monograph","large orchestra","german politics","authoritarian state","bundesrepublik deutschland","nevitt sanford","wilhelm dieter siebert","western music","musikzimmer scene","robert adlington","moralische aufrustung","compositional technique","unser ludwig","franz schubert","beethoven erbe","frankfurter schule","federal republic","oxford history","antiauthoritarian impulse","gesammelte schriften","leftist spirit","oxford university press","second movement","authoritarian","subjectivity","schott","gerhard","crescendo","conversation book","eric drott","frederic rzewski","subject matter","prague spring","lmischer arbeit","wilde denken","performance practice","music student","hessian radio","former political companion","musical structure","martin geck","moderate mainstream","mauricio kagels","wilhelm killmayer","neue zeitschrift","composer such","canadian agent","european american music distributor","national socialist","wolfgang rihm","west berlin","music scene","program text","shortwave receiver","decrescendo sequence","arturo toscanini","hermann danuser","explanatory model","mozart","quotation","cambridge history","historical period","soviet sentry","compositional procedure","manfred trojahn","other word","gerhard brunner","contemporary music scene","social psychology","social relationship","helmut lachenmann","cultural meaning","benno ohnesorg","richard taruskin","authoritarian character","postmodern narrative","jann pasler","authoritarian attitude","thomas tallis","arnold whittall","music conservatory","gyorgy ligeti","joseph katz","german university","crescendo decrescendo sequence","deep string","solo violin","more exact","erich fromm","felix schmidt","extreme crescendo","similar characteristic","timpani roll","bass clarinet","han sikorski verlag gmbh","obsessive repetition","different voice","radical aesthetic","patchwork orchestration","sound world","joseph auner","wilhelm reich","postmodern composition show","friedrich engels","west german student","volatile change","string quartet","mental illness","sociocultural context","schott music","twentieth century","west german example","beethoven piece","moderate reform","rescue beethoven","collage technique","deconstructing beethoven","west german","many thanks","hannah greene","comprehensive investigation","west german contemporary music","early music movement","arnold jacobshagen","rebellische musik","sound commitment","jurgen habermas","nicholas cook","anthony pople","cambridge university press","main purpose","great master beethoven","friedrich hommel","esteban buch","various composition","deutsche grammophon","fragmentary character","ernst thomas","music berlin","phone interview","time period","total collage","bjorn heile","paul sacher stiftung basel","karlheinz stockhausen","publishing house","kathinka pasveer","cultural organization","dusseldorf work association","fremde szenen","laboratorio alea","west german music","hansjorg pauli","beethoven today","zeitgenossischen bildern","leftist activist","leftist theory","seine welt","sein leben","neue einfachheit","campus crisis","american college","developmental status","student revolt","samuel chotzinoff","german society","leftist critique","mauricio wiener storenfried","ohne leitbild","sich selbst verfremdet","pleasure principle","negative dialectic","judy lochhead","nineteenth century","carl dahlhaus","zwanziger jahren","otto kolleritsch","nach innen","darmstadter beitrage","michel foucault","roland barthes","variationen uber","orchestervariationen uber","niccolo paganini","henry purcell","franzosische suite nach rameau","piano work","latest romantic technique","other instrument","past master","quarterly","repressive","sanford","franz","mainstream"]},"author":[{"name":"Beate Kutschke","affiliations":["E-mail: beate.kutschke@arcor.de"]}],"articleId":["gdq021"],"arkIstex":"ark:/67375/HXZ-P25759DX-W","language":["eng"],"originalGenre":["research-article"],"qualityIndicators":{"score":6.383,"pdfWordCount":20319,"pdfCharCount":127107,"pdfVersion":1.5,"pdfPageCount":56,"pdfPageSize":"504 x 720 pts","pdfWordsPerPage":363,"pdfText":true,"refBibsNative":false,"abstractWordCount":0,"abstractCharCount":0,"keywordCount":0},"title":"The Celebration of Beethoven's Bicentennial in 1970: The Antiauthoritarian Movement and Its Impact on Radical Avant-garde and Postmodern Music in West Germany","genre":["research-article"],"host":{"title":"The Musical Quarterly","language":["unknown"],"issn":["0027-4631"],"eissn":["1741-8399"],"publisherId":["musqtl"],"volume":"93","issue":"3-4","pages":{"first":"560","last":"615"},"genre":["journal"]},"namedEntities":{"unitex":{"date":["1934","1974","2011","1963","1950s","1941","1968","1970","1990s","the twentieth century","1854","August–September 1970","1964","February– March 1971","1993","1929","1969","1960s","2006","1971","1976","1965","2011-01-14","1930s","twentieth century","1983","1972","in the nineteenth century","1970s","1910","1950","1856","1966","2003","1984","the eighteenth and nineteenth century","1940s","2008","1973","1962","70s","1949","1989","1951","1736","1980s","1967","1956","1985"],"geogName":[],"orgName":["National Socialists","University of Hong Kong","Free University","Johns Hopkins University","Das Projekt Moderne und","American New Leftist","National Socialist","European American Music Distributors LLC","Frankfurt University","National Socialism and fascism","Harvard University","University of Arts","National Socialism","Technical University","West Germany and the United States","Vietnam War","Oxford University","American College","Humboldt University","University of California","Conditions and Organization of Resistance","The International Avant","American Musicological Society","Congress","Yale University","Intelligence Laboratory of Stanford University"],"orgName_funder":[],"orgName_provider":[],"persName":["David Robb","Richard Toop","Amy Beal","Johannes G. Fritsch","Sigrid Wiesmann","Lukas Foss","William Walton","R. Nevitt","Heile","Andrew Arato","Gerhard Stabler","Franz Hermann","Max M. Levin","Helmut Krauss","Martin Elste","Daniel J. Levinson","Joachim Kaiser","Bjorn Heile","Karl-Josef Muller","Jean-Philippe Rameau","Miriam Sohar","Arturo Toscanini","E. Bachs","Stanley Milgram","Friedrich Hommel","Giuseppe Chiari","Manfred Trojahn","Joseph Horowitz","Michel Foucault","Klemm","Camille Peters","Harald A. Korn","Thomas Tallis","Hans Mayer","Carl Maria","Franz Richarz","Judy Lochhead","Henry Purcell","Alois Zimmermann","Franz Schubert","Eike","David Del","Joseph Adelson","Rolf Gehlhaar","Niccolo Paganini","Martin Geck","Alfredo Casella","Hans Sikorski","Igor Stravinsky","David B. Dennis","Frank Hentschel","Dennis","James Strachey","Hannah Greene","Arnold Whittall","Paul Sacher","Anton von Webern","Werner Bochmann","Paul Hindemith","Eduardo Polonio","Michael Gielen","German Universities","Jungheinrich","Werner Egk","G. Mitchell","Ludwig Van","Samuel Chotzinoff","Friedrich Engels","Reiner Kunze","Marion White","Jacques Wildberger","John A. Popple-Stone","William Pearson","Tomas Marco","Stefan Weiss","Knut Holtstrater","Harold A. Korn","Luigi Nono","Felix Schmidt","Otto Henderson","Mauricio Kagels","Otto Kolleritsch","Wesley V. Blomster","Buch","Nicholas Cook","Stockhausen","Wolfgang Gratzer","Martin Meyer","Jurgen Kochel","Arnold Schmitz","Wolfgang Seifert","Robert Adlington","Adolf Wol","Jurgen Arndt","Prague Spring","Wolfgang von Schweinitz","Emilio Casares","Aloys Kontarsky","Ludwig von Friedeburg","Hans Otte","Hans-Jurgen Krahl","Frederick Pollock","Hedwig Florey","Wilhelm Killmayer","Josef Erwin","German Politics","Joakim Tillman","Sigmund Freud","Wilfried Gruhn","R. Rubinoff","Gerhard Ruhm","Elisabeth Haselauer","Amrei Flechsig","Anthony Pople","Peter Kiesewetter","Jan Cikker","Nicolaus","Wolfgang Rihm","Irene Zedlacher","Hans Leygraf","Carl von Ossietzky","German Debate","Wolfgang Kraushaar","German Radio","Philipp Jarnach","Julien Francois","Benjamin Britten","Eugen Hadamovsky","Luis de Pablo","Theodore P. Wolfe","Johannes Brahms","Robert C. Tucker","Max Horkheimer","Esteban Buch","Beethoven","Dieter Zechlin","Friedrich Voss","Arnold Gehlen","S. Fischer","Ann Arbor","Leo Navratil","Mauricio Kagel","Reiner Dahlgrun","Jonathan D. Kramer","C. Ph","Gerhard R. Koch","Carl Dahlhaus","Rosy Singers","Hans-Klaus Jungheinrich","Carlos Feller","B. Schott","Ernst Thomas","Leo Karl","Frank Michael","Boris Blacher","Hans-Wilhelm Kulenkampff","Cornelius Cardew","George G. Stern","Ludwig van Beethoven","Ernst Herbeck","Dahlhaus","Anthony Burgess","Harald Boje","Volker","J.S. Bach","Sebastian Bach","Wolfgang Bonß","Journal","Harold Taylor","Siegfried Palm","Harry Halbreich","Eric Zolov","Heinz-Klaus Metzger","William Henry","Richard Taruskin","David Sanchez","Eduard von Borsody","Summer Courses","James E. Perone","Sibylle Benninghoff-Luhl","Guillaume de Machault","A. Huber","Frederic Rzewski","Eric Drott","Christian Rittelmeyer","Lewis Mumford","Nelson Goodman","George Rochberg","Dieter Rexroth","Konrad Boehmer","Carl Orff","Werner Keil","Gustav Mahler","Roland Barthes","Alastair Williams","By","Karl Faust","Jane Loevinger","Music","Mario Bertoncini","Nina Noeske","Suzanne Stephens","Gert Schroers","Jakob Lenz","Helmut Lachenmann","Joseph Auner","W.W. Norton","Rudolf Klein","Else Frenkel-Brunswik","Erich Fromm","Ernst Gernot","Dieter Schnebel","Glenn Stanley","Gerhard Brunner","Arnold Jacobshagen","Philipp Mohler","Hermann Danuser","W. W. Norton","Jurgen Habermas","Siegfried Mauser","Newspapers","Rolf Kuhnert"],"placeName":["Leipzig","Dusseldorf","Berlin","Rochester","Germany","United States","Munich","Hanover","NY","Bonn","UK","Frank Bridge","Seedorf","Austria","Washington","DC","Darmstadt","Hamburg","American","Bremen","Madrid","Magdeburg","Simplicity","Europe","Los Angeles","Bayreuth","America","Vienna","CT","Berkeley","Basel","San Francisco","Frankfurt","Canino","CA","York","Lutzkendorf","France","Weimar","Cambridge","Indianapolis","Hildesheim","Mainz","Nazi Germany","New Haven","Netherlands"],"ref_url":[],"ref_bibl":["London: Tavistock, 1969","Hildesheim: Georg Olms, 2003","New York: Wiley, 1962","Adorno-Konferenz 1983","Cologne: Dohr, 2007","Michaela Giesing et al.","Oxford: Oxford University, 2005","Deutsche Grammophon, 1970","University of Alberta, 2006","May 2007","Cologne and Weimar: Bohlau, 2007","Berlin: Henschel, 1991","Rodicio et al.","Oxford: Oxford University Press, 2009","Paris: Alcan, 1936","Oxford: Blackwell, 1957","New York: Orgone Institute, 1946","Reich et al.","Berkeley: University of California Press, 1999","Cologne and Weimar: ¨ Bohlau, 2007","Reinbek bei Hamburg: Rowohlt, 1986","Paris: Gallimard, 1999","University of Michigan, 2006","Kagel et al.","Frankfurt am Main: Suhrkamp, 1973","Mainz: Schott, 1974","Chapel Hill and London: University of North Carolina Press, 2001","December 1968","Frankfurt am Main: Fischer, 1970","Stuttgart: Klett, 1973","Frankfurt am Main: Suhrkamp, 1967","New York: Greenwood, 1988","Minneapolis: University of Minnesota, 1987","Brace and World, 1966","Oxford: Blackwell, 1978","Hamburg: Rogner & Bernhard bei Zweitausendeins, 1998","December 1962","University of Sydney, 2006","Mainz: Schott, 1990","Laaber: Laaber, 1992","Cambridge: Cambridge University Press, 2004","Frankfurt am Main: Suhrkamp, 1983","Mainz: Schott, 1984","Frankfurt am Main: Verlag Neue Kritik, 1971","Mainz: Schott, 1978","Oxford: Oxford University Press, 1999","Bonn: Thenee, 1970","Darmstadt: Deutsche Sektion der IGNM, 1971","Mainz: Ars ¨ Viva, 1978","Cornell University, 1977","Stuttgart: Franz Steiner, 2008","Cambridge: Cambridge University, 2003","Kassel: Barenreiter, 1984","Frankfurt am Main: Suhrkamp, 1971","New York: Seabury, 1973","May 1968","Wiesbaden: Limes, 1955","Stuttgart: Steiner, 2008","[1972]","Munich: Winter & Winter, 2006","November 2008","Frankfurt am Main: Suhrkamp, 1976","Vienna: Universal Edition, 1993","Paris: Edition du Seuil, 1984","June 1967","Stuttgart: Deutsche Verlagsanstalt, 1980","New York and London: Routledge, 2002","Hamburg: Sikorski, 1977","Vienna: Universal Edition, 1970","Karl Holler, 1951","Blacher, 1956","Stuttgart: Metzler, 1998","Wurzburg: Konigshausen & Neumann, 2002","Laaber: Laaber, 1984","Munchen: Deutscher ¨ Taschenbuchverlag, 1968","Vienna and Graz: Universal Edition, 1981","Koln: DuMont, 1971","Frankfurt am Main: Suhrkamp, 1986"],"bibl":[]}},"ark":["ark:/67375/HXZ-P25759DX-W"],"categories":{"wos":[],"scienceMetrix":["1 - arts & humanities","2 - visual & performing arts","3 - music"],"scopus":["1 - Social Sciences","2 - Arts and Humanities","3 - Music"]},"publicationDate":"2010","copyrightDate":"2011","enrichments":{"type":["multicat","refBibs","teeft","unitex"]},"doi":["10.1093/musqtl/gdq021"],"_id":"AD926C27A3FC5E5821485AF0C25DC46701236507"}