{"corpusName":"oup","keywords":{"teeft":["july","antonie","brentano","karlsbad","immortal beloved","june","therese","antonie brentano","sonneck","teplitz","unknown woman","tagebuch","brunsvik","amalie","therese brunsvik","brentanos","amalie sebald","sebald","therese malfatti","unsterbliche geliebte","brentano family","musical quarterly","toni","love affair","prague","beethoven","beethoven leben","franz brentano","karlsbad kurlisten","circumstantial evidence","marie bigot","bettina brentano","rahel levin","fischoff manuscript","franz","immortal","karlsbad police","personal effect","first name","first time","police register","second week","romain rolland","same time","beethoven biographer","other woman","countess marie erdody","latter part","beethoven literature","marie erdody","christine gerhardi","tagebuch entry","giulietta guicciardi","best greeting","toni brentano","seine zeitgenossen","daughter maximiliane","same person","first publication","authenticated portrait","false attribution","stadt wien","miniature portrait"]},"author":[{"name":"MAYNARD SOLOMON"}],"articleId":["LVIII.4.572"],"arkIstex":"ark:/67375/HXZ-V75T1N4N-D","language":["eng"],"originalGenre":["research-article"],"qualityIndicators":{"score":5.05,"pdfWordCount":6168,"pdfCharCount":33789,"pdfVersion":1.3,"pdfPageCount":16,"pdfPageSize":"448 x 671 pts","pdfWordsPerPage":386,"pdfText":true,"refBibsNative":false,"abstractWordCount":0,"abstractCharCount":0,"keywordCount":0},"title":"NEW LIGHT ON BEETHOVEN'S LETTER TO AN UNKNOWN WOMAN","refBibs":[{"title":"For a devastating refutation of his advocacy of Amalie Sebald, cf. Sonneck, op. cit. Another possible A. among Beethoven's flames is Bettina Brentano von Arnim. She is wholly excluded from consideration as Beethoven","author":[{"name":"! Ocf"},{"name":"Op Thomas-San-Galli"},{"name":" Cit"},{"name":" Beethoven Und Die Unsterbliche Geliebte"}],"publicationDate":"1910","host":{"title":"Therese Brunswik und Anderes","publicationDate":"1910","author":[],"pages":{"first":"44","last":"56"}}},{"title":"utilizes this source to confirm Beethoven's arrival and departure dates, but does not call attention to the Brentano entry. »* Thayer-Rlemann, op. cit., TV, 62-63 Italics addedThe earlier literature places her marriage in 1817","author":[{"name":"Zut Kaiserlich-Kdniglichen-Priwlegitten Prager Oberpostamls-Zeitung Beilage"},{"name":" Schmidt-Gfirg"},{"name":" Beethoven-Jahrbuch"}],"publicationDate":"1812-07-06","host":{"title":"Monday","publicationDate":"1812-07-06","author":[],"pages":{"first":"31","last":"686"}}},{"title":"let me find someone whose love I am allowed. Baden, 27 July, when M. passed by and, I think, looked at me Dr. Schmidt-Gorg has demonstrated, through an examination of the watermarkAVer war 'die M.' in einer wichtigen Aufzeichnung Beethovens?\", Beethoven-] ahrbuch, 1961-1964 766-67, which reprints both portraits. They are also available for comparison in 231, 233. I am unable to determine who made the false attribution and upon what evidence. Ley conjectured that it stemmed from the transformation of a casual opinion into a certainty. The first publication of it as a portrait of Marie Erdddy which I have located is in Kalischer, Beethoven und seine Zeitgenossen (Berlin, n. d. [1908]), frontispiece; this was followed by Thomas-San-Galli Deipite Ley's demonstration of the false attribution, it has been reprinted as an Erdddy portrait in the three major Beethoven iconologies","author":[{"name":"Donald,W Macardle"}],"publicationDate":"1913","host":{"title":"that it belongs in 1807 rather than in 1817-18 where Schindler and Thayer had assigned it Beethovens Leben in authentischen Bildern und Texten etc; it was attributed to ErdSdy in FUhrer durch die Beethoven- Zentenarausstellung der Stadt Wien His life and Work in Pictures","publicationDate":"1913","author":[],"pages":{"first":"102","last":"4"}}},{"author":[{"name":"* "},{"name":"Stephan Ley"},{"name":"Wahrheit "}],"publicationDate":"1955","host":{"title":"Zweifel und Irrtum in der Kunde von Beethovens Leben","publicationDate":"1955","author":[],"pages":{"first":"24","last":"25"}}}],"genre":["research-article"],"host":{"title":"The Musical Quarterly","language":["unknown"],"issn":["0027-4631"],"eissn":["1741-8399"],"publisherId":["musqtl"],"volume":"LVIII","issue":"4","pages":{"first":"572","last":"587"},"genre":["journal"],"subject":[{"value":"Articles"}]},"namedEntities":{"unitex":{"date":["1813","37S","1807","1957","1808","1804","1809","1811","1972","1827","1816","1933","1798","1830","1817","1927"],"geogName":["San","Ill"],"orgName":[],"orgName_funder":[],"orgName_provider":[],"persName":["Ludwig Nohl","Christine Gerhardi","Antonie von Birkenstock","Josephine GrSfin","Romain Rolland","Toni Brentano","Joseph Carl","Anton Schindler","W. A. Thomas","Princess Marie","Therese Brunsvik","Kurt Smolle","O. G. Sonneck","Amalie Sebald","Max Unger","Stephan Ley","Franz Brentano","Magdalena Willman","Josephine BrunsvikDeym","Achim von Arnim","Sonneck","Magdalena Willmann","Elliot Forbes","Marie Erdddy","Wilhelm Grimm","Albert Leitzmanh","Jan Racek","Clement Brentano","Theodor Frimmel","Gerhard von Breuning","Marie Pachler-Koschak","Henry E. Krehbiel","Kalischer","Marek","Donald W. MacArdle","Dorothea Ertmann","The","Julie von Vering","Therese Brunswik","Beethoven","Bettina Brentano","Antonie Brentano","Rahel Levin","Marie Bigot","M. SchmidtGfirg","A. C. Kalischer","van Beethoven","George Marek","Hans Schmidt","Ludwig van Beethoven","Joseph Schmidt-Gflrg","Library","Alexander Wheelock","Marie Erdody","Schindler","Ferdinand Ries","Hugo Riemann","Hermann Dei","Fanny Giannatasio","Robert Bory","Therese Mal","Schmidt-Gorg","Elizabeth Rdckel","Dorothea von Ertmann","Therese Malfatti","Thayer","Reinhold Steig","Richard Sterba"],"placeName":["Naples","Leipzig","Berlin","Paris","Bonn","Prague","Liechtenstein","Vienna","Frankfurt"],"ref_url":[],"ref_bibl":["[1958]","New York, 1954","Langensalza, 1911","Paris, 1966","Paris, 1949","New York, 1970","Vienna, 1970","May, 1810","Wiesbaden, 1955","Halle, 1909","Vienna, 1871","New York, 1969","Bonn, 1966","Zurich, 1954","Munich, 1910","[1896]","London, 1961","Stuttgart and Berlin, 1914","Berlin, 1925","[1909]","London, 1966","Bmo, 1964","New York, 1927","Vienna, 1927","Leipzig, 1921","[1910]","Munich, 1913","New York, 1921","Bonn, 1957"],"bibl":[]}},"ark":["ark:/67375/HXZ-V75T1N4N-D"],"categories":{"wos":[],"scienceMetrix":["1 - arts & humanities","2 - visual & performing arts","3 - music"],"scopus":["1 - Social Sciences","2 - Arts and Humanities","3 - Music"]},"publicationDate":"1972","copyrightDate":"1972","enrichments":{"type":["multicat","refBibs","teeft","unitex"]},"doi":["10.1093/mq/LVIII.4.572"],"_id":"EFD154740F80EAA5A8278C6917E615E07B71E01B"}