{"corpusName":"cambridge","author":[{"name":"Deryck Cooke"}],"articleId":["04514"],"arkIstex":"ark:/67375/6GQ-QFLT2H0C-B","language":["eng"],"originalGenre":["research-article"],"abstract":"Ernest Newman devoted so much of his life to writing about Wagner that many people, the times being anti-Wagnerian, regarded him as a brilliant musical scholar who had unfortunately become limited by a fixed obsession. In his earlier days, he produced important studies of Gluck, Beethoven, Liszt, Strauss, and Wolf; but in later life he seemed to be interested only in one composer. Concerning his articles in The Sunday Times, someone concocted an amusing clerihew: Next week, said Ernest Newman, I shall write about Schumann; But when next week came, It was Wagner, just the same.","qualityIndicators":{"score":4.13,"pdfWordCount":978,"pdfCharCount":5289,"pdfVersion":1.4,"pdfPageCount":2,"pdfPageSize":"488.88 x 722.88 pts","refBibsNative":false,"abstractWordCount":96,"abstractCharCount":583,"keywordCount":0},"title":"Ernest Newman (1868–1959)","pii":["S0040298200045149"],"genre":["research-article"],"host":{"title":"Tempo","language":["unknown"],"issn":["0040-2982"],"eissn":["1478-2286"],"publisherId":["TEM"],"issue":"52","pages":{"first":"2","last":"3","total":"2"},"genre":["journal"]},"ark":["ark:/67375/6GQ-QFLT2H0C-B"],"categories":{"inist":["1 - sciences humaines et sociales"]},"publicationDate":"1959","copyrightDate":"1959","enrichments":{"type":["nb","refBibs"]},"doi":["10.1017/S0040298200045149"],"_id":"A20D138EB19C603DB9789A1DFC0E0E1FF09525ED"}