{"corpusName":"oup","author":[{"name":"DONALD W. MACARDLE"}],"articleId":["XXVII.2.83"],"arkIstex":"ark:/67375/HXZ-CBJFHJHT-H","language":["eng"],"originalGenre":["research-article"],"qualityIndicators":{"refBibsNative":false,"abstractWordCount":0,"abstractCharCount":0,"keywordCount":0,"score":5.05,"pdfWordCount":12079,"pdfCharCount":57810,"pdfVersion":1.3,"pdfPageCount":19,"pdfPageSize":"615 x 798 pts","pdfWordsPerPage":636,"pdfText":true},"title":"A CHECK-LIST OF BEETHOVEN'S CHAMBER MUSIC-II","genre":["research-article"],"host":{"title":"Music and Letters","language":["unknown"],"issn":["0027-4224"],"eissn":["1477-4631"],"publisherId":["musicj"],"volume":"XXVII","issue":"2","pages":{"first":"83","last":"101"},"genre":["journal"],"subject":[{"value":"Articles"}]},"namedEntities":{"unitex":{"date":["1802","1829","1810 or 1811","1807","1795","1825","1784","April or May of 1800","1803","1832","1819","1808","1848","1810","1796","1826","1785","1914","1833","1930s","1792","September-October 1826","1809","1811","1919","1921","1797","1827","1786","June or July 1823","1926","1793","1823","1782","1933","September-November 1825","1801","1798","January-March 1826","1787","1830","1940","1927","1794","1945","1864","1783"],"geogName":[],"orgName":["Pf and Wind Instruments","Pianoforte and Wind Instruments Op"],"orgName_funder":[],"orgName_provider":[],"persName":["Solo Soprano","Johann Schmidt","Paris Conservatoire","Alfred Loewenberg","Schmidt","See","P. Delisse","Leopold Anton","Maximiliane Brentano","Maximilian Friedrich","Stephan von Breuning","Louis van Betthoven","Dances","Alfred Pochon","Trio","Deiters","W. Altmann","Don Giovanni","In","Edward Kilcnyi","Voice","Fritz Stein","Franz Xaver","C. Joubert","Index","Ludwig van Beethoven","Paul Hirsch","Supplement","Alfred Orel","Quartet","Ferdinand Ries","Mathias Artaria","Leopold A. Kozeluch","Johann Traeg","Dresler","Op","P. Published"],"placeName":["Leipzig","Linz","Berlin","Paris","Bonn","Foix","American","Gneixendorf","Vienna","Mainz","Heiligenstadt"],"ref_url":[],"ref_bibl":["[ 1792]","January 1808","July 1826","August 1835","April 1827","September 1802","[1929]","October 1824","April 1804","November 1810","[1825]","June 1827","April 1809","March 1826","Mav 1827","December 1799","[1941]","[1939]","March 1825 B","[1934]","January and February 1920","[1938]","January 1805","September 1816","September 1827","August 1809","May 1814","March 1807","[1933]","[1909]","January 1804","March 1801","October 1809","February 1797","[1937]","May 1802","April 1806","July 1816","June 1822 B","January 1826","October 1848","December 1816","[1910]","July 1795"],"bibl":[]}},"ark":["ark:/67375/HXZ-CBJFHJHT-H"],"categories":{"wos":[],"scienceMetrix":["1 - arts & humanities","2 - visual & performing arts","3 - music"],"scopus":["1 - Social Sciences","2 - Arts and Humanities","3 - Music"]},"publicationDate":"1946","copyrightDate":"1946","enrichments":{"type":["multicat","refBibs","unitex"]},"doi":["10.1093/ml/XXVII.2.83"],"_id":"213DB9AC39AE4F96BE070CB748C406126895DD9F"}