{"corpusName":"oup","keywords":{"teeft":["mozart","haydn","salzburg","joseph haydn","string quartet","viennese","folk music","musical quarterly","young mozart","first time","same theme","leopold mozart","mutual influence","slow movement","first symphony","leopold","church music","native folk music","esterhazy court","jupiter symphony","direct contact","great master","cultural life","great mozart","last year","gregor josef werner","viennese quartet","main theme","thematic development","salzburg court","many year","quartet"]},"author":[{"name":"ERNST FRITZ SCHMID"}],"articleId":["XLII.2.145"],"arkIstex":"ark:/67375/HXZ-NSDJVNKC-R","language":["eng"],"originalGenre":["research-article"],"qualityIndicators":{"score":5.05,"pdfWordCount":6729,"pdfCharCount":36825,"pdfVersion":1.3,"pdfPageCount":19,"pdfPageSize":"434.001 x 664.502 pts","pdfWordsPerPage":354,"pdfText":true,"refBibsNative":false,"abstractWordCount":0,"abstractCharCount":0,"keywordCount":0},"title":"MOZART AND HAYDN","genre":["research-article"],"host":{"title":"The Musical Quarterly","language":["unknown"],"issn":["0027-4631"],"eissn":["1741-8399"],"publisherId":["musqtl"],"volume":"XLII","issue":"2","pages":{"first":"145","last":"161"},"genre":["journal"],"subject":[{"value":"ARTICLES"}]},"namedEntities":{"unitex":{"date":["1772","1761","1788","1790","1784","1773","1762","1789","1740","1780","1785","1774","1763","1779","1809","1768","1770","1764","1782","1798","1787","1776","1765","1956"],"geogName":["Neusiedler Lake"],"orgName":[],"orgName_funder":[],"orgName_provider":[],"persName":["Franz von Greiner","Leopold Kozeluch","Antonio Caldara","Nelson Mass","Esterhazy","Josef Werner","Maria Theresa","Johann Baptist","Duke Paul","Violin","La Reins","Emanuel Bach","Mass","Even Beethoven","Carl Ferdinand","Amadeus Mozart","Michael Haydn","Haydn","Princess Victoire","Johann Michael","Johann Ernst","Venier","Stephen Storace","Russia","Joseph Haydn","Leopold","Ernest Sanders","Eisenstadt","Leopold Mozart","Don Giovanni","La Chevadiere","La Rencontre","Franz Niemtschek","Joseph Werner","Karl Thomas","La Poule","Concerto","Florian Gassmann","Sebastian Bach","Symphony","Karl Geiringer","Giuseppe Mozart","Johann Joseph","Mozart","Peter Leopold","Jens Peter"],"placeName":["Eisenstadt","Paris","Regensburg","Mannheim","London","St. Cecilia","The Hague","Milan","Dittersdorf","Vienna","France","Hungary","Augsburg","England","St. Stephen","Salzburg"],"ref_url":[],"ref_bibl":["January and March 1764","January 1764","March 1766","August 1771"],"bibl":[]}},"ark":["ark:/67375/HXZ-NSDJVNKC-R"],"categories":{"wos":[],"scienceMetrix":["1 - arts & humanities","2 - visual & performing arts","3 - music"],"scopus":["1 - Social Sciences","2 - Arts and Humanities","3 - Music"]},"publicationDate":"1956","copyrightDate":"1956","enrichments":{"type":["multicat","refBibs","teeft","unitex"]},"doi":["10.1093/mq/XLII.2.145"],"_id":"4B3F944D30D58149C32311B7FC615D964C0401B5"}