{"corpusName":"wiley","keywords":{"teeft":["hatten","korsyn","blackwell publisher","music analysis","kinderman","heories","eethoven","nity","markedness","isunity","trans","late style","musical meaning","late beethoven","princeton university press","ninth symphony","structural analysis","analytical system","classical style","james parson","strophe","genre","kraft","opening strophe","choral antistrophe","beethoven forum","such question","flexible principle","california press","choral fantasia","larger humanistic project","spiritual development","string quartet","heiliger dankgesang","first movement","choral","parson","beethoven","blackwell","such work","stylistic competency","second level","single movement","carl dahlhaus","historical musicology","neue kraft","expressive extreme","joseph kerman","walter riezler","william kinderman","musical experience","progressive unification","synthetic unity","musical unity","kofi agawu","positivist ideal","choral finale","harsh custom","piano sonata","secondary literature","expressive significance","beethoven study","higher state","productive tension","particular feature","genre theory","literary criticism","alastair fowler","han robert jauss","word kraft","conversation book","different text","such matter","beethoven hero","cultural context","berliner allgemeine musikalische zeitung","hermeneutic reading","sweet milk","clarendon press","classic music","choral symphony"]},"author":[{"name":"James Parsons","affiliations":["Southwest Missouri State University, Springfield, USA"]}],"articleId":["MUSA085"],"arkIstex":"ark:/67375/WNG-F30M33CP-F","language":["eng"],"originalGenre":["reviewArticle"],"qualityIndicators":{"score":7.012,"pdfWordCount":7025,"pdfCharCount":40332,"pdfVersion":1.2,"pdfPageCount":16,"pdfPageSize":"969 x 1394 pts","pdfWordsPerPage":439,"pdfText":true,"refBibsNative":false,"abstractWordCount":1,"abstractCharCount":0,"keywordCount":0},"title":"‘Pour the sweet milk of concord into hell’: Theories of Unity and Disunity in Late Beethoven","genre":["review-article"],"host":{"title":"Music Analysis","language":["unknown"],"doi":["10.1111/(ISSN)1468-2249"],"issn":["0262-5245"],"eissn":["1468-2249"],"publisherId":["MUSA"],"volume":"18","issue":"1","pages":{"first":"127","last":"142","total":"16"},"genre":["journal"]},"namedEntities":{"unitex":{"date":["1831","1820","1825","from the nineteenth century","1808","1810","1999","1801","1798","1787"],"geogName":[],"orgName":["Blackwell Publishers Ltd.","American Musicological Society"],"orgName_funder":[],"orgName_provider":[],"persName":["Hans Robert","William Kinderman","J. W. N. Sullivan","François-Joseph Fétis","Umberto Eco","Michael Schapiro","Kofi Agawu","Charles Sanders","Elliot Forbes","A. B. Marx","Rose Rosengard","Joseph Kerman","Brentano","Johann Georg","Dorian Gray","Fowler","Scott Burnham","Kant","Emily Anderson","Karl-Heinz Köhler","Nicolas Slonimsky","Adolf Martin","Alan Street","Michael Spitzer","Elaine Sisman","I. A. Richards","Ludwig van Beethovens","Leonard G. Ratner","Ruth A. Solie","Leonard Ratner","Eugene Narmour","Walter Riezler","K. L. Chua","Leo Treitler","An Introduction","Benjamin Levy","Grita","T. S. Eliot","Kinderman","Michael Shapiro","G. D. H. Pidcock","Virginia Woolf","Carl Dahlhaus","Alastair Fowler","Kevin Korsyn","Ludwig van Beethoven","Dahlhaus","Mary Whittall","Journal","Leonard B. Meyer","D. H. Lawrence","Aldous Huxley","Nelson Goodman","Stephen Greenblatt","Edwin Battistella","Op","Peter Kivy","Hatten","Korsyn"],"placeName":["Bradford","Bonn","Kassel","York"],"ref_url":[],"ref_bibl":["New York: Vienna House, 1938","Berkeley: University of California Press, 1989","Bloomington: Indiana University Press, 1994","University of North Texas, 1992","Princeton: Princeton University Press, 1991","University of Rochester, 1980","Minneapolis: Minnesota University Press, 1982","Spring 1990","Lincoln: University of Nebraska Press, 1992","Oxford: Clarendon Press, 1982","Princeton: Princeton University Press, 1967","Princeton: Princeton University Press, 1995","Berkeley: The University of California Press, 1988","Seattle: University of Washington Press, 1965","New York: Norton, 1966","Leipzig: VED Deutscher Verlag für Musik, 1972","Oxford: Clarendon Press, 1991","New York: Schirmer Books, 1980","New York: St Martin’s Press, 1961","April 2, 1831","Berkeley: University of California Press, 1995"],"bibl":[]}},"ark":["ark:/67375/WNG-F30M33CP-F"],"categories":{"wos":[],"scienceMetrix":["1 - arts & humanities","2 - visual & performing arts","3 - music"],"scopus":["1 - Social Sciences","2 - Arts and Humanities","3 - Music"]},"publicationDate":"1999","copyrightDate":"1999","enrichments":{"type":["multicat","refBibs","teeft","unitex"]},"doi":["10.1111/1468-2249.00085"],"_id":"A828A0274D6B699EEB80C68DB5B6A43691F7582C"}