{"corpusName":"oup","keywords":{"teeft":["wawruch","malfatti","vering","braunhofer","musical quarterly","schmidt","letter beethoven","general hospital","general pathology","typhoid fever","long time","last year","next physician","medical history","homeopathic doctor","comoeopathische chokolade","auditory nerve","conversation book show","beethoven"]},"author":[{"name":"WALDEMAR SCHWEISHEIMER"}],"articleId":["XXXI.3.289"],"arkIstex":"ark:/67375/HXZ-RD7HKW4C-9","language":["eng"],"originalGenre":["research-article"],"qualityIndicators":{"score":3.477,"pdfWordCount":3427,"pdfCharCount":19196,"pdfVersion":1.3,"pdfPageCount":11,"pdfPageSize":"438 x 675 pts","pdfWordsPerPage":312,"pdfText":true,"refBibsNative":false,"abstractWordCount":0,"abstractCharCount":0,"keywordCount":0},"title":"BEETHOVEN'S PHYSICIANS","genre":["research-article"],"host":{"title":"The Musical Quarterly","language":["unknown"],"issn":["0027-4631"],"eissn":["1741-8399"],"publisherId":["musqtl"],"volume":"XXXI","issue":"3","pages":{"first":"289","last":"298"},"genre":["journal"],"subject":[{"value":"Articles"}]},"namedEntities":{"unitex":{"date":["1802","1831","the 18th century","1819","1808","1810","1815","1811","1827","1823","1825 or 1826","1801","1945"],"geogName":["Danube"],"orgName":["General Hospital, Vering"],"orgName_funder":[],"orgName_provider":[],"persName":["Josephine Academy","Max Unger","Schmidt","John Brown","Braunhofer","Johann Wagner","Peter Frank","Smetana","C. F. Hahnemann","Wawruch","Ernest Hebert","Gerhard von Breuning","Louis van Beethoven","Wegeler","Johann Adam","Carl Engel","Malfatti","Beethoven","Seibert","Henry Hugh","Bertolini","Maximilian Stoll","Andreas Wawruch","Roehrich","Even Malfatti","Mathias Marenzeller","Staudenheimer","Franz Gerhard","Schwarzenberg","Peter Weiss"],"placeName":["Leipzig","Leiden","Berlin","Coblenz","Munich","Austria","Prague","Gneixendorf","Vienna","York","St. Petersburg","Como","Heiligenstadt","St. Stephen"],"ref_url":[],"ref_bibl":["Vienna, 1816","December 1826","Rome, 1841"],"bibl":[]}},"ark":["ark:/67375/HXZ-RD7HKW4C-9"],"categories":{"wos":[],"scienceMetrix":["1 - arts & humanities","2 - visual & performing arts","3 - music"],"scopus":["1 - Social Sciences","2 - Arts and Humanities","3 - Music"]},"publicationDate":"1945","copyrightDate":"1945","enrichments":{"type":["multicat","refBibs","teeft","unitex"]},"doi":["10.1093/mq/XXXI.3.289"],"_id":"7BD18C0C20725BDD96FF482DDCE3E4D63C6BD70E"}