{"corpusName":"oup","keywords":{"teeft":["musical quarterly","exceptional position","french revolution","last period","program music","creative artist","western music","entire nineteenth century","late classic","great deal","pastoral symphony","beethoven","other composer","york city","universal admiration","fine collection","scholarly essay","musical history","great master","relentless affair","early biography","musical quarterly introduction musical historiography","early nineteenth century","yearning theme","irresistible propulsive force","menacing humor","wild rhythm","nineteenth century","such able composer","many more","more intense","personal confession","higher revelation","real world","same time","artist beethoven","highest repository","enthrall people","courageous consciousness","sovereign artist","sunny disposition","galling thing","cardinal necessity","eighteenth century","overwhelming tempest","romantic historiography","young musician","something arrogant","supreme creed","lawful orbit","uncharted path","systematic world order","unsanctioned idea","fair game","difficult subject","mental travail","anyone life","strong feeling","fervent partisan","inescapable influence","excessive malignance","german quality","german prejudice","italian music","highest moral standard","business matter","certain composer","romantic tinge","younger schlegel","wilhelm meister","german counterpart","real revolution","mere utopian","ninth symphony","energetic impulse","german border","international composer","best sense","different nation","cultural circle","value work","sound paradoxical","less universal","particular universal individual","other musi","brave kerls","answer hercules","excessive demand","such courage","such elan","sketchbook show","unparalleled directness","unexampled integrity","bettina brentano","such consciousness","first glance","niuch clearer","desperate resolution","heiligenstadt testament","human strength","terrible trial","characteristic courage","up hand","supreme test","popular tradition","characteristic symbol","world conqueror","more distant sphere","social convention","unavoidable consequence","idle speculation","physical affliction","atavistic penchant","ancient germanic spirit","creative activity","eccentric recluse","material nature","less binding","last period something","grosse fuge","naked idea","anyone category","same year","patron saint","enervated pope","sonata appassionata","fifth symphony","logical unity","secret longing","attainable classical ideal","ptolemaic system","joseph karl stieler private collection","classicistic dream","direct descendant","beethoven emotion","deep interest","brotherly love","book popular","first great composer","first true romantic","music logic","greatest impediment","true appreciation","able composer","healthy talent","beethovenian code","principal reason","subsequent decline","belated product","middle age","historical logic","surprising fact","such romantic","such master","energy center","early romanticism","full bloom","late classicism","paradoxical reconciliation","formidable problem","large dimension","large form","maximal tensile strength","overwhelming force","millennial history","more coercive power","particular genius","many romantic element","classical concept","lawful progenitor","whole life","harmonic practice","great contribution","distant excursion","tonal center","modulatory maximum","classical unity","harmonic motion","musical world","early work","constant effort","classical perfection","viennese school","faultless form","external expression","in clarity","perfect sentence","great beethoven","first flush","musical quarterly metier","classical tradition","famous sketchbook","first impression","thing right","beethoven return","development section beethoven","weltanschauung music","symbolical meaning","ardent lover","romantic program music","nature picture","dream world","great truth independent","simplest phenomenon","greater truth","discovery depth","musical lesson","sixth symphony","principal document","individual manifestation","programmatic title","certain mood","idealize creative artist","heroic representative","musical association introduction","programmatic interpretation","musical apprehension","extramusical gloss","poetic imagination","scientific analysis","pictorial verisimilitude","deaf composer","funeral march","musical principle","conceptual connotation","little concert","musical construction","other great master","many mood","additional program","superfluous burden","such notable exception","indifferent result","large literature","curious ambivalence","more recent time","democratic society nothing","spiritless material civilization","tycipal agent","last sonata","classic construction","musical quarterly music","vast choral symphony","finitely organic","passionate logic","many crisis","final harmony","impatient musician","beethoven objectionable","imperious determination","majestic egotism","eternal presence","highest heroism","revolutionary character","misjudge heroism","heroic clangor","rhetorical force","complete creative fulfillment","absolute peace","relative calm","unattainable fulfillment","great tension","vast sigh"]},"author":[{"name":"P.H.L."}],"articleId":["LVI.4.505"],"arkIstex":"ark:/67375/HXZ-2F8GLTQV-S","language":["eng"],"originalGenre":["introduction"],"qualityIndicators":{"refBibsNative":false,"abstractWordCount":0,"abstractCharCount":0,"keywordCount":0,"score":4.022,"pdfWordCount":3972,"pdfCharCount":22046,"pdfVersion":1.3,"pdfPageCount":11,"pdfPageSize":"450 x 684 pts","pdfWordsPerPage":361,"pdfText":true},"title":"INTRODUCTION","genre":["article"],"host":{"title":"The Musical Quarterly","language":["unknown"],"issn":["0027-4631"],"eissn":["1741-8399"],"publisherId":["musqtl"],"volume":"LVI","issue":"4","pages":{"first":"505","last":"514"},"genre":["journal"],"subject":[{"value":"INTRODUCTION"}]},"namedEntities":{"unitex":{"date":["1970","1849","in the nineteenth century","nineteenth century","1830s","the eighteenth century","40s"],"geogName":[],"orgName":[],"orgName_funder":[],"orgName_provider":[],"persName":["Beethoven","Joseph Karl","Bettina Brentano","E. T. A. Hoffmann"],"placeName":["Germany","Vienna","Heiligenstadt"],"ref_url":[],"ref_bibl":[],"bibl":[]}},"ark":["ark:/67375/HXZ-2F8GLTQV-S"],"categories":{"wos":[],"scienceMetrix":["1 - arts & humanities","2 - visual & performing arts","3 - music"],"scopus":["1 - Social Sciences","2 - Arts and Humanities","3 - Music"]},"publicationDate":"1970","copyrightDate":"1970","enrichments":{"type":["multicat","refBibs","teeft","unitex"]},"doi":["10.1093/mq/LVI.4.505"],"_id":"11A115ABCAB4D2BEA9609C9F0276E4ED271846E6"}