{"corpusName":"oup","keywords":{"teeft":["musenalmanach","modezeitung","almanac","wienerischer","leipzig","blumauer","musenalmanache","wiener","gottinger","wienerischer musenalmanach","taschenbuch","blumenlese","holzer","viennese","song collection","gottinger musenalmanach","prandstetter","ratschky","june","vossischer","vossischer musenalmanach","wahren eintracht","late eighteenth century","song composer","lyric poetry","song publication","almanac text","viennese song","poetic source","song text","jahr","wide circulation","nineteenth century","widespread popularity","musical insert","masonic activity","poetry anthology","musenalmanach proper","viennese composer","lyrische blumenlese","deutschen musen","previous year","first issue","wiener musenalmanach","french model","many poem","best poetry","first collection","konigliche kunst","viennese censorship","other source","aloys blumauer","gottlieb leon","german almanac","particular interest","composition poet publication","song setting","almanac publication","various time","leipziger musenalmanach","theatrical event","loose sheet","schubert","lieder"]},"author":[{"name":"EWAN WEST"}],"articleId":["67.1.37"],"arkIstex":"ark:/67375/HXZ-H8GX6CWR-0","language":["eng"],"originalGenre":["research-article"],"qualityIndicators":{"score":5.05,"pdfWordCount":5896,"pdfCharCount":37120,"pdfVersion":1.2,"pdfPageCount":13,"pdfPageSize":"459 x 706 pts","pdfWordsPerPage":454,"pdfText":true,"refBibsNative":false,"abstractWordCount":0,"abstractCharCount":0,"keywordCount":0},"title":"THE MUSENALMANACH AND VIENNESE SONG 1770–1830","refBibs":[{"author":[],"host":{"title":"TABLE I Musenalmanache","author":[],"pages":{"first":"1770","last":"1807"}}},{"title":"Schlesische Anthologie (Blumenlese) (Breslau & Leipzig, 1773-80) Jugendfruchte des k.k. Theresianums (Vienna","author":[{"name":" Almanack Der Deutscken Musen"}],"host":{"title":"Frankfurter Musenalmanach","author":[],"pages":{"first":"1770","last":"81"}}},{"title":"Esthldndische poetische Blumenlese (Wesenburg, 1779-80) Vademecum fur Dichterfreunde","author":[{"name":" Almanack Von Ungam Auf Das Jahr"}],"publicationDate":"1778","host":{"title":"1780—82) Poetisches Taschenbuchlein","publicationDate":"1778","author":[],"pages":{"first":"1779","last":"80"}}},{"title":"Schwdbischer Musenalmanach (Tubingen, 1782-7, 1792-3) Hessischer Musenalmanach","author":[{"name":"Pfalzbaierischer Musenalmanach"},{"name":"1781—2 ) Poetische Munich"},{"name":" Blumenlese"}],"host":{"title":"Schlesiens Bardenopfer","author":[],"pages":{"first":"1782","last":"3"}}},{"host":{"title":"Salzburger Musenalmanach (Salzburg, 1787-8) Lemberger Musenalmanach (Lemberg, 1788) Fruchte vaterlandischer Musen (Graz, 1789-90) Blumenlese der Musen","publicationDate":"1787","author":[{"name":" Blumen"}],"pages":{"first":"1790","last":"91"}}},{"host":{"author":[{"name":" Eunomia"},{"name":" Breslau"}],"pages":{"first":"1792","last":"3"}}},{"author":[{"name":"Schiller Musenalmanach"},{"name":" Neustrelitz"}],"host":{"title":"Bliithen und Fruchte","author":[],"pages":{"first":"1796","last":"1797"}}},{"host":{"title":"1798) Neuer Wiener Musenalmanach (Vienna","author":[{"name":"Rheinischer Musenalmanach"},{"name":" Mannheim"}],"pages":{"first":"1798","last":"1801"}}},{"host":{"author":[{"name":"C,H Gotter"},{"name":"K,F Schmid"},{"name":"J Lentner"},{"name":" Kurzbock"}]}},{"host":{"author":[{"name":"K,W "}]}},{"host":{"author":[{"name":"J,G Zimmermann"}]}},{"author":[],"host":{"title":"J. J. Doerk","author":[],"volume":"3","issue":"3"}},{"author":[{"name":"See,Dietrich "},{"name":"Berke "}],"publicationDate":"1969","host":{"title":"Die Musikforschung, xxii","publicationDate":"1969","author":[],"pages":{"first":"485","last":"9"}}},{"host":{"author":[{"name":" Ibid"}],"pages":{"first":"487","last":"8"}}},{"host":{"title":"Die schine Mullerin","publicationDate":"1975","author":[{"name":"See,A Feil"},{"name":"Franz Schubert"}],"pages":{"first":"26","last":"28"}}}],"genre":["research-article"],"host":{"title":"Music and Letters","language":["unknown"],"issn":["0027-4224"],"eissn":["1477-4631"],"publisherId":["musicj"],"volume":"67","issue":"1","pages":{"first":"37","last":"49"},"genre":["journal"],"subject":[{"value":"Articles"}]},"namedEntities":{"unitex":{"date":["1813","1829","1788","1818","1777","1820","eighteenth century","1825","1986","1814","1770s","1832","1778","1821","1796","1785","1774","1780s","1822","1781","1770","1800","nineteenth century","1827","1786","1816","1823","1782","1769","1790s","1828","1787","1830","1817","1765","1824"],"geogName":[],"orgName":["National Singspiel","Austria and Hungary"],"orgName_funder":[],"orgName_provider":[],"persName":["Ulrich Petrak","J. D. John","E. Blom","F. Schlegel","Franz Schuberts","Gabriele Baumberg","Raimund Pissin","L. Tieck","C. Rosier","Martin Josef","Oswald Oswald","H. Boettcher","Lilly Schochow","Edmund Goetze","Franz Jacob","W. G. Beckers","Franz Schubert","B. Seuflert","Heinrich Philipp","Wilhelm Ehlers","Leon Batthyani","Joseph Bauernjopl","A. Feil","G. Leon","G. F. Staudlin","J. M. Korabinski","H. Wagner","F. Ratschky","B. Schofield","C. Hdslinger","Hermann Stoll","Arthur Rumann","O. Rommel","Emily Anderson","An Laura","Anton Huberty","A. Sauer","Joseph Haydn","Pasquale Anfossi","F. W. Sternfeld","Louis van Beethoven","A. Leitzmann","Gottlieb Leon","H. Schmuck","Johann Nepomuk","J. Doerk","Bey Ueberreichung","J. H. Voss","A. W. Schlegel","A. Blumauer","Christian Boie","E. Deutsch","B. Vermehren","A. von Chamisso","Beethoven","O. Brusatti","Leon Dirnbock","Johann Schickh","Karl Leitner","Theodor von Frimmel","H. Grantzow","Anthony van HoboV","Anton Ullrich","F. Schiller","G. Zimmermann","A. von Vogel","An Emma","Ludwig van Beethoven","F. Albrecht","O. E. Deutsch","A. D. Wilson","K. H. Jordens","Karl Goedeke","Aloys Blumauer","H. C. Boie","W. Gorzny","Josef Steffan","Maria Theresia","Schickh","Dieter Breuer","Alice M. Hanson","W. Obermaier","P. Nettl","Adolf Schlesinger","Christian Gottlob","Dietrich Berke","Anton Schlossar","L. Lewis","K. F. Lentner","J. F. Ratschky","J. P. Le Pique","I. F. Castelli","H. P. Bossier","Leon Mozart","Ferdinand Luib","Friedrich Treitschke","K. A. Varnhagen","C. P. E. Bach"],"placeName":["Leipzig","Leiden","Paris","Marburg","Nuremberg","Germany","Munich","Jena","Heidelberg","Walldorf","Bonn","Leidesdorf","Darmstadt","Stuttgart","Hamburg","Graz","Athens","Vienna","Frankfurt","Speyer","York","France","Cambridge","Augsburg","Hildesheim","Salzburg","Budapest","Hegrad","New Beethoven"],"ref_url":[],"ref_bibl":["Munich, 1980","Vienna, 1920","Jahr 1778 (Vienna & Pressburg, 1778)","University of Vienna, 1953","Vienna, 1772, 1784","Vienna & Leipzig, 1906","2 versions, 1825","Vienna, 1814","Bielefeld & Leipzig, 1899","Pressburg, 1785","Mannheim, 1798","Lemberg, 1788","Mainz, 1978","Dresden, 1916","Prague & Vienna, 1787","2 versions, 1822"],"bibl":[]}},"ark":["ark:/67375/HXZ-H8GX6CWR-0"],"categories":{"wos":[],"scienceMetrix":["1 - arts & humanities","2 - visual & performing arts","3 - music"],"scopus":["1 - Social Sciences","2 - Arts and Humanities","3 - Music"]},"publicationDate":"1986","copyrightDate":"1986","enrichments":{"type":["multicat","refBibs","teeft","unitex"]},"doi":["10.1093/ml/67.1.37"],"_id":"7D49432A004AAF1AB801CEEC3C079852F25BD93A"}