{"corpusName":"cambridge","author":[{"name":"Gerard McBurney"}],"articleId":["01939"],"arkIstex":"ark:/67375/6GQ-LMQFN8GK-J","language":["eng"],"originalGenre":["research-article"],"abstract":"In the past ten years a remarkable change has come over Brian Elias. He has turned from being a miniaturist to being a composer on a symphonic scale and with symphonic aspirations. Not that he has written any work with so self-conscious a title as ‘symphony’ – at least, not yet. But in these few years he has given us two extended cycles for voice and symphony orchestra, a large-scale single-movement orchestral work that must certainly be called symphonic, a set of 49 Variations for piano inspired by Beethoven's set of 32 in C minor, and now an orchestral ballet in progress for Kenneth Macmillan and the Royal Ballet. All these, and some impressive chamber works too, have come from a composer whose earlier reputation was based on a tiny scattering of compositions including a rarified solo soprano piece (based on a particularly obscure bit of Browning), a piece for solo violin, and the microscopic Five Piano Pieces for right hand alone.","qualityIndicators":{"score":7.798,"pdfWordCount":3854,"pdfCharCount":21347,"pdfVersion":1.4,"pdfPageCount":9,"pdfPageSize":"523.44 x 769.68 pts","refBibsNative":false,"abstractWordCount":162,"abstractCharCount":947,"keywordCount":0},"title":"Brian Elias's recent music","pii":["S0040298200019392"],"genre":["research-article"],"host":{"title":"Tempo","language":["unknown"],"issn":["0040-2982"],"eissn":["1478-2286"],"publisherId":["TEM"],"issue":"174","pages":{"first":"12","last":"18","total":"7"},"genre":["journal"]},"ark":["ark:/67375/6GQ-LMQFN8GK-J"],"categories":{"inist":["1 - sciences humaines et sociales"]},"publicationDate":"1990","copyrightDate":"1990","enrichments":{"type":["nb","refBibs"]},"doi":["10.1017/S0040298200019392"],"_id":"5EEABC9BB36399846DA907B4B3F388504BDA7215"}