{"corpusName":"oup","keywords":{"teeft":["rondo","sonata form","couplet","reicha","abaca","theorist","main theme","dommer","leipzig","rondeau","coda","theoretical concept","rondo form","first part","tonic","koch","main section","musical quarterly","rondo type","first couplet","second theme","czerny","piano sonata","rondo finale","principal period","older type","sonatenartige rondo","secondary section","basic definition","middle section","sonata","mozart","rondo section","abaca type","haupttonart wiederholt","fourth section","many more year","other key","ternary style","ebenezer prout","practical composition","several year","formal arrangement","theoretical discussion","independent piece","slight alteration","abaca mold","beethoven sonata","general term","musical composition","musical dictionary","sonata movement","second group","musikalisches lexicon","abaca structure","third couplet","recapitulation"]},"author":[{"name":"MALCOLM S. COLE"}],"articleId":["LV.2.180"],"arkIstex":"ark:/67375/HXZ-CX9Z8965-V","language":["eng"],"originalGenre":["research-article"],"qualityIndicators":{"score":4.953,"pdfWordCount":4903,"pdfCharCount":28408,"pdfVersion":1.3,"pdfPageCount":13,"pdfPageSize":"449 x 686 pts","pdfWordsPerPage":377,"pdfText":true,"refBibsNative":false,"abstractWordCount":0,"abstractCharCount":0,"keywordCount":0},"title":"SONATA-RONDO, THE FORMULATION OF A THEORETICAL CONCEPT IN THE 18th AND 19th CENTURIES","genre":["research-article"],"host":{"title":"The Musical Quarterly","language":["unknown"],"issn":["0027-4631"],"eissn":["1741-8399"],"publisherId":["musqtl"],"volume":"LV","issue":"2","pages":{"first":"180","last":"192"},"genre":["journal"],"subject":[{"value":"Articles"}]},"namedEntities":{"unitex":{"date":["1802","1750","1865","1935","1773","1924","18th century","1969","1850","IN THE 18th AND 19th CENTURIES","19th centuries","1768","the 18th and 19th centuries","1775","the 18th and 19th Centuries","1793","the 19th century","1911","in the 18th century","1824"],"geogName":[],"orgName":["Princeton University"],"orgName_funder":[],"orgName_provider":[],"persName":["Koch","Theodore de'Wyzewa","A. Orel","J. A. P. Schulz","Richard Stohr","H. C. Koch","Lexicon","Adrian de Lafage","Georges de Saint","W. A. Mozart","Hermann Abert","Jean-Jacques Rousseau","Johann Georg","J. H. Cornell","Friedrich Wolf","Marx","H. Gal","J. Chriitoph","Alexander Etienne","Leonard","Hans Engel","Joseph Haydn","John Hoyle","Bernhard Marx","Anton Reicha","L. van Bttthovtns","J. D. Stossel","Rudolf von Tobel","Johann Mattheson","Ludwig van Bttthovtn","Ludwig Bussler","Carl Czcrny","Journal","William Henry","Christian Lobe","Hugo Riemann","Max Ldwengard","Carl Czerny","Johann Joseph","Martin Chtuid","ABA Coda","Wilhelm Fischer","Charles Francis","Percy Goetschius","Donald Francis"],"placeName":["Leipzig","Foix","Berkeley","Auch"],"ref_url":[],"ref_bibl":["London, 1931","Gera, 1783","Leipiig, 1933","Chapel Hill, 1963","Berlin, 1863","Hamburg, 1713","Paris, 1768","Leipzig, 1848","Paris, 1838","Heidelberg, 1865","Leipzig, 1794","Leipzig, 1935","Berlin, 1904","Berlin, 1909","Leipzig, 1793","London, 1770","Leipzig, 1911","New York, 1900","London, 1817","Frankfurt am Main, 1924","Berlin, 1919","London, 1895","London, 1779","Halle, 1787","Frankfurt am Main, 1802","London, 1740","New York, 1915","London, 1849","Chemnitz, 1737"],"bibl":[]}},"ark":["ark:/67375/HXZ-CX9Z8965-V"],"categories":{"wos":[],"scienceMetrix":["1 - arts & humanities","2 - visual & performing arts","3 - music"],"scopus":["1 - Social Sciences","2 - Arts and Humanities","3 - Music"]},"publicationDate":"1969","copyrightDate":"1969","enrichments":{"type":["multicat","refBibs","teeft","unitex"]},"doi":["10.1093/mq/LV.2.180"],"_id":"7FB06C852F74FBFCB1CA1E32693B238F9D59A672"}