{"corpusName":"oup","keywords":{"teeft":["germanians","germania musical society","germania","spohr","albrecht","germania society","beethoven symphony","musical quarterly","great music","distin family","carl lenschow","equal right","other orchestra","philharmonic society","mendelssohn","weber","personal quality","york concert","first appearance","alfred jaell","italian opera","carl bergmann","william scharfenberg","francis riha","assembly room","camilla urso","orchestral work","other city","musical public","usual overture","last concert","musical culture","light music","haydn society","prosperous voyage","canadian tour","midsummer dream","overture","haydn","mozart","repertory"]},"author":[{"name":"H. EARLE JOHNSON"}],"articleId":["XXXIX.1.75"],"arkIstex":"ark:/67375/HXZ-BW64QS09-B","language":["eng"],"originalGenre":["research-article"],"qualityIndicators":{"score":5.05,"pdfWordCount":6560,"pdfCharCount":38340,"pdfVersion":1.2,"pdfPageCount":19,"pdfPageSize":"447 x 673 pts","pdfWordsPerPage":345,"pdfText":true,"refBibsNative":false,"abstractWordCount":0,"abstractCharCount":0,"keywordCount":0},"title":"THE GERMANIA MUSICAL SOCIETY","refBibs":[{"host":{"title":"One through Six, Eight; Overtures Egmont, Prometheus, Coriolanus; one unspecified concerto Haydn — Symphony No","author":[{"name":"— Beethoven"},{"name":" Symphonies"}]}},{"host":{"title":"Fingal's Cave, Return from Abroad, Calm Sea and Prosperous Voyage, Ruy Bias, The Fair Melusine; The Song of Praise; entire Dream music with speaker Mozart — Symphony in E-flat and Jupiter","author":[{"name":"— Mendelssohn"},{"name":" Four"}]}},{"host":{"title":"52)—the first orchestral work by this composer I find performed in America Spohr — Symphonies Historic and Consecration of Tones Weber — Overtures to Der Freischutz and Oberon Other symphonies by Kalliwoda and Gade 18 Journal of Music, I, 1852-53","author":[{"name":"— Schumann"},{"name":" Overture"},{"name":" Scherzo"},{"name":"E ( Finale In"},{"name":" Op"}],"pages":{"first":"954"}}},{"host":{"author":[{"name":"Carl Bergmann"},{"name":"W Schultze"},{"name":"G Meisel"},{"name":"C Stein"},{"name":"L Hehl"},{"name":"W Buchheister"},{"name":"F Zohler"},{"name":"H Luhde"},{"name":"W Balke"},{"name":"C Bartels"},{"name":"C Zerrahn"},{"name":"W Schlimper"},{"name":"I Schultz"},{"name":"H Albrecht"},{"name":"@bulletw Meier"},{"name":"F Thiede"},{"name":"*,H Hunstock"},{"name":"H Kustenmacher"},{"name":"C "}]}},{"host":{"title":"Agents 1848-54. Brandt left early in 1854 to enter business in Chicago","author":[{"name":"F,B Helmsmuller"},{"name":"H Brandt"}]}}],"genre":["research-article"],"host":{"title":"The Musical Quarterly","language":["unknown"],"issn":["0027-4631"],"eissn":["1741-8399"],"publisherId":["musqtl"],"volume":"XXXIX","issue":"1","pages":{"first":"75","last":"93"},"genre":["journal"],"subject":[{"value":"Articles"}]},"namedEntities":{"unitex":{"date":["1869","1854","1843","1953","1848","1850","1862","1849","1851","1838","1845","1841","1846"],"geogName":[],"orgName":["National Inaugural Ball","Hungarian National March Mozart","Austria, Germany, and Holland","Army, Navy, Marine"],"orgName_funder":[],"orgName_provider":[],"persName":["Henry Sr","Henry Timm","Wulf Fries","Princess Theatre","H. Kustenmacher","Paris Conservatoire","William Scharfenberg","H. Luhde","Eloise Hensler","Adelaide Phillips","President","German Orchestra","Taylor","Rhode Island","Carl Lenschow","La Mer","Y. Herald","Street","Joseph Gung","F. Thiede","Ave Maria","Charles E. Horn","Carl Bergmann","Wilhelm Taubert","H. Kiisterunacher","G. Vandenhoff","H. Brandt","W. H. Schultze","Broadway","Carolyn Lehman","Jenny Land","I. Schultz","Germanians","Henry C. Timm","Francis Riha","Camilla Urso","German Band","Jaell","Louis Philippe","John Fane","Luigi Elena","Henriette Sontag","Lord","J. S. Dwight","U. S. Census","G. Meisel","C. Stein","Charles Hohnstock","Alfred Jaell","Felix Mendelssohn","N. Y. Herald","August Fries","Richard Hoffman","Jackson Hall","Josephine","Niblo","H. Reich","Dwight","Summer Concerts","William Curtis","Grace Church","Society","Oscar Thompson","W. Balke","F. B. Helmsmuller","Le Sacre","Henry Fry","C. Zerrahn","W. Buchheister","Philip Meyer","Adelina Patti","F. Zohler","Edward Remenyi","Mozart","George F. Bristow","Queen Victoria","Wood","C. Plagemann","F. Hasse","Catherine Hayes","Theodore Thomas","H. Hjorte"],"placeName":["Mass.","Minneapolis","Venice","Berlin","Philadelphia","Rochester","Germany","United States","Hanover","Springfield","Columbus","Milwaukee","Austria","Pittsburgh","Washington","Richmond","Nashville","Hamburg","London","Boston","Newport","Cincinnati","Toronto","Europe","America","Baltimore","Chicago","York","Syracuse","France","Quebec","Cambridge","Louisville","Ole","Cleveland","Spain","Charlestown"],"ref_url":[],"ref_bibl":["Tht American Singtr, New York, 1937","January and February 1848","Our American Music, New Yorlt, 1936","December 1850"],"bibl":[]}},"ark":["ark:/67375/HXZ-BW64QS09-B"],"categories":{"wos":[],"scienceMetrix":["1 - arts & humanities","2 - visual & performing arts","3 - music"],"scopus":["1 - Social Sciences","2 - Arts and Humanities","3 - Music"]},"publicationDate":"1953","copyrightDate":"1952","enrichments":{"type":["multicat","refBibs","teeft","unitex"]},"doi":["10.1093/mq/XXXIX.1.75"],"_id":"00F368EAC55D967545BF16CED587F215D21E1209"}