{"corpusName":"oup","keywords":{"teeft":["cond","seguin","behrens","susini","maretzek","coletti","grau","kellogg","brignoli","hersee","habelman","opera house","chicago tribune","bowler","massimiliani","april","trovatore","formes","bergmann","richings","morensi","ghioni","drayton","hermann","nicolao","orlandini","rotter","diavolo","galton","canissa","marra","peakes","barili","dubreuil","mazzoleni","ibid","lotti","ronconi","lucrezia","domenico","torriani","conductor unknown","muzio","grange","borgia","antonucci","neuendorff","uranus","chatterson","irfre","ernani","onstage","elvira","pasquale","nordblom","crispino","errani","musiani","barbiere","milleri","aria","cellini","gazzaniga","franosch","steinecke","clara louise kellogg","bohemian girl","reiff","boschetti","comare","lichtmay","jacob grau","chamounin","stockton","siviglia","lucrezia borgia","troupe","howell","bellini","tenor","campbell","jacob","hess","soprano","baritone","edward seguin","cohen castle","uranus crosby","chicago time","rosa","chicagoans","italian opera company","musical memory","opera house bulletin","albert crosby","bohemian","roemer","lehman","figaro","inaugural season","opening night","principal singer","chicago premiere","grand italian opera company","opera season","george upton","caroline director","giuseppe massimiliani","leonard grover","castle","laurence","crosby","clara"]},"author":[{"name":"EUGENE H. CROPSEY"}],"articleId":["12.1.79"],"arkIstex":"ark:/67375/HXZ-KXN7CPQZ-L","language":["eng"],"originalGenre":["research-article"],"abstract":"This article is a condensed and slightly revised version of two chapters of a book currently in progress, relating the history of Crosby's Opera House and the personalities who brought it to life. Because the Opera House and all of its records were destroyed in the Chicago Fire of 1871, primary sources are extremely rare. Some original documents can be found in the collections of the Chicago Historical Society Library, the Harold Washington Library in Chicago, the New York Public Library, and the Library of Congress. The more readily available sources, however, are the advertisements, critical reviews, and other articles appearing in the Chicago newspapers, mainly the Chicago Tribune, the only one of the eighteen daily newspapers that seems to exist in complete form on microfilm. Uranus Crosby was the builder and original owner of the Opera House. Albert Crosby, Uranus's cousin and my great-great-grandfather, was the second and last owner. In addition to a number of documents, there were many bits of information and stories of the opera house passed down orally through the Crosby-Cropsey family. Although not formally documented, some of these stories appear in this article, having been put in writing for the first time. The author is grateful to The Opera Quarterly editorial board members Thomas G. Kaufman, for the inestimable assistance he provided during the preparation of this article and the accompanying chronology; and James A. Drake, for his editorial assistance with the first draft of this manuscript.","qualityIndicators":{"score":7.916,"pdfWordCount":14775,"pdfCharCount":88656,"pdfVersion":1.3,"pdfPageCount":48,"pdfPageSize":"619 x 802 pts","pdfWordsPerPage":308,"pdfText":true,"refBibsNative":false,"abstractWordCount":243,"abstractCharCount":1533,"keywordCount":0},"title":"Mr. Crosby's Temple of Art The Inaugural Season Chicago, 1865","refBibs":[{"author":[],"publicationDate":"1865-04-21","host":{"title":"Chicago Tribune","publicationDate":"1865-04-21","author":[]}},{"author":[{"name":"Ronald,L Davis"}],"publicationDate":"1966","host":{"title":"Opera in Chicago","publicationDate":"1966","author":[],"pages":{"first":"18"}}},{"author":[],"publicationDate":"1865-04-21","host":{"title":"Chicago Tribune","publicationDate":"1865-04-21","author":[]}},{"author":[],"host":{"title":"Crosby's Opera House Bulletin","author":[],"pages":{"first":"7"}}},{"author":[],"publicationDate":"1865-04-21","host":{"title":"Chicago Tribune","publicationDate":"1865-04-21","author":[]}},{"host":{"title":"The veracity of this story is authenticated by brief mention of the same occurrence in the Chicago Times and the Chicago Tribune of the same date","publicationDate":"1865-04-22","author":[{"name":"Chicago Evening Post"}]}},{"author":[],"publicationDate":"1865-04-21","host":{"title":"Chicago Tribune","publicationDate":"1865-04-21","author":[]}},{"author":[],"publicationDate":"1865-04-22","host":{"title":"Chicago Times 28. Ibid. 29. Ibid","publicationDate":"1865-04-22","author":[]}},{"host":{"author":[{"name":" Davis"},{"name":" Opera In Chicago"}],"pages":{"first":"20"}}},{"author":[],"publicationDate":"1865-04-22","host":{"title":"Chicago Tribune","publicationDate":"1865-04-22","author":[],"volume":"32"}},{"title":"Although most Chicago papers contained favorable reviews of Kellogg's performance, the 26","author":[],"publicationDate":"1865-04-26","host":{"title":"Chicago Times","publicationDate":"1865-04-26","author":[]}},{"title":"Evening Journal reported (apparently erroneously) that Carozzi-Zucchi sang the role of Martha, and did so with \"an unpleasant coarseness","author":[{"name":"April "}],"publicationDate":"1865","host":{"title":"Concise Oxford Dictionary of Opera","publicationDate":"1865","author":[],"pages":{"first":"215","last":"35"}}},{"author":[],"publicationDate":"1865-04-28","host":{"title":"Chicago Tribune","publicationDate":"1865-04-28","author":[],"volume":"37"}},{"host":{"author":[{"name":"Musical Upton"},{"name":" Memories"}],"pages":{"first":"169"}}},{"host":{"author":[{"name":" Davis"},{"name":" Opera In Chicago"}],"pages":{"first":"21"}}},{"host":{"publicationDate":"1913","author":[{"name":"Clara,Louise Kellogg"},{"name":" Memoirs Of An American Prima Donna"}],"pages":{"first":"112","last":"13"}}},{"author":[],"host":{"title":"Chicago Tribune","author":[],"pages":{"first":"4","last":"1865"}}},{"author":[],"publicationDate":"1865-03-06","host":{"title":"Chicago Tribune","publicationDate":"1865-03-06","author":[]}},{"author":[],"host":{"title":"Chicago Tribune","author":[],"pages":{"first":"9","last":"1865"}}},{"author":[],"publicationDate":"1865-03-12","host":{"title":"Chicago Tribune","publicationDate":"1865-03-12","author":[]}},{"author":[],"publicationDate":"1865-03-16","host":{"title":"Chicago Tribune","publicationDate":"1865-03-16","author":[]}},{"author":[],"publicationDate":"1865-03-17","host":{"title":"Chicago Tribune","publicationDate":"1865-03-17","author":[]}},{"author":[],"publicationDate":"1865-03-18","host":{"title":"Chicago Tribune","publicationDate":"1865-03-18","author":[]}},{"host":{"title":"La Grande-Duchesse de Gerolstein Le manage aux lanternes Orphe'e aux enfers","author":[]}},{"host":{"author":[{"name":";,C Bergmann"}]}},{"host":{"author":[{"name":"D,] En"},{"name":"[ R. ] ; C Coletti"},{"name":" Bergmann"},{"name":"20m Also"},{"name":"C May"},{"name":"B Carozzi-Zucchi [ Pa. ]"},{"name":" Massimiliani"},{"name":"F,] Po"},{"name":" Bellini"}]}},{"host":{"title":"Same cast as 27 Apr","author":[{"name":"Cond,F Bergmann"},{"name":"G Mazzoleni"},{"name":"C Lotti"},{"name":" Carozzi-Zucchi"}]}},{"host":{"author":[{"name":"E Muzio"},{"name":"Iim Also"},{"name":"C Nov"},{"name":"G Noel-Guidi [ E. ]"},{"name":" Musiani"}]}},{"host":{"author":[{"name":"Cond Muzio"}]}},{"host":{"title":"Nov. with last act of Lafavorita","author":[]}},{"host":{"author":[{"name":";,A Neuendorff"}]}},{"host":{"author":[{"name":" Dec"}]}},{"host":{"author":[{"name":"M Maretzek"},{"name":"Cond,M Gazzaniga"}]}},{"host":{"title":"Faust 17 Mar. *The Rose of Castile","author":[{"name":" Mar"}]}},{"host":{"author":[{"name":" Mar"},{"name":" Linda Di"},{"name":" Chamounix"}]}},{"host":{"author":[{"name":" Mar"},{"name":"C Lafylia Del Reggimento"},{"name":" Richings"}]}},{"host":{"title":"Grand Parisian Opera and Ballet Company (New Orleans Alhaiza and Calabresi Troupe)","author":[]}},{"author":[{"name":"La Apr"},{"name":"A Grande-Duchesse"},{"name":" Lambele"}],"host":{"title":"Also","author":[],"volume":"1415171827","issue":"1","pages":{"first":"29","last":"30"}}},{"host":{"author":[{"name":" Apr"},{"name":" La Belle"},{"name":" He"}],"pages":{"first":"25"}}},{"host":{"title":"Bateman's French Opera Bouffe Company 18","author":[]}},{"host":{"author":[{"name":"H,L Bateman"}]}},{"host":{"author":[{"name":" Oct"}]}},{"host":{"author":[{"name":" Oct"}]}},{"host":{"author":[{"name":" Oct"}]}},{"host":{"author":[{"name":" Oct"}]}},{"host":{"author":[{"name":" Oct"}]}},{"host":{"author":[{"name":" Oct"},{"name":"I Di Siviglia"},{"name":" Siciliani Fra"},{"name":" Diavolo"}]}},{"host":{"author":[{"name":"R Oct"},{"name":" Cellini"}]}},{"host":{"author":[{"name":";,S Behrens"}]}},{"host":{"author":[{"name":"R "}],"pages":{"first":"29"}}},{"host":{"title":"Also 4 May Same cast as 30 Apr","author":[{"name":"R Stoepel"}]}},{"host":{"title":"Brignoli's Italian Opera Company C. D. Hess, Managers","author":[]}},{"host":{"author":[{"name":" Nov"}]}},{"host":{"author":[{"name":" Oct"}]}},{"host":{"author":[{"name":"C "},{"name":"Rosa Oct"},{"name":"E Exc"},{"name":"W Parepa-Rosa"},{"name":"Z Castle"},{"name":"R Seguin"},{"name":"H Hersee"},{"name":"F Nordblom"},{"name":"E Stockton Nov"},{"name":" Parepa-Rosa"}]}},{"author":[{"name":"Parepa-Rosa Grand English Opera Company Carl Rosa"},{"name":"Euphrosyne Parepa-Rosa"},{"name":"Directors Uranus"},{"name":"H Crosby"},{"name":"C,D Hess"},{"name":" Co"}],"host":{"title":"Managers Principal Artists","author":[]}},{"host":{"title":"The Bohemian Girl II trovatore","author":[]}},{"host":{"title":"The Richings and Parepa-Rosa Grand English Opera Combination Troupe 24","author":[]}},{"host":{"title":"Fannie bass mezzo-soprano tenor mezzo-soprano baritone tenor tenor baritone mezzo-soprano Hersee","author":[{"name":"Caroline Richings-Bernard"},{"name":"C,D Director"},{"name":"& Hess"},{"name":" Co"},{"name":"James,A Arnold"},{"name":"Annie Boudinot"},{"name":"Brookhouse Bowler"},{"name":"Annie Bowler"},{"name":"S Campbell"},{"name":" Cohen"},{"name":"William Castle"},{"name":"John Chatterson"},{"name":"Henry Drayton"},{"name":" Goodwin"}]}},{"host":{"author":[{"name":" Oct"},{"name":" Ii"}]}},{"host":{"title":"Maritana 5 Oct. Les diamants de la couronne","author":[{"name":" Oct"}]}},{"host":{"title":"Fra Diavolo 7 Oct. Les Huguenots 8M Oct. The Bohemian Girl","author":[{"name":" Oct"}]}},{"host":{"author":[{"name":"[ H. ] Bowler"},{"name":"H Drayton [ R. ]"},{"name":"E Seguin"}]}},{"host":{"author":[{"name":" Oct"},{"name":" Le Nozze Di"},{"name":" Figaro"}]}},{"host":{"author":[{"name":" Oct"}]}},{"host":{"title":"Le postilion de Longjumeau The Rose of Castile C","author":[{"name":" Oct"},{"name":"Ism Lurline"},{"name":" Oct"}]}},{"host":{"author":[{"name":"M Maretzek"}]}},{"host":{"title":"M. Maretzek, cond. Also 16 Feb","author":[]}},{"host":{"title":"Grand English Opera Combination Troupe 25","author":[]}},{"host":{"title":"Proprietors and Managers Principal Artists Bowler","author":[{"name":"Caroline Richings-Bernard"},{"name":"C,D Director"},{"name":"& Hess"},{"name":" Co"}]}},{"host":{"author":[{"name":"M,Amati Dubreuil"},{"name":"Fannie,C Goodwin"},{"name":"R Richings-Bernard [ V ]"},{"name":" Hersee"}]}},{"host":{"title":"Grau's troupe departed for St. Louis, (4-23 December), Louisville (25-30 December), and Cincinnati, including the troupe's first performance of UAfricaine (1-13 January), returning to Chicago for the conclusion of the second opera season","author":[]}},{"title":"Company arrived in Chicago directly from an engagement in Cincinnati. 8. Following this performance, Graver's troupe departed for Milwaukee. 9. Following this engagement, Grau's troupe was believed to have gone directly to Milwaukee (?), then to Havana","author":[{"name":" Graver 's Grand"},{"name":" German"}],"host":{"title":"Thomas (>)","author":[]}},{"host":{"title":"Following this performance, the troupe continued its tour in Milwaukee","author":[]}},{"title":"Prior to arriving in Chicago, the troupe had been in","author":[],"host":{"title":"1866-67 by the Ghioni and Susini Company","author":[]}},{"host":{"title":"Following this performance, the troupe departed for St","author":[]}},{"host":{"title":"where it opened Pike's new opera house, then to Pittsburgh","author":[{"name":"La On 10 November"},{"name":" Grange"},{"name":" Brignoli"},{"name":" Departed"},{"name":" Buffalo"}]}},{"host":{"title":"The Richings troupe arrived in Chicago from engagements","author":[]}},{"host":{"title":"the troupe departed for Cleveland for two weeks, then on to Pittsburgh","author":[{"name":" On"},{"name":" March"},{"name":"D,C Washington"}]}},{"host":{"title":"The La Grange and Brignoli Grand Italian Opera Company was expected to be engaged for a short season in May, following","author":[]}}],"genre":["research-article"],"host":{"title":"The Opera Quarterly","language":["unknown"],"issn":["0736-0053"],"eissn":["1476-2870"],"publisherId":["operaq"],"volume":"12","issue":"1","pages":{"first":"79","last":"126"},"genre":["journal"],"subject":[{"value":"Articles"}]},"namedEntities":{"unitex":{"date":["1871","1865","1861","1850","1866","from 22 May through 3 June","1995","1868"],"geogName":[],"orgName":["American Nation","Andreas Co.","Academy of Music","American Prima Donna"],"orgName_funder":[],"orgName_provider":[],"persName":["Guido Reni","C. Richings-Bernard","S. Anastasi","Susan Galton","Jacob Grau","Sophia Habelman","John B. Rice","M. Das","Peter Ivanov","W. Behrens","J. Weinlich","Marie Francis","O. Lehman","William Chatterson","L. Haffner","J. Kenny","Giovanni C. Carozzi-Zucchi","Lincoln","R. Stoepel","Guy de Montfort","O. Olgini","F. Mazzoleni","K. Morensi","Crosby","M. Celli","George Bates","Johanna States","Ronald L. Davis","James A. Drake","Henry Peakes","Fanny Reiff","Montana Elisabeth","Carlotta Coletti","Edith Arnold","W. H. Holman","Rosa De Gebele","Adolphe Adam","E. Muzio","Antonio Brignoli","Don Basilio","James McVicker","L. Simons","Kellogg","Anthony Rosa","Joseph Neuendorff","A. Laurence","E. Abell","S. CampbeU","Donna Anna","Sallie Kenny","F. Goodwin","Achille Bellini","A. Berendorff","James A. Arnold","S. P. Galton","Don Caesar","Blanche Galton","Don Henrique","Domenico Lotti","Carl Maria","Anna Marra","Joseph Macaferri","Wallace Kimball","G. Antonucci","C. Richings","Grau","F. Howard","Pasquale Coletti","Jenny Barili","Don Alvaro","S. Nicolao","M. Amati","B. Roemer","J. Chatterson","Marquis de Beaupre","W. Crane","Hersee","A. PattiStrakosch","Pauline Coletti","Kate Morensi","G. P. Putnam","L. Iichtmay","Don Pasquale","D. Norma","C. Carozzi-Zucchi","K. MacEvoy","A. Vierling","A. Ronconi","J. Rotter","Euphrosyne","W. Castle","C. Campbell","Donna Elvira","K. McCulloch","Frieda Duschnitz","M. Hauk","Artists","Albert Nordblom","Julius Benedict","H. Deligne","Henry Ashton","F. Himmer","Will Atkins","F. De Gebele","Maurice Hall","John Crane","Cohen Castle","Carl Bergmann","Opera","Adelaide Randolfi","Faust A. Ghioni","J. Appel","Georges Brown","P. Canissa","Celli","J. Arnold","L. Milleri","R. Hersee","Samuel Nickerson","B. Johansen","Behrens","E. Seguin","W. Formes","Bertha Rosetti","Deere","Reiff","A. Franosch","Theodore Hermanns","Frank Laurence","F. Bellini","Richard Wagner","Don Sebastian","Leonard Grover","A. PattdStrakosch","A. Lambele","A. Bowler","La Grange","T. WhifFen","S. Holman","John V. Farwell","Carlotta Carozzi-Zucchi","Principal","Domenico Errani","SEASON Spring","H. Peakes","Vasco de Gama","R. Cellini","Robert L. Sherman","G. Tamaro","A. States","L. Hafrher","Don Pizarro","Irfre","J. G. Richings","Don Sebastiano","Louise Formes","A. Macaferri","Henry Drayton","Albert Crosby","Pasquale Norina","C. Noel-Guidi","E.Muzio","Kitty O'Connor","Leopold","A. Ardavani","Giorgio Rotter","SEASON Winter","D. B. Behrens","G. Warden","M. Desclauzas","E. Howson","A. Ghioni","Domenico Simons","Edward Bernard","Grumbuf","Bertha Lehman","H. Steinecke","Giovanni A. States","C. Formes","La Grande","Edward Gardinier","La Grande-Duchesse","H. de Gerolstein","Don Sebastitmo","Giuseppe Noel-Guidi","Thomas G. Kaufman","Bernard","M. Maretzek","Don Giovanni","Agostino Rosa","Marshall Field","A. Rosetti","A. Sarti","G. Ronconi","Albert Lortzing","Faust Romeo","D. Wylie","Celestial Brown","Antonio Bellini","Ettore Marra","M. Duschnitz","A. Errani","Frank Lichtmay","S. Behrens","A. Boudinot","George P. Upton","L. Lichtmay","Reichhardt","G. Lotti","Drayton","Giacomo Meyerbeer","J. Peakes","John Bull","William DeSolla","A. Birgfeld","Faust S. Anastasi","Josef Johansen","Phillips","Martha C. Richings-Bernard","Giorgio Testa","P. Bernard","Hippolyte Desclauzas","Martha C. Kellogg","Federica Ronconi","E. Petrilli","Albert Richings-Bernard","Fernando Dubreuil","C. Rosa","Agostino Behrens","Pasquale Canissa","Fernando Canissa","Reichardt","John Drayton","Marco Dziuba","Norma C. Carozzi-Zucchi","T. Habelman","Faust P. Canissa","Guillaume Tell","Pierre Campbell","Domenico Weinhold","Euphrosyne Parepa-Rosa","M. De Solla","Abraham Lincoln","Agostino Zapucci","A. Patti-Strakosch","E. Testa","Dubreuil","H. Drayton","E. Allstran","I. McCulloch","Domenico Fellini","A. Phillips","SEASON Summer","D. Lorini","Faust C. Kellogg","Princess Eudoxia","Isabella Orlandini","E. Irfre","Edward Maretzek","Henry Goodwin","Martha Harriet","W. Casde","J. Nufio","Giuseppe Verdi","A. C. McClurg","A. Holman","Caroline Richings-Bernard","Zelda Stockton","Pierre Formes","Fanny Pancani","Washington Street","Marie Habelman","R. Cash-PolJini","Norma C. Richings-Bernard","Jim Cocks","Anne Page","Max Strakosch","P. Berger","Ludwig van Beethoven","Whiffen","Arline Rosambeau","Faust C. Richings","George Frederick","H. Nordblom","Wolf","J. G. Richings-Bernard","Sallie Holman","Louise Roemer","H. L. Bateman","C. Bergmann","Don Carlo","Giuseppe Orlandini","Lady Deborah","Carl Rosa","Z. Seguin","Zelda Wylie","A. Sartd","D. Orlandini","Agatha Maretzek","Heinrich Tamaro","M. Gazzaniga","Chamounin","Ronconi","Wilhelm Habelman","Kaufman","G. Hall","Rosa Coletti","F. Ricardi","H. Parepa-Rosa","Paul","Bernardo McCulloch","Clara Louise","A. Torriani","C. D. Hess","Carl Formes","John Van Osdel","Crogan","B. Galton","Annie Bowler","A. Sard","My Recollections","C. Ficher","A. Howell","Salvatore Boschetti","A. Reiff","Caroline Richings","Clara Kellogg","Arthur Laurence","M. Frederici","Vera Cruz","E. PetriUi","Pasquale P. Canissa","Thomas White","E. Vierling","Edward Seguin","Domenico Reichardt","Zelda White","Campbell","Bates","L. Kapp-Young","Kate Duckworth","F. Natali-Testa","Josef Kapp-Young","Pauline Bernard","Giuseppe Appel","G. Musiani","S. Galton","Marietta Habelman","Giuseppe Muzio","Pasquale Cellini","George Pullman","P. Brignoli","Bernardo Patti-Strakosch","Seguin","B. Bowler","W. White","F. Stockton","Lucia di Lammermoor","L. Boschetti","George C. Bates","Wilhelm Franosch","Otto Rotter","Fleur de Noblesse","James A. Boudinot","George Upton","Flora MacFlimsey","A. Neuendorff","Joseph Medill","Rose Howell","Pasquale Durand","E. Pancani","D. Poliuto","Giovanni E. Parepa-Rosa","Luigi Ricci","Theodore Hauk","J. Holman","Brignoli","William Peakes"],"placeName":["D.C.","Philadelphia","Rochester","Nevers","Springfield","Windsor","Brazil","Milwaukee","Pittsburgh","Washington","Bierstadt","Richmond","Dayton","New Orleans","St. Thomas","Cincinnati","Europe","Atlanta","America","Baltimore","Chicago","York","Italy","Louisville","Cleveland","Detroit","Granada","Spain"],"ref_url":[],"ref_bibl":["London: Oxford University Press, 1975","New York: Appleton-Century, 1966","May 1866","privately published by its author, 1947"],"bibl":[]}},"ark":["ark:/67375/HXZ-KXN7CPQZ-L"],"categories":{"wos":[],"scienceMetrix":[],"scopus":["1 - Social Sciences","2 - Arts and Humanities","3 - Music"],"inist":["1 - sciences humaines et sociales"]},"publicationDate":"1995","copyrightDate":"1995","enrichments":{"type":["multicat","nb","refBibs","teeft","unitex"]},"doi":["10.1093/oq/12.1.79"],"_id":"64F17FEE87D16DBC948EFEC689D11CF2DF66AD11"}