{"corpusName":"sage","keywords":{"teeft":["cello","oboe","cornet","clarinet","duet","california tune","alfred music","first movement","ried knechtel","fundamental method","first book","milton james","wide range","carl fischer","oxford piano","companion book","ensemble fritz kreisler","charles foley","study material","compositions value","recital pieces","musical problems repin","schools quartet","school director","collection trios","john beethoven","woodwinds method","practical theory","complete treatment","universal music publishers","major keys","special consideration","embellishments treatment","excellent book","fine preparation","conradin kreutzer","bass clarwinds","tuneful material","alternate parts","foundational studies","kreutzer quartet","alla breve","definite audience appeal","current contest list","irving tallmadge trio","albert chiaffarelli","second clarinet part","attractive score","current conthe audience","test list","owings owings quartet album","fine variety","arrangements moods","intimate knowledge","tonal qualities","intermediate difficulty","brasses days","last half","brass sextet","book moves syncopation","bass tone","complete irving","contrapuntal parts","firm friends","bitter enemies","personal reaction","sturdy treatment","final section","trumpet instruction","public school classes","individual lessons","paul herfurth","boston music company","definite asset","several novel","rational ideas","string ensemble numbers","players irving berlin","audiinteresting ence","trumpet quartet","studies cornet","hermann pietzsch","wind instruments series","full pages","complete sequence","academic exercises","second line","elementary course","triple tongue action","cornet student","endurance exercises","reading ability","unusual intervals","williams wind","irving tallmadge wind","percussion lillya","separate books","piano binations","tuneful collection","short duets","percussion instruments","real interest","logical sequence","sound manner","outstanding feature","more instruments","duets work","technical limitations","equal interest","count caredifferent","excellent teaching material","field trumpet","elementary music publishers","second revision","first time","complete table","field positions trumpet","main body","previous editions","states army","marine corps","revenue cutter","national guard","scout service","necessary information","trumpet specifications","chief inspector","musical instruments","general flag signals","service code","trumpet cords","band director","violin method","violinists larly","gail martin haake","osbourne mcconathy","individual instruction","oxford university press","first duets","upper staff","right hand","lower staff","primer series","careful procedure","good variety","maurice aronson","marks music corporation","technical studies","piano work","original contribution","mechanical excerpts","musical excerpts","serious teachers"]},"author":[{"name":"Vincent A. Hiden"}],"articleId":["10.2307_3386521"],"arkIstex":"ark:/67375/M70-J7H4RWR5-4","language":["eng"],"originalGenre":["review-article"],"qualityIndicators":{"score":3.137,"pdfWordCount":1125,"pdfCharCount":9214,"pdfVersion":1.6,"pdfPageCount":1,"pdfPageSize":"648 x 864 pts","refBibsNative":false,"abstractWordCount":1,"abstractCharCount":0,"keywordCount":0},"title":"Hendrickson Method for Clarinet","genre":["review-article"],"host":{"title":"Music Educators Journal","language":["unknown"],"issn":["0027-4321"],"eissn":["1945-0087"],"publisherId":["MEJ"],"volume":"29","issue":"5","pages":{"first":"34","last":"34"},"genre":["journal"]},"namedEntities":{"unitex":{"date":["1942","1918","1943","1916"],"geogName":[],"orgName":["Carl Fischer, Inc","Carl Fischer, Inc.","Wind Cundy-Bettoney Instruments Series","Marks Music Corporation","Irving Berlin, Inc.","Oxford University","States Army, Navy, Marine Corps, Revenue Cutter, National Guard, and Boy Scout Service","Alfred Music Co."],"orgName_funder":[],"orgName_provider":[],"persName":["Clifford P. Duets","Hermann Pietzsch","U. S. Army","H. Stehn","John Beethoven","Albert Chiaffarelli","Fritz Kreisler","V. F. Safranek","Charles Foley","J. Irving","Gail Martin","J. I. T. Virtuoso","Maurice Aronson","J. I. T. Page","Gladys W. Fisher","J. V. Owings","C. Paul","Milton James","Charles J. Haake","Vincent A. Hiden","Aronson"],"placeName":["United States","Brockenshire","Europe","America","New Mohaupt","York"],"ref_url":[],"ref_bibl":[],"bibl":[]}},"ark":["ark:/67375/M70-J7H4RWR5-4"],"publicationDate":"1943","copyrightDate":"1943","enrichments":{"type":["refBibs","teeft","unitex"]},"doi":["10.2307/3386521"],"_id":"180A573EC037AE3A25276D36A9C0F2191607FD60"}