{"corpusName":"oup","keywords":{"teeft":["busoni","fugue","ferruccio","liszt","leipsic","breitkopf","colour","sonatina","ferruccio busoni","hfirtel","musical quarterly","contrapuntal","breitkopf hfirtel","same time","piano concerto","transcription","elegy","first sonatina","breitkopf httrtel","piano piece","second sonatina","pianistic","turandot","german song","different key","turandot music","modern piano","composer busoni","different chord","parallel fifth","fantasia contrappuntistica","technical device","different version","organ composition","string quartette","last beethoven","first movement","rubinstein prize","short time","indian fantasy","turandot suite","original text","universal edition","impressive climax","first piece","fourth part","minor triad","violin concerto","thematic material","second section","first scene","first performance","straight line","brilliant finale","entire composition","dramatic music","many year","orchestral suite","fuga figurata","first part","composition date","opera brautwahl","superficial observer","nocturne symphonique","brauiwahl music","magic trick","trait","harmonic","sombre","allegro","orchestral","prelude","bach","chord"]},"author":[{"name":"HUGO LEICHTENTRITT"}],"articleId":["III.1.69"],"arkIstex":"ark:/67375/HXZ-2QGVB8XC-D","language":["eng"],"originalGenre":["research-article"],"qualityIndicators":{"score":5.05,"pdfWordCount":9843,"pdfCharCount":57204,"pdfVersion":1.3,"pdfPageCount":29,"pdfPageSize":"613 x 798 pts","pdfWordsPerPage":339,"pdfText":true,"refBibsNative":false,"abstractWordCount":0,"abstractCharCount":0,"keywordCount":0},"title":"FERRUCCIO BUSONI AS A COMPOSER","genre":["research-article"],"host":{"title":"The Musical Quarterly","language":["unknown"],"issn":["0027-4631"],"eissn":["1741-8399"],"publisherId":["musqtl"],"volume":"III","issue":"1","pages":{"first":"69","last":"97"},"genre":["journal"],"subject":[{"value":"Articles"}]},"namedEntities":{"unitex":{"date":["1893","1882","one","1820","1917","1894","1888","1890","1895","1903","1880","1908","1910","1904","1900"],"geogName":[],"orgName":["North American Indians"],"orgName_funder":[],"orgName_provider":[],"persName":["Richard Strauss","Queen Mab","G. Schirmer","Arthur Nikisch","Ave Maria","Anton Rubinstein","D. Rahter","J. V. Widmann","Julius Heinrich","Widmann","Frieda Schanz","Adolf Wilbrandt","The","Cesar Franck","Don Juan","Johannes Brahms","Jean Sibelius","Frederick Delius","Muck","J. S. Bach","E. T. A. Hoffmann","Busoni","Analytical","Adolf Paul","Alia Marcia","Wilhelm Mayer","Sebastian Bach","Anna WeissBusoni","Rudolph Ganz"],"placeName":["Leipzig","Berlin","New Esthetic","Finland","Austria","Mannheim","Moscow","American","Boston","Graz","Bologna","Europe","America","Vienna","Russia","Italy"],"ref_url":[],"ref_bibl":[],"bibl":[]}},"ark":["ark:/67375/HXZ-2QGVB8XC-D"],"categories":{"wos":[],"scienceMetrix":["1 - arts & humanities","2 - visual & performing arts","3 - music"],"scopus":["1 - Social Sciences","2 - Arts and Humanities","3 - Music"]},"publicationDate":"1917","copyrightDate":"1917","enrichments":{"type":["multicat","refBibs","teeft","unitex"]},"doi":["10.1093/mq/III.1.69"],"_id":"44192818677EC449E441843B18875B5F5E00A50C"}