{"corpusName":"oup","keywords":{"teeft":["holz","castelli","schlemmer","reiszer","nicht","vivenot","alleegasse","unpublished letter","musical quarterly","karl holz","musical soil","marginal note","erstaunlich werther","polytechnic institute","technische hochschule","beethoven request","beethoven"]},"author":[{"name":"J. G. PROD'HOMME"}],"articleId":["III.4.620"],"arkIstex":"ark:/67375/HXZ-Z2DJWVZX-F","language":["eng"],"originalGenre":["research-article"],"qualityIndicators":{"score":3.598,"pdfWordCount":3548,"pdfCharCount":19961,"pdfVersion":1.3,"pdfPageCount":9,"pdfPageSize":"619 x 798 pts","pdfWordsPerPage":394,"pdfText":true,"refBibsNative":false,"abstractWordCount":0,"abstractCharCount":0,"keywordCount":0},"title":"AN UNPUBLISHED LETTER OF BEETHOVEN","genre":["research-article"],"host":{"title":"The Musical Quarterly","language":["unknown"],"issn":["0027-4631"],"eissn":["1741-8399"],"publisherId":["musqtl"],"volume":"III","issue":"4","pages":{"first":"620","last":"628"},"genre":["journal"],"subject":[{"value":"Articles"}]},"namedEntities":{"unitex":{"date":["1831","1807","1917","1825","1784","1859","1810","1826","1779","1811","in the nineteenth century","1828","1787","1824"],"geogName":[],"orgName":[],"orgName_funder":[],"orgName_provider":[],"persName":["Karl Holz","Esterhazy","Maria Theresa","Holz","Van Swieten","Wawruch","Galitzin","Werther Freund","Reiszer","Marshal Baron","Karl van Beethoven","Friedrich Castelli","Baker","Franz de Paula","de Vivenot"],"placeName":["Vienna"],"ref_url":[],"ref_bibl":[],"bibl":[]}},"ark":["ark:/67375/HXZ-Z2DJWVZX-F"],"categories":{"wos":[],"scienceMetrix":["1 - arts & humanities","2 - visual & performing arts","3 - music"],"scopus":["1 - Social Sciences","2 - Arts and Humanities","3 - Music"]},"publicationDate":"1917","copyrightDate":"1917","enrichments":{"type":["multicat","refBibs","teeft","unitex"]},"doi":["10.1093/mq/III.4.620"],"_id":"03D441FB9275FA271F25E9027B072B7B79B5A53E"}