{"corpusName":"sage","keywords":{"teeft":["music teacher","musicallygifted","music class","better education","music education","subject matter","music students","special background","fantasy otherswithdraw","justto offera differentiatedcurriculumfor","background basisof judgment","gifted children","attentionand singlingout","ityor layman","music schools","maginea musicallyaverage seventhgrade girl","musicallygifted children","traininghas generallybeen superficialor","lackof readinessin","music teacherof","music educationthat","perhapstoo thatmusicallygifted educationinvolves","music teachers","problemsof identicurriculum","music teachershas","least advertisedaspect","curriculum projects osity","musicof franz schubert","frederic chopin","train anyone","same shouldbe trueof","music classes","traditional disciplinesto","retarded children","greatermeaningto music teachingnot","enrichingthe enhigh students","purposeof tire school program","music programfor","gifted student","other students","greaterdepth andvariety","general music curriculum","providecontinuityof experience","broad range","musical activity","special studentsshould","musical forms","sensitive recognition","everyday experience","adept music educators","alwaysinclude experiencein","general music teachers","school administrators","high studentsa diversityof humanities","generalmusicteachersthatteachthe musicallygifted","high intelligence","saythatgiftedchildrenare enti","prevalentthat music education","lengingandcanbe derivedby","exciting aspects","musical subjectareasor","concoctingbrainteasingnew projectsthatwill","intellectual energies","specialgroupof students","more intriguingelements","music curricula","confusionand lackof sense","simplyof lackof preparation music","music giftedness","music education programs","technical virtu","othersand learningat","daily curriculumwill","directionof reconstructionin educationalexcellence","gifted students","general music class","usual approachis","music studentfirstand","educatingthe musicallygifted","psychological findings","general music stuin dents","theoryof practiceexternalto","gifted shouldunderscoretheir rightto","major part","expandingmusical environment","special abilitiesand talents","selfish standpointthe","thatgeneral music educatorswould","potentialfuture contributionsfrom","vast numbersof","school music","stateeducational agencieswith","appropriate state","indepenare dence","other children","unlesstheirdiffering interests","greaterthe problemsof adjustment","preparation music teachers","talentedin juniorhigh","speteachers cial trainingis","taughtgeneral music","glenn wooddell glenn wooddellis coordinatorof","disinterested andeven","muchto assurebetteropporsuccesstunitiesfor","music teachersof","artistic havewide interpursuits","ests themselvesand","keen sense","enabout recogthusiastic nize","other firststep","identification case study","music teacherhas","principlesof learningand curriculum relatedto","subin ject","differentiation educationis","sandra kaplan entitledinservicetrainingmanual","activities developingcurriculum","profor vides","thereare manywaysto","separate sheets","paperand list specificskills","renaissance music","interdisciplinary renaissance musiccould","historical perspective","approachis extremelyeffectivewhen tryingto","renaissancemusic report","gifted level","giftedstudent counterpart","high degree","subjective complexity","biggest teachingchallenge","raisingthe complexityand frequencywithwhichgiftedjuniorhigh music students","priatecurriculumopportunitiesand teachers awareof","primary unit plan hereare componentsof","brief sample","unit material","certain characteristics","gifted learner","further objectives","other principles","student experiences","lavish renaissancefeast","major concepts","objector ceptsof","main ideas","typical renaissancefeast","satisfying rience","general content areas","content representsan outline","same rate","activintroductory ities","generallythe responsibility","music studentlearns independentlyand","useful orgahumanities nizationalstructures","activitiesare designedto assiststudents","resourcesfor researchand explorationand","inventive qualitiesof","musical instruments","activiconcluding ties","music studentsto generalfrom materiallearned","imaginea musicalchildprodigy","analyzecomplex theories","sophisticatedassumptionsand conclusions","choreographa sword duel","companying background","general music classes","daily stimulationin","capacity love","communication fellow need encouragement","other time","gifted musicianshave providedglorious color","general music education","private study","human value","andthe implications","serious music study","consideredin school","extraordifor naryburdenof responsibility future","arts leadership","overwhelming responsibility","identifyingmusical giftedness","desperate need","musical programof giftednessin","supportthe artand creist","ative musicaltalent","societyandits preciousfuture","readings bloom","educational domain","david boston","secondary school program","gifted reston","exceptional children","paul torrance","peacock publishing","human intelligence","mcgraw hill","gifted music student","west nyack","parker publishing","gifted child","better guide touward office","enrichment triadmodel","mansfield center"]},"author":[{"name":"Glenn Wooddell","affiliations":["Coordinator of the Fine Arts/Advanced Learning Program at Jeffersonville-Youngsville Central School in Jeffersonville, New York."]}],"articleId":["10.2307_3400767"],"arkIstex":"ark:/67375/M70-8P5VJ681-2","language":["eng"],"originalGenre":["research-article"],"qualityIndicators":{"score":3.656,"pdfWordCount":1644,"pdfCharCount":14592,"pdfVersion":1.6,"pdfPageCount":4,"pdfPageSize":"594 x 879 pts","refBibsNative":false,"abstractWordCount":1,"abstractCharCount":0,"keywordCount":0},"title":"Gifted Children in General Music","genre":["research-article"],"host":{"title":"Music Educators Journal","language":["unknown"],"issn":["0027-4321"],"eissn":["1945-0087"],"publisherId":["MEJ"],"volume":"70","issue":"5","pages":{"first":"43","last":"46"},"genre":["journal"]},"namedEntities":{"unitex":{"date":["1984"],"geogName":[],"orgName":["Mansfield Center"],"orgName_funder":[],"orgName_provider":[],"persName":["Ludwig Beethoven","Franz Schubert","John Curtis","Sandra Kaplan","Renaissancemusic","Frederic Chopin","E. Paul","David McKay"],"placeName":["York"],"ref_url":[],"ref_bibl":["Parker Publishing Co., 1976"],"bibl":[]}},"ark":["ark:/67375/M70-8P5VJ681-2"],"publicationDate":"1984","copyrightDate":"1984","enrichments":{"type":["refBibs","teeft","unitex"]},"doi":["10.2307/3400767"],"_id":"24B108D43267DF7E9ADA0141A33BD277CD6DA2DB"}