{"corpusName":"oup","keywords":{"teeft":["creative process","mozart","polyphonic","musical idea","in part","musical quarterly","melody line","polyphonic texture","autograph","musical manuscript","unfinished composition","other part","secondary stage","melodic line","same time","other time","german dance","piano part","further development","fair copy","preliminary study","complete draft","wealthy patron","other composer","various stage","unusable autograph","large proportion","first theme","melodic idea","musical language","first inspiration","more leisurely time","final autograph","orchestral part","wind instrument","tutti finale","autograph score","brdtkopf hartel","string quartet","instrumental part","style galant","organic life","musical line","primary stage","musical afterthought","real greatness","piano quartet","unfinished"]},"author":[{"name":"ERICH HERTZMANN"}],"articleId":["XLIII.1.187"],"arkIstex":"ark:/67375/HXZ-XXXV8X8W-B","language":["eng"],"originalGenre":["research-article"],"qualityIndicators":{"score":5.05,"pdfWordCount":5542,"pdfCharCount":29791,"pdfVersion":1.3,"pdfPageCount":16,"pdfPageSize":"457 x 677 pts","pdfWordsPerPage":346,"pdfText":true,"refBibsNative":false,"abstractWordCount":0,"abstractCharCount":0,"keywordCount":0},"title":"MOZART'S CREATIVE PROCESS","genre":["research-article"],"host":{"title":"The Musical Quarterly","language":["unknown"],"issn":["0027-4631"],"eissn":["1741-8399"],"publisherId":["musqtl"],"volume":"XLIII","issue":"1","pages":{"first":"187","last":"200"},"genre":["journal"],"subject":[{"value":"Articles"}]},"namedEntities":{"unitex":{"date":["1799","1790","1957","1791","1781","1805","1782","1787","the 17th and 18th centuries"],"geogName":[],"orgName":["Congress"],"orgName_funder":[],"orgName_provider":[],"persName":["La Clemenza","Paul Wranitzky","Anton Andre","Otto Jahn","Leopold Gassmann","Emily Anderson","Joseph Haydn","Alfred Einstein","Don Giovanni","Beethoven","di Figaro","Mozart"],"placeName":["Austria","Prague","Vienna","York","Salzburg"],"ref_url":[],"ref_bibl":["letter to Andre\" of July 21, 1800"],"bibl":[]}},"ark":["ark:/67375/HXZ-XXXV8X8W-B"],"categories":{"wos":[],"scienceMetrix":["1 - arts & humanities","2 - visual & performing arts","3 - music"],"scopus":["1 - Social Sciences","2 - Arts and Humanities","3 - Music"]},"publicationDate":"1957","copyrightDate":"1957","enrichments":{"type":["multicat","refBibs","teeft","unitex"]},"doi":["10.1093/mq/XLIII.1.187"],"_id":"6EC54FA1D145DB049D29D2F767818B214AF305E8"}