{"corpusName":"sage","keywords":{"teeft":["semester hours","college work","music teachers","general education","certification","instrumental music","certificate","initial certificates","high school","student teaching","clarinet","music teaching","state departments","vocal music","states offer","music educators","national association","state certification requirements","performance standards","central tendency","total number","jury validation","college preparation","state superintendent","professional education courses","special subject","music requirements","special preparation","certification requirements","school music teachers","music education","music requirement","elementary school","choral music","vocal certificate","complete information","secondary schools","performance ability","professional education","various states","school service","teaching subjects","teaching fields","teaching field","other subjects","special degrees","music teacher","state committee","teacher education","extreme diversity","jackson blvd","music theory","major instrument","present evidence","choral club","semester"]},"author":[{"name":"Ward Woodbury"}],"articleId":["10.2307_3386845"],"arkIstex":"ark:/67375/M70-PS99PVQZ-2","language":["eng"],"originalGenre":["research-article"],"qualityIndicators":{"score":7.012,"pdfWordCount":5068,"pdfCharCount":32387,"pdfVersion":1.4,"pdfPageCount":6,"pdfPageSize":"648 x 864 pts","refBibsNative":false,"abstractWordCount":1,"abstractCharCount":0,"keywordCount":0},"title":"State Certification of School Music Teachers","genre":["research-article"],"host":{"title":"Music Educators Journal","language":["unknown"],"issn":["0027-4321"],"eissn":["1945-0087"],"publisherId":["MEJ"],"volume":"32","issue":"2","pages":{"first":"18","last":"67"},"genre":["journal"]},"namedEntities":{"unitex":{"date":["1945"],"geogName":["Ill"],"orgName":["College Committee of the National Association of Schools of Music","University of Rochester","Brewet Teachers Agency","Joint Army and Navy Committee","Louisiana State Department of Education","American Association of Teachers Colleges","SOUTHERN MUSIC CO.","American Patrol-Alshin","BETTONEY Inc.","Department of the Interior, Office of Education","MENC COMMITTEE REPORTS","Music Education Department Certificates","WOOD MUSIC CO.","State Department of Education of Louisiana","State Committee on Teacher Education and Certification","National Association of Schools of Music, Bulletin No","Department of the Interior","National Association","EDUCATORS NATIONAL CONFERENCE"],"orgName_funder":[],"orgName_provider":[],"persName":["C. M. Von Weber","J. C. Bach","Festival","Woodbury","W. R. Tenney","James Behold","W. A. Mozart","May Be","James Minka","R. Strauss","Grace MartinOlson","Eastman Chairman","In","G. Margaret","Van Beethoven","G. Labanchi","K. Stamitz","Edna McEachern","P. X. Laube","E. Jackson","Frazier","Anton Dvorak","S. Petit"],"placeName":["United States","Houston","CINCINNATI","Chicago","YORK","York","St. Stephen"],"ref_url":[],"ref_bibl":["March 1943","Department of Interior, Office of Education, 1938","Columbia University, 1937"],"bibl":[]}},"ark":["ark:/67375/M70-PS99PVQZ-2"],"publicationDate":"1945","copyrightDate":"1945","enrichments":{"type":["refBibs","teeft","unitex"]},"doi":["10.2307/3386845"],"_id":"F42F1E5885B2E14E62D4994FBDCECC3A0B561EDF"}