{"corpusName":"wiley","keywords":{"teeft":["schenker","blackwell publishing","music analysis","heinrich","cyclic","heinrich schenker","programmatic","modulation section","programme","same time","gluck","instrumental music","commendatore","programmatic music","first movement","mozart","harmonielehre","second group","liszt","tonality","absolute music","cyclic form","berlioz","blackwell","other words","consequent phrase","first group","other hand","middle section","first section","irrationality","first part","main theme","trans","emanuel bach","music drama","leporello","recognise","marginal note","piano trio","seraglio","jubilaumsausgabe","group construction","aristocratism","realise","second theme","development section","fugue","first place","musical content","accentuation","great masters","realised","classical composers","organisation","schematic plan","andante","motivic","antecedent","typescript","modulation","schumann","wind instruments","last movement","string quartets","absolute melody","vocal music","individual parts","piano sonata","cyclic works","thematic","ninth symphony","parallel construction","antecedent phrase","sonata form","symphonic poems","high degree","richard wagner","return modulation","fifth symphony","pencil note","other works","cyclic work","cadence","emanuel","serenade","abbreviation","giovanni","genre","haydn","clarinet","weber","other instruments","individual components","song form","string quartet","hugo wolf","same extent","harmonic progression","bottom margin","poetic intent","cyclic composition","entire movement","dramatic truth","fourth movement","drama part","real world","music dramas","original typescript","smaller elements","classical works","first theme","piano concertos","long time","judgement","abduction","bach","beethoven","publishing","duet","oratorio","tonic","meyerbeer","gain insight","classical masters","other things","true masters","chamber music","oster collection","musical laws","weak bars","german requiem","individual themes","domenico scarlatti","musical standpoint","same thing","other composers","high time","component part","third section","other path","same path","second section","sebastian bach","musical synthesis","artistic error","musical terms","large form","principal theme","programme music","long stretches","christoph willibald ritter","theatre audiences","beautiful music","italian serenade","thematic groups","imperfect cadence","major section","true genius","musical atom","deceptive cadence","compositional technique","operatic composition","operatic music","last part","melodic construction","recapitulation","harmonic","quintet","riches","brahms","truthfulness","sonata","mendelssohn","progression","individual theme","stupid tones","piano sonatas","solo instrument","entire story","further course","first movements","same symphony","piano accompaniment","sixth symphony","thematic development","tone colour","piano solo","horn parts","higher sense","string orchestra","hard work","motivic material","piano quartet","orchestral technique","recent times","eroica symphony","several instruments","schematic pattern","artistic principles","symphonic poem","artistic intelligence","same piano trio","third group","piano concerto","classical form","string quintets","superfluous repetitions","subsidiary area","other respects","true work","such works","carl maria","complete precision","nineteenth century","musical talent","individual passages","tiny amount","similar terms","musical idea","musical logic","internal associations","other arts","third sections","artistic effect","certain amount","instrumental works","musical conscience","rapid parallelisms","secular cantatas","long pieces","individual events","entire life","large number","programmatic composer","such cases","greater extent","modern cyclic works","first time","franz liszt","greatest freedom","systematic catalogues","same language","comprehensive mastery","fine arts","subject matter","fundamental difference","real life","first appearance","present time","hybrid genre","present generation","absolute terms","last phase","true geniuses","certain forcedness","ancient times","larger group","other reason","previous material","thematic material","musical associations","marginal notes","dramatic grounds","half cadence","larger unity","short statement","parallel constructions","single theme","churchyard duet","musical association","musical perspective","choral music","final cadence","wagnerian sense","major group","dramatic effect","musical principles","strictest sense","several motives","opera composers","magic flute","dear audience","square brackets","slow movement","lower order","theatrical effect","hungarian dances","violin concerto","otto erich deutsch","dramatic composer","technical considerations","german nation","various elements","second scene","piano trios","musical construction","simple reason","symphonic development","decisive achievements","last section","individual content","third movement","little feeling","musical form","second half","musical cohesiveness","limitless riches","unnumbered page","long subject","cyclic composers","german masters","total artwork","fantastic symphony","anton bruckner","metric organisation","same problem","strong accent","piano quartets","secondary group","richard strauss","healthy relationship","further development","great variety","wagner","schematic","layman","masters","quartet","chopin","consequent","overture","schubert","melody"]},"author":[{"name":"HEINRICH SCHENKER"},{"name":"William Drabkin"}],"articleId":["MUSA217"],"arkIstex":"ark:/67375/WNG-JPFSQ9FW-B","language":["eng"],"originalGenre":["article"],"qualityIndicators":{"score":7.012,"pdfWordCount":46105,"pdfCharCount":244423,"pdfVersion":1.3,"pdfPageCount":97,"pdfPageSize":"482 x 694 pts","pdfWordsPerPage":475,"pdfText":true,"refBibsNative":false,"abstractWordCount":1,"abstractCharCount":0,"keywordCount":0},"title":"The Decline of the Art of Composition: A Technical‐Critical Study","genre":["article"],"host":{"title":"Music Analysis","language":["unknown"],"doi":["10.1111/(ISSN)1468-2249"],"issn":["0262-5245"],"eissn":["1468-2249"],"publisherId":["MUSA"],"volume":"24","issue":"1‐2","pages":{"first":"33","last":"129","total":"97"},"genre":["journal"]},"namedEntities":{"unitex":{"date":["1788","1790","1847","2005","1957","the twentieth century","in the sixteenth century","the nineteenth century","the fortieth century","1954","in the nineteenth century","1908","the thirtieth century","1896","1904","the fifteenth century","1951","1978","1897","the eighteenth century","1824"],"geogName":["Rhine"],"orgName":["Italy, Kretzschmar","ß Blackwell Publishing Ltd.","Blackwell Publishing Ltd."],"orgName_funder":[],"orgName_provider":[],"persName":["John Passion","Meyerbeer","Richard Strauss","Hector Berlioz","Brahms","Franz Liszt","Donna Anna","Schenker","Carl Maria","Emanuel Bach","Otto Erich","Marginal","Berlioz","Donna Elvira","Bach","Friedrich Klopstock","Weber","Hugo Wolf","Programmatic","Two","Richard Wagner","Haydn","Johann Michael","Dietrich Borchmeyer","Pencil","German School","Heinrich Alfred","Don Giovanni","Even Weber","G. File","The","Hedi Siegel","Gustav Nottebohm","Leporello","Beethoven","Anton Bruckner","German Requiem","Jeanette Schenker","Sebastian Bach","Glazunov","Domenico Scarlatti","Leonore Overture","Adelina Patti","Mozart","August Bungert","Christiane Eberhardine","Antony van Hoboken","String"],"placeName":["Leipzig","Germany","Greece","Columbus","UK","Seville","Bremen","St Matthew","India","Europe","Bayreuth","Vienna","Frankfurt","Weimar","Italy","England","Mainz"],"ref_url":[],"ref_bibl":["[83]","Schenker 1921","[89]","Schenker 1926","[102]","[29]","[6]","[110]","[82]","[99]","Schenker 1925","[115]","[39]","July 1782","[92]","[98]","[38]","[3]","[101]","[91]","[117]","[97]","[5]","[37]","[114]","[96]","[69]","Kassel: Barenreiter, 1961","October 1727","[100]","[84]","[79]","[105]"],"bibl":[]}},"ark":["ark:/67375/WNG-JPFSQ9FW-B"],"categories":{"wos":[],"scienceMetrix":["1 - arts & humanities","2 - visual & performing arts","3 - music"],"scopus":["1 - Social Sciences","2 - Arts and Humanities","3 - Music"]},"publicationDate":"2005","copyrightDate":"2005","enrichments":{"type":["multicat","refBibs","teeft","unitex"]},"doi":["10.1111/j.1468-2249.2005.00217.x"],"_id":"D4D288B74CCDDCE58C57B10A91F08B0298B1DBD9"}