{"corpusName":"oup","keywords":{"teeft":["archduke","april","lebewohl","january","subtitle","breitkopf","landsberg","briefwechsel","hartel","archduke rudolph","july","rudolph","breitkopf hartel","october","wiedersehen","brandenberg","programmatic","abwesenheit","musical quarterly","kagan","uber","title page","wagram","royal family","beethoven","nale","jubelsgesang","ofen","napoleonic war","lebe","wohl","pichler","pianoforte","german nationalism","langsam","alles","wien","pianoforte sonata","trans","viennese","lebe wohl","second theme","imperial family","marie louise","movement subtitle","oxford university press","ostreich uber alles","missa solemnis","alan tyson","tonic","adieu","napoleonic","tyson","austrian","franz","opening movement","breitkopf hartel edition","middle movement","special dedication","last victory","last movement","piano sonata","early april","heroic style","sonata","sketchbook","johann","recapitulation","many others","many scholar","vocal work","osterreichische armee","emotional intensity","barry cooper","many commentator","indiana university press","other word","patriotic work","late march","patriotic excitement","original german","compositional hiatus","fellow austrian","austrian army","uncompleted fragment","various sketch","funeral march","emperor franz","pendragon press","william kinderman","archduke charles","cambridge university press","development section","ludwig","austria","brilliant center","karoline pichler","american battle","austrian force","verehrten erzherzogs rudolf","imperial highness","blank front page","osterreich uber alles","wiener zeitung","austrian emperor","departure date","general dedication","patriotic optimism","movement dedication","other work","heinrich joseph","joseph weigl","christian ludwig","patriotic poem","viennese citizen","second movement","such familiar term","austrian defeat","court composer","carl dahlhaus","laudatory dedication","young patron","letter draft","third movement","time beethoven","dedication draft","court position","extensive sketch","characteristic subtitle","sorrowful parting","darker implication","joseph baumeister","topical reference","instrumental work","other member","beethoven klaviermusik","teaching obligation","jose state university","military event","residenzstadt wien","beethoven study","city center","nancial security","tonic chord","music analysis","young nobleman","donald francis tovey","noble pupil","scott burnham","royal school","kenneth drake","beethoven sonata","creative experience","joseph kerman","grove music online","characteristic sonata","young student","much sorrow","personal grief","elaine sisman","lewis lockwood","sven hiemke","susan kagan","news source","historical context","political event","purported program","princess kinsky","eventual return","april letter","such poem","concert life","popular literature","kaiser franz","michael ladenburger","correct date","entire sonata","german version","universal edition","beethoven sketchbook","robert winter","full stress","brandenburg","vienna","sketch","quarterly","genre"]},"author":[{"name":"L. Poundie Burstein","affiliations":["E-mail: poundie@aol.com"]}],"articleId":["gdq016"],"arkIstex":"ark:/67375/HXZ-X9XV31M3-X","language":["eng"],"originalGenre":["research-article"],"qualityIndicators":{"score":6.383,"pdfWordCount":18331,"pdfCharCount":105594,"pdfVersion":1.5,"pdfPageCount":48,"pdfPageSize":"504 x 720 pts","pdfWordsPerPage":382,"pdfText":true,"refBibsNative":false,"abstractWordCount":0,"abstractCharCount":0,"keywordCount":0},"title":"“Lebe wohl tönt überall” and a “Reunion after So Much Sorrow”: Beethoven's Op. 81a and the Journeys of 1809","genre":["research-article"],"host":{"title":"The Musical Quarterly","language":["unknown"],"issn":["0027-4631"],"eissn":["1741-8399"],"publisherId":["musqtl"],"volume":"93","issue":"3-4","pages":{"first":"366","last":"413"},"genre":["journal"]},"namedEntities":{"unitex":{"date":["1814","1808","1810","1796","nineteenth centuries","1809","1811","1805","between May 1809 and January 1810","1823","2010","2010-07-28"],"geogName":["Danube","Hastings"],"orgName":["Columbia University","San Jose State University","Princeton University","Austria and France","Brilliant Center for Beethoven Studies","American Battle of Antietam","Harvard University","American Battle of Gettysburg","Graduate Center","Duke University","City University","Surrounding Events Date Beethoven Austria and Rudolph","Brilliant Center","Yale University"],"orgName_funder":[],"orgName_provider":[],"persName":["Richard Will","William Kinderman","Leopold Kozeluch","Pietro Metastasio","Michael Ladenburger","Joseph Carl","Julia Ronge","Hiemke","David Wyn","Johann Baptist","Rosen","Heinrich Schenker","Hans Schneider","James Arnold","Walter Consuelo","Franz Castelli","R. Laffont","Nigel Fortune","J. M. Dent","Bryn Mawr","Alexander Weinmann","Arthur Bell","Johann Baptiste","Sven Hiemke","Jan Ladislav","Philip Radcliffe","Ignaz von Seyfried","Kenneth Drake","Otto Erich","Thomas Y. Crowell","M. Hesse","Douglas Johnson","Friedrich Schlegel","William Caplin","Paul Wranitsky","Joseph Kerman","Nicole Klampken","Anton Fischer","Franz Wiltschek","Ferdi Irmfried","F. I. Wober","Richard Burke","C. Gerold","Scott Burnham","Klaus-Jurgen Sachs","Amadeus Mozart","Johann Friedrich","Sue Morrow","Emily Anderson","Joseph Weigl","Princess Kinsky","Joseph Haydn","Elaine Sisman","Adalbert Suchy","Robert Hatten","J. B. Wallishausser","William Behrend","William Drabkin","Friedrich Max","Else Radant","Joseph Alexander","Karin Schulin","Richard Kramer","Malcolm Bilson","Robert Epstein","Eric Blom","Christoph Blumroder","Charles Colbeck","Walter Riezler","Alexander Mahan","Francois Devienne","Stefanie Steiner","Paul Henry","Alan Dodson","Theodor Albrecht","Hedi Siegel","Konrad Hunteler","Christoph August","Marie Louise","Joseph von Collin","G. Pidcock","Wilhelm Baumuller","Andre Robert","Kinderman","Rudolph","Beethoven","Emil Trimmel","Richard Rosenberg","C. F. Peters","Jurgen Uhde","Gunther E. Rothenberg","Pichler","Denis Arnold","Lorenz Leopold","Alexander Novotny","Michael Franz","Eugen von Czernin","Carl Dahlhaus","Alexander Ringer","Napoleon Conquers","Eytan Agmon","Heinrich Joseph","Solomon","Lawrence Kramer","Robert Winter","Hugo Reimann","Helmut Hertenberger","Ludwig van Beethoven","Dahlhaus","Mary Whittall","Philip von Hornick","Alexander Wheelock","Joseph Beethoven","Marie Erdody","Adalbert Gyrowetz","Harold T. Parker","Paul Loyonnet","Philip Barford","Jean-Charles Pellerin","Franz Demmler","W. E. Richter","L. Poundie","L. Krenn","Susan Kagan","Rita Steblin","Johann Joseph","Page Sketch","Joseph Baumeister","F. Loraine","Karl Wagner","L. van Beethovens","Jacob Vernes","Franz Arnold","Eduard Hanslick","Christian Ludwig","I. F. Castelli","John Lane","Franz Christoph","Alan Tyson","Hatten","L. Ringer","Lewis Lockwood","Friedrich Gentz","Eduard Vehse","C. P. E. Bach","Donald Francis"],"placeName":["Leipzig","Durham","Leiden","Lund","Linz","Switzerland","Germany","Nancy","Hauptstadt","Bonn","Austria","Kassel","NC","Perchtoldsdorf","New York City","Graz","Brno","Epinal","Brussels","Vienna","CT","Dover","Frankfurt","York","Bombay","Hof","MA","France","Cambridge","Residenzstadt","Hungary","Augsburg","Spain","New Haven","Budapest"],"ref_url":["http://www.beethoven-haus-bonn.de","http://www.gros-delettrez.com","http://web.gc.cuny.edu/ Music/faculty/burstein.html","http://www.grovemusic.com"],"ref_bibl":["New York: Vienna House, 1972","Vienna: Braumuller, 1873","December 1809","Bloomington: Indiana University Press, 1994","University of Illinois, 1968","Hamburg: Gutenberg, 1909","Vienna: Universal Edition, 1991","Cambridge: Cambridge University Press, 2006","April 1809","Wranitzky et al.","Bloomington: Indiana University Press, 1982","London: Macmillan, 1961","November 1809","Oxford: Oxford University Press, 1995","Lawrence: University Press of Kansas, 1994","May 1809","Vienna: Seidel and Sohn, 1909","London: The Associated Board of the Royal Schools of Music, 2007","Cambridge: Cambridge University Press, 1991","New York: Norton, 2003","New York University, 1972","New York: Schirmer Books, 1998","Kassel: Barenreiter, 2003","Vienna: Anton Staruß, 1809","London: Nichols, 1896","Bonn: Beethoven-Haus, 2007","January 1810","Lincoln: University of Nebraska Press, 1996","London: Weidenfeld & Nicolson, 2004","Berkeley: University of California Press, 1985","October 1809","Oxford: Oxford University Press, 1998","Geneva and Copenhagen: Philibert, 1759","December 1811","London: Oxford University Press, 1982","Oxford: Oxford University Press, 2000","Vienna: Literarischer Verein, 1909","Paris: Felix Alcan, 1993","London: Associated Board of the Royal Schools of Music, 1931","Stuttgart: Philipp Reclam, 1974","Oxford: Clarendon Press, 1991","Munich: Henle, 1996","Cambridge: Cambridge University Press, 2002","New York: Norton, 1971","Vienna: Maner & Compagnie, 1848","London: Osprey, 1998"],"bibl":[]}},"ark":["ark:/67375/HXZ-X9XV31M3-X"],"categories":{"wos":[],"scienceMetrix":["1 - arts & humanities","2 - visual & performing arts","3 - music"],"scopus":["1 - Social Sciences","2 - Arts and Humanities","3 - Music"]},"publicationDate":"2010","copyrightDate":"2010","enrichments":{"type":["multicat","refBibs","teeft","unitex"]},"doi":["10.1093/musqtl/gdq016"],"_id":"DF04653D1CB7BACBADDACF701241D446F667CE35"}