{"corpusName":"oup","keywords":{"teeft":["fugue","second subject","tonic","sharp minor","first movement","supertonic","flat supertonic","coda","rondo","sonata form","naive listener","slow movement","subdominant","recapitulated","sharp minor quartet","cantabile","pianoforte","transition theme","main theme","sonata style","first theme","seventh symphony","recapitulation","scherzo","dominant preparation","rondo theme","sardonic tune","musical theory","ninth symphony","mournful theme","thematic connection","waldstein sonata","single word","brilliant passage","sharp major","whole movement","mozart","sonata","bright chord","second variation","classical tonality","same time","music drama","anything wrong","last note","emotional content","greater harmonic wisdom","normal form","dramatic interest","domenico scarlatti","distinct theme","eroica symphony","scale theme","general resemblance","second movement","original statement","development section","other movement","single figure","first subject","tonic minor","fifth symphony","idea side","pianoforte sonata","wind instrument","minor quartet","allegro molto vivace","whole work","strict form","second part","whole quartet","argumentative development","anapaest theme","tonic major","firet movement","ornamental variation","anapsest theme","original tune","sardonic","beethoven"]},"author":[{"name":"DONALD FRANCIS TOVEY"}],"articleId":["VIII.2.131"],"arkIstex":"ark:/67375/HXZ-L7V4NL2H-X","language":["eng"],"originalGenre":["research-article"],"qualityIndicators":{"score":6.383,"pdfWordCount":10796,"pdfCharCount":54893,"pdfVersion":1.5,"pdfPageCount":25,"pdfPageSize":"477 x 698 pts","pdfWordsPerPage":432,"pdfText":true,"refBibsNative":false,"abstractWordCount":0,"abstractCharCount":0,"keywordCount":0},"title":"SOME ASPECTS OF BEETHOVEN'S ART FORMS","genre":["research-article"],"host":{"title":"Music and Letters","language":["unknown"],"issn":["0027-4224"],"eissn":["1477-4631"],"publisherId":["musicj"],"volume":"VIII","issue":"2","pages":{"first":"131","last":"155"},"genre":["journal"],"subject":[{"value":"Articles"}]},"namedEntities":{"unitex":{"date":["1927"],"geogName":[],"orgName":[],"orgName_funder":[],"orgName_provider":[],"persName":["Richard Strauss","Scarlet Pimpernel","London Bach","Bach","Beethoven","R. L. Stevenson","Domenico Scarlatti"],"placeName":[],"ref_url":[],"ref_bibl":[],"bibl":[]}},"ark":["ark:/67375/HXZ-L7V4NL2H-X"],"categories":{"wos":[],"scienceMetrix":["1 - arts & humanities","2 - visual & performing arts","3 - music"],"scopus":["1 - Social Sciences","2 - Arts and Humanities","3 - Music"]},"publicationDate":"1927","copyrightDate":"1927","enrichments":{"type":["multicat","refBibs","teeft","unitex"]},"doi":["10.1093/ml/VIII.2.131"],"_id":"BA93A280987E07B520AB5199B4456472345A278C"}