{"corpusName":"oup","keywords":{"teeft":["musk","musical education","string quartet","chamber music","schumann","great mass","music teacher","musical classic","great composer","symphony orchestra","other art","high school","college course","tone quality","higher element","good musk","sunday morning","technical study","private teacher","musical quarterly","grade school","mental process","recital program","other hand","highest function","musical theory","instrumental practice","such table","orchestral work","higher value","orchestral player","authorised conservatory","musical culture","beethoven sonata","piano trio","piano quartet","college orchestra","gesammelte schriften","clara schumann","george eliot","grand piano","best music","vocal cord"]},"author":[{"name":"HARLOW GALE"}],"articleId":["VIII.1.96"],"arkIstex":"ark:/67375/HXZ-DW7FFQSQ-0","language":["eng"],"originalGenre":["research-article"],"qualityIndicators":{"score":4.455,"pdfWordCount":4405,"pdfCharCount":25669,"pdfVersion":1.2,"pdfPageCount":12,"pdfPageSize":"445 x 692 pts","pdfWordsPerPage":367,"pdfText":true,"refBibsNative":false,"abstractWordCount":0,"abstractCharCount":0,"keywordCount":0},"title":"MUSICAL EDUCATION","genre":["research-article"],"host":{"title":"The Musical Quarterly","language":["unknown"],"issn":["0027-4631"],"eissn":["1741-8399"],"publisherId":["musqtl"],"volume":"VIII","issue":"1","pages":{"first":"96","last":"107"},"genre":["journal"],"subject":[{"value":"Articles"}]},"namedEntities":{"unitex":{"date":["the 19th century","1922"],"geogName":[],"orgName":["University Musical Societies of Oxford"],"orgName_funder":[],"orgName_provider":[],"persName":["Clara Schumann","BiUroth","Robert Schumann","Cesar Franck","Silas Marner","George Eliot"],"placeName":["Leipzig","Stanford","Columbia","Europe","America","Vienna","Cambridge","Palestrina"],"ref_url":[],"ref_bibl":[],"bibl":[]}},"ark":["ark:/67375/HXZ-DW7FFQSQ-0"],"categories":{"wos":[],"scienceMetrix":["1 - arts & humanities","2 - visual & performing arts","3 - music"],"scopus":["1 - Social Sciences","2 - Arts and Humanities","3 - Music"]},"publicationDate":"1922","copyrightDate":"1922","enrichments":{"type":["multicat","refBibs","teeft","unitex"]},"doi":["10.1093/mq/VIII.1.96"],"_id":"3CB839F668A5CD967C7A2C6144B4274C89D7E64C"}