{"corpusName":"cambridge","author":[{"name":"Simon Phillippo"}],"articleId":["01461"],"arkIstex":"ark:/67375/6GQ-G79W7J2H-6","language":["eng"],"originalGenre":["research-article"],"abstract":"Robert Simpson died on 21 November 1997, leaving behind him an impressive body of works. At its core are 11 symphonies and 15 string quartets; also three concertos, two string quintets, sonatas, some choral music, even some much admired pieces for brass band. While a thoroughly individual, music-as-process modernism imbues all he wrote, the prevailing image of Simpson is that of the conservative classicist, clinging to the apparent certainties of antiquated forms and diatonic tonality – a view that begins to some extent with the composer himself. He is widely known for his influential writings on Beethoven, Nielsen, and Bruckner among others; writings that, along the way, fiercely and polemically extol the enduring virtues of symphonic composition, manifestly swimming against the tide of contemporary music of the mid-century. Simpson's symphonism was always ideologically opposed to the post-war trends towards total mechanization, as much as to the experiments with extreme irrationality and chance in the 1960s.","qualityIndicators":{"score":6.414,"pdfWordCount":2554,"pdfCharCount":15169,"pdfVersion":1.4,"pdfPageCount":5,"pdfPageSize":"488.88 x 722.88 pts","refBibsNative":true,"abstractWordCount":155,"abstractCharCount":1025,"keywordCount":0},"title":"Symphonic Momentum and Post-tonal Dramas: Simpson's First Symphony","pii":["S0040298200014613"],"refBibs":[{"host":{"title":"Hans Keller: Essay on Music","author":[],"pages":{"first":"117"}}},{"host":{"title":"The Symphony","author":[],"volume":"1","pages":{"first":"13"}}},{"host":{"title":"Beyond Orpheus: Studies in Musical Structure","author":[],"pages":{"first":"28"}}}],"genre":["research-article"],"host":{"title":"Tempo","language":["unknown"],"issn":["0040-2982"],"eissn":["1478-2286"],"publisherId":["TEM"],"issue":"209","pages":{"first":"2","last":"6","total":"5"},"genre":["journal"]},"ark":["ark:/67375/6GQ-G79W7J2H-6"],"categories":{"inist":["1 - sciences humaines et sociales"]},"publicationDate":"1999","copyrightDate":"1999","enrichments":{"type":["nb"]},"doi":["10.1017/S0040298200014613"],"_id":"81B37E7885CEA53422B701F264BB7DDA52A0DC7B"}