{"corpusName":"wiley","keywords":{"teeft":["sesame street","raposo","folder","disco","sesame","ostrofsky","sesame street research","kathryn","press release","popular music","cooney","sesame street records","ganz","january","joan ganz cooney","television workshop","archives","rubber duckie","educational testing service","sesame street music","york city","preschool","social science research","sesame street fever","sesame music","young children","paley center","samuel ball","sesame street research memorandum","roosevelt franklin","sesame street writers","bilingual study","first year","stevie wonder","paul simon","motor response","seventies sound","educational content","production staff","jeff moss","cultural literacy","several ways","anecdotal evidence","familiar songs","young viewers","first time","research department","record albums","television workshop archives","broadcasting archives","hornbake library","college park","washington post","random house","older siblings","electric company","broadcast season","john callaway interviews","cognitive development","sesame street production","observation laboratory","cultural pride","second year","early childhood education","tower publications","magazine format","older children","sesame street residents","star stevie wonder","other times","disco gold","kids disco","west palm beach","linda meli","pigeon disco","dance steps","sesame street producers","puerto rico","barbara reeves","sesame street program package","child development","marshall mcluhan","schoolhouse rock","urban pedagogy","soul iconography","black power","monique guillory","david tripp","semiotic approach","beethoven move","annual viewership data","alphabet"]},"author":[{"name":"Kathryn A. Ostrofsky","affiliations":["University of Pennsylvania"]}],"articleId":["JPMS1336"],"arkIstex":"ark:/67375/WNG-RVM2VH13-7","language":["eng"],"originalGenre":["article"],"qualityIndicators":{"score":7.012,"pdfWordCount":6326,"pdfCharCount":38110,"pdfVersion":1.3,"pdfPageCount":18,"pdfPageSize":"504 x 720 pts","pdfWordsPerPage":351,"pdfText":true,"refBibsNative":true,"abstractWordCount":1,"abstractCharCount":0,"keywordCount":0},"title":"Taking Sesame to the Streets: Young Children's Interactions with Pop Music's Urban Aesthetic in the 1970s","genre":["article"],"host":{"title":"Journal of Popular Music Studies","language":["unknown"],"doi":["10.1111/(ISSN)1533-1598"],"issn":["1524-2226"],"eissn":["1533-1598"],"publisherId":["JPMS"],"volume":"24","issue":"3","pages":{"first":"287","last":"304","total":"19"},"genre":["journal"]},"namedEntities":{"unitex":{"date":["1974","1970","2012","1969","1960s","1971","1972","1970s","2008","70s","1989","1978","1980","1980s"],"geogName":[],"orgName":["Wiley Periodicals, Inc.","letter to Joan Ganz Cooney","Sesame Street Research","American Format Revolution","Sesame Street Research memorandum to Sesame Street Writers,Producers","Viewing Center","Sesame Street Research memorandum to Sesame Street Production","Institute for Educational Development","Educational Technology Research and Development","African American Sesame Street","Sesame Street Research memorandum to Sesame Street Producers et. al.","Harvard University","Research on the Effects of Television Advertising on Children","National Public Broadcasting Archive","Block Party","Research and Development","Paley Center for Media"],"orgName_funder":[],"orgName_provider":[],"persName":["Studies","Samuel Ball","Phylis Feinstein","Robert T. Filep","Ed Palmer","Michael Kernan","Gerald Lesser","Ray Charles","Roy Thode","Elizabeth P. Lorch","Frank Sinatra","David Tripp","Arthur Shimkin","Marshall McLuhan","Rebekka Farrugia","Robin Gibb","Richard C. Green","Nadia Boulanger","George Plimpton","C. Huston","Louise Gikow","Robert Cunniff","Larry Levan","Kim Jefferson","Jim Henson","Van Morrison","S. Children","El Segundo","Alice W. Powers","Martin A. Tessmer","Dianne E. Field","Jose Feliciano","Bob Hatch","An Evaluation","Jane Ashley","Mary Alice","Pamela C. Phelps","Jeanne Sanders","Sam Pottle","Broadway","Carol Hall","Fever","Edith Zornow","Television","Serlin","Jennings","Peter Schaeffer","Matt Robinson","The","Merry Christmas","Robert A. Reiser","Richard C. Greene","Richard Adler","Werner I. Halpern","Herbert Hadad","Joan Ganz","Linda F. Alwitt","Stephen R. Levin","Monique Guillory","Karen King","Edgar L. Sagan","Jeff Moss","Daniel R. Anderson","Dave Connell","Michael Henry","Christopher Cerf","Evelyn P. Davis","Stevie Wonder","Leonard Doob","Steve Zuckerman","Stewart W. Pinkerton","Raposo","Richie Havens","Researchers","Keith W. Mielke","W. T. Rudisill","Kathryn A. Ostrofsky","Barbara Reeves","Leland Smith","Justin Burton","Paul Simon","My Brother","Linda Meli","Laura Schnikter","Betty Bergonetti","Robert Hodge","John C. Wright","David Serlin"],"placeName":["Bedford","Stanford","Puerto Rican","Paris","Mexico","Washington","DC","American","New York City","Puerto Rico","Los Angeles","America","CA","York","Palm Beach","Hollywood","Cambridge","St. Marie"],"ref_url":[],"ref_bibl":["New York: McGraw-Hill, 1964","Chicago: U of Chicago P, 1992","New York: Continuum, 2011","Producers et al.","New York: New York UP, 1998","New York: Random House, 1974","March 1981","New York: Academic P, 1983","PBS, 1994","New York: Black Dog & Leventhal, 2009","New York: Tower Publications, 1971","May 1975","New Haven: Yale University Press, 1961","National Science Foundation, 1977","Baltimore: Johns Hopkins UP, 2006"],"bibl":[]}},"ark":["ark:/67375/WNG-RVM2VH13-7"],"categories":{"wos":[],"scienceMetrix":[],"scopus":["1 - Social Sciences","2 - Arts and Humanities","3 - Music"]},"publicationDate":"2012","copyrightDate":"2012","enrichments":{"type":["multicat","teeft","unitex"]},"doi":["10.1111/j.1533-1598.2012.01336.x"],"_id":"09315DB35098C8AC5EBBFCF958459702DB31DA8E"}