{"corpusName":"oup","keywords":{"teeft":["programme","programme music","symphonic poem","liszt","absolute music","berlioz","instrumental music","practical difficulty","dramatic overture","musical expression","music pure","dutch fleet","descriptive music","musical evolution","bule britannia","battle symphony","musical theme","dramatic interpretation","instrumental piece","definite image","such case","foreign language","funeral march","musical form","poetic basis","familiar poem","sinfonia domestica","admiral victory","abstract music","poetic idea","strauss"]},"author":[{"name":"W. P. JAMES"}],"articleId":["II.4.373"],"arkIstex":"ark:/67375/HXZ-56D90PD9-3","language":["eng"],"originalGenre":["research-article"],"qualityIndicators":{"score":5.05,"pdfWordCount":5481,"pdfCharCount":29722,"pdfVersion":1.3,"pdfPageCount":13,"pdfPageSize":"478 x 698 pts","pdfWordsPerPage":422,"pdfText":true,"refBibsNative":false,"abstractWordCount":0,"abstractCharCount":0,"keywordCount":0},"title":"MUSIC PURE AND APPLIED","genre":["research-article"],"host":{"title":"Music and Letters","language":["unknown"],"issn":["0027-4224"],"eissn":["1477-4631"],"publisherId":["musicj"],"volume":"II","issue":"4","pages":{"first":"373","last":"385"},"genre":["journal"],"subject":[{"value":"Articles"}]},"namedEntities":{"unitex":{"date":["1700","1921","in the 18th century"],"geogName":[],"orgName":[],"orgName_funder":[],"orgName_provider":[],"persName":["Richard Strauss","La Medica","Romain Rolland","Henry Hadow","George Sand","Newman","DonaldTovey","Julius Benedict","Dussek","Till Eulenspiegel","Bumey","Steibelt","Balfour","Burney","Don Quixote","Bo Liszt","Don Juan","Beethoven","Mark Twain","Ernest Newman","Holbrooke","Trench","Cyril Scott","Spohr","G. W. Beynon","Niecks","Mozart","Jean Eichter","Joseph Holbrooke","Marie Antoinette","Karl Pfeiffer"],"placeName":["Seville","London","Majorca","St. James","Copenhagen"],"ref_url":[],"ref_bibl":[],"bibl":[]}},"ark":["ark:/67375/HXZ-56D90PD9-3"],"categories":{"wos":[],"scienceMetrix":["1 - arts & humanities","2 - visual & performing arts","3 - music"],"scopus":["1 - Social Sciences","2 - Arts and Humanities","3 - Music"]},"publicationDate":"1921","copyrightDate":"1921","enrichments":{"type":["multicat","refBibs","teeft","unitex"]},"doi":["10.1093/ml/II.4.373"],"_id":"E392F6EF103288D4B8ADCF9FBFFAE17652E54DC4"}