{"corpusName":"oup","keywords":{"teeft":["choral fantasia","pianoforte","magic flute","choral","fantasia","flute","mozart","ethical significance","eighteenth century","leonard borwick","human voice","classical development section","rhapsodical dialogue","pianoforte concerto","missa solemnis","beethoven"]},"author":[{"name":"EDWARD J. DENT"}],"articleId":["VIII.2.111"],"arkIstex":"ark:/67375/HXZ-BQ65CHS5-Z","language":["eng"],"originalGenre":["research-article"],"qualityIndicators":{"score":5.785,"pdfWordCount":4402,"pdfCharCount":22559,"pdfVersion":1.5,"pdfPageCount":11,"pdfPageSize":"472 x 696 pts","pdfWordsPerPage":400,"pdfText":true,"refBibsNative":false,"abstractWordCount":0,"abstractCharCount":0,"keywordCount":0},"title":"THE CHORAL FANTASIA","genre":["research-article"],"host":{"title":"Music and Letters","language":["unknown"],"issn":["0027-4224"],"eissn":["1477-4631"],"publisherId":["musicj"],"volume":"VIII","issue":"2","pages":{"first":"111","last":"121"},"genre":["journal"],"subject":[{"value":"Articles"}]},"namedEntities":{"unitex":{"date":["eighteenth century","1808","nineteenth century","the eighteenth century","1927"],"geogName":[],"orgName":[],"orgName_funder":[],"orgName_provider":[],"persName":["Richard Strauss","Leonard Borwick","William Blake","Christoph Kuffner"],"placeName":["Stanford","Germany","Vienna","Cambridge"],"ref_url":[],"ref_bibl":[],"bibl":[]}},"ark":["ark:/67375/HXZ-BQ65CHS5-Z"],"categories":{"wos":[],"scienceMetrix":["1 - arts & humanities","2 - visual & performing arts","3 - music"],"scopus":["1 - Social Sciences","2 - Arts and Humanities","3 - Music"]},"publicationDate":"1927","copyrightDate":"1927","enrichments":{"type":["multicat","refBibs","teeft","unitex"]},"doi":["10.1093/ml/VIII.2.111"],"_id":"1C5102C0CA04FC9D9E422400C1FE26640B796E82"}