{"corpusName":"oup","keywords":{"teeft":["leipzig","nicht","ihnen","unfamiliar beethoven letter","hartel","cassel","present letter","musical quarterly","steiner","present author","beethoven letter","irish song","martin gustav nottebohm","autograph letter","beethoven jahrbuch","british museum","scottish song","alfred christlieb kalischer","music letter","beethoven","thomson","das","opus"]},"author":[{"name":"DONALD W. MACARDLE"},{"name":"KATHERINE SCHULTZE"}],"articleId":["XXXVII.4.490"],"arkIstex":"ark:/67375/HXZ-222MQ3GT-V","language":["eng"],"originalGenre":["research-article"],"qualityIndicators":{"score":4.081,"pdfWordCount":4031,"pdfCharCount":21263,"pdfVersion":1.3,"pdfPageCount":11,"pdfPageSize":"453 x 671 pts","pdfWordsPerPage":366,"pdfText":true,"refBibsNative":false,"abstractWordCount":0,"abstractCharCount":0,"keywordCount":0},"title":"FIVE UNFAMILIAR BEETHOVEN LETTERS","refBibs":[{"title":"For a general discussion of Beethoven's settings for Thomson, see Edinburgh Bibliographical Society Transactions","author":[],"publicationDate":"1927","host":{"title":"II, Part I (1938-39), i, and Music & Letters","publicationDate":"1927","author":[],"pages":{"first":"234"}}},{"host":{"title":"180, 194, 222) and in Thomson's letter of","publicationDate":"1806-10-01","author":[],"pages":{"first":"311"}}}],"genre":["research-article"],"host":{"title":"The Musical Quarterly","language":["unknown"],"issn":["0027-4631"],"eissn":["1741-8399"],"publisherId":["musqtl"],"volume":"XXXVII","issue":"4","pages":{"first":"490","last":"500"},"genre":["journal"],"subject":[{"value":"Articles"}]},"namedEntities":{"unitex":{"date":["1813","1825","1814","the 18th century","1819","1902","1808","1866","1815","1822","1811","1816","1823","1812","1951","1817","1846","15s","1794"],"geogName":["Seine"],"orgName":["National Airs","Congress"],"orgName_funder":[],"orgName_provider":[],"persName":["Karl Holz","Alfred Christlieb","Johann Baptist","Holz","J. S. Shedlock","Martin Gustav","Jerome Bonaparte","O. G. Sonneck","German Noah","Max Unger","J. B. Vallishauser","Otto Erich","Franz Sartori","Theodor Frimmel","von Vallishauser","Ludwig van Beethovens","Edward Schulz","Pietro Mechetti","The","Beethoven","Keeper","H. Strauss","George Thomson","Ludwig van Beethoven","Leo Liepmannssohn","H. Holz","Lobkowitz","B. Vallishauser","Kinsky"],"placeName":["Leipzig","Edinburgh","Austrian Empire","Kingdom of Westphalia","Athens","America","Vienna","York","Winterthur","Russia","Cambridge","Zurich"],"ref_url":[],"ref_bibl":["June 1817","April 1815","March 1815","May 1816","June 1815","Vienna, 1817","Berlin and Leipzig, 1907","April 1811"],"bibl":[]}},"ark":["ark:/67375/HXZ-222MQ3GT-V"],"categories":{"wos":[],"scienceMetrix":["1 - arts & humanities","2 - visual & performing arts","3 - music"],"scopus":["1 - Social Sciences","2 - Arts and Humanities","3 - Music"]},"publicationDate":"1951","copyrightDate":"1951","enrichments":{"type":["multicat","refBibs","teeft","unitex"]},"doi":["10.1093/mq/XXXVII.4.490"],"_id":"3F9E0B9D20E8191E0EEFDF50220E306BE5EA9377"}