{"corpusName":"oup","keywords":{"teeft":["beethoven mystique","schrade","symph","musical quarterly","bettina","schmitz","ninth symphony","beethoven","mystique","visual concept","wild child","pastoral symphony","other hand","romantic image","romantic music","religious leader","fifth symphony","stieler portrait","chapel hill","missa solemnis","other writing","in world","late quartet","vocal text","basic concept","french writer","mystic prophet","kreutzer sonata","victor hugo","instrumental music","choral finale","intellectual life","direct influence","magic worker","triumphal arch","starry crown","visual art","martin bernstein"]},"author":[{"name":"WILLIAM S. NEWMAN"}],"articleId":["LXIX.3.354"],"arkIstex":"ark:/67375/HXZ-HHWRLJKC-7","language":["eng"],"originalGenre":["research-article"],"qualityIndicators":{"score":5.05,"pdfWordCount":8432,"pdfCharCount":46590,"pdfVersion":1.3,"pdfPageCount":34,"pdfPageSize":"451 x 670 pts","pdfWordsPerPage":248,"pdfText":true,"refBibsNative":false,"abstractWordCount":0,"abstractCharCount":0,"keywordCount":0},"title":"The Beethoven Mystique in Romantic Art, Literature, and Music","refBibs":[{"author":[{"name":"H C Cf"},{"name":" Robbins Landon"}],"publicationDate":"1970","host":{"title":"Beethoven","publicationDate":"1970","author":[],"volume":"303","pages":{"first":"298","last":"99"}}},{"host":{"author":[{"name":" Cf"}],"pages":{"first":"319","last":"43"}}},{"host":{"author":[{"name":"Landon "}],"pages":{"first":"265"}}},{"host":{"author":[{"name":" Cf"},{"name":" Landon"}],"pages":{"first":"10","last":"183"}}},{"host":{"author":[{"name":" Thayer-Forbes"}],"pages":{"first":"576"}}},{"host":{"title":"The Sonata Since Beethoven (Chapel Hill, 1969), rev","publicationDate":"1982","author":[{"name":" Cf"},{"name":"S William"},{"name":" Newman"}],"pages":{"first":"300","last":"1"}}},{"author":[{"name":"Cf. Peter Latham"}],"publicationDate":"1948","host":{"title":"Brahms","publicationDate":"1948","author":[],"pages":{"first":"58","last":"59"}}},{"title":"Schumann, Liszt and the C Major Fantasie, Op. 17; A Declining Relationship","author":[{"name":"Alan Cf"},{"name":" Walker"}],"publicationDate":"1979","host":{"title":"Music and Letters","publicationDate":"1979","author":[],"pages":{"first":"156","last":"65"}}},{"author":[{"name":" Curt Von Westernhagen"},{"name":" Wagner"}],"publicationDate":"1978","host":{"title":"Mary Whittall","publicationDate":"1978","author":[],"pages":{"first":"174"}}},{"host":{"author":[{"name":" Cf"},{"name":" Newman"}],"pages":{"first":"11","last":"14"}}}],"genre":["research-article"],"host":{"title":"The Musical Quarterly","language":["unknown"],"issn":["0027-4631"],"eissn":["1741-8399"],"publisherId":["musqtl"],"volume":"LXIX","issue":"3","pages":{"first":"354","last":"387"},"genre":["journal"],"subject":[{"value":"Articles"}]},"namedEntities":{"unitex":{"date":["1869","1912","1898","eighteenth century","1836","1906","1880s","1872","1819","1902","1942","the nineteenth century","1976","1804","1844","1903","1822","1983","1889","1770","1838","1840","nineteenth century","1816","1845","1834","1904","1863","1812","1818or 1819","1909","1828","1911","1870","1938","1900","1806","1870s"],"geogName":["Ill"],"orgName":["George Braziller, Inc.","In France the Beethoven","German-American Leo Schrade","France, The Growth","Italy Pietro Cossa","Germany and France","Yale University"],"orgName_funder":[],"orgName_provider":[],"persName":["Alphonse de Lamartine","Michael Kramer","Mario Bussagli","German Literature","Warren Fox","Romain Rolland","Joseph Carl","Max Rudolf","Wagner","Martin Bernstein","Leo Schrade","Berthold Laufer","Peter Latham","Caspar Zumbusch","George Sand","German Arnold","Helmut Borsch-Supan","Ferdinand Schimon","Joseph Mahler","Melvil Dewey","Elliot Forbes","John Sullivan","Theodore de Wyzewa","Bettina von Arnim","Victor Hugo","Richard Wagner","William S. Newman","John Nordling","Ernst Ortlepp","Marian Beisang-Prakken","Fantasie","Arnold Schmilz","Michel Ducct","Franz Grillparzer","Albert Leitzmann","P. Lyser","George C. Schoolfield","Bernhard Marx","Max Koch","David Silverberg","Francois Lesure","Elaine Brody","Bettina","Martin Picker","Robert Schumann","Hugh Miiller","German Poem","Rolland","An Introduction","Helen Gardner","Isidor Neugass","Alfred Kalischer","Beethoven","F. Fiom","John Lawrence","E. T. A. Hoffmann","Leopold Hirschberg","Charles Peguy","Solomon","Jean Boyer","Charles Ives","C. Graue","Romantic","Mary Whittall","Therese van Beethoven","Alexander Wheelock","Rene Fauchois","God Beethoven","Edgar Quinet","Alfred de Vigny","Oliver Stilink","W. R. Griepenkerl","David B. Levy","Alan Walker","Robin Gregory","Antoine Bourdelle","Hermann Deiters","Hans Eggebrecht","Madison Avenue","John Russell","Curt von Westernhagen","Gustav Klimt"],"placeName":["Leipzig","Berlin","Paris","Rochester","Germany","Bonn","Austria","Darmstadt","London","China","Athens","Vienna","York","France","Zurich"],"ref_url":[],"ref_bibl":["Chapel Hill, 1969","Paris, 1938","New York, 1982","Paris, 1966","New Yoik, 1950","New York, 1936","Paris, 1971","Lake Placid, 1932","Berlin, 1927","Princeton, 1967","Rochester, 1979","Beethoven 1970 (Mainz, 1972)","Chapel Hill, 1956","H a m b u r g , 1972","New York, 1956","London, 1961","University of N o r t h Carolina at C h a p e l Hill, 1976","L o n d o n , 1970","New Haven, 1942","Berlin, 1907","Leipzig, 1921","Sal/burg, 1977","London, 1948","Cambridge, England, 1978","Prague, 1872"],"bibl":[]}},"ark":["ark:/67375/HXZ-HHWRLJKC-7"],"categories":{"wos":[],"scienceMetrix":["1 - arts & humanities","2 - visual & performing arts","3 - music"],"scopus":["1 - Social Sciences","2 - Arts and Humanities","3 - Music"]},"publicationDate":"1983","copyrightDate":"1983","enrichments":{"type":["multicat","refBibs","teeft","unitex"]},"doi":["10.1093/mq/LXIX.3.354"],"_id":"1DF4E5BACAA2A3F68339C0D4AA8938796F59EE60"}