{"corpusName":"sage","keywords":{"teeft":["wenger","trombone","selmer","school price","music educators journal","flute","bundy","percussion section","dick hyman","mason hamlin","music education","solo voices","musical education","targ dinner","sacramento chicago","tony mottola","music publishers","capitol records","music company","diego state college","bundy brasses","bundy cornets","music educators","bundy flute","ribbed construction","federal excise","free copy","everett studio piano report","educational customers","soprano solo","bass soli","english translation","piano accompaniment","mallet percussion","sacred cantata","expensive instrument","complete information","publisher evanston","quand elle","story clark"]},"articleId":["10.2307_3390187"],"arkIstex":"ark:/67375/M70-R8WWS12D-P","language":["eng"],"originalGenre":["research-article"],"qualityIndicators":{"score":7.012,"pdfWordCount":5579,"pdfCharCount":43809,"pdfVersion":1.5,"pdfPageCount":41,"pdfPageSize":"648 x 864 pts","refBibsNative":false,"abstractWordCount":1,"abstractCharCount":0,"keywordCount":0},"title":"Front Matter","genre":["research-article"],"host":{"title":"Music Educators Journal","language":["unknown"],"issn":["0027-4321"],"eissn":["1945-0087"],"publisherId":["MEJ"],"volume":"50","issue":"4","pages":{"first":"1","last":"100"},"genre":["journal"]},"namedEntities":{"unitex":{"date":["1964","1290S","1914"],"geogName":["San","Hastings"],"orgName":["Hohner, Inc.","Syracuse University","T The Instrument","Incorporated Prentice-Hall, Inc.","THE ONLY INSTRUMENT","American Carioca Selections","Stagecraft Corporation Stanford University","Meisel Music Co.","Bundy Fine Band Instruments Distributors","Brother Follett Publishing Company Fort Vance Press Frank Music Corporation","Temple University","Cundy-Bettoney Co.","America, Inc.","Madeleine Carnegie Institute of Technology","Columbia University","PUBLISHERS, Inc.","A PRODUCT CHICAGO OF MUSICAL INSTRUMENT CO.","National Music Camp Neely Manufacturing Company New England Conservatoryof Music Northwestern Theatre Associates Oak Publications Oberlin College Odell","IANO COMPANY INSTRUMENTS","Strayline Products Co.","Company, Inc.","Benninghofen, Inc.","American Institute of Music Education","Schirmer, Inc","Leblanc Corporation","Holding Corp.","Musser, Inc.","Music Educators National Conference","Music Boston Conservatory Boston University","Louis Music Supply Co.","Bach International","Organization","WHITE CO","S SOHNE MAINZ N Associated Music Publishers,Inc","WitmarkMusic Library, Inc.","Dampp-Chaser, Inc.","XYLOPHONE National Distributor","SELMER, INC.","Selmer, Inc.","Vibrator Reed Company Volkwein Brothers, Inc.","West Virginia University","Publisher Berdon, Inc.","AEOLIAN CORPORATION","Gown Co","Lockwood, Inc.","Manufacturing Company Aeolian Corporation","Conn Corporation","Music Publishers Holding Corporation","India and Japan","University of Alberta University of Arizona University of Colorado University of Connecticut University of Idaho University of Minnesota University of Oregon University of the Pacific University of Toronto University of Wisconsin","Mallet Played Instruments","American FEBRUARY","WITMARK Performance MUSIC LIBRARY, INC.","Service Findlay Recording Company Fischer, Inc.","Son, Inc.","Society for Visual Education Southern Music Company","Sacred Heart Marks Music Corp.","Music Print Corporation","Music Elkan-Vogel Company, Inc.","Ordering Information CAPITOL RECORDS INTERNATIONAL CORP","Peabody Conservatoryof Music Peery Products Company Peripole, Inc.","Clarin Manufacturing Co.","Oscar Schmidt-International, Inc.","Brevard Music Center Broadcast Music, Inc","Dinner, Inc.","Armistrong Co.","Capitol Records International Corp.","National Convention Booths","Frank Honor Your Partner Interlochen Arts Academy Interlochen Press Instructional Records Ireland Needlecraft Ithaca College","Ostwald, Inc.","DRUM CO","Broadcast Music, Inc.","Study Abroadand Temple University","Dalheim Company Remo, Inc.","Montana State University","American Society of Composers, Authors and Publishers","Wadsworth Publishing Co.","Mills Music, Inc","Robert Roosevelt University","Prentice-Hall, Inc.","Gemeinhardt Co.","Company Shawnee Press, Inc","AUSIC I LIBRARY, Inc.","Olivet College Oxford University","The Hargail Music Press Harmolin, Inc."],"orgName_funder":[],"orgName_provider":[],"persName":["Gian Carlo","Jonah Jones","Vincent Bach","Berklee School","Norman Dello","La Spagnola","Eastman School","Don Smithers","College","Carlos Chavez","Henry Purcell","A. Cover","Henry Cowell","Indiana Selmer","Edward B. Mason","Colby College","Robert L. Goodale","Bach","S. Feinberg","Elliot Forbes","Victor Street","John Dressler","Al Caiola","You Walk","You Selections","Hugo Score","Baldwin Grand","W. Owen","Damen Avenue","Records Radio-Matic","Otto Luening","Tony Mottola","Vito Clari-Tone","Company","C. Bruno","Carl J. Fischer","Heinrich Schutz","Vito Clari","Ted Lindgren","Frederick Candlyn","K. G. Ginn","Baldwin Company","Egmont Overture-Beethoven","William Schuman","Lincoln Portrait","Manhattan School","Ludwig van Beethoven","Samuel Barber","Richard Rodgers","Harold C. Youngberg","Maria Massey","Matthias Oboe","Dick Hyman","G. F. McKay","Clark College","Mitchell Mfg","Mitch Miller","Winston Churchill","J. Irr","My Ldo","Madison Avenue","Rock Ages","W. W. Kitching","Joseph D. Chapline","Stream Break","Paul Creston","Aaron Copland","Juan Bautista","Herbert"],"placeName":["New Wenger","Singing City","San Diego","NewYork","ROCHESTER","Columbia","SACRAMENTO","Sacramento","Columbus","Address City","Oakland","Palo Alto","BRINDISI","Toronto","Atlanta","AMERICA","N.Y.","Leinsdorf","Saint Cecilia","Chicago","YORK","Rieti","York","Hollywood","Morristown","Calif.","Iceland","Capacity","Reykjavik","Cleveland","Lyon"],"ref_url":[],"ref_bibl":[],"bibl":[]}},"ark":["ark:/67375/M70-R8WWS12D-P"],"publicationDate":"1964","copyrightDate":"1964","enrichments":{"type":["refBibs","teeft","unitex"]},"doi":["10.2307/3390187"],"_id":"ADAF2F5330359BDE1E43FF80B6783CE3822EAB5A"}