{"corpusName":"sage","keywords":{"teeft":["crdi","madsen","dial","brittin","aesthetic response","nonmusicians","lychner","crdi dial","nonmusic","emotional response","continuous response","aesthetic experience","music majors","common usage","researchin music education","music education","nonmusic majors","musical selection","free response","affective response","significant difference","psychology music","present study","contact control","control group","experimental group","previous studies","time figure","reference value","musical selections","individual graphs","crdi stations","majors","musical experience","musician subjects","different order","primary study","crdi software","musical preference","recent studies","western michigan university","aesthetic sensitivity","graduate students","giacomo puccini","significant differences","emotional responses","musical stimulus","aesthetic condition","general agreement","seconds graphs","further research","nessun dorma","original work","southeastern journal","experimental groups","computer station","packet"]},"author":[{"name":"John A. Lychner","affiliations":["Western Michigan University"]}],"articleId":["10.2307_3345630"],"arkIstex":"ark:/67375/M70-QZ21WBJM-2","language":["eng"],"originalGenre":["research-article"],"abstract":"This study was designed to determine if a relationship exists among the terms “aesthetic response, ” “felt emotional response, ” and “perceived tension ” when used by individuals to describe their personal response to music. Subject groups, music majors (n = 128) and nonmusic majors (n = 128), were randomly divided into three experimental groups, one for each term, and one control group for free response. Data were gathered as subjects manipulated the dial of the Continuous Response Digital Interface (CRDI) to indicate the magnitude of their response to the musk heard during four taped listening segments. Written responses were collected following each segment in a packet provided to each subject. The four pieces heard were “Nessun dorma” from Turandot by Giacomo Puccini, “Fugue” from Toccata and Fugue in D minor by J. S. Bach, “Scherzo” from Symphony No. 3 (“Eroica”) by Ludwig van Beethoven, and “The Stars and Stripes Forever” by John Philip Sousa. These selections were presented in four different orders in an attempt to control for a possible order effect. An analysis of variance (ANOVA) indicated no significant difference between the responses of music majors and nonmusic majors. However, a significant difference was found among the terms. Analysis of group graphs indicated a strong similarity between aesthetic-response and felt-emotional-response conditions. Surprisingly, the free-response condition, where subjects were given no instructions except to move the dial, demonstrated a remarkable similarity to the aesthetic-response and felt-emotional-response conditions. The perceived-tension condition showed marked differences to the other three conditions.","qualityIndicators":{"score":9.988,"pdfWordCount":5093,"pdfCharCount":32084,"pdfVersion":1.3,"pdfPageCount":17,"pdfPageSize":"444 x 683.88 pts","refBibsNative":true,"abstractWordCount":249,"abstractCharCount":1686,"keywordCount":0},"title":"An Empirical Study Concerning Terminology Relating to Aesthetic Response to Music","refBibs":[{"title":"The effect of visual/aural conditions on the emotional response to music (Doctoral dissertation, Florida State University, 1994)","author":[{"name":" Adams B."}],"host":{"title":"Dissertation Abstracts International","author":[],"volume":"55","pages":{"first":"2312"}}},{"title":"Can listening to music be experimentally studied?","author":[{"name":" Aiello R."},{"name":" R. Aiello"},{"name":" J. Sloboda"}],"host":{"title":"Musical perceptions","author":[],"pages":{"first":"273","last":"282"}}},{"host":{"title":"Reflections on poetry","author":[]}},{"title":"The effect of overtly categorizing music on preference for popular music styles","author":[{"name":" Brittin R."}],"host":{"title":"Journal of Research in Music Education","author":[],"volume":"39","pages":{"first":"143","last":"151"}}},{"title":"Comparing continuous versus static measurements in music listeners' preferences","author":[{"name":" Brittin R."},{"name":" Sheldon D."}],"host":{"title":"Journal of Research in Music Education","author":[],"volume":"43","pages":{"first":"36","last":"46"}}},{"title":"Reliability of the continuous response digital interface for data collection in the study of auditory perception","author":[{"name":" Capperella D."}],"host":{"title":"Southeastern Journal of Music Education","author":[],"volume":"1","pages":{"first":"19","last":"32"}}},{"title":"Self-perception of aesthetic experience among musicians and non-musicians in response to wind band music","author":[{"name":" Capperella-Sheldon D."}],"host":{"title":"Journal of Band Research","author":[],"volume":"28","issue":"1","pages":{"first":"57","last":"71"}}},{"title":"The effect of instruction in vocabulary and listening on non-musicians' descriptions of changes in music","author":[{"name":" Flowers P."}],"host":{"title":"Journal of Research in Music Education","author":[],"volume":"31","pages":{"first":"179","last":"189"}}},{"title":"Devices for recording ongoing responses to music in education and therapy","author":[{"name":" Fredrickson W."}],"host":{"title":"Missouri Journal of Research in Music Education","author":[],"volume":"31","pages":{"first":"1","last":"9"}}},{"title":"An investigation of emotional response to music and text","author":[{"name":" Gfeller K."},{"name":" Asmus E."},{"name":" Eckert M."}],"host":{"title":"Psychology of Music","author":[],"volume":"19","issue":"2","pages":{"first":"128","last":"141"}}},{"title":"An investigation of emotional response of trained musicians to verbal and music information","author":[{"name":" Gfeller K."},{"name":" Coffman D."}],"host":{"title":"Psychomusicology","author":[],"volume":"10","issue":"1","pages":{"first":"31","last":"48"}}},{"title":"An experimental study of children's sensitivity to mood in music","author":[{"name":" Giomo C."}],"host":{"title":"Psychology of Music","author":[],"volume":"21","issue":"2","pages":{"first":"141","last":"162"}}},{"title":"The dimensions of aesthetic reactions to music","author":[{"name":" Hargreaves D."},{"name":" Colman A."}],"host":{"title":"Psychology of Music","author":[],"volume":"9","issue":"1","pages":{"first":"15","last":"20"}}},{"title":"Use of the continuous response digital interface (CRDI) in evaluation of auditory versus auditory and visual aspects of musical performance","author":[{"name":" Johnson C."}],"host":{"title":"Southeastern Journal of Music Education","author":[],"volume":"3","pages":{"first":"97","last":"108"}}},{"title":"What makes “aesthetic” terms aesthetic?","author":[{"name":" Kivy P."}],"host":{"title":"Philosophy and Phenomenological Research: A Quarterly Journal","author":[],"volume":"36","pages":{"first":"197","last":"211"}}},{"title":"A developmental study of children's interpretation of emotion in music","author":[{"name":" Kratus J."}],"host":{"title":"Psychology of Music","author":[],"volume":"21","issue":"1","pages":{"first":"3","last":"19"}}},{"host":{"title":"Feeling and form: A theory of art developed from Philosophy in a new key","author":[]}},{"host":{"title":"Philosophy in a new key: A study in the symbolism of reason, rite, and art","author":[]}},{"host":{"title":"Foundations and principles of music education.","author":[]}},{"host":{"title":"Aesthetic response to Erik Satie's uTrois Gymnopedies.“","author":[]}},{"title":"Focus of attention and aesthetic response","author":[{"name":" Madsen C. K"}],"host":{"title":"Journal of Research in Music Education","author":[],"volume":"45","pages":{"first":"80","last":"89"}}},{"title":"An empirical method for measuring the aesthetic experience to music","author":[{"name":" Madsen C. K."},{"name":" Brittin R."},{"name":" Capperella-Sheldon D."}],"host":{"title":"Journal of Research in Music Education","author":[],"volume":"41","pages":{"first":"57","last":"69"}}},{"title":"Aesthetic response to music: Musicians versus nonmusicians","author":[{"name":" Madsen C. K."},{"name":" Byrnes S."},{"name":" Capperella-Sheldon D."},{"name":" Brittin R."}],"host":{"title":"Journal of Music Therapy","author":[],"volume":"30","issue":"3","pages":{"first":"174","last":"191"}}},{"title":"The experience of musical tension: A replication of Nielsen's research using the continuous response digital interface","author":[{"name":" Madsen C. K."},{"name":" Fredrickson W."}],"host":{"title":"Journal of Music Therapy","author":[],"volume":"30","issue":"1","pages":{"first":"46","last":"63"}}},{"title":"Comparison of good versus bad intonation of accompanied and unaccompanied vocal and string performances using a continuous response digital interface (CRDI)","author":[{"name":" Madsen C. K."},{"name":" Geringer J."},{"name":" Heller J."}],"host":{"title":"Canadian Music Educator","author":[],"volume":"33","pages":{"first":"123","last":"130"}}},{"host":{"title":"Emotion and meaning in music.","author":[]}},{"title":"Trends in the aesthetic responses of children to the musical experience","author":[{"name":" Nelson D."}],"host":{"title":"Journal of Research in Musk Education","author":[],"volume":"33","pages":{"first":"193","last":"203"}}},{"host":{"title":"Oplevelse of musicalsk spanding (The experience of musical tension).","author":[]}},{"title":"Musical “tension” and related concepts","author":[{"name":" Nielsen F."},{"name":" T Sebeok"},{"name":" J. Umiker-Sebeok"}],"host":{"title":"The semiotic web ‘86. An international yearbook","author":[],"pages":{"first":"491","last":"514"}}},{"title":"How music conveys emotion","author":[{"name":" Noy P."},{"name":" S. Feder"},{"name":" R. Karmel"},{"name":" G. Pollock"}],"host":{"title":"Psychoanalytic explorations in music","author":[],"pages":{"first":"125","last":"149"}}},{"title":"A proposed glossary for use in affective response literature in music","author":[{"name":" Price H."}],"host":{"title":"Journal of Research in Music Education","author":[],"volume":"34","pages":{"first":"151","last":"159"}}},{"host":{"title":"Psychological foundations of musical behavior.","author":[]}},{"host":{"title":"A philosophy of music education.","author":[]}},{"title":"Effects on aesthetic sensitivity of developing perception of musical expressiveness","author":[{"name":" Standifer J."}],"host":{"title":"Journal of Research in Music Education","author":[],"volume":"18","pages":{"first":"112","last":"125"}}},{"title":"The effects of music and paintings on mood","author":[{"name":" Stratton V."},{"name":" Zalanowski A."}],"host":{"title":"Journal of Music Therapy","author":[],"volume":"26","issue":"1","pages":{"first":"30","last":"41"}}},{"title":"Theories of affective response to music","author":[{"name":" Trolio M."}],"host":{"title":"Contributions to Music Education","author":[],"volume":"4","pages":{"first":"1","last":"20"}}},{"title":"Relationship of personal characteristics to mood and enjoyment after hearing live and recorded music and to musical taste","author":[{"name":" Wheeler B."}],"host":{"title":"Psychology of Music","author":[],"volume":"13","issue":"2","pages":{"first":"81","last":"92"}}},{"host":{"title":"Statistical principles in experimental design.","author":[]}}],"genre":["research-article"],"host":{"title":"Journal of Research in Music Education","language":["unknown"],"issn":["0022-4294"],"publisherId":["JRM"],"volume":"46","issue":"2","pages":{"first":"303","last":"319"},"genre":["journal"]},"namedEntities":{"unitex":{"date":["1982","1998","1735"],"geogName":[],"orgName":["Western Michigan University","Music Educators National Conference"],"orgName_funder":[],"orgName_provider":[],"persName":["John A. Lychner","Philip Sousa","Ludwig van Beethoven","S. Bach","Giacomo Puccini","An Empirical"],"placeName":["MI"],"ref_url":[],"ref_bibl":["Radocy & Boyle, 1979","Adams, 1994","Wheeler, 1985","Gfeller, Asmus, & Eckert, 1991","Hargreaves and Colman (1981)","Lychner, 1994","Price, 1986","Johnson, 1991","Madsen, Byrnes, CapperellaSheldon, & Brittin, 1993","Madsen, Brittin, & Capperella-Sheldon, 1993","Capperella-Sheldon (1992)","Meyer (1956)","Madsen, Geringer, & Heller, 1991","Winer, 1991, p. 678","Madsen, 1997","Capperella, 1989","Gfeller & Coffman, 1991","Madsen and Fredrickson (1993)","Stratton & Zalanowski, 1989","Meyer, 1956, p. 24","Standifer, 1970","Fredrickson, 1994","Madsen & Fredrickson, 1993","Madsen, Byrnes, Capperella-Sheldon, & Brittin, 1993","Brittin, 1991","Brittin & Sheldon, 1995","Leonhard & House, 1959","Flowers (1983)","Nelson, 1985","Giomo, 1993","Reimer, 1989"],"bibl":[]}},"ark":["ark:/67375/M70-QZ21WBJM-2"],"categories":{"wos":[],"scienceMetrix":["1 - arts & humanities","2 - visual & performing arts","3 - music"],"scopus":["1 - Social Sciences","2 - Arts and Humanities","3 - Music","1 - Social Sciences","2 - Social Sciences","3 - Education"],"inist":["1 - sciences humaines et sociales"]},"publicationDate":"1998","copyrightDate":"1998","enrichments":{"type":["multicat","nb","teeft","unitex"]},"doi":["10.2307/3345630"],"_id":"FE6C5954683291D681CA4DE6A8EB42FC50B53B0D"}