{"corpusName":"wiley","keywords":{"teeft":["casablanca","dis","blackwell publishing","humour","music analysis","critical forum","musical irony","schlegel","instrumental music","cultural context","mirjam schadendorf","musical humour","pere ballart","humphrey laning","musica","lightness"]},"author":[{"name":"Esti Sheinberg","affiliations":["formerly University of Edinburgh"]}],"articleId":["MUSA182"],"arkIstex":"ark:/67375/WNG-KFNSR3TB-3","language":["eng"],"originalGenre":["article"],"qualityIndicators":{"score":4.011,"pdfWordCount":1999,"pdfCharCount":12294,"pdfVersion":1.2,"pdfPageCount":5,"pdfPageSize":"482 x 694 pts","pdfWordsPerPage":400,"pdfText":true,"refBibsNative":false,"abstractWordCount":1,"abstractCharCount":0,"keywordCount":0},"title":"Benet Casablancas Domingo El humor en la música","genre":["article"],"host":{"title":"Music Analysis","language":["unknown"],"doi":["10.1111/(ISSN)1468-2249"],"issn":["0262-5245"],"eissn":["1468-2249"],"publisherId":["MUSA"],"volume":"22","issue":"1‐2","pages":{"first":"239","last":"243","total":"5"},"genre":["journal"]},"namedEntities":{"unitex":{"date":["1700s","2003"],"geogName":[],"orgName":["Ein ß Blackwell Publishing Ltd.","Indiana University","ß Blackwell Publishing Ltd."],"orgName_funder":[],"orgName_provider":[],"persName":["Ernst Behler","Hans Eichner","Casablancas","Friedrich Schlegel","Humphrey Laning","Wayne C. Booth","Fred Fisher","Gretchen Wheelock","Raymond Hoaster","Joseph Haydn","Gustav Mahlers","Robert Hatten","Laurie-Jeanne Lister","J. B. Metzler","Mary Kathryn","Jean-Jacques Anstett","Franz Joseph","Ludwig van Beethoven","Robert Samuels","Pere Ballart","Linda R. Lowry","Vladimir Jankelevitch","C. D. Muecke"],"placeName":["UK","Stuttgart","American","Schadendorf"],"ref_url":[],"ref_bibl":["Barcelona: Quaderns Crema, 1994","Aldershot: Ashgate, 2000","University of Cambridge, 1980","Cologne: Dittrich, 1997","James Madison University, 1992","University of Rochester, 1963","Ohio State University, 1974","Chicago: University of Chicago Press, 1974","Ilfracombe: Stockwell, 1970","Yale University, 1979","Cambridge: Cambridge University Press, 1996","London: Methuen, 1969","Southern Illinois University, 1968","Boston: Crescendo, 1971","Berlin: Kassel, 2000","Frankfurt am Main: Peter Lang, 1994"],"bibl":[]}},"ark":["ark:/67375/WNG-KFNSR3TB-3"],"categories":{"wos":[],"scienceMetrix":["1 - arts & humanities","2 - visual & performing arts","3 - music"],"scopus":["1 - Social Sciences","2 - Arts and Humanities","3 - Music"]},"publicationDate":"2003","copyrightDate":"2003","enrichments":{"type":["multicat","refBibs","teeft","unitex"]},"doi":["10.1111/j.0262-5245.2003.00182.x"],"_id":"7D4274E176883192E1C193E5C7BDFE5A9F4FF8D2"}