{"corpusName":"oup","keywords":{"teeft":["pianoforte","thomson","pleyel","george thomson","same time","young female","folk song","young lady","scottish song","haydn","interesting work","hack work","good deal","inexpressible satisfaction","first volume","irish tune","last movement","such sonata","irish melody","something useful","monsieur kozeluch","beethoven","accompaniment"]},"author":[{"name":"RICHARD ALDRICH"}],"articleId":["VIII.2.234"],"arkIstex":"ark:/67375/HXZ-261385NS-R","language":["eng"],"originalGenre":["research-article"],"qualityIndicators":{"score":5.287,"pdfWordCount":3904,"pdfCharCount":20439,"pdfVersion":1.5,"pdfPageCount":9,"pdfPageSize":"486 x 706 pts","pdfWordsPerPage":434,"pdfText":true,"refBibsNative":false,"abstractWordCount":0,"abstractCharCount":0,"keywordCount":0},"title":"BEETHOVEN AND GEORGE THOMSON","genre":["research-article"],"host":{"title":"Music and Letters","language":["unknown"],"issn":["0027-4224"],"eissn":["1477-4631"],"publisherId":["musicj"],"volume":"VIII","issue":"2","pages":{"first":"234","last":"242"},"genre":["journal"],"subject":[{"value":"Articles"}]},"namedEntities":{"unitex":{"date":["1790","eighteenth century","10s","1814","1808","1811","nineteenth century","1806"],"geogName":[],"orgName":[],"orgName_funder":[],"orgName_provider":[],"persName":["Bonnie Laddie","Leopold Anton","Editor","James Thomson","Will Beethoven","Haydn","Thomson","Opie","Beethoven","Samuel Bogers","Joanna Baillie","Burns"],"placeName":["Germany","Scotland","Edinburgh","Europe","Wales","Vienna","St. Patrick"],"ref_url":[],"ref_bibl":[],"bibl":[]}},"ark":["ark:/67375/HXZ-261385NS-R"],"categories":{"wos":[],"scienceMetrix":["1 - arts & humanities","2 - visual & performing arts","3 - music"],"scopus":["1 - Social Sciences","2 - Arts and Humanities","3 - Music"]},"publicationDate":"1927","copyrightDate":"1927","enrichments":{"type":["multicat","refBibs","teeft","unitex"]},"doi":["10.1093/ml/VIII.2.234"],"_id":"AD7A18C5CDDFE6F9E48DA7E078E34162500B351F"}