{"corpusName":"oup","keywords":{"teeft":["late quartet","quartett","blagrove","beethoven quartett society","morning post","sainton","musical world","quartett concert","london press","alsager","late beethoven quartet","rousselot","chamber music","athenaeum","langley","dando","musical quarterly","sivori","gattie","hogarth","morning chronicle","ehrlich","musical union","quartet","june","chorley","davison","joachim","bashford","ninth symphony","chamber concert","queen square","english musical journal","early nineteenth century","public concert","professional musician","british library","classical chamber concert","late work","first philharmonic","ella","instrumental work","cambridge university press","critical opinion","late style","thomas alsager","same time","piano trio","lucas","beethoven","leanne langley","music profession","first performance","philharmonic society","beethoven symphony","quartet concert","early victorian period","first violinist","robert winter","robert martin","string quartet","thomas massa alsager","clarendon press","repertory","program note","concert hall","nineteenth century","late music","missa solemnis","public performance","london performance","musical understanding","pocket score","john ella","individual movement","fifth movement","concert series","vocal item","william curtis","slow movement","grosse fuge","beethoven quartett society concert","exeter hall","cyril ehrlich","ignaz moscheles","london concert","beethoven quartet companion","first time","music journalism","california press","critical expectation","rousselot sivori","tempo rubato","musical evening","christina bashford","italian opera","second movement","general newspaper","private concert","andrew barnard","morning herald1","english translation","private sphere","musical memory","immense difficulty","robert adelson","blagrove ensemble","piano repertory","press review","second half","heiliger dankgesang","chamber repertory","private collection","daily paper","quick succession","edward holmes","foreign quarterly review","concert life","egerton webbe","late beethoven","benefit concert","morning chronicle review","london critic","small number","aural expectation","unprecedented way","cowden clarke","opening movement","direct reference","joseph dando","public sphere","charles cowden clarke","performance review","musical event","press criticism","daily news","london news","foreign violinist","beethoven quartett society performance","scipion rousselot","posthumous quartet","preliminary list","rousselot sainton","orchestral repertory","polytechnic journal","rousselot joachim","initial decade","lucas ernst","music criticism","early chamber work","british museum","concert repertory","final year","charles lucas","social history","late piano sonata","london chamber concert","moral identity","london concert life","london newspaper","musical press","literary background","victorian middle class","serious music lover","music review","david benjamin levy","early performance","robert cock","similar remark","late one","beethoven quartet","quantitative analysis","concert","quarterly"]},"author":[{"name":"Christina Bashford"}],"articleId":["84.1.84"],"arkIstex":"ark:/67375/HXZ-BBWQ9D77-R","language":["eng"],"originalGenre":["other"],"qualityIndicators":{"score":5.717,"pdfWordCount":16080,"pdfCharCount":95038,"pdfVersion":1.4,"pdfPageCount":39,"pdfPageSize":"482 x 724 pts","pdfWordsPerPage":412,"pdfText":true,"refBibsNative":false,"abstractWordCount":0,"abstractCharCount":0,"keywordCount":0},"title":"The Late Beethoven Quartets and the London Press, 1836-ca. 1850","refBibs":[{"author":[{"name":" See"},{"name":"Stefan Example"},{"name":" Kunze"}],"publicationDate":"1987","host":{"title":"Die Werke im Spiegel seiner Zeit: Gesammelte Konzertberichte und Rezensionen bis 1830","publicationDate":"1987","author":[]}},{"title":"The Reception of Beethoven's Late QuartetsThe Patrons and Publics of the Quartets: Music, Culture, and Society in Beethoven's Vienna","author":[{"name":"Kristin,Marta Knittel"}],"publicationDate":"1992","host":{"title":"The Beethoven Quartet Companion","publicationDate":"1992","author":[],"pages":{"first":"76","last":"109"}}},{"title":"Thomas Massa Alsager , Esq.: A Beethoven Advocate in London A translation of Mahaim, Beethoven, 1:91-97 appeared as \"The First Complete Beethoven Quartet Cycles","author":[{"name":"Pamela,J Willetts"},{"name":"England Beethoven"}],"publicationDate":"1964","host":{"title":"An Account of Sources in the British Museum (London: Trustees of the British MuseumOrigins, Performances, and Reception History of Beethoven's Late Quartets","publicationDate":"1964","author":[],"pages":{"first":"53","last":"58"}}},{"host":{"title":"For a study of chamber-music consumption and reception in London based on these sources, see Christina BashfordPublic Chamber-Music Concerts in London, 1835-50: Aspects of History, Repertory, and Reception","publicationDate":"1996","author":[]}},{"title":"The technical and musical challenges of the Beethoven quartet repertory to modern players are revealed in Robert MartinThe Quartets in Performance: A Player's Perspective","author":[],"publicationDate":"1994","host":{"title":"The Beethoven Quartet Companion","publicationDate":"1994","author":[],"pages":{"first":"111","last":"41"}}},{"title":"On changes in response see KnittelFrom Chaos to History","author":[],"host":{"title":"The Patrons and Publics of the Quartets","author":[],"pages":{"first":"77","last":"83"}}},{"host":{"title":"Mendelssohn's Quintet op. 18, one of Spohr's op. 82 quartets (probably no. 3), and Beethoven's quartets opp","author":[],"pages":{"first":"132"}}},{"host":{"author":[{"name":"British London"},{"name":" Library"},{"name":" Ms Loan 48"}]}},{"host":{"title":"This compares with seventeen performances of Mendelssohn's Piano Trio op. 66 (the most frequently performed chamber work in the period); the repertory was characterized by its breadth. See Bashford, \"Public Chamber-Music Concerts","author":[{"name":" Op"}],"pages":{"first":"241","last":"45"}}},{"author":[{"name":"British London"},{"name":" Library"}],"host":{"title":"Additional MS 52347","author":[]}},{"host":{"title":"For discussion of early threefold divisions of Beethoven's life and works, see Knittel, \"From Chaos to History","author":[],"pages":{"first":"30","last":"62"}}},{"title":"For an indication of the growth of concerts, see Ehrlich, First Philharmonic, and Michael Musgrave, The Musical Life of the Crystal Palace Quantitative analysis of London concert life is under way as part of the Concert Life in Nineteenth-Century London","author":[],"publicationDate":"1995","host":{"title":"History of the Royal Philharmonic Society pas- 21","publicationDate":"1995","author":[]}},{"title":"London Newspapers, 1750 to 1800: A Checklist and Guide for Musicologists ,\" in A Handbook for Studies in Eighteenth-Century English Music Nineteenth-century music journalism is surveyed by Leanne Langley in \"The Musical Press in Nineteenth-Century England","author":[],"publicationDate":"1990","host":{"title":"For an overview of the origins of music writing in London newspapers","publicationDate":"1990","author":[],"pages":{"first":"583","last":"92"}}},{"host":{"title":"art critics came from a literary background; see the analysis in Dianne Sachko Macleod, Art and the Victorian Middle Class: Money and the Making of Cultural Identity","publicationDate":"1996","author":[{"name":"Many Similarly"},{"name":" Victorian"}],"pages":{"first":"248","last":"49"}}},{"title":"Periodical Critics of Drama, Music, and Art, 1830-1914: A Preliminary List 31-55; on the literary backgrounds of the more gifted writers on music and the partisanship of particular journalists, see LangleyThe Musical Press.\" 25. These techniques are proposed in Leanne Langley","author":[],"publicationDate":"1980","host":{"title":"On the social status of music journalism","publicationDate":"1980","author":[],"pages":{"first":"1836","last":"1856"}}},{"title":"see Hans Robert Jauss, Toward an Aesthetic of Reception, trans","author":[],"publicationDate":"1982","host":{"title":"horizon of expectations","publicationDate":"1982","author":[],"pages":{"first":"22","last":"32"}}},{"title":"changing position in the orchestral repertory, see Nicholas TemperleyBeethoven in London Concert Life","author":[{"name":"Kenneth,M Craig Jr"}],"publicationDate":"1960","host":{"title":"The Beethoven Symphonies in London: Initial Decades","publicationDate":"1960","author":[],"pages":{"first":"1800","last":"1850"}}},{"host":{"title":"On the evolution of the repertory, see Ehrlich, First Philharmonic, 44-48 and Appendix 1","author":[]}},{"author":[],"publicationDate":"1995","host":{"title":"The Ninth Symphony","publicationDate":"1995","author":[],"pages":{"first":"148","last":"57"}}},{"title":"Violin Technique and Performance Practice in the Late Eighteenth and Early Nineteenth Centuries Spohr's views on chamber music are fully expressed in an article on quartet playing in his Violinschule (1832; Eng. trans., 1843, by John Bishop, 232-33), which states, for instance, that the first violinist should \"lay aside his peculiar manner of performing Solos, and accommodate himself to the character of the Quartett under performance . Until he can do this","author":[],"publicationDate":"1985","host":{"title":"clearly depicting the character of the several movements of the Quartett, nor in marking the difference of style in the works of our classical Quartett writers","publicationDate":"1985","author":[],"pages":{"first":"1","last":"10"}}},{"title":"Hanover-Square Rooms","author":[],"publicationDate":"1836-03-28","host":{"title":"Times","publicationDate":"1836-03-28","author":[]}},{"host":{"title":"The Quartet Concerts Morning Chronicle","publicationDate":"1836-03-28","author":[]}},{"host":{"title":"The English Musical Journal 292-96, and The History of \"The Times The Times, 1935-52), 1:415-16, 2:443. In the early 1840s Davison worked as a substitute on the Times for Charles Lamb Kenney (who wrote dramatic, literary, and music criticism, 1841-46) before becoming the paper's chief music critic by August 1846. Davison's career is assessed in Theresa MuirWagner in England: Four Writers before Shaw More detailed analyses of Alsager's and other critics' styles are in Bashford","publicationDate":"1997","author":[],"pages":{"first":"298","last":"316"}}},{"title":"528-31, and his views on opera are discussed in LangleyItalian Opera 6-7; for an account of journalists active on the Musical World, see Langley","author":[{"name":" Holmes"}],"host":{"title":"Langley","author":[],"pages":{"first":"573","last":"85"}}},{"title":"Ayrton's views on Beethoven are discussed in Langley 384-88, and in Craig","author":[],"host":{"title":"The Beethoven Symphonies","author":[]}},{"host":{"title":"The English Musical Journal","publicationDate":"1998","author":[{"name":"On Chorley"},{"name":"See The Athenaeum"},{"name":" Langley"}]}},{"host":{"title":"The English Musical Journal,\" 543-44 and 529-30, respectively","author":[{"name":"On Taylor"},{"name":"See Smart"},{"name":" Langley"}]}},{"title":"Italian Opera 4- Hogarth's writings on Beethoven include his Musical History, Biography, and Criticism (also issued as Lives of the Celebrated Musicians","author":[],"publicationDate":"1838","host":{"title":"Polytechnic Journal New Month!} Magazine","publicationDate":"1838","author":[],"volume":"2","issue":"62","pages":{"first":"123","last":"55"}}},{"title":"Musical: Quartett Concerts Morning Post","author":[],"publicationDate":"1836-04-18","host":{"title":"Hanover-Square Rooms","publicationDate":"1836-04-18","author":[]}},{"host":{"title":"Blagrove's Quartet Concerts Morning Chronicle Similar remarks appeared in the Atlas, 2 Feb. 1839, 75, and probably emanated from Henry Smart","publicationDate":"1837-04-14","author":[]}},{"title":"Hanover-Square Rooms","author":[{"name":" Athenaeum"}],"publicationDate":"1837-03-10","host":{"title":"Morning HeraU","publicationDate":"1837-03-10","author":[]}},{"host":{"title":"Before closing this notice we must point out what is to our feeling a most heinous fault throughout the performance of nearly the whole selection; namely, the non-repetition of the first parts of movements, which appears to us a useless aberration from the author's meaning, and certainly injures the effect of the whole by rendering the several parts disproportionate The concert in question included Beethoven's quartet op","publicationDate":"1841-03-01","author":[]}},{"author":[],"publicationDate":"1836-04-22","host":{"title":"Musical World","publicationDate":"1836-04-22","author":[],"pages":{"first":"93"}}},{"host":{"publicationDate":"1838-03-31","author":[{"name":" Athenaeum"}],"pages":{"first":"99"}}},{"host":{"title":"Musical: Quartett Concerts Morning Post","publicationDate":"1836-03-28","author":[]}},{"host":{"title":"Characteristics 21-25. Levy, \"Early Performances 269-70, suggests Gauntlett's review played a significant role in improving critical appreciation of the Ninth Symphony in the 1830s and 1840s","author":[{"name":" Gauntlett"}]}},{"author":[],"publicationDate":"1839-03-16","host":{"title":"Musical World","publicationDate":"1839-03-16","author":[],"pages":{"first":"165"}}},{"title":"On complaints about the length of movements of the symphonies, see Craig","author":[],"host":{"title":"The Beethoven Symphonies\"; see also Levy","author":[],"pages":{"first":"150","last":"51"}}},{"host":{"publicationDate":"1840-03-14","author":[{"name":" Athenaeum"}],"pages":{"first":"219"}}},{"author":[],"publicationDate":"1838-03-29","host":{"title":"Musical World","publicationDate":"1838-03-29","author":[],"pages":{"first":"216"}}},{"author":[],"publicationDate":"1836-04-10","host":{"title":"Atlas","publicationDate":"1836-04-10","author":[],"pages":{"first":"233"}}},{"title":"The author was probably Cowden Clarke. 75","author":[],"publicationDate":"1836-03-28","host":{"title":"Musical World","publicationDate":"1836-03-28","author":[],"pages":{"first":"10","last":"11"}}},{"host":{"title":"Morning Chronicle, 24 May 1836, andBlagrove's Quartet Concerts Morning Chronicle, 24 Mar. 1838. On the linking of madness and artistic genius, see Neil KesselGenius and Mental Disorder: A History of Ideas Concerning Their Conjunction Genius: The History of an Idea","publicationDate":"1989","author":[],"pages":{"first":"196","last":"212"}}},{"title":"The story was alluded to by Hogarth in his essay \"Beethoven 119, and also appeared in an article on Beethoven in the Penny Magazine","author":[],"publicationDate":"1839","host":{"title":"Polytechnic Journal","publicationDate":"1839","author":[],"volume":"1","pages":{"first":"11"}}},{"title":"Its source is uncertain; it appears to have originated in Germany and may well be connected with Beethoven's own mischievous comment to his publisher Schott that op. 131 was \"stolen together from various bits of this and that","author":[],"publicationDate":"1840-01","host":{"title":"Thematisch'bibliographisches Verzeichnis","publicationDate":"1840-01","author":[],"pages":{"first":"15","last":"397"}}},{"title":"Blagrove's Quartett Concerts","author":[],"publicationDate":"1837-04-17","host":{"title":"Times","publicationDate":"1837-04-17","author":[]}},{"host":{"title":"Ella's and Hogarth's remarks on op. 130 are from reviews of the Quartett Concerts in the Morning Post and the Morning Chronicle","publicationDate":"1838-03-24","author":[]}},{"title":"Musical: The Quartett Concerts Morning Post Quoted in Peter GayThe Art of Listening","author":[],"publicationDate":"1836-04-18","host":{"title":"The Naked Heart","publicationDate":"1836-04-18","author":[],"pages":{"first":"61","last":"27"}}},{"title":"); reprinted in LevyThomas Massa Alsager,\" 123. The pocket scores were issued byThe Earliest Miniature Scores","author":[{"name":"Bodleian Oxford"},{"name":"Ms,M Library"},{"name":" Deneke Mendelssohn"}],"publicationDate":"1842-06","host":{"title":"Music Review","publicationDate":"1842-06","author":[],"volume":"33","pages":{"first":"138","last":"44"}}},{"title":"Difficulties with op. 131 were expressed by others, including other critic(s) on the Atlas","author":[],"publicationDate":"1844-03-358","host":{"title":"and Hogarth, who was still struggling with the work in the Daily News","publicationDate":"1844-03-358","author":[]}},{"title":"The story of the unscrupulous publisher was peddled by the Musical World","author":[],"publicationDate":"1847-03-295","host":{"title":"The quotation is from the Athenaeum","publicationDate":"1847-03-295","author":[],"pages":{"first":"322"}}},{"host":{"title":"Exeter Hall Morning Post, 9 Feb. 1850. Internal evidence suggests the author was very likely Hogarth (writing for the first time about this particular quartet)","author":[]}},{"author":[],"publicationDate":"1847-03-24","host":{"title":"Beethoven Quartett Society","publicationDate":"1847-03-24","author":[]}},{"title":"Exeter Hall Morning Post, 9 Feb. 1850. 101","author":[],"publicationDate":"1848-03-13","host":{"title":"Atlas","publicationDate":"1848-03-13","author":[]}},{"title":"Schindler's biography was known in England as The Life of Beethoven, trans, and ed","author":[{"name":"Henry Hill"}],"publicationDate":"1841","host":{"title":"The Five Programmes of the Beethoven Quartett Society","publicationDate":"1841","author":[]}},{"title":"For discussion of Beethoven idolatry generally in the nineteenth century and of the role of Beethoven's music in particular in fostering a new, inward type of listening, see GayThe Art of Listening","author":[],"publicationDate":"1847-03-13","host":{"title":"104-See Musical World","publicationDate":"1847-03-13","author":[],"pages":{"first":"166","last":"67"}}},{"author":[],"publicationDate":"1846-06","host":{"title":"Articles on the Beethoven Quartett Society in the Morning Chronicle, 22 June 1846, and the Times","publicationDate":"1846-06","author":[]}},{"title":"Beethoven, Ludwig van 1:104. The reader may wish to note that Mahaim's assertion that the first English performance of op","author":[{"name":"Vincent Indy"}],"publicationDate":"1929","host":{"title":"Cobbett's Cyclopedic Survey of Chamber Music, 2 vols","publicationDate":"1929","author":[]}}],"genre":["other"],"host":{"title":"The Musical Quarterly","language":["unknown"],"issn":["1741-8399"],"eissn":["0027-4631"],"publisherId":["musqtl"],"volume":"84","issue":"1","pages":{"first":"84","last":"122"},"genre":["journal"],"subject":[{"value":"Institutions, Technology, and Economics"}]},"namedEntities":{"unitex":{"date":["1842","2000","since the Eighteenth Century","1831","1840s","1847","eighteenth century","1887","1836","1920s","1770s","1843","1832","1850","1850s","1826","1855","1844","1833","Nineteenth Centuries","1820s","1849","1851","1838","1840","in the nineteenth century","Nineteenth Century","1827","First Century","1845","between 1836 and 1840","1839","1830s","1841","1817","1846","1835"],"geogName":[],"orgName":["University of North Carolina","City University","University of London"],"orgName_funder":[],"orgName_provider":[],"persName":["La Revue","Hans Robert","Michael Costa","John Parry","Crystal Palace","Howard M. Wach","Charles Lamb","R. Cocks","Solo Concerts","Anton Schindler","Lucas Sainton","Edward Taylor","W. S. Bennett","J. J. Ewer","Jacques Steveniers","Henry Vieuxtemps","Leon Botstein","Thomas Alsager","M. Deneke","William Watts","Andrew Barnard","George Sand","Sir","Lucas Ella","London Performances","A. W. Ganz","Charles Brooks","G. Henle","Irena Cholij","Michael Musgrave","Walter Willson","William Horsley","Quintet","J. Tolbecque","Thomas Massa","Henry Hill","Robert Martin","J. Don Vann","Stefan Kunze","G. A. Macfarren","Ivan Mahaim","Lucas Ernst","Atlas","Henry Blagrove","Adolf Martin","Loan","Richard Hudson","William Gardiner","Charles Gruneisen","Lucas Mori","Joseph Dando","Lydia Goehr","Robert Lindley","Dianne Sachko","Don Giovanni","John W. Parker","Desmond Ryan","Michael Burden","Maurice Schlesinger","Robert Cocks","The","Christopher Kent","Giovanni Puzzi","English","Joseph Boehm","Benjamin Levy","Heinrich Ernst","Simon McVeigh","John Bishop","G. A. Augener","Paolo Spagnoletti","William H. Glover","Charles Lucas","Substantial","Neil Kessel","London Press","H. J. Gauntlett","Katharine Ellis","Leanne Langley","Nicholas Marston","John","Timothy Bahti","Rosemary T. VanArsdel","Camillo Sivori","Robin Stowell","Robert Winter","Pamela J. Willetts","Peter Gay","Thomas MassaAlsager","Ora Frishberg","Ludwig van Beethoven","William Curtis","H. C. Cooper","Henry Chorley","Robert Adelson","Rupert Street","J. W. Davison","Franc","T. W. Hancock","Nicolas Mori","London Database","Henry Gattie","Morris Barnett","I. Overview","Charles Neate","London News","David Rowland","John Ella","Nicholas Temperley","Penelope Murray","I. Program","David B. Levy","By","Holmes","Scipion Rousselot","Kenneth M. Craig","Musical","Dorothy De Val","Charles Cowden","Chronicle","Kristin Marta","J. Fetis","Blagrove","An Account","Webbe","Joseph Joachim","Joseph Mayseder","George Hogarth","London Newspapers","Penny Magazine"],"placeName":["Germany","Munich","HANOVER","Huddersfield","Falmouth","Mannheim","Edinburgh","Kassel","London","Exeter","Europe","Vienna","Britain","Duisburg","York","France","Dubourg","Cambridge","Guinea","England","Oxford"],"ref_url":[],"ref_bibl":["Aldershot: Ashgate, 1998","London: Harper Collins, 1995","London: Henry Colburn, 1841","Oxford: Oxford University Press, 1929","[1865]","Oxford: Clarendon Press, 1995","Berkeley: University of California Press, 1994","Princeton University, 1992","Cambridge: MIT Press, 1989","Music and Friends (1838)","Cambridge: Cambridge University Press, 1998","Oxford: Clarendon Press, 1994","London: Trustees of the British Museum, 1970","Brighton: Harvester Press, 1982","Laaber: Laaber, 1987","Paris: Desclee de Brouwer, 1964","[1870]","University of London, 1996","April 1836","Oxford: Basil Blackwell, 1989","University of Rochester, 1979","in his biography of Beethoven, 1840","March 1836","London: Quality Press, 1950","Cambridge: Cambridge University Press, 1985","Cambridge: Cambridge University Press, 1996","Manchester and Boston, 1810","Oxford: Clarendon Press, 1992","April 1840","Cambridge: Cambridge University Press, 1995","in volume two of his Biographie universeUe, 1837","Oxford: Burden and Cholij, 1996","New York: Schirmer, 1995","Toronto: University of Toronto Press, 1994","Oxford: Clarendon Press, 1985","London: Robert Cocks, 1852","English translation by Ignaz Moscheles, 1841"],"bibl":[]}},"ark":["ark:/67375/HXZ-BBWQ9D77-R"],"publicationDate":"2000","copyrightDate":"2000","enrichments":{"type":["refBibs","teeft","unitex"]},"doi":["10.1093/mq/84.1.84"],"_id":"820FCF7E22FF39CF8080E7EDB507D5B0328231BA"}