{"corpusName":"oup","keywords":{"teeft":["pianoforte","first movement","shedlock","pianoforte sonata","textual problem","whole passage","opening note","second subject","last variation","practical question","bass note","much account","parallel case","musical examination","such thing","nothing more","motto tiprtasivo","accidental slip","early music","separate part","cacophonous confusion","ninth beethoven symphony","hnve beard","wronr rhythm","string quintet","first page","major piano quartet","extra wrong note","doubtful case","modern musio","first chord","fourth sonata","renlly wrong","vincent novello","poor music","famous passage","excellent little volume","categorical evidence","curious notation","good ground","special point","likely place","inadvertent omission","chromatic triviality","great thingb","interesting point","bottom note","semibreve chord","careful shedlock","sharp semiquaver","som superficial idea","personal experience","great advantage","several others","much interest","different version","professor tboma","corpus christ","least degree","other passage","several edition","fourth variation","many edition","original edition","melodic trend","contrapuntal curve","fifth variation","ebnbst walker","misprinted succession","internal ground","harmonic balancing","invertible counterpoint","inverted eleventh","final restatement","less fame","older edition","astounding beauty","downward flight","note poise","great interest","less satisfactory","first note","theoretical consideration","special interest","proper notation","adequate reason","ntfr beethoven","interesting evidence","first pianoforte teacher","pupil moscheles","older method","page front","unwritten diary","additional remark","first subject","dubious supposition","inaudible identity","mechanical limitation","instrumental resource","perpetual problem","harmonic texture","narrower range","much more","modern conductor","real difficulty","up limit","whole matter","major trio","minor concerto","many indispensable","minor sonata","annoyingly baffling","actual practice","hard case","conjunct note","less scholarly","other hand","rery weighty consideration","suchlike unification","good deal deeper","third symphony","piano quintet","last movement","such ground","iieht jeder narr","filting answer","artistic conscience","print anything","avast field","ertremely beautiful harmony","8ome editor","least troublesome","newer resource","shedlock notice"]},"author":[{"name":"ERNEST WALKER"}],"articleId":["VIII.2.211"],"arkIstex":"ark:/67375/HXZ-P0R9P5KG-Q","language":["eng"],"originalGenre":["research-article"],"qualityIndicators":{"score":3.529,"pdfWordCount":2146,"pdfCharCount":11307,"pdfVersion":1.5,"pdfPageCount":7,"pdfPageSize":"481 x 701 pts","pdfWordsPerPage":307,"pdfText":true,"refBibsNative":false,"abstractWordCount":0,"abstractCharCount":0,"keywordCount":0},"title":"THE PIANOFORTE SONATAS: SOME TEXTUAL PROBLEMS","genre":["research-article"],"host":{"title":"Music and Letters","language":["unknown"],"issn":["0027-4224"],"eissn":["1477-4631"],"publisherId":["musicj"],"volume":"VIII","issue":"2","pages":{"first":"211","last":"217"},"genre":["journal"],"subject":[{"value":"Articles"}]},"namedEntities":{"unitex":{"date":["1927"],"geogName":[],"orgName":[],"orgName_funder":[],"orgName_provider":[],"persName":["Billow","Beethoven"],"placeName":[],"ref_url":[],"ref_bibl":[],"bibl":[]}},"ark":["ark:/67375/HXZ-P0R9P5KG-Q"],"categories":{"wos":[],"scienceMetrix":["1 - arts & humanities","2 - visual & performing arts","3 - music"],"scopus":["1 - Social Sciences","2 - Arts and Humanities","3 - Music"]},"publicationDate":"1927","copyrightDate":"1927","enrichments":{"type":["multicat","refBibs","teeft","unitex"]},"doi":["10.1093/ml/VIII.2.211"],"_id":"BF7199EA14FBBE5D45FBC2F8F8A87B875D8077E4"}