{"corpusName":"oup","keywords":{"teeft":["wielhorsky","fishman","wielhorsky sketchbook","eroica","decipherment","sketchbook","kreutzer","wielhorsky notebook","facsimile","western musicologist","glinka museum","musical instrument","notebook","state publishing house","vocal duet","original sketchbook","german scholar","piano sonata","beethoven research","creative process","thorough knowledge","facsimile reproduction","esthetic plan","heiligenstadt testament","musical quarterly","first performance","allegro molto","first movement","boris schwarz","third theme","violin sonata"]},"author":[{"name":"BORIS SCHWARZ"}],"articleId":["XLIX.4.518"],"arkIstex":"ark:/67375/HXZ-G3BKJVGT-2","language":["eng"],"originalGenre":["book-review"],"qualityIndicators":{"score":4.635,"pdfWordCount":3252,"pdfCharCount":19041,"pdfVersion":1.5,"pdfPageCount":9,"pdfPageSize":"455 x 670 pts","pdfWordsPerPage":361,"pdfText":true,"refBibsNative":false,"abstractWordCount":0,"abstractCharCount":0,"keywordCount":0},"title":"REVIEWS OF BOOKS","genre":["book-reviews"],"host":{"title":"The Musical Quarterly","language":["unknown"],"issn":["0027-4631"],"eissn":["1741-8399"],"publisherId":["musqtl"],"volume":"XLIX","issue":"4","pages":{"first":"518","last":"526"},"genre":["journal"],"subject":[{"value":"REVIEWS OF BOOKS"}]},"namedEntities":{"unitex":{"date":["1934","1802","1963","1952","1871","1939","1901","1860","in the 20th century","1917","1803","1808","from April 1802 to March 1803","1958","1850s","4000","1800","1961","1874","1801","1927"],"geogName":[],"orgName":["South Africa, Oxford University Press","The Musical Instruments","The Music and Musical Instruments","Southern India and the Deccan"],"orgName_funder":[],"orgName_provider":[],"persName":["Ludwig Nohl","Michael Wielhorsky","Wilhelm von Lenz","Paul Mies","Fishman","Native Races","Van Khe","M. IvanovBoretzky","Gustav Nottebohm","Franz Clement","Karl L. Mikulicz","B. T. Batsford","Boris Schwarz","C. R. Day","La Carmagnole","Nathan Lvovich","Tran Van","Kirby","N. Fiihman"],"placeName":["Heiligeastadt","Bonn","Moscow","Japan","Vienna","France","Glinka","Russia","Heiligenstadt"],"ref_url":[],"ref_bibl":["Nottebohm, 1880","May 1802","Btethovin Jahrbuch 1954"],"bibl":[]}},"ark":["ark:/67375/HXZ-G3BKJVGT-2"],"categories":{"wos":[],"scienceMetrix":["1 - arts & humanities","2 - visual & performing arts","3 - music"],"scopus":["1 - Social Sciences","2 - Arts and Humanities","3 - Music"]},"publicationDate":"1963","copyrightDate":"1963","enrichments":{"type":["multicat","refBibs","teeft","unitex"]},"doi":["10.1093/mq/XLIX.4.518"],"_id":"C869A47799CF8E05AD9FB8825419EAC3088E82A3"}