{"corpusName":"sage","keywords":{"teeft":["fukui","musashino","naoaki","tokyo music school","musashino academia musicae","music school","naoaki fukui","tokyo music","first time","western music","music educators journal","capital fund","practice rooms","concert hall","west germany","other students"]},"author":[{"name":"Klyoshi Miyamoto"},{"name":"Jocelyn Carmichael"}],"articleId":["10.2307_3401015"],"arkIstex":"ark:/67375/M70-RK7RGMS4-K","language":["eng"],"originalGenre":["research-article"],"abstract":"One of Japan's preeminent music conservatories, Musashino Academia Musicae, in Tokyo, is currently celebrating its sixtieth year. Kiyoshi Miyamoto, a staff member of the academy, and Jocelyn Carmichael, who spent a year there as a visiting professor of singing and now teaches at the University of Iowa, Iowa City, offer an in-depth look at the life of the school's extraordinary founder, Naoaki Fukui.","qualityIndicators":{"score":5.177,"pdfWordCount":2421,"pdfCharCount":16608,"pdfVersion":1.6,"pdfPageCount":5,"pdfPageSize":"594 x 879 pts","refBibsNative":false,"abstractWordCount":63,"abstractCharCount":402,"keywordCount":0},"title":"Japan's Naoaki Fukui and His World-Class Music School","genre":["research-article"],"host":{"title":"Music Educators Journal","language":["unknown"],"issn":["0027-4321"],"eissn":["1945-0087"],"publisherId":["MEJ"],"volume":"76","issue":"4","pages":{"first":"41","last":"45"},"genre":["journal"]},"namedEntities":{"unitex":{"date":["1963","1981","1887","1924","1902","1929","1877","1936","1961","nineteenth century","1988","1989","1870","1938","1978"],"geogName":[],"orgName":["Ministry of Education","University of Cincinnati College-Conservatoryhave","West Germany, East Germany,France, and Austria","The Ohio State University","Poland, Denmark,the United","Tokyo University","The International","Japan, Akihito","Austria, France, Switzerland, Hungary, Italy, and Germany","Japanese","United States"],"orgName_funder":["Japanese","United States"],"orgName_provider":[],"persName":["Ensemble","Johann SebastianBach","Aaron Coplandwill","Arthur Schnabel","Aaron Cop","Yasuda","Johann Doms","Paul Schilhawsky","Frank B. Abdoo","Ludwig van Beethoven","Donald P. Berger","La Scala","Wilhelm Kempff","Jocelyn Carmichael","Emperor","Fukui","Dimitry Kabalevsky"],"placeName":["Berlin","Fukui","Germany","United States","Bonn","Austria","Moscow","American","Europe","Japan","America","Vienna","Tokyo","York","Ireland","France","Salzburg"],"ref_url":[],"ref_bibl":["Tokyo: Heibonsha Publishers, 1982","Tokyo:MusashinoAcademiaMusicae, 1979","February1984","December 1963","Tokyo: Fukui NaoakiDenki KankohKai Henshuh, 1969","October 1987"],"bibl":[]}},"ark":["ark:/67375/M70-RK7RGMS4-K"],"categories":{"inist":["1 - sciences humaines et sociales","2 - linguistique"]},"publicationDate":"1989","copyrightDate":"1989","enrichments":{"type":["nb","refBibs","teeft","unitex"]},"doi":["10.2307/3401015"],"_id":"D313829449F924173E0CA3EC3D84641D35ECCB2C"}