{"corpusName":"oup","keywords":{"teeft":["drang","sturm","sutcliffe","instrumental music","haydn","piano trio","dean sutcliffe","early romantic","nineteenth century","third volume","sacred music","artistic persona","string quartet","musical process","late oratorio","salve regina","chamber music","haydn study","mark evan bond","classical style","traditional beethoven criticism","temporal dyslexia","broader sense","critical literature","recap caper","robin holloway","final year","first volume","mozart"]},"author":[{"name":"JAMES DACK"}],"articleId":["81.2.296"],"arkIstex":"ark:/67375/HXZ-J5QZGLC5-R","language":["eng"],"originalGenre":["book-review"],"qualityIndicators":{"score":4.637,"pdfWordCount":4587,"pdfCharCount":27153,"pdfVersion":1.2,"pdfPageCount":6,"pdfPageSize":"462 x 705 pts","pdfWordsPerPage":765,"pdfText":true,"refBibsNative":false,"abstractWordCount":0,"abstractCharCount":0,"keywordCount":0},"title":"REVIEWS OF BOOKS","genre":["book-reviews"],"host":{"title":"Music and Letters","language":["unknown"],"issn":["0027-4224"],"eissn":["1477-4631"],"publisherId":["musicj"],"volume":"81","issue":"2","pages":{"first":"296","last":"301"},"genre":["journal"],"subject":[{"value":"REVIEWS OF BOOKS"}]},"namedEntities":{"unitex":{"date":["1813","2000","1975","1770s","the nineteenth century","1965","first century","nineteenth century","during the eighteenth century","1841","1760","1760s"],"geogName":[],"orgName":["American Musicological Society"],"orgName_funder":[],"orgName_provider":[],"persName":["Esterhazy","Cecilia Davies","George Edwards","Franz Liszt","Evan Bonds","Leon Botstein","James Webster","Webster","Michael Spitzer","Joseph Haydn","W. Dean","Eugene Narmour","K. L. Chua","Chua","Carolyne von Sayn","Robin Holloway","E. T. A. Hoffmann","Laurence Sterne","Dean Sutcliffe","Sutcliffe","Rosa Mancini","Walker","Bonds","To","Journal","Edwards","Alan Walker","Spitzer","Romantics","Jessica Waldoff"],"placeName":["Venice","Europe","Bayreuth","Vienna","Chicago","Weimar","Cambridge"],"ref_url":[],"ref_bibl":["[1998]"],"bibl":[]}},"ark":["ark:/67375/HXZ-J5QZGLC5-R"],"categories":{"wos":[],"scienceMetrix":["1 - arts & humanities","2 - visual & performing arts","3 - music"],"scopus":["1 - Social Sciences","2 - Arts and Humanities","3 - Music"]},"publicationDate":"2000","copyrightDate":"2000","enrichments":{"type":["multicat","refBibs","teeft","unitex"]},"doi":["10.1093/ml/81.2.296"],"_id":"1EEBFE308D62C250C18D4734A37C6CE1D57E3A09"}