{"corpusName":"oup","keywords":{"teeft":["liszt","wagnerian","critical estimate","massenet","delilah","programme music","suite algerienne","camille","musical quarterly","great musician","such thing","rondo capriccioso","musical world","good deal","french music","stage work","many composer","french composer","french musician","dramatic music","danse macabre","first movement","minor violin concerto","bach"]},"author":[{"name":"D. C. PARKER"}],"articleId":["V.4.561"],"arkIstex":"ark:/67375/HXZ-RVFGV9GB-Q","language":["eng"],"originalGenre":["research-article"],"qualityIndicators":{"score":5.05,"pdfWordCount":6750,"pdfCharCount":35378,"pdfVersion":1.3,"pdfPageCount":17,"pdfPageSize":"623 x 804 pts","pdfWordsPerPage":397,"pdfText":true,"refBibsNative":false,"abstractWordCount":0,"abstractCharCount":0,"keywordCount":0},"title":"CAMILLE SAINT-SAËNS: A CRITICAL ESTIMATE","genre":["research-article"],"host":{"title":"The Musical Quarterly","language":["unknown"],"issn":["0027-4631"],"eissn":["1741-8399"],"publisherId":["musqtl"],"volume":"V","issue":"4","pages":{"first":"561","last":"577"},"genre":["journal"],"subject":[{"value":"Articles"}]},"namedEntities":{"unitex":{"date":["1871","1913","1872","1877","1866","1884","1873","1919","1867","1885","1874","1863","1900","1835","1875","1905"],"geogName":[],"orgName":["Germany of the Reformation"],"orgName_funder":[],"orgName_provider":[],"persName":["Richard Strauss","Marie Magdeleine","William Tell","Delilah La Jetmesse","La Fiance","Camille Saint-Safins","Isolde Die","Henry Vlll","Lang","Camille Saint-SaSns","La Statue","La Fiancee","Etienne Marcel","Erik Satie","Beethoven","La Cloche","Echo de Paris","Von Billow","Don Carlos","Ravel","Max Stirner","A. Charpentier"],"placeName":["Precocity","Athens","France","England","Algiers","Palestrina"],"ref_url":[],"ref_bibl":["October, 1912"],"bibl":[]}},"ark":["ark:/67375/HXZ-RVFGV9GB-Q"],"categories":{"wos":[],"scienceMetrix":["1 - arts & humanities","2 - visual & performing arts","3 - music"],"scopus":["1 - Social Sciences","2 - Arts and Humanities","3 - Music"]},"publicationDate":"1919","copyrightDate":"1919","enrichments":{"type":["multicat","refBibs","teeft","unitex"]},"doi":["10.1093/mq/V.4.561"],"_id":"5DBBBA5B910916B558F99C4FB9DAE86B80BA6AFF"}