{"corpusName":"sage","keywords":{"teeft":["schickele","spike jones","bach","definitive biography","straight music","funny title","spike records","counter tenor","vincent persichetti","classical music","spike","incompetent genius","musical parodies","successful evenings","entertainer extraordinaire","manager fidgets","balcony booms","rope ladder","people laugh","doctoral degree","lucky person","composer teaching","amateur piano player","agricultural economist","lively interest","creative composition","chamber music","spike jones record","endless bars","instrumental music","juilliard school","vaudeville show","little band","jerky jens","schaclj photograph","schickele moments","city slickers","younger brother","first pieces","straight arrangements","folk songs","original pieces","direct imitations","serious stuff right","funny stuff","home records","serious pieces","scarsdalebassoon method","heavenly songs","arie proprio","tenor range","creative talents","bargain counter tenor","john ferrante","decomposed masterpiece","originalitythrough incompetence","other adults","community orchestra","string players","college graduates","clothing store owner","influences others","classical humorists","music schools","rview peier schickele","creative people","psychological factor","important things","home scene","school scene","good teacher","traditional harmony","counterpoint courses","humorous satire","more person","tremendous amount","shallow life","slides show","unique instruments","double reed hooker","opera seria","opera funnia","wolfgang amadeus","johann sebastian","favorite composers","work satire","epic proportions","funny music","separate rooms","humorous theater","disparate ideas","early pieces","entertainment personality","funny piece","eyeglasses obligato","serious piece","other half","iemporary music project","public schools","composers project","contemporary music project","music education","york times","york times company","ford foundation programplacwith","secondaryschool systeminterestedme right fromthe","thata year lateri","expostgraduate lookingfor","music educatorsnational administersthe","superintendent music","supposedlylow level","high school level","music demandof","high school studentsare capableof perform1","music scene","random house","schoolsin whichi","nonschool pieces","johann sebastian bach","famous name","wine bottle","ludwig zahnstocher","pandemonium instrument","horrid clang","soused period","civilian barber","ground round","personality factor"]},"author":[{"name":"Janice A. Leroux","affiliations":["Currently on leave of absence as school principal of the Niagara South Board of Education, Ontario, Canada, to work on a doctoral degree in teaching the talented at the University of Connecticut, Storrs."]}],"articleId":["10.2307_3401159"],"arkIstex":"ark:/67375/M70-K98MD8N2-S","language":["eng"],"originalGenre":["research-article"],"qualityIndicators":{"score":3.906,"pdfWordCount":1894,"pdfCharCount":11168,"pdfVersion":1.6,"pdfPageCount":4,"pdfPageSize":"576 x 879 pts","refBibsNative":false,"abstractWordCount":1,"abstractCharCount":0,"keywordCount":0},"title":"Two Shots That Changed My Life","genre":["research-article"],"host":{"title":"Music Educators Journal","language":["unknown"],"issn":["0027-4321"],"eissn":["1945-0087"],"publisherId":["MEJ"],"volume":"70","issue":"3","pages":{"first":"48","last":"51"},"genre":["journal"]},"namedEntities":{"unitex":{"date":["1807","1778","1976","1965","1983","1959","1940s","1967"],"geogName":[],"orgName":["University of Connecticut","Ford Foundation"],"orgName_funder":[],"orgName_provider":[],"persName":["Roy Harris","P.D. Q. Bachconcerto","Spike Jones","P. D. Q. Bach","Vincent Persichetti","Ludwig Zahnstocher","Arie Proprio","Wolfgang Amadeus","Beethoven","Johann Sebastian","J. S. Bach","David Oei","Slides","Schickele","Sebastian Bach","Peter Schickele","Pamela GraingerHalonen","John Ferrante"],"placeName":["Los Angeles","York"],"ref_url":[],"ref_bibl":["New York: Random House, 1976"],"bibl":[]}},"ark":["ark:/67375/M70-K98MD8N2-S"],"publicationDate":"1983","copyrightDate":"1983","enrichments":{"type":["refBibs","teeft","unitex"]},"doi":["10.2307/3401159"],"_id":"92159140F535EAF958A5600D0CF10C693E48C9C0"}