{"corpusName":"oup","keywords":{"teeft":["musical quarterly","little figure","slow movement","melodic design","other music","typical instance","particular figure","same phrase","national anthem","limited number","same point","such case","first movement","typical example","other phrase","other composer","pianoforte trio","particular formula","same kind","climactic point","simple fact","emotional significance","particular manner","particular sequence","such figure","beethoven"]},"author":[{"name":"HUGH ARTHUR SCOTT"}],"articleId":["XVI.2.276"],"arkIstex":"ark:/67375/HXZ-SD7DT25Z-9","language":["eng"],"originalGenre":["research-article"],"qualityIndicators":{"score":3.462,"pdfWordCount":3412,"pdfCharCount":18239,"pdfVersion":1.3,"pdfPageCount":14,"pdfPageSize":"456 x 680 pts","pdfWordsPerPage":244,"pdfText":true,"refBibsNative":false,"abstractWordCount":0,"abstractCharCount":0,"keywordCount":0},"title":"THAT “FINGER-PRINT” OF BEETHOVEN","genre":["research-article"],"host":{"title":"The Musical Quarterly","language":["unknown"],"issn":["0027-4631"],"eissn":["1741-8399"],"publisherId":["musqtl"],"volume":"XVI","issue":"2","pages":{"first":"276","last":"290"},"genre":["journal"],"subject":[{"value":"Articles"}]},"namedEntities":{"unitex":{"date":["1930","the eighteenth century"],"geogName":[],"orgName":["Russian National Anthem"],"orgName_funder":[],"orgName_provider":[],"persName":["Richard Strauss","La Marseillaise","Newman","Allan Water","Robin Adair","Carl Engel","Don Juan","Annie Laurie"],"placeName":[],"ref_url":[],"ref_bibl":[],"bibl":[]}},"ark":["ark:/67375/HXZ-SD7DT25Z-9"],"categories":{"wos":[],"scienceMetrix":["1 - arts & humanities","2 - visual & performing arts","3 - music"],"scopus":["1 - Social Sciences","2 - Arts and Humanities","3 - Music"]},"publicationDate":"1930","copyrightDate":"1930","enrichments":{"type":["multicat","refBibs","teeft","unitex"]},"doi":["10.1093/mq/XVI.2.276"],"_id":"83B43CAB27163AFF82C361CDDD46833E8CB1D0A5"}