{"corpusName":"oup","keywords":{"teeft":["allegretto","malzel","tempo indication","tempo","metronomic","metric","metric unit","metronomic indication","tempo unit","metronome","musical quarterly","troppo","piano sonata","allegro","allegro moderato","breve","metronome mark","original german","metronome marking","breve sign","same tempo","italian term","tempo category","eighth symphony","seventh symphony","integral part","cello sonata","beethoven","important question","metronome indication","string quartet","conventional category","prince regent","different piece","subjective tempo","real reason","essential quality","york public library","last movement","mere nuance","sacred heritage","ninth symphony","second instalment","meter signature","first performance","many composer","great success","objective quality","piano trio","essential part","musical idea","violin concerto","second movement"]},"author":[{"name":"RUDOLF KOLISCH"}],"articleId":["XXIX.2.169"],"arkIstex":"ark:/67375/HXZ-N87LG53S-4","language":["eng"],"originalGenre":["research-article"],"qualityIndicators":{"score":5.05,"pdfWordCount":6617,"pdfCharCount":36211,"pdfVersion":1.3,"pdfPageCount":21,"pdfPageSize":"620 x 801 pts","pdfWordsPerPage":315,"pdfText":true,"refBibsNative":false,"abstractWordCount":0,"abstractCharCount":0,"keywordCount":0},"title":"TEMPO AND CHARACTER IN BEETHOVEN'S MUSIC-Part I","refBibs":[{"title":"Andante Scherzoso, quasi Allegretto J. = 56\"; Op","author":[],"host":{"title":"The Allegro variants of this type form another pair","author":[]}},{"title":"There is this time only a slight inconsistency in the tempo indications: Op is marked only \"Allegretto\". But the 1. Allegro moderato, ma rum troppo (or ma non tanto), J (J = 126): Horn Sonata, Op. 17; Fourth Piano Concerto, Op. 58; Piano Trio","author":[],"host":{"title":"Op","author":[],"volume":"31","issue":"12","pages":{"first":"13"}}},{"title":"Allegro Moderato\"; Quartet, Op. 135, \"Allegretto\"; Ninth Symphony, OpAllegro ma non troppo un poco maestoso J = 82\". Among the movements belonging to the I type of Allegro moderato we find a most interesting example in die last movement of Op","author":[{"name":"J Allegro Moderato"}],"host":{"title":"Trio, Op. 97","author":[]}},{"host":{"title":"Piano Sonata, Op. 78; Quartets, Op. 130 and Op. 132, both \"Allegro\"; Cello Sonata","author":[{"name":"J Allegro Ma Non Troppo"}]}}],"genre":["research-article"],"host":{"title":"The Musical Quarterly","language":["unknown"],"issn":["0027-4631"],"eissn":["1741-8399"],"publisherId":["musqtl"],"volume":"XXIX","issue":"2","pages":{"first":"169","last":"187"},"genre":["journal"],"subject":[{"value":"Articles"}]},"namedEntities":{"unitex":{"date":["1813","1772","1943","1805","1817"],"geogName":[],"orgName":["Germany, England, and France"],"orgName_funder":[],"orgName_provider":[],"persName":["Regent","Bela Bart","Court Machinist","Fritz Prelinger","Beethoven","Ludwig van Beethoven","Alexander Wheelock","Arthur Mendel","Musical"],"placeName":["Philadelphia","Paris","Munich","Regensburg","London","Europe","Gneixendorf","America","Vienna","York"],"ref_url":[],"ref_bibl":[],"bibl":[]}},"ark":["ark:/67375/HXZ-N87LG53S-4"],"categories":{"wos":[],"scienceMetrix":["1 - arts & humanities","2 - visual & performing arts","3 - music"],"scopus":["1 - Social Sciences","2 - Arts and Humanities","3 - Music"]},"publicationDate":"1943","copyrightDate":"1942","enrichments":{"type":["multicat","refBibs","teeft","unitex"]},"doi":["10.1093/mq/XXIX.2.169"],"_id":"A1561463906FE3343B22DC5DAE46C18A31A0F79C"}