{"corpusName":"oup","keywords":{"teeft":["adorno","trans","minimum moralia","moralia","negative dialectic","waldstein","coda","bernstein","arietta","first movement","doctor faustus","metaphysical experience","musical quarterly","late work","cambridge university press","slow introduction","italic mine","piano sonata","auschwitz","late style","total despair","aesthetic theory","princeton university press","lament","theodor","eurydice","polity press","rolf tiedemann","musical quarterly example","claim adorno","ninth symphony","modern music","thomas mann","faustus","metaphysics","inverted opera glass","irrecoverable loss","lamenting subject","modern world","course adorno","constantin floros","greater guarantee","lebt wohl","gustav mahler","past tense","carl dahlhaus","lebewohl motto","lisbon earthquake","absolute music","village name","concentration camp","arietta variation","something sentimental","edmund jephcott","serial technique","critical reader","nigel gibson","andrew rubin","fleeting epiphany","social convention","maurice blanchot","harmonic","beethoven"]},"author":[{"name":"Daniel K. L. Chua","affiliations":["Reader in music theory and analysis at King’s College, London."]}],"arkIstex":"ark:/67375/HXZ-F33JXJF5-5","language":["eng"],"originalGenre":["other"],"qualityIndicators":{"refBibsNative":false,"abstractWordCount":0,"abstractCharCount":0,"keywordCount":0,"score":6.383,"pdfWordCount":7561,"pdfCharCount":43641,"pdfVersion":1.5,"pdfPageCount":23,"pdfPageSize":"504 x 720 pts","pdfWordsPerPage":329,"pdfText":true},"title":"Adorno’s Metaphysics of Mourning: Beethoven’s Farewell to Adorno","genre":["other"],"host":{"title":"The Musical Quarterly","language":["unknown"],"issn":["0027-4631"],"eissn":["1741-8399"],"publisherId":["musqtl"],"volume":"87","issue":"3","pages":{"first":"523","last":"545"},"genre":["journal"]},"namedEntities":{"unitex":{"date":["1755","1809","2003","since the seventeenth century","1940","the eighteenth century","2004"],"geogName":[],"orgName":["Philosophical Systems","Modern American and European Variations","University of Texas","American Musicological Society"],"orgName_funder":[],"orgName_provider":[],"persName":["Bloch","Vernon Wicker","Charles Péguy","Bernstein","Ernst Behler","Jürgen","Humphrey Searle","Ernst Bloch","Maurice Blanchot","Herbert Schnädelbach","Hans Mayer","Stephen Plaice","Howard Caygill","Nelson","Rodney Livingstone","Adorno","Jon R. Snyder","Nigel Gibson","Rose Rosengard","Richard Winston","Elvira Seiwert","Berthold Hoeckner","Scott Burnham","Tom Huhn","P. Lang","Roman Doktor","Wesley V. Blomster","Theodor W. Adorno","A. A. Knopf","Mann","F. Lawrence","German Music","Gianni Vattimo","David B. Greene","J. M. Bernstein","Constantin Floros","Ludwig von Friedeburg","Rolf Tiedemann","A. Bostock","Thomas Mann","Susan McClary","Clara Winston","R. Hullot-Kentor","K. L. Chua","Anne G. Mitchell","J. B. Metzler","Martin Jay","Ann Smock","Stephen E. Hefling","Amadeus Press","Helen Tracy","E. B. Ashton","Carl Dahlhaus","Colin Gunton","Hefling","Ludwig van Beethoven","Dahlhaus","Mary Whittall","John E. Woods","Friedrich Neitzsche","Alexander Wheelock","Journal","Edmund Jephcott","Simon Jarvis","Paul Knight","Gustav Mahler","Keith Nelson","Peter Palmer","Andrew Rubin","Walter Benjamin","Hans Heinz","Edward Said","E. F. N. Jephcott","Mauro Bozzetti","Donald Mitchell","Karen Painter"],"placeName":["OR","Portland","Stuttgart","Vienna","Lisbon","Frankfurt","York","MA","Cambridge"],"ref_url":[],"ref_bibl":["Cambridge: Polity Press, 1992","Cambridge: Cambridge University Press, 1999","New York: Schirmer, 1977","Spring 2005","Cambridge: Cambridge University Press, 2001","Princeton: Princeton University Press, 1964/1970","Cambridge: Cambridge University Press, 1993","Lincoln: University of Nebraska Press, 1982","University of Minnesota, 1998","Chicago: University of Chicago Press, 1969","Haarlem: Het Concertgebouw, 1995","Seattle: University of Washington Press, 1990","Minneapolis: University of Minnesota Press, 1997","London: Routledge, 1973","Chicago: Chicago University Press, 1992","Cambridge: Cambridge University Press, 2004","Berkeley: University of California Press, 2005","Oxford: Blackwell, 2002","Cambridge: Cambridge University Press, 1985","Princeton: Princeton University Press, 1995","Cambridge: Polity, 1988","Konferenz 1983 (Frankfurt am Main: Suhrkamp, 1983)","Princeton: Princeton University Press, 2002","New York: Seabury Press, 1973","London: Verso, 2002","London: Secker and Warburg, 1949","Cambridge: Polity Press, 1987","Cambridge: Polity, 1998","Cambridge: Polity Press, 1998","Oxford: Clarendon Press, 1991","Frankfurt am Main: Suhrkamp, 1981","New York: Gordon and Breach, 1984","London: Routledge, 1998"],"bibl":[]}},"ark":["ark:/67375/HXZ-F33JXJF5-5"],"categories":{"wos":[],"scienceMetrix":["1 - arts & humanities","2 - visual & performing arts","3 - music"],"scopus":["1 - Social Sciences","2 - Arts and Humanities","3 - Music"]},"publicationDate":"2004","copyrightDate":"2004","enrichments":{"type":["multicat","refBibs","teeft","unitex"]},"doi":["10.1093/musqtl/gdh018"],"_id":"467BC8251CD1D28FAB05BB599B3AB8A608A21DC2"}