{"corpusName":"oup","keywords":{"teeft":["violin concerto","slow movement","romanze","tetrachordal","solo violin","chaconne","musical quarterly","strophe","piano concerto","beethoven violin concerto","tetrachordal bass","strophic form","solo piano","measure long","tetrachordal formula","triple meter","orchestral string","concerto","violin","schonen kiinste","simple strain","happy afterthought","pastoral atmosphere","quasinarrative character","original melody","nineteenth century","bass line","lovely autumn","han joachim moser","other member","romanze melody","solo partner","historical pattern","innovative treatment","poetic genre","harmonic rhythm","tetrachordal ostinato","rich modulation","feminine cadence","poetic intent","rousseau state","poetic intention","musical form","piano sonata","dialogue form","same name","first half","fourth piano concerto","programmatic dialogue","instrumental composition","chromatic form","harmonic","solo","beethoven"]},"author":[{"name":"OWEN JANDER"}],"articleId":["LXIX.2.159"],"arkIstex":"ark:/67375/HXZ-DZC15PGD-2","language":["eng"],"originalGenre":["research-article"],"qualityIndicators":{"refBibsNative":false,"abstractWordCount":0,"abstractCharCount":0,"keywordCount":0,"score":5.05,"pdfWordCount":6208,"pdfCharCount":35762,"pdfVersion":1.3,"pdfPageCount":21,"pdfPageSize":"451 x 675 pts","pdfWordsPerPage":296,"pdfText":true},"title":"Romantic Form and Content in the Slow Movement of Beethoven's Violin Concerto","refBibs":[],"genre":["research-article"],"host":{"title":"The Musical Quarterly","language":["unknown"],"issn":["0027-4631"],"eissn":["1741-8399"],"publisherId":["musqtl"],"volume":"LXIX","issue":"2","pages":{"first":"159","last":"179"},"genre":["journal"],"subject":[{"value":"Articles"}]},"namedEntities":{"unitex":{"date":["1807","Throughout the seventeenth and eighteenth centuries","4 and 5-8","the nineteenth century","seventeenth century","1804","nineteenth centuries","1780s","1983","1805","1790s","2 or 3/4","1798","1806"],"geogName":[],"orgName":[],"orgName_funder":[],"orgName_provider":[],"persName":["Roger Hickman","Peter Lichtental","G. Olms","Basil Deane","Jean-Jacques Rousseau","Elliot Forbes","Johann Georg","Hans Joachim","Jean Jacques","Arnold Schmitz","Erich Schenk","Paul BaduraSkoda","Donald W. MacArdle","The","Anton Felix","Andre Theodore","I. Performed","Jean Louis","Louis David","Boris Schwarz","George Grove","Carl Czerny","Heinrich Christoph","Roger Fiske"],"placeName":["Leipzig","Bonn","Vienna","N.Y.","Cambridge"],"ref_url":[],"ref_bibl":["Hildesheim, 1969","London, 1936","Vienna, 1970","London, 1980","New York, 1969","Hildesheim, 1967","Detroit, 1973","Seattle, 1971","Berlin and Bonn, 1937","Leizig, 1793","Cambridge, 1981","Milan, 1826","Paris 1768"],"bibl":[]}},"ark":["ark:/67375/HXZ-DZC15PGD-2"],"categories":{"wos":[],"scienceMetrix":["1 - arts & humanities","2 - visual & performing arts","3 - music"],"scopus":["1 - Social Sciences","2 - Arts and Humanities","3 - Music"]},"publicationDate":"1983","copyrightDate":"1983","enrichments":{"type":["multicat","refBibs","teeft","unitex"]},"doi":["10.1093/mq/LXIX.2.159"],"_id":"8F08D2A9A6612BAC8E593CA933F4D8239D6CB426"}