{"corpusName":"oup","keywords":{"teeft":["syphilis","bertolini","deafness","syphilitic","miseln","musical quarterly","venereal disease","malady","syphilitic affection","historical criticism","eighteenth century","lauder brunton","likely cause","moral agent","violent hatred","youthful imprudence","early period","musical psychology","tonic triad","congenital syphilis","wonderful little","nicht immer","emotional expression","last year","good deal","careless hand","eustachian tube","degenerative change","unconscious mechanism","force profounder","something more","musical expression","literary critic","beethoven","newman"]},"author":[{"name":"CARL ENGEL"}],"articleId":["XIII.4.646"],"arkIstex":"ark:/67375/HXZ-7HDTC4GT-G","language":["eng"],"originalGenre":["research-article"],"qualityIndicators":{"score":5.05,"pdfWordCount":6788,"pdfCharCount":37688,"pdfVersion":1.3,"pdfPageCount":17,"pdfPageSize":"453 x 676 pts","pdfWordsPerPage":399,"pdfText":true,"refBibsNative":false,"abstractWordCount":0,"abstractCharCount":0,"keywordCount":0},"title":"VIEWS AND REVIEWS","genre":["research-article"],"host":{"title":"The Musical Quarterly","language":["unknown"],"issn":["0027-4631"],"eissn":["1741-8399"],"publisherId":["musqtl"],"volume":"XIII","issue":"4","pages":{"first":"646","last":"662"},"genre":["journal"],"subject":[{"value":"Articles"}]},"namedEntities":{"unitex":{"date":["1831","1928","eighteenth century","1808","1848","1767","1838","1910","1863","1852","the eighteenth century","1927"],"geogName":[],"orgName":[],"orgName_funder":[],"orgName_provider":[],"persName":["Edward Ballantine","La Sordita","Newman","Philipp Stein","L. K. Weigand","Xaver Richter","Schweiaheimer","Victor Henry","Leonard Parsons","Paul Bekker","Leo Jacobsohn","The","Don Juan","Beethoven","Review","Bettina Brentano","Wallace","John Hunter","Bertolini","Charlotte von Stein","Schweisheimer","Thayer","Alfred A. Knopf","Lauder Brunton"],"placeName":["Leiden","Saint Ludwig","Mannheim","Vienna","Colmar","England","Veracity"],"ref_url":[],"ref_bibl":["[1]"],"bibl":[]}},"ark":["ark:/67375/HXZ-7HDTC4GT-G"],"categories":{"wos":[],"scienceMetrix":["1 - arts & humanities","2 - visual & performing arts","3 - music"],"scopus":["1 - Social Sciences","2 - Arts and Humanities","3 - Music"]},"publicationDate":"1927","copyrightDate":"1927","enrichments":{"type":["multicat","refBibs","teeft","unitex"]},"doi":["10.1093/mq/XIII.4.646"],"_id":"6289660793B50DEF7281C85B68A8A21CF5704FE0"}