{"corpusName":"wiley","keywords":{"teeft":["music analysis","blackwell publishing","ibid","musical analysis","cresc","motivic","korsyn","chua","coda","first movement","string quartet","agawu","dubiel","organicism","tonic","adorno","sforz","lewin","cyclic","schenker","tutti","sequential","musical unity","scen","kramer","trans","cadence","blackwell","exposition","bars bars","coda opening","twentieth century","daniel chua","harmonic rhythm","disunity","recapitulation","thematic","other matters","brahms research","music theory","musical language","sonata form","different kinds","voiceleading reduction","piano concerto","phrase structure","late beethoven","motivic precedent","formal correspondences","first time","mozart","other words","dialectical synthesis","beethovenian sentence","historical contradictions","other hand","secondary importance","opening sentence","tonal deflection","literary theory","same phrase","abrupt juxtapositions","jonathan kramer","unexpected moments","minor outburst","absolute unity","music analysts","recent music theory","oxford university press","kofi agawu","particular works","analytical discourse","allegorical sign","previous sign","romantic conception","organic growth","artistic organicism","instrumental music","central role","musical organicism","tristan prelude","complex evolution","illusory requirement","organic unity","analysis need","second theme","final cadence","main theme","synoptic comprehension","free composition","natural organism","next phrase","dogmatic allegories","second subsection","surface rhythm","princeton university press","motivic content","formal layout","galitzin quartets","circular form","dynamic transformation","recondite expression","ineluctable logic","structural unity","giant mirror structure","second group","morgan music analysis","minor string quartet","arpeggiated motif","second expositions","superior myths","fourth exposition","corresponding bars","dominant prolongation","temporary departure","tonal areas","final tonic","significant part","aesthetic ideology","homophonic texture","corresponding moment","minor recapitulation","perceptible features","same time","parallel sixths","seventh symphony","deconstructive reading","sweet milk","analytical unity","wordless rhetoric","critical inquiry","harmonic","brahms","bars","motif","publishing","quartet"]},"author":[{"name":"Robert P. Morgan","affiliations":["Yale University"]}],"articleId":["MUSA175"],"arkIstex":"ark:/67375/WNG-2MSD2943-Q","language":["eng"],"originalGenre":["article"],"qualityIndicators":{"score":7.012,"pdfWordCount":14953,"pdfCharCount":90379,"pdfVersion":1.2,"pdfPageCount":44,"pdfPageSize":"482 x 694 pts","pdfWordsPerPage":340,"pdfText":true,"refBibsNative":false,"abstractWordCount":1,"abstractCharCount":0,"keywordCount":0},"title":"The Concept of Unity and Musical Analysis","genre":["article"],"host":{"title":"Music Analysis","language":["unknown"],"doi":["10.1111/(ISSN)1468-2249"],"issn":["0262-5245"],"eissn":["1468-2249"],"publisherId":["MUSA"],"volume":"22","issue":"1‐2","pages":{"first":"7","last":"50","total":"44"},"genre":["journal"]},"namedEntities":{"unitex":{"date":["in the eighteenth century","throughout the nineteenth century","the nineteenth and twentieth centuries","twentieth century","in the twentieth century","the eighteenth and nineteenth centuries","2003"],"geogName":[],"orgName":["Brahms Research and Aesthetic Ideology","ß Blackwell Publishing Ltd.","I ß Blackwell Publishing Ltd."],"orgName_funder":[],"orgName_provider":[],"persName":["Agawu","Ruth Solie","Paul de Man","Carolyn Abbate","Kofi Agawu","Heinrich Schenker","Even Adorno","Michel Foucault","Jonathan Kramer","MORGAN Fig","Adorno","Street","de Man","Gary Tomlinson","B. Conjoined","Friedrich Schlegel","Pierre Macherey","A. B. Marx","Jacques Derrida","Joseph Dubiel","Rose Subotnick","J. Allanbrook","Susan McClary","Martin Scherzinger","Lawrence Kramer","Mickael Bakhtin","Kevin Korsyn","David Lewin","While","Daniel Chua","Karl Popper","Hugo Riemann","Fred Everett","F. S. Bradley","Roland Barthes","Adam Krims","Peter Kivy","Fugue","James Parsons","Edward Said"],"placeName":["United States","St Anthony","Saint Anthony"],"ref_url":[],"ref_bibl":["Kramer 1993","Macherey 1978, p. 155","Bal 1990, p. 507","Krims 1998","Scherzinger 1996","Bonds 1991, p. 4","Marx 1841, p. 6","Agawu 1996a","Parsons 1999","Said 1979, p. 177","de Man 1983, p. 207","Korsyn 1993a","Kivy 1993","Korsyn 1993a, p. 98","Agawu 1991, p. 126","Riemann 1902, p. 425","Kerman 1980, p. 320","Foucault 1972, p. 23","Maus 1999","Allanbrook 2002","Kramer 1993, p. 16"],"bibl":[]}},"ark":["ark:/67375/WNG-2MSD2943-Q"],"categories":{"wos":[],"scienceMetrix":["1 - arts & humanities","2 - visual & performing arts","3 - music"],"scopus":["1 - Social Sciences","2 - Arts and Humanities","3 - Music"]},"publicationDate":"2003","copyrightDate":"2003","enrichments":{"type":["multicat","refBibs","teeft","unitex"]},"doi":["10.1111/j.0262-5245.2003.00175.x"],"_id":"B197F98A2F4901C6AE8B90BB93A26A4944B66755"}