{"corpusName":"oup","keywords":{"teeft":["harold randolph","peabody conservatory","concert pianist","kneisel quartet","musical quarterly","ernest hutcheson","musical training","northeast harbor","peculiar quality","great name","beethoven concerto","boston transcript","southern blood","major concerto","conservatory","randolph"]},"author":[{"name":"DENOE LEEDY"}],"articleId":["XXX.2.198"],"arkIstex":"ark:/67375/HXZ-455RP1QN-4","language":["eng"],"originalGenre":["research-article"],"qualityIndicators":{"score":2.603,"pdfWordCount":2553,"pdfCharCount":14163,"pdfVersion":1.3,"pdfPageCount":9,"pdfPageSize":"633.8 x 802.814 pts","pdfWordsPerPage":284,"pdfText":true,"refBibsNative":false,"abstractWordCount":0,"abstractCharCount":0,"keywordCount":0},"title":"HAROLD RANDOLPH: THE MAN AND MUSICIAN","refBibs":[],"genre":["research-article"],"host":{"title":"The Musical Quarterly","language":["unknown"],"issn":["0027-4631"],"eissn":["1741-8399"],"publisherId":["musqtl"],"volume":"XXX","issue":"2","pages":{"first":"198","last":"204"},"genre":["journal"],"subject":[{"value":"Articles"}]},"namedEntities":{"unitex":{"date":["1898","1917","1902","1861","1888","1944","1857","1897","1875"],"geogName":[],"orgName":[],"orgName_funder":[],"orgName_provider":[],"persName":["Emil Pauer","Fritz Kreitler","Ernest Hutcheson","Ernest Schelling","William Foster","Theatre","Victor Herbert","Harold Randolph","Maud Powell","George Eustis","Edward Morris","Clara Schumann","German Lieder","Walter Damrosch","Pauer","Rudolf Ganz","Randolph Snapshot","Fritz Kreisler","Alexander Brailowsky","George Peabody","Josefa Hofmann","Artur Bodanzky","Nanette Falk","Wilhelm Gericke","Randolph","Carl Faelten","Josef Lhevinne","Apthorp","Thomas","Franz Kneisel","Harold Bauer","Innes Randolph","Josef Hofmann","Theodore Thomas","Sydney Lanier"],"placeName":["Richmond","American","Boston","America","Baltimore","York","Cambridge"],"ref_url":[],"ref_bibl":[],"bibl":[]}},"ark":["ark:/67375/HXZ-455RP1QN-4"],"categories":{"wos":[],"scienceMetrix":["1 - arts & humanities","2 - visual & performing arts","3 - music"],"scopus":["1 - Social Sciences","2 - Arts and Humanities","3 - Music"]},"publicationDate":"1944","copyrightDate":"1943","enrichments":{"type":["multicat","refBibs","teeft","unitex"]},"doi":["10.1093/mq/XXX.2.198"],"_id":"A8FFABB981D3A9B542B5241602023DD16EF83BD8"}