{"corpusName":"oup","keywords":{"teeft":["gast","beyle","cimarosa","musical quarterly","negro spiritual","hampton collection","rosamond johnson","colored race","nietzsche","minuet","piano concerto","american music","musical arrangement","richard wagner","brilliant failure","same time","matrimonio segreto","johnson collection"]},"author":[{"name":"CARL ENGEL"}],"articleId":["XII.2.299"],"arkIstex":"ark:/67375/HXZ-KP18KN4P-K","language":["eng"],"originalGenre":["research-article"],"qualityIndicators":{"score":5.05,"pdfWordCount":5842,"pdfCharCount":31940,"pdfVersion":1.3,"pdfPageCount":16,"pdfPageSize":"458 x 676 pts","pdfWordsPerPage":365,"pdfText":true,"refBibsNative":false,"abstractWordCount":0,"abstractCharCount":0,"keywordCount":0},"title":"VIEWS AND REVIEWS","genre":["research-article"],"host":{"title":"The Musical Quarterly","language":["unknown"],"issn":["0027-4631"],"eissn":["1741-8399"],"publisherId":["musqtl"],"volume":"XII","issue":"2","pages":{"first":"299","last":"314"},"genre":["journal"],"subject":[{"value":"Articles"}]},"namedEntities":{"unitex":{"date":["1923","eighteenth century","1791","1877","the nineteenth century","seventeenth century","1925","1867","1926"],"geogName":[],"orgName":["University of North Carolina","American Negroes","Afro-American Folksongs","National Library","Jordan Hall, Boston","American Art","Harvard University","American Negro Spirituals","Congress"],"orgName_funder":[],"orgName_provider":[],"persName":["Flo Ziegfeld","Francis Allen","Howard W. Odum","H. T. Burleigh","Gershwin","Emmet Kennedy","Lucy McKim","C. Boni","Gast","Roman Catholicism","Roland Hayes","James W. Johnson","Richard Wagner","Jean Jacques","Friedrich Nietzsche","George Biley","Alain Locke","Kennedy","Karl Spazier","Guy B. Johnson","J. Rosamond","Henri Brulard","Lawrence Brown","Konrad von Zdekauer","Ola Lee","Heinrich Koselitz","Ludwig van Beethoven","James Weldon","Peter Gast","Krehbiel","Johnson","McKim","Baptist Negro","Roman Antiphonary"],"placeName":["Venice","United States","Munich","St. Bernard","Grenoble","Europe","Milan","America","Vienna","Chicago","France","Italy","Aosta","Scarborough"],"ref_url":[],"ref_bibl":[],"bibl":[]}},"ark":["ark:/67375/HXZ-KP18KN4P-K"],"categories":{"wos":[],"scienceMetrix":["1 - arts & humanities","2 - visual & performing arts","3 - music"],"scopus":["1 - Social Sciences","2 - Arts and Humanities","3 - Music"]},"publicationDate":"1926","copyrightDate":"1926","enrichments":{"type":["multicat","refBibs","teeft","unitex"]},"doi":["10.1093/mq/XII.2.299"],"_id":"CCDFC69F6745C9CDD9BF7F7A7DC94D2FFB3121F4"}