{"corpusName":"wiley","keywords":{"teeft":["schmalfeldt","caplin","hepokoski","music analysis","john wiley sons","critical forum","musical form","reinterpretation","formenlehre","tempest sonata","leuven","darcy","music theory","nineteenth century","romantic form","retrospective reinterpretation","main theme","vande","moortele","classical form","early music","sonata theory","formal functions","pieter","cadence","vande moortele","tempest","leuven university press","pieter berg","philosophical perspectives","piano sonata","retrospective","berg","repertoire","first movement","romantic generation","instrumental music","half cadence","basic idea","janet schmalfeldt","forms formenlehre","schumann","negative approach","james webster","sonata forms","philosophischen wissenschaften","oxford university press","james hepokoski","classical repertoire","janet","sonata","horton","gesammelte werke","bridgetower sonata","dialogic form","cambridge university press","piano trio","introductory chapter","romantic music","subordinate theme","early form","periodic presentation","late beethoven","classical norm","sonata form","question mark","formal function","musical idea","minor mazurka","wolfgang bonsiepen","half cadences","wiley","schenkerian concepts","mozartian loops","successive generations","piano concerto","theoretical model","limited scope","compound sentence","romantic composers","early haydn","late music","analytical data","analytical work","classical norms","major fantasie","bars music analysis","comprehensive usage","intrinsic features","initial impression","dominant sevenths","future research","orchestral music","analytical apparatus","systematischen musikwissenschaft","higher levels","limited number","clara schumann","early nineteenthcentury","indiana theory review","music theory spectrum","tempest article","classical style","american music theory","early nineteenthcentury music","second half","instrumental works","mendelssohn","haydn","mozart"]},"author":[{"name":"Steven Vande Moortele"}],"articleId":["MUSA12015"],"arkIstex":"ark:/67375/WNG-DPG5VS0L-B","language":["eng"],"originalGenre":["article"],"qualityIndicators":{"refBibsNative":true,"abstractWordCount":1,"abstractCharCount":0,"keywordCount":0,"score":7.012,"pdfWordCount":11150,"pdfCharCount":66177,"pdfVersion":1.3,"pdfPageCount":28,"pdfPageSize":"484.7 x 697.294 pts","pdfWordsPerPage":398,"pdfText":true},"title":"In Search of Romantic Form","genre":["article"],"host":{"title":"Music Analysis","language":["unknown"],"doi":["10.1111/(ISSN)1468-2249"],"issn":["0262-5245"],"eissn":["1468-2249"],"publisherId":["MUSA"],"volume":"32","issue":"3","pages":{"first":"404","last":"431","total":"28"},"genre":["journal"],"subject":[{"value":"CRITICAL FORUM"},{"value":"CRITICAL FORUM"}]},"namedEntities":{"unitex":{"date":["2009","1802","1840s","in the eighteenth century","eighteenth century","throughout the nineteenth century","2012","1780","1810","the nineteenth century","twentieth centuries","1820s","2007","2013-05-23","in the nineteenth century","nineteenth century","1827","1995","1830s","1828","1830","1980s"],"geogName":[],"orgName":["Sons Ltd"],"orgName_funder":[],"orgName_provider":[],"persName":["Seth Monahan","Mendelssohn","A.J.G. Wendt","James Webster","John Wiley","Hegel","Nathan Martin","Charles Rosen","Benedict Taylor","Clara Schumann","Haydn","Fantasie","Warren Darcy","Even Schubert","A.B. Marx","Robert Schumann","Beethoven","Julian Horton","Carl Dahlhaus","Erwin Ratz","Janet Schmalfeldt","Stephen Rodgers","Schmalfeldt","E.T.A. Hoffmann","James Hepokoski","Mozart"],"placeName":["UK","Montreal","American","Freiburg","Europe","Vienna","Göttingen"],"ref_url":[],"ref_bibl":["Time and Memory (2012)","Schmalfeldt (1995)","Vande Moortele 2009b, p. 304","[1798]","de la Motte-Haber and Schwab-Felisch, 2005","Schlegel 1971, p. 175","Monahan 2011b, p. 40","Schmalfeldt 1995","Caplin (1998)","New York: Oxford University Press, 2011","Hepokoski and Webster (2009)","Sons Ltd, 9600","Bergé 2012","Shenker and McAdams (2008)","Hepokoski and Darcy (2006)"],"bibl":[]}},"ark":["ark:/67375/WNG-DPG5VS0L-B"],"categories":{"wos":[],"scienceMetrix":["1 - arts & humanities","2 - visual & performing arts","3 - music"],"scopus":["1 - Social Sciences","2 - Arts and Humanities","3 - Music"]},"publicationDate":"2013","copyrightDate":"2013","enrichments":{"type":["multicat","teeft","unitex"]},"doi":["10.1111/musa.12015"],"_id":"D187AB56D841C3C67EB2BF0C92CDAE2AE2B7C561"}