{"corpusName":"oup","keywords":{"teeft":["schickh","abendlied","wiener","february","ibid","eitschrift","conversation book","kohler","stanza","musikalische","konversationshefte","braunhofer","allgemeine","april","sich","missa solemnis","eitung","werk","folio","kinsky","briefwechsel","allgemeine musikalische","werk beethoven","autograph score","sieghard brandenburg","beethoven sketchbook","beethoven","missa","czerny","solemnis","maynard solomon","appeal court","joseph bernard","music supplement","wiener zeitschrift","string quartet","barry cooper","printing error","brandenburg","early nineteenth century","several work","other hand","viennese magistrat","william kinderman","aberdeen magazine","mode journal","piano work","geliebte sich trennen wollte","musikalische wochenschrift","guardianship struggle","alan tyson","recent year","creative process","count loeben","neue blumenlese fiir klavierliebhaber","gustav nottebohm","several day","erde tand","nach oben","earthly pilgrimage","glorious reward","douglas johnson","preussischer kulturbesitz","second stanza","carl czerny","vocal line","good example","gedenke mein","schilderung eines madchens","beethoven konversationshefte","sauer leidesdorf","archduke rudolph","sketchbook","canon"]},"author":[{"name":"BARRY COOPER"}],"articleId":["82.2.234"],"arkIstex":"ark:/67375/HXZ-SQ3Z82WH-4","language":["eng"],"originalGenre":["research-article"],"qualityIndicators":{"score":5.05,"pdfWordCount":9031,"pdfCharCount":50872,"pdfVersion":1.2,"pdfPageCount":17,"pdfPageSize":"461 x 703 pts","pdfWordsPerPage":531,"pdfText":true,"refBibsNative":false,"abstractWordCount":0,"abstractCharCount":0,"keywordCount":0},"title":"BEETHOVEN'S ‘ABENBLIEB’ AND THE ‘WIENER ZEITSCHRIFT’","refBibs":[{"title":"The earliest reference to it is in a letter from Beethoven to Archduke Rudolph dated 3 Brandenburg, item no. 1292; the letter was until recently thought to date from June 1819: see Letters","author":[{"name":"Maynard Solomon"},{"name":" Beethoven"}],"publicationDate":"1819","host":{"title":"See Luduiig van Beethovens Konversatimshefte","publicationDate":"1819","author":[],"issue":"948","pages":{"first":"298","last":"1968"}}},{"author":[{"name":" Briefwechsel"}],"host":{"title":"Brandenburg, item no. 1365; Letters Anderson, letter no. 1005","author":[]}},{"host":{"title":"Remembering Beethoven, trans","publicationDate":"1987","author":[{"name":"See Franz"},{"name":"Ferdinand Ries"}],"pages":{"first":"38","last":"65"}}},{"host":{"title":"Ihr Lied im Mode Journal habe ich schon durchstudiert, jedoch fallt mir ein Durchgang sehr auf","author":[{"name":" Ibid"}]}},{"host":{"title":"Many of the differences between the autograph and Schickh's edition are due to minor omissions in the former","author":[],"pages":{"first":"76"}}},{"author":[],"host":{"title":"Das Werk Beethovens","author":[],"pages":{"first":"615"}}},{"title":"Leidesdorfer bath mich nur eine Schenkung von den Liedem der Modenzeitung ihm zu bestatigen, welche ich zwar eigentl. nur fur H. machte","author":[],"publicationDate":"1111","host":{"title":"Brandenburg, item no. 1516; Letters","publicationDate":"1111","author":[]}},{"host":{"author":[{"name":" Konversationshefte"}]}},{"author":[],"host":{"title":"Anderson, iii. 1186","author":[]}},{"title":"Kohler, i. 372, ii. 308), and neither is associated with any illness of Beethoven's. A letter from Beethoven, apparently concerning the illness of his servant, and referring to BraunhoferBriefwechsel, item 2141) is far more convincing. By contrast there are plenty of references to Staudenheim in the conversation books of the early 1820s, including some with specific medical advice from him","author":[],"publicationDate":"1824-07","host":{"title":"There are only two references to Braunhofer in the conversation books of 1818—23 (Konversationshefte but Brandenburg's proposed dating of April 1826","publicationDate":"1824-07","author":[]}},{"host":{"title":"Gestern habe ich sehr stark Kopfweh gehabt. Ich bekomme es oft, ich weiss nicht woher","author":[{"name":" Ibid"}],"pages":{"first":"65","last":"304"}}},{"author":[],"host":{"title":"Ibid., i","author":[],"volume":"372","pages":{"first":"858"}}}],"genre":["research-article"],"host":{"title":"Music and Letters","language":["unknown"],"issn":["0027-4224"],"eissn":["1477-4631"],"publisherId":["musicj"],"volume":"82","issue":"2","pages":{"first":"234","last":"250"},"genre":["journal"],"subject":[{"value":"Articles"}]},"namedEntities":{"unitex":{"date":["1818","1820","1825","2001","1819","1810","February—March 1820","nineteenth century","1816","1823","1798","1817","1835","1783"],"geogName":[],"orgName":["Research Chronicle"],"orgName_funder":[],"orgName_provider":[],"persName":["Von Lessing","William Kinderman","Joseph Ludwig","Franz Oliva","Franz Schubert","Otto Erich","Douglas Johnson","Elliot Forbes","Johann Schmittbaur","Ferdinand von Loeben","Emily Anderson","Harry Goldschmidt","B. A. R. Cooper","Grasnick","Gustav Nottebohm","Von Mathisson","Franz Wegeler","Peter Simrock","Beethoven","Joseph Bernard","Friedrich Starke","Johanna van Beethoven","Nicholas Marston","Theodore Albrecht","Robert Winter","Ludwig van Beethoven","H. Goeble","William Meredith","Alexander Wheelock","Frederick Noonan","Helga Liihning","Schickh","Ferdinand Ries","Hugo Riemann","Adolf Schlesinger","Barry Cooper","Hermann Deiters","Friedrich von Matthisson","Alan Tyson","Joseph Hormeyr"],"placeName":["Leipzig","Aberdeen","Leiden","Karlsruhe","Munich","Bonn","Kassel","Vienna","York","France","Seckendorf"],"ref_url":[],"ref_bibl":["December 1820","November 1809","March 1820","May 1808","Karl-Heinz Kohler et al."],"bibl":[]}},"ark":["ark:/67375/HXZ-SQ3Z82WH-4"],"categories":{"wos":[],"scienceMetrix":["1 - arts & humanities","2 - visual & performing arts","3 - music"],"scopus":["1 - Social Sciences","2 - Arts and Humanities","3 - Music"]},"publicationDate":"2001","copyrightDate":"2001","enrichments":{"type":["multicat","refBibs","teeft","unitex"]},"doi":["10.1093/ml/82.2.234"],"_id":"5D012AFEDDFBD76AAB19ACE04B68390BA985D1DB"}