{"corpusName":"oup","keywords":{"teeft":["ephrata","beissel","codex","musical quarterly","musical past","international society","musical education","scholarly aspect","ephrata community","ephrata codex","beethoven centenary","eighteenth century","johannes kelpius","carl engel","first secretary","musical research","ephrata music","other member","conrad beissel","music collection","brother jaebez"]},"author":[{"name":"CARL ENGEL"}],"articleId":["XIV.2.297"],"arkIstex":"ark:/67375/HXZ-LBV99KL0-P","language":["eng"],"originalGenre":["research-article"],"qualityIndicators":{"score":3.566,"pdfWordCount":3516,"pdfCharCount":19717,"pdfVersion":1.2,"pdfPageCount":12,"pdfPageSize":"450 x 677 pts","pdfWordsPerPage":293,"pdfText":true,"refBibsNative":false,"abstractWordCount":0,"abstractCharCount":0,"keywordCount":0},"title":"VIEWS AND REVIEWS","genre":["research-article"],"host":{"title":"The Musical Quarterly","language":["unknown"],"issn":["0027-4631"],"eissn":["1741-8399"],"publisherId":["musqtl"],"volume":"XIV","issue":"2","pages":{"first":"297","last":"306"},"genre":["journal"],"subject":[{"value":"Articles"}]},"namedEntities":{"unitex":{"date":["1928","in the eighteenth century","1924","1903","1741","1746","1775","1771","1720","1927"],"geogName":[],"orgName":["Elizabeth Sprague Coolidge Foundation","Committee on Historical Research","Germany, England, France and Italy","United States Government","Germany, England, France, and Italy","Congress","Austria, Belgium, the United States, Denmark, Spain, Holland and Czechoslovakia","American Indian"],"orgName_funder":[],"orgName_provider":[],"persName":["Andr","Gabriel Wells","Johannes Wolf","John Wilkes","O. G. Sonneck","Gaetano Cesari","Herbert Putnam","A. Smijers","Sonneck","Conrad Beissel","W. Merian","May Atherton","Enoch Davenport","Secretary","R. W. Gordon","Deborah Franklin","The","Z. Nejedly","Carl Engel","Parker","Wissahickon","Gordon","Alvin Affleck","Sachse","Edward J. Dent","Peter Miller","Johannes Kelpius","Guido Adler","Miller","H. Angles","K. Jeppesen","Charles van den Borren","J. F. Sachse","R. Ficker","Gloria Dei","Justus Falckner","Peter Wagner","Benjamin Franklin"],"placeName":["Switzerland","United States","Austria","Europe","America","Vienna","Denmark","York","Ireland","Cambridge","England","Belgium"],"ref_url":[],"ref_bibl":["September, 1927","who died July 6, 1768"],"bibl":[]}},"ark":["ark:/67375/HXZ-LBV99KL0-P"],"categories":{"wos":[],"scienceMetrix":["1 - arts & humanities","2 - visual & performing arts","3 - music"],"scopus":["1 - Social Sciences","2 - Arts and Humanities","3 - Music"]},"publicationDate":"1928","copyrightDate":"1928","enrichments":{"type":["multicat","refBibs","teeft","unitex"]},"doi":["10.1093/mq/XIV.2.297"],"_id":"AEBD470B3E5BEEA05BAB4B173C9BE46CCDBB4E83"}