{"corpusName":"oup","keywords":{"teeft":["pianoforte","last movement","pianoforte concerto","middle movement","second movement","joyous rhythm","first movement","schumann","poetical content","deepest depth","piano concerto","orchestral part","snch wondrous lyrical","daring heroic flight","lyrical movement","glorious majesty","pianistic style","emotional content","huge chord","rhythmic passage","finest nuance","different style","tone production","nothing more","lyrical style","sugary femininity","same time","great beethoven player","madame clara schumann","opening bar","opening chord","little pearly melodic","exquisite shape","whole scheme","madame schumann","flat concerto","firet bar","forte crescendo right","whole line","mighty wing","sudden piano","chromatic idea","breathless excitement","important rflle","whole idea","hushed announcement","greatest beethoven","true beethoven","beethovenesque robust","nothing more touchingly beautiful","long wonderful line","unbroken pianissimo","deep expression","greatest characteristic","tragic second movement","broad long line","single chord","long pianissimo","great little concerto","flat movement","greatest inspiration","great beethoven","merry rhythmical","ij3ttbrs scheme","major finale","great concerto","glorious link","early beethoven","first theme","minor bar","pianoforte passage","opening solo","great example","perfect time","least degree stiff","early classic style","pedantic perriwigism","clara schumann","jede note mus","liebe gespielt werden","moment characteristic","greatest end","pianissimo bar","small example","greatest moment","musical literature","melodic shape","musical intention","beethoven concerto","virtnos concerto","interest centrum more","rapturous joy"]},"author":[{"name":"FANNY DAVIES"}],"articleId":["VIII.2.224"],"arkIstex":"ark:/67375/HXZ-SWFG9QZ0-7","language":["eng"],"originalGenre":["research-article"],"qualityIndicators":{"score":2.595,"pdfWordCount":1212,"pdfCharCount":6185,"pdfVersion":1.5,"pdfPageCount":3,"pdfPageSize":"492 x 708 pts","pdfWordsPerPage":404,"pdfText":true,"refBibsNative":false,"abstractWordCount":0,"abstractCharCount":0,"keywordCount":0},"title":"THE PIANOFORTE CONCERTOS","genre":["research-article"],"host":{"title":"Music and Letters","language":["unknown"],"issn":["0027-4224"],"eissn":["1477-4631"],"publisherId":["musicj"],"volume":"VIII","issue":"2","pages":{"first":"224","last":"226"},"genre":["journal"],"subject":[{"value":"Articles"}]},"namedEntities":{"unitex":{"date":["1927"],"geogName":[],"orgName":[],"orgName_funder":[],"orgName_provider":[],"persName":["Schumann","Anton Rubinstein","Clara Schumann","The"],"placeName":[],"ref_url":[],"ref_bibl":[],"bibl":[]}},"ark":["ark:/67375/HXZ-SWFG9QZ0-7"],"categories":{"wos":[],"scienceMetrix":["1 - arts & humanities","2 - visual & performing arts","3 - music"],"scopus":["1 - Social Sciences","2 - Arts and Humanities","3 - Music"]},"publicationDate":"1927","copyrightDate":"1927","enrichments":{"type":["multicat","refBibs","teeft","unitex"]},"doi":["10.1093/ml/VIII.2.224"],"_id":"17246EF22190DAE4A069011FC46CEEA4D2BA86C6"}