{"corpusName":"oup","keywords":{"teeft":["aldous","aldous huxley","weekly westminster gazette","mavra","point counter point","music critic","huxley","same time","late beethoven","young archimedes","margaret huxley","fundamental principle","great composer","westminster gazette","musical judgement","robert craft","human spirit","minor composer","violin sonata","best work","third movement","clive bell","john aplin","sybille bedford","other hand","fifth symphony","abrupt transition","second theme","minor double concerto","basil hogarth","pure melody"]},"author":[{"name":"JOHN APLIN"}],"articleId":["64.1–2.25"],"arkIstex":"ark:/67375/HXZ-6GDR6HP3-R","language":["eng"],"originalGenre":["research-article"],"qualityIndicators":{"score":5.05,"pdfWordCount":6215,"pdfCharCount":33852,"pdfVersion":1.3,"pdfPageCount":12,"pdfPageSize":"469 x 710 pts","pdfWordsPerPage":518,"pdfText":true,"refBibsNative":false,"abstractWordCount":0,"abstractCharCount":0,"keywordCount":0},"title":"ALDOUS HUXLEY AND MUSIC IN THE 1920s","refBibs":[{"host":{"title":"I find the journalistic life more and more difficult to combine with intelligent writing. It is difficult to know how to arrange one's existence so as to be able to make money and, at the same time, do the necessary quiet thinking which one must do in order to write. I have been able to do practically none of my own stuff for the last six months","author":[],"pages":{"first":"208","last":"9"}}},{"host":{"title":"Craft produces a witty yet often moving portrait of Huxley. Also revealing is his review of Sybille Bedford's biography: idem, Current Convictions: Vinos and Reviews Craft questions some of Mrs. Bedford's emphases","publicationDate":"1972","author":[{"name":"Robert Craft"}],"pages":{"first":"10","last":"234"}}}],"genre":["research-article"],"host":{"title":"Music and Letters","language":["unknown"],"issn":["0027-4224"],"eissn":["1477-4631"],"publisherId":["musicj"],"volume":"64","issue":"1-2","pages":{"first":"25","last":"36"},"genre":["journal"],"subject":[{"value":"Articles"}]},"namedEntities":{"unitex":{"date":["1963","1912","1928","1957","1946","1920s","1913","1931","1920","1930s","nineteenth centuries","1983","1926","1915","1940s","1922","1911"],"geogName":[],"orgName":["England France and Russia","Mavra party"],"orgName_funder":[],"orgName_provider":[],"persName":["Bedford","Huxley","Paul Valery","Malcolm Gillies","Aldous HuxUy","Basil Hogarth","Igor Stravinsky","Aldous Huxlty","John Peddley","Till Eulenspiegel","Philip Quarles","Batok","Grace Peddley","Don Giovanni","In","Grace Crawford","Donald Watt","Hutton","Robert Craft","Paris Opera","John Aplin","Leonard Huxley","Frank Baldanza","Laura Huxley","Chatto","Bernard Shaw","Aldous Huxley","S. Miniato","Margaret Huxley","Dan H. Laurence"],"placeName":["Bedford","Paris","Germany","Europe","Britain","Florence","St. Antony","Oxford","Palestrina"],"ref_url":[],"ref_bibl":["London, 1973","February 1922","October 1913"],"bibl":[]}},"ark":["ark:/67375/HXZ-6GDR6HP3-R"],"categories":{"wos":[],"scienceMetrix":["1 - arts & humanities","2 - visual & performing arts","3 - music"],"scopus":["1 - Social Sciences","2 - Arts and Humanities","3 - Music"]},"publicationDate":"1983","copyrightDate":"1983","enrichments":{"type":["multicat","refBibs","teeft","unitex"]},"doi":["10.1093/ml/64.1-2.25"],"_id":"9DF6C61E5C2981A80712E2AAF0A98A4DFE973621"}