{"corpusName":"oup","keywords":{"teeft":["goethe","minor symphony","early year","instrumental music","abstract instrumental music","little more","eighteenth century","beethoven","wide interest","phenomenal power","divine attribute","delphic reverence","acquisitive mind","middle year","marvellous flexibility","extraordinary depth","italian renaissance","leon battista alberti","contemporary goetho","whole field","human knowledge","high power","great mind","little knowledge","same plane","musical constitution","scott goddard","sufficient headway","eighteenth century germany","gradual beverence","idea implicit","phrase sturm","honourable reputation","large amount","vocal music","italienische beise","instrumental composition","chief delight","usual lively critical sense","simple song","aria inclination","email child","little older","high time","juan composition","creative artist","certain shape","divine spirit","unimportant figure","first movement","fame such","narrow extent","doesnh more","young felix","passionate bestowal","questionable talent","first cultured musician","goethe circle","estimable musician","first rank","cultured person","such treatment","other case","visible world","poetic prose","other hand","common experience","invisible world","herr gundolf","mutual reaction","name beethoven","universal principle","more superficial appeal","direct result","walter pater","greater part","eighteenth century convention","letter french revolution","german patriot korner","arndt rattle","aristocratic view","balanced grace","popular imagination","unrestrained romanticism","drang work","last sign","romantic feeling","early romantic work","pianoforte sonata","young beethoven","young mendelssohn","passionate unreason","other younft people","mudolf kogel","goethe untl beethoven","heiligenstadt testament","geliebte hoffnung","certain extent","bright summer day","hopeless deafness","hopeless love","first touch","early writing","youthful turbulence","insistent difficulty","egmont music","meantime beethoven","deepest reverence","precious jewel","great poet","actual circumstance","popular authority","bettina brentano","severe strain","recent research","intimate dealing","delightful young literary lady","finest ingenious","deliberate attempt","unrestrained delight","early work","notorious meeting","royal family","little group","royal personage","good sense","archduke rudolf","letter outlook","amusing bettina","great beethoven","beethoven eager","full tide","popular esteem","such youthful ebullition","real knowledge","mild interest","sentence unwieldy","wellturned phrase","fine conversation","teplitz meeting show","more fond","absurd behaviour","foremost teacher","same year","untamed personality","world detestable","more enjoyable","musical part","laconic nature","teplitz meeting","missa 8olennis","weimar court","mental outlook","writer much","deceased promising","spiritual grandeur","realising greatness","person unfitted","rough exterior","caustic temperament","many year","other time","highest thing","grecian mode"]},"author":[{"name":"SCOTT GODDARD"}],"articleId":["VIII.2.165"],"arkIstex":"ark:/67375/HXZ-FR79KGQX-K","language":["eng"],"originalGenre":["research-article"],"qualityIndicators":{"score":4.72,"pdfWordCount":3337,"pdfCharCount":16840,"pdfVersion":1.5,"pdfPageCount":7,"pdfPageSize":"473 x 696 pts","pdfWordsPerPage":477,"pdfText":true,"refBibsNative":false,"abstractWordCount":0,"abstractCharCount":0,"keywordCount":0},"title":"BEETHOVEN AND GOETHE","genre":["research-article"],"host":{"title":"Music and Letters","language":["unknown"],"issn":["0027-4224"],"eissn":["1477-4631"],"publisherId":["musicj"],"volume":"VIII","issue":"2","pages":{"first":"165","last":"171"},"genre":["journal"],"subject":[{"value":"Articles"}]},"namedEntities":{"unitex":{"date":["eighteenth century","1810","1822","1768","1812","the eighteenth century","1927","in eighteenth century"],"geogName":[],"orgName":[],"orgName_funder":[],"orgName_provider":[],"persName":["Deitera","Bettina von Arnim","Don Juan","Beethoven","Bettina Brentano","Leonardo","Walter Pater"],"placeName":["Moscow","Vienna","Frankfurt","Rome","Weimar","Italy","Vinci","Heiligenstadt"],"ref_url":[],"ref_bibl":["July, 1812"],"bibl":[]}},"ark":["ark:/67375/HXZ-FR79KGQX-K"],"categories":{"wos":[],"scienceMetrix":["1 - arts & humanities","2 - visual & performing arts","3 - music"],"scopus":["1 - Social Sciences","2 - Arts and Humanities","3 - Music"]},"publicationDate":"1927","copyrightDate":"1927","enrichments":{"type":["multicat","refBibs","teeft","unitex"]},"doi":["10.1093/ml/VIII.2.165"],"_id":"75A61E91983973608877A5CD6DECAFEE3AA7C455"}