{"corpusName":"oup","keywords":{"teeft":["intoxication","jazzists","jazz orchestra","symphony orchestra","modern music","musical quarterly","main theme","great music","human equation","exotic rhythm","dance music","fundamental rhythm","symphonic work","inorganic structure","percussion instrument","american school","credit entry","jazz number","artificial restraint","certain instrument","higher one","great mass","good taste","jazz intoxication","common association","same time","carnival mood","dance floor","aesthetic order","constitutive principle","gigantic black","experimental mood"]},"author":[{"name":"PAUL FRITZ LAUBENSTEIN"}],"articleId":["XV.4.606"],"arkIstex":"ark:/67375/HXZ-Z7S4T3J3-8","language":["eng"],"originalGenre":["research-article"],"qualityIndicators":{"score":5.05,"pdfWordCount":7601,"pdfCharCount":42798,"pdfVersion":1.3,"pdfPageCount":21,"pdfPageSize":"457 x 680 pts","pdfWordsPerPage":362,"pdfText":true,"refBibsNative":false,"abstractWordCount":0,"abstractCharCount":0,"keywordCount":0},"title":"JAZZ—DEBIT AND CREDIT","genre":["research-article"],"host":{"title":"The Musical Quarterly","language":["unknown"],"issn":["0027-4631"],"eissn":["1741-8399"],"publisherId":["musqtl"],"volume":"XV","issue":"4","pages":{"first":"606","last":"624"},"genre":["journal"],"subject":[{"value":"Articles"}]},"namedEntities":{"unitex":{"date":["1924","1929"],"geogName":[],"orgName":[],"orgName_funder":[],"orgName_provider":[],"persName":["Richard Strauss","William Tell","Wluteman","C. C. Birchard","H. J. Spooner","Gershwin","J. A. Rogers","Serge Koussevitzky","Leopold Stokowski","Whitehead","Don Knowlton","Daniel Gregory","Till Eulenspiegel","Burlin","Copland","Albert","Beethoven","Henry Coward","John Alden","Jonathan Edwards","Werner Janssen","Knowlton","G. F. Moore","Whiteman","Goldberg"],"placeName":["New Yearb","India","America","British Empire","York","Glinka","Russia"],"ref_url":[],"ref_bibl":[],"bibl":[]}},"ark":["ark:/67375/HXZ-Z7S4T3J3-8"],"categories":{"wos":[],"scienceMetrix":["1 - arts & humanities","2 - visual & performing arts","3 - music"],"scopus":["1 - Social Sciences","2 - Arts and Humanities","3 - Music"]},"publicationDate":"1929","copyrightDate":"1929","enrichments":{"type":["multicat","refBibs","teeft","unitex"]},"doi":["10.1093/mq/XV.4.606"],"_id":"76ADB247DF1AF7F27CF437357241D30F85847700"}