{"corpusName":"oup","keywords":{"teeft":["dissonance","trill","appoggiatura","piano sonata","first movement","cadential","up note","dissonant","fingering","musical quarterly","up auxiliary","keyboard music","performance practice","opus","triple trill","main note","special direction","lower chromatic auxiliary","first edition","autograph","downbeat","musical time","lower appoggiatura","principal note","up neighbor","lower grace","beethoven","pungent dissonance","kenneth drake","second movement","franz kullak","third movement","right hand","lower auxiliary","lower note","first place","robert winter","alan tyson","quarter note","relevant source","melody note","beethoven trill","eroica variation","strong portion","italian opera","harmonic"]},"author":[{"name":"ROBERT WINTER"}],"articleId":["LXIII.4.483"],"arkIstex":"ark:/67375/HXZ-W500TT5K-T","language":["eng"],"originalGenre":["research-article"],"qualityIndicators":{"score":5.05,"pdfWordCount":6344,"pdfCharCount":35581,"pdfVersion":1.3,"pdfPageCount":22,"pdfPageSize":"428 x 672 pts","pdfWordsPerPage":288,"pdfText":true,"refBibsNative":false,"abstractWordCount":0,"abstractCharCount":0,"keywordCount":0},"title":"SECOND THOUGHTS ON THE PERFORMANCE OF BEETHOVEN'S TRILLS","genre":["research-article"],"host":{"title":"The Musical Quarterly","language":["unknown"],"issn":["0027-4631"],"eissn":["1741-8399"],"publisherId":["musqtl"],"volume":"LXIII","issue":"4","pages":{"first":"483","last":"504"},"genre":["journal"],"subject":[{"value":"Articles"}]},"namedEntities":{"unitex":{"date":["1842","1840s","the twentieth century","1894","1800","nineteenth century","1816","1977","1823","1801"],"geogName":[],"orgName":["Congress"],"orgName_funder":[],"orgName_provider":[],"persName":["Antonia Brentano","Newman","Paul Mies","Kenneth Drake","Charles Rosen","William S. Newman","Emily Anderson","Paul BaduraSkoda","Franz Kullak","Otto von Irmer","Eva Badura","Pathetique","Hans Schmidt","Mies","Library","Theodore Baker","Carl Czerny","Grundmann","Turk","Tyson","Alan Tyson","C.P.E. Bach"],"placeName":["Leipzig","Berlin","Paris","Lddesdorf","Bonn","London","Vienna","Basel","York"],"ref_url":[],"ref_bibl":["New York, 1971","Cincinnati, 1972","[1970]","New York, 1970","London, 1963","Bonn, 1966","June 1821","Paris, 1804","New York, 1974","New York, 1901","April 1824","London, 1961","London, June, 1823","June 1823"],"bibl":[]}},"ark":["ark:/67375/HXZ-W500TT5K-T"],"categories":{"wos":[],"scienceMetrix":["1 - arts & humanities","2 - visual & performing arts","3 - music"],"scopus":["1 - Social Sciences","2 - Arts and Humanities","3 - Music"]},"publicationDate":"1977","copyrightDate":"1977","enrichments":{"type":["multicat","refBibs","teeft","unitex"]},"doi":["10.1093/mq/LXIII.4.483"],"_id":"4BF2D81A2DB8D1D5C6AA530CD764E67B77CFA876"}