{"corpusName":"oup","keywords":{"teeft":["younger generation","moral intention","pianoforte","musical history","minor symphony","mozart","beethoven","musical quarterly","moral idea","many people","other music","good deal","younger musician","contemporary music","first time","waldstein sonata","nineteenth century","actual note","ninth symphony","pianoforte duet","eighteenth century","descriptive music"]},"author":[{"name":"EDWARD J. DENT"}],"articleId":["XIII.2.317"],"arkIstex":"ark:/67375/HXZ-J5QHBQG1-N","language":["eng"],"originalGenre":["research-article"],"qualityIndicators":{"score":4.959,"pdfWordCount":4909,"pdfCharCount":25658,"pdfVersion":1.3,"pdfPageCount":14,"pdfPageSize":"462 x 679 pts","pdfWordsPerPage":351,"pdfText":true,"refBibsNative":false,"abstractWordCount":0,"abstractCharCount":0,"keywordCount":0},"title":"BEETHOVEN AND A YOUNGER GENERATION","refBibs":[],"genre":["research-article"],"host":{"title":"The Musical Quarterly","language":["unknown"],"issn":["0027-4631"],"eissn":["1741-8399"],"publisherId":["musqtl"],"volume":"XIII","issue":"2","pages":{"first":"317","last":"328"},"genre":["journal"],"subject":[{"value":"Articles"}]},"namedEntities":{"unitex":{"date":["The nineteenth century","nineteenth century","the eighteenth century","1927"],"geogName":[],"orgName":[],"orgName_funder":[],"orgName_provider":[],"persName":["Every","Michael Angelo","Concerto","Gustav Mahler","Hubert Parry"],"placeName":["Germany"],"ref_url":[],"ref_bibl":[],"bibl":[]}},"ark":["ark:/67375/HXZ-J5QHBQG1-N"],"categories":{"wos":[],"scienceMetrix":["1 - arts & humanities","2 - visual & performing arts","3 - music"],"scopus":["1 - Social Sciences","2 - Arts and Humanities","3 - Music"]},"publicationDate":"1927","copyrightDate":"1927","enrichments":{"type":["multicat","refBibs","teeft","unitex"]},"doi":["10.1093/mq/XIII.2.317"],"_id":"A7A0E8EB9539DDE4A62B6CEF09BD58DAB6B29C9F"}