{"corpusName":"wiley","keywords":{"teeft":["adorno","late style","blackwell publisher","missa solemnis","music analysis","trans","late work","missa","chua","late beethoven","modern music","tonality","solemnis","human spirit","hegelian philosophy","individual element","hegelian system","human subject","something akin","beethoven","totality","aesthetic theory","eroica symphony","hegelian truth","chua truth","hollowness outwards","other word","absolute music","real humanism","last work","philosophical work","early essay","theological language","stephen hinton","poeticising death","sacred meaning","demythologised prayer","doctor faustus","beethoven symphony","starry heaven","rolf tiedemann","middle period","hegelian","blackwell"]},"author":[{"name":"Daniel K. L. Chua","affiliations":["King's College London"]}],"articleId":["MUSA126"],"arkIstex":"ark:/67375/WNG-TXQL7S6T-6","language":["eng"],"originalGenre":["article"],"qualityIndicators":{"score":7.012,"pdfWordCount":6094,"pdfCharCount":33737,"pdfVersion":1.3,"pdfPageCount":13,"pdfPageSize":"448.16 x 694 pts","pdfWordsPerPage":469,"pdfText":true,"refBibsNative":false,"abstractWordCount":1,"abstractCharCount":0,"keywordCount":0},"title":"Believing in Beethoven","genre":["article"],"host":{"title":"Music Analysis","language":["unknown"],"doi":["10.1111/(ISSN)1468-2249"],"issn":["0262-5245"],"eissn":["1468-2249"],"publisherId":["MUSA"],"volume":"19","issue":"3","pages":{"first":"409","last":"421","total":"13"},"genre":["journal"],"subject":[{"value":"Original Article"},{"value":"Critical Forum"}]},"namedEntities":{"unitex":{"date":["1934","2000","1957","from the nineteenth century","nineteenth century"],"geogName":[],"orgName":["ß Blackwell Publishers Ltd."],"orgName_funder":[],"orgName_provider":[],"persName":["Francis Jules","William Kinderman","Gretel Adorno","Stephen Hinton","Robert Hurley","Adorno","Immanuel Kant","Arthur Schopenhauer","Wesley V. Blomster","Theodor W. Adorno","Friedrich Nietzsche","Walter Kaufmann","Robert Hullot-Kentor","Rolf Tiedemann","Thomas Mann","Mary Hurst","H. T. Lowe-Porter","K. L. Chua","Wilhelm Friedrich","Anne G. Mitchell","Max Horkheimer","Wilhelm Heinrich","Beethoven","Tiedemann","To","John Deathridge","Edmund Jephcott","Quartet","Jean-Francois Lyotard","John Cumming"],"placeName":["Germany","United States","MA","Cambridge"],"ref_url":[],"ref_bibl":["Oxford: Polity Press, 1998","Cambridge: Cambridge University Press, 1999","University Park: The Pennsylvania State University Press, 1971","Frankfurt: Suhrkamp, 1986","New York: Dover, 1969","Oxford: Oxford University Press, 1995","Minneapolis: University of Minnesota Press, 1997","New York: Random House, 1967","London: Verso, 1979","London: Secker and Warburg, 1949","Chicago: University of Chicago Press, 1949","London: Sheed and Ward, 1987"],"bibl":[]}},"ark":["ark:/67375/WNG-TXQL7S6T-6"],"categories":{"wos":[],"scienceMetrix":["1 - arts & humanities","2 - visual & performing arts","3 - music"],"scopus":["1 - Social Sciences","2 - Arts and Humanities","3 - Music"]},"publicationDate":"2000","copyrightDate":"2000","enrichments":{"type":["multicat","refBibs","teeft","unitex"]},"doi":["10.1111/1468-2249.00126"],"_id":"C68B48E11846C0C47BC268EF4369A472F178B730"}