{"corpusName":"oup","keywords":{"teeft":["musicology","deconstruction","beethoven forum","beethoven scholarship","reception history","nineteenth century","cambridge opera handbook","music history","such connection","metrical ambiguity","music analysis","late twentieth century","coincidental motivic similarity","lewis lockwood james webster","nebraska press","large number","recent year","such writer","daniel heartz","serial publication","first volume","wide range","fourth volume","third movement","pastoral symphony","janet schenkerian analysis","william exploration","frits noske","dialectical term","book phrase rhythm","tonal music","andrew article","beethoven study","newer perspective","hallowed idea","beethoven timeless","creative process","critical scrutiny","such figure","such word","better understanding","italian original","radical vocabulary","transcendental beethoven","beethoven myth","genuine radicalism","reading exegesis","music analysis centred","beethoven scholar","controversial figure","richard taruskin","little more","busy academic","thematic relationship","orchestral trio","fifth symphony","vast pool","less ambitious book","longest essay","florestan reading fidelia","such relationship","numerous work","many connection","conscious quotation","hermeneutic possibility","biographical trace","real melodic","unconscious borrowing","many instance","unexceptional practice","cultural modernity","original work","positivistic approach","postmodern swamp","opening essay","much deconstruction","derridian sense","thomas sipe","ideological consciousness","more successful","naive positivism","eternal pantheon","different ideological construction","sipe categorizes","interpretative mode","historical stage","metaphorical mode","other work","psychological mode","early twentieth century","structural mode","twentieth century","common factor","objective quality","reflexive mode","valid observation","historical criticism","ideological strategy","late style","late work","social history","intellectual daring","ideological stronghold","historical relativism","synchronic object","first concern","historical discourse","late style something real","discursive imagination","second problem concern","such concept","beethoven reception","musicological ideology","something more dialectical","reflexive approach","naive faith","simple trust","certain lack","scientific positivism","radical edge","unified theory","hard work","good editing","solid scholarship","beautiful typography","knotty issue","chua ludwig","paul robin","bruce alan brown beethoven forum","cambridge university press","isbn fidelio","political masterpiece","paul stance"]},"author":[{"name":"DANIEL K. L. CHUA"}],"articleId":["78.3.431"],"arkIstex":"ark:/67375/HXZ-KR4381L4-H","language":["eng"],"originalGenre":["book-review"],"qualityIndicators":{"score":1.482,"pdfWordCount":1432,"pdfCharCount":8728,"pdfVersion":1.2,"pdfPageCount":2,"pdfPageSize":"457 x 704 pts","pdfWordsPerPage":716,"pdfText":true,"refBibsNative":false,"abstractWordCount":0,"abstractCharCount":0,"keywordCount":0},"title":"REVIEWS OF BOOKS","genre":["book-reviews"],"host":{"title":"Music and Letters","language":["unknown"],"issn":["0227-4224"],"eissn":["1477-4631"],"publisherId":["musicj"],"volume":"78","issue":"3","pages":{"first":"431","last":"432"},"genre":["journal"],"subject":[{"value":"REVIEWS OF BOOKS"}]},"namedEntities":{"unitex":{"date":["1997","twentieth century","in the nineteenth century","nineteenth century","1980s"],"geogName":[],"orgName":["Cambridge University"],"orgName_funder":[],"orgName_provider":[],"persName":["James Webster","Frits","Thomas Sipe","Andrew Imbrie","Paul Robinson","William Rothstein","K. M. Knittel","Tia DeNora","Ludwig van Beethoven","Edward J. Dent","Janet Schmalfeldt","Richard Taruskin","Christopher Reynolds","Sonata","Alain Frogley","Rothstein","Lewis Lockwood"],"placeName":["Cambridge"],"ref_url":[],"ref_bibl":["New York, 1989"],"bibl":[]}},"ark":["ark:/67375/HXZ-KR4381L4-H"],"publicationDate":"1997","copyrightDate":"1997","enrichments":{"type":["refBibs","teeft","unitex"]},"doi":["10.1093/ml/78.3.431"],"_id":"EEA58D5D43C3D7C3FB341CE8F30311B5B7AA794B"}