{"corpusName":"oup","keywords":{"teeft":["liszt","piano sonata","biilow","trans","mara","first movement","holle","musik","zeitschrift","lenz","leipzig","musikalische","vols","opus","ramann","neue","briefe","neue zeitschrift","raabe","monthly musical record","musical quarterly","billow","zeitung","franz liszt","revue","berlioz","gazette musicale","sonata","czerny","biilow edition","allgemeine musikalische zeitung","holle edition","much more","beethoven sonata","musikalisches wochenblatt","other composer","trois style","concert transcription","william mason","richard prose work","hector berlioz","chapel hill","good taste","slow movement","beethoven","reviewer","franz","further reference","young liszt","romantic term","tempo change","middle movement","other hand","robert stockhammer","bedeutung beethoven","special point","adagio sostenuto","other pianist","carl czerny","ludwig nohl","high speed","special reverence","sonata such","other writing","robert wangermee","piano solo","contemporary review","same work","studia musicologica","original text","present topic","sonata idea","original edition","alto voice","seventeenth measure","mallgemeine musikalische zeitung","constance bache","highest term","piano music","prime transmitter","significant interpreter","beethoven sonata liszt"]},"author":[{"name":"WILLIAM S. NEWMAN"}],"articleId":["LVIII.2.185"],"arkIstex":"ark:/67375/HXZ-850NWNJ4-7","language":["eng"],"originalGenre":["research-article"],"qualityIndicators":{"score":5.05,"pdfWordCount":9570,"pdfCharCount":52545,"pdfVersion":1.3,"pdfPageCount":25,"pdfPageSize":"456 x 677 pts","pdfWordsPerPage":383,"pdfText":true,"refBibsNative":false,"abstractWordCount":0,"abstractCharCount":0,"keywordCount":0},"title":"LISZT'S INTERPRETING OF BEETHOVEN'S PIANO SONATAS","refBibs":[{"title":"The Sonata since Beethoven Ill in A History of the Sonata Idea; Chapel Hill","author":[{"name":" Cf"},{"name":"S William"},{"name":" Newman"}],"publicationDate":"1840","host":{"title":"MAllgemeine musikalische Zeitung, XT.TT (1840), 262. Cf. also the","publicationDate":"1840","author":[],"pages":{"first":"106","last":"7"}}},{"title":"Cf. the similar conclusion by a Vienna reviewer in 1846 as quoted by Robert Stockhammer in \"Die Wiener Konzerte Fran* Liszts iSNeue Zeitschrift fur Musik, XVI (1842), 74-75. Cf. also the same views, put in more flowery, high-toned terms, in Ramann","author":[{"name":"Wilhelm Kienzl"},{"name":"Meine Lebenswanderung"}],"publicationDate":"1926","host":{"title":"Erlebles und Erschautes","publicationDate":"1926","author":[],"pages":{"first":"44","last":"45"}}},{"title":"Some 19th-century Consequences of Beethoven's 'Hammerklavier 1 Sonata, Opus 106","author":[{"name":" Cf"},{"name":"S William"},{"name":" Newman"}],"publicationDate":"1969","host":{"title":"The Piano Quarterly, LXVII (Spring","publicationDate":"1969","author":[],"pages":{"first":"12","last":"18"}}},{"title":"vols.; Vienna, 1869-70), I, 336 (1839)","author":[{"name":"For Vienna"},{"name":" Ramann"}],"publicationDate":"1838","host":{"title":"Geschichte des Concertwesent in Wien","publicationDate":"1838","author":[],"pages":{"first":"497","last":"192"}}},{"title":"Beethoven et ses trots styles (Paris, 1909)","author":[{"name":"Lenz Wilhelm Von"}],"host":{"title":"169. M Revue musicaU, TV (1835)","author":[],"pages":{"first":"189","last":"1873"}}},{"host":{"publicationDate":"1840","author":[{"name":"Xlh Allgemeine Musikalische Zeitung"}],"pages":{"first":"261"}}},{"host":{"title":"Beethoven et ses trois styles","author":[{"name":" Lenz"}],"pages":{"first":"201"}}},{"host":{"title":"As quoted in Frimmel","author":[],"pages":{"first":"83"}}},{"host":{"title":"Beethoven et ses trois styles","author":[{"name":" Lenz"}],"pages":{"first":"203","last":"4"}}},{"host":{"title":"Reinedce's instructional advices on this movement are commended in Frimmel, Beethoven-Forschung, II, 84, on the strength of Reinecke's recollections of Liszt's performances, but nothing about them has seemed here to have derived particularly from Liszt","author":[]}},{"host":{"publicationDate":"1842","author":[{"name":" Allgemeine Musikalische Zeitung"},{"name":" Xliv"}],"pages":{"first":"235","last":"47"}}},{"title":"Most of the pertinent portion (p. 200) U quoted in Prodiiomme, Les SonatesSome 19th-century Consequences . . . ,\" an article that traces the nineteenthcentury career of Opus 106. «In a letter dated Feb Much the tame point is made about a performance by Liszt of Opus 106 in Weimar in 1853","author":[],"publicationDate":"1857","host":{"title":"Richard Wagner's Prose Works, III Neue Zeitschrift fdr Musik","publicationDate":"1857","author":[],"pages":{"first":"198","last":"200"}}},{"host":{"publicationDate":"1898","author":[{"name":"Wendelin Weissheimer"},{"name":"Erlebnisse "},{"name":"Richard Wagner"},{"name":"Franz Liszt"}],"pages":{"first":"17","last":"20"}}},{"host":{"title":"The Sonata in the Classic Era (Vol. II in A History of the Sonata Idea; Chapel Hill","publicationDate":"1963","author":[{"name":"* Cf"},{"name":"S William"},{"name":" Newman"}],"pages":{"first":"531","last":"32"}}},{"host":{"title":"The Sonata in the Classic Era","author":[{"name":"Jose Cf"},{"name":" Vianna Da Motte"}],"pages":{"first":"81","last":"531"}}},{"host":{"publicationDate":"1874","author":[{"name":"Ludwig Nohl"},{"name":" Beethoven"},{"name":" Liszt"},{"name":" Wagner"},{"name":" Vienna"}],"pages":{"first":"60","last":"1842"}}},{"title":"TS On this point, cf. Ramann, Lint, II","author":[{"name":"William Mason"}],"publicationDate":"1902","host":{"title":"Memories of a Musical Life","publicationDate":"1902","author":[],"pages":{"first":"103","last":"6"}}},{"host":{"title":"the objections on this ground to a later publication of the Liszt edition","publicationDate":"1884","author":[{"name":"* Cf"}],"pages":{"first":"527","last":"28"}}},{"host":{"title":"Carl Czerny: Vber den richtigen Vortrag der sdmtlichen beethoven'schen Klatnerwerke","publicationDate":"1963","author":[{"name":"Paul Badura-Skoda"}],"pages":{"first":"101","last":"2"}}},{"host":{"title":"According to Bfllow's letters of","publicationDate":"1871-01-25","author":[],"pages":{"first":"1841","last":"94"}}},{"host":{"publicationDate":"1870","author":[{"name":"La Mara"},{"name":" Lint 'i Briefe"},{"name":" Ii"}],"pages":{"first":"158","last":"59"}}},{"host":{"author":[{"name":" Marie Von Bulow"}]}},{"host":{"title":"Cf. the even stronger statement in La Mara","publicationDate":"1882","author":[],"pages":{"first":"56","last":"57"}}},{"host":{"title":"Music-Study in Germany in the Nineteenth Century (1869-75), reprinted from the original ed","publicationDate":"1965","author":[{"name":"Amy Fay"}],"pages":{"first":"238"}}},{"host":{"author":[{"name":" Marie Von Billow"},{"name":" Hans Von Bulow"}],"pages":{"first":"49","last":"51"}}},{"host":{"author":[{"name":" Ramann"}]}},{"host":{"title":"« summary at the start of the first volume is meant to cover the policies of both editors, especially as regards the editorial markings","author":[{"name":"M Lebert"}]}},{"title":"8« The programmatic aspect is viewed, sympathetically, in The Monthly Musical Record, III (1873)","author":[],"publicationDate":"1873","host":{"title":"The Monthly Musical Record, III","publicationDate":"1873","author":[],"pages":{"first":"113","last":"16"}}},{"title":"It is no wonder that so little could be found that is pertinent here in the doctoral dissertation by Elsie Jane Machnek","author":[{"name":"Max Pinchard"}],"publicationDate":"1962-10","host":{"title":"Musica, No. 103","publicationDate":"1962-10","author":[],"pages":{"first":"25","last":"27"}}},{"host":{"title":"Arthur Friedheim in The Musician","publicationDate":"1915","author":[{"name":"E,G "}],"pages":{"first":"559","last":"60"}}},{"author":[{"name":"Alexander Siloti"}],"publicationDate":"1913","host":{"title":"My Memories of Liszt","publicationDate":"1913","author":[],"pages":{"first":"447"}}},{"host":{"title":"Musical Opinion, LXXXI (1957-58), 165 (on forearm rotation) and 373 (refutation by another student); Len'z, Beethoven el ses trois styles","author":[{"name":"E,G "}],"pages":{"first":"198","last":"99"}}},{"host":{"author":[{"name":"Music-Study Fay"}],"pages":{"first":"229","last":"30"}}},{"host":{"author":[{"name":" Ibid"}],"pages":{"first":"237","last":"38"}}},{"host":{"title":"s music a central place throughout his career and treated it with ever more respect, one evidence being his disinclination to make concert transcriptions out of Beethoven's sonatas such as he made out of Schubert's and WebeT's piano music","author":[{"name":" Liszt Gave Beethoven"}]}},{"host":{"title":"Whereas Schubert may be viewed as the prime transmitter of Beethoven's piano sonatas (as I have argued elsewhere) , 98 Liszt stands as the most significant interpreter of these masterpieces in romantic terms","author":[]}},{"host":{"title":"Liszt's interpreting revealed a decided dichotomy between performances of the sonatas that challenged the bounds of \"good taste\" in their liberties, both artistic and technical, and performances remarkable for their fidelity to Beethoven's scores and instructions. The liberties tend to be linked with Liszt's youth w Ibid","author":[],"pages":{"first":"229","last":"30"}}},{"host":{"title":"That BQlow and, presumably, Lust were fully aware of Wagner's views is suggested by the footnote on the first page of the slow movement of Opus 110 in Billow's edition","publicationDate":"1872","author":[{"name":"Richard Wagner"}],"pages":{"first":"176","last":"77"}}},{"host":{"title":"The Sonata since Beethoven","author":[{"name":" Newman"}],"pages":{"first":"192"}}}],"genre":["research-article"],"host":{"title":"The Musical Quarterly","language":["unknown"],"issn":["0027-4631"],"eissn":["1741-8399"],"publisherId":["musqtl"],"volume":"LVIII","issue":"2","pages":{"first":"185","last":"209"},"genre":["journal"],"subject":[{"value":"Articles"}]},"namedEntities":{"unitex":{"date":["1853","1842","1869","1871","1858","1840s","1820","1836","1876","1894","1843","1883","1872","1819","1859","1850","1837","1850s","1877","1873","1972","1838","1840","in the Nineteenth Century","1845","1823","1879","1830s","1841","1828","1868","1830","1870","1857","1846","1870s","1835","1875"],"geogName":["Liszt"],"orgName":[],"orgName_funder":[],"orgName_provider":[],"persName":["Ludwig Nohl","Hector Berlioz","Ashton Ellis","Wangermee","Wilhelm von Lenz","Marie Von","Orth","Franz Liszt","Liszt","Hani Von Billow","Francis Dillon","M. Girard","Lina Ramann","William Mason","Introduction","David Cairns","Czerny","Hans von Billow","Richard Wagner","William S. Newman","David Lloyd-Jones","Clara Wieck","Carl Reinecke","Ernest Sanders","Theodor Pfeiffer","Marie Upsius","Paul Badura-Skoda","L. Bischoff","The","Anton Felix","Rellstab","London Athenaeum","Friedrich Kent","Ilka Horowitz-Bamay","Wilhelm Ernst","Constance Bache","Marie von Bulow","Alexander Siloti","Hans von Biilow","Franz Liszts","Theodor von Frimmel","Alexander Ulibischeff","Jose Vianna","My Memories","Peter Raabe","Walter Bache","Theodore Baker","Marie von Billow","La Mara","Jacques-Gabriel Prod","F. Liszt","August Boissier","Hans von Bulow","A. Gulmer","Rudi Schnitzler","My Life","Amy Fay","Max Pinchard","Eduard Hanslick","Sigmund Lebert","Wilhelm Kienzl","Robert Wangermee","Princess Sayn-Wittgenstein","Richard Pohl"],"placeName":["Leipzig","Berlin","Paris","Germany","Dresden","Moscow","Stuttgart","London","Prague","New York City","Europe","Vienna","Basel","Rome","France","Glinka","Weimar","Ole","Budapest"],"ref_url":[],"ref_bibl":["[1837]","Paris, 1927","New York, 1965","Stuttgart and Leipzig, 1898","Stuttgart, 1926","Zurich, 1961","Paris, 1909","Kassel and Hamburg, 1855","Paris, 1937","Berlin, 1896","Spring, 1969","New York, 1902","New York, 1969","[1853]","London, 1901","Edinburgh, 1913","Northwestern University, 1965","Vienna, 1963","Vienna, 1874","Summer, 1969","[1872]"],"bibl":[]}},"ark":["ark:/67375/HXZ-850NWNJ4-7"],"categories":{"wos":[],"scienceMetrix":["1 - arts & humanities","2 - visual & performing arts","3 - music"],"scopus":["1 - Social Sciences","2 - Arts and Humanities","3 - Music"]},"publicationDate":"1972","copyrightDate":"1972","enrichments":{"type":["multicat","refBibs","teeft","unitex"]},"doi":["10.1093/mq/LVIII.2.185"],"_id":"ADB69ED2989963E1C3D3ED9BF9284DFDD5E35F7E"}