{"corpusName":"cambridge","author":[{"name":"Niall O'Loughlin"}],"articleId":["02604"],"arkIstex":"ark:/67375/6GQ-7FJW1CSZ-6","language":["eng"],"originalGenre":["research-article"],"abstract":"Unlike Beethoven and Bartók, Shostakovich turned to the string quartet comparatively late in his career. He had already reached his Fifth Symphony, in 1937, before the Quartet No. 1 appeared, almost as a diversion—an isolated work composed only on a modest scale. Any influences that it was to have on the later quartets (and these are by no means negligible) could hardly have been foreseen. It was not until after the great Seventh and Eighth Symphonies that Shostakovich really felt the continued creative need for the outlet of the string quartet. Since then this medium has taken a very firm place in his output, and this longlasting creative attention to such an intimate form of expression has brought its rewards both for the composer and for the listener. Indeed, Shostakovich's gradual mastery of form in general and unity in particular is one of the notable features of these works.","qualityIndicators":{"score":7.018,"pdfWordCount":3230,"pdfCharCount":17884,"pdfVersion":1.4,"pdfPageCount":8,"pdfPageSize":"488.88 x 722.88 pts","refBibsNative":true,"abstractWordCount":149,"abstractCharCount":893,"keywordCount":0},"title":"Shostakovich's String Quartets","pii":["S0040298200026048"],"refBibs":[],"genre":["research-article"],"host":{"title":"Tempo","language":["unknown"],"issn":["0040-2982"],"eissn":["1478-2286"],"publisherId":["TEM"],"issue":"87","pages":{"first":"9","last":"16","total":"8"},"genre":["journal"]},"ark":["ark:/67375/6GQ-7FJW1CSZ-6"],"categories":{"inist":["1 - sciences humaines et sociales"]},"publicationDate":"1969","copyrightDate":"1969","enrichments":{"type":["nb"]},"doi":["10.1017/S0040298200026048"],"_id":"7FF0351D056ED15AFB7C22937C216A0CDA8AE344"}