{"corpusName":"oup","keywords":{"teeft":["modern music","musical quarterly","good thing","intellectual appreciation","historical sense","mozart","untold wealth","reasonable person","competent criticism","fulsome flattery","rigorous expert","great composer","present time","mozart trivial","schubert sugary","beethoven tedious","obvious inability","modern spirit","nothing more","many case","many others","certain temperament","ample text","critical interest","various centre","contemporary music","rigid conservative","merest commonplace","eager student","impressive volume","brow history","convention trouble","modern bard","major symphony","long time","subtle thing","lengthy excursus","laurel wreath","ultimate test","sensuous appreciation","delicate blend","mechanical affair","appreciation apprehension","important part","artistic nature","vital matter","vain preoccupation","twentieth century","henry james","human effort","good musician","common ground","simple fact","nothing alarming","accurate assessment","historical faculty","intelligent person","clean slate","larger view","many rich","gain scriabin","large place","strong hand","mere sentimental consideration","interested personality","great stage","unending drama","interminable interest","open view","sanest modernism","vast tapestry","admirable thing","right kind","modern work","real richness","greatest possible benefit","entire world","persuasive accent","fretful modernist friend","musical homer","classical master","infallible being","traditional etiquette","wholesale condemnation","generation set","withholding mark","extreme case","continual sifting","twofold effect","important matter","distinct limitation","fulsome adoration","vain repetition","classical music","injudicious advocate","objectionable defender","liberal movement","progressive tendency","staunch champion","wicked world","unseemly course","unashamed strain","in secret","magic formula","vigorous fibre","contrapuntal style","more modern","many writer","more recent date","note value","many composer","much antagonism","less hostile atmosphere","general acceptance","ephemeral animal","silent witness","latter question","right focus","responsive note","less forlorn","many musical people","cheap disparagement","egotistical superiority","more urgent critical task","true insight","modernism"]},"author":[{"name":"D. C. PARKER"}],"articleId":["VII.1.39"],"arkIstex":"ark:/67375/HXZ-5G4RKSJT-Q","language":["eng"],"originalGenre":["research-article"],"qualityIndicators":{"score":2.27,"pdfWordCount":2220,"pdfCharCount":11345,"pdfVersion":1.2,"pdfPageCount":6,"pdfPageSize":"616 x 800 pts","pdfWordsPerPage":370,"pdfText":true,"refBibsNative":false,"abstractWordCount":0,"abstractCharCount":0,"keywordCount":0},"title":"ARE THE CLASSICS DOOMED?","genre":["research-article"],"host":{"title":"The Musical Quarterly","language":["unknown"],"issn":["0027-4631"],"eissn":["1741-8399"],"publisherId":["musqtl"],"volume":"VII","issue":"1","pages":{"first":"39","last":"44"},"genre":["journal"],"subject":[{"value":"Articles"}]},"namedEntities":{"unitex":{"date":["the twentieth century","1921"],"geogName":[],"orgName":[],"orgName_funder":[],"orgName_provider":[],"persName":["Henry James","Berlioz","Will Beethoven"],"placeName":[],"ref_url":[],"ref_bibl":[],"bibl":[]}},"ark":["ark:/67375/HXZ-5G4RKSJT-Q"],"categories":{"wos":[],"scienceMetrix":["1 - arts & humanities","2 - visual & performing arts","3 - music"],"scopus":["1 - Social Sciences","2 - Arts and Humanities","3 - Music"]},"publicationDate":"1921","copyrightDate":"1921","enrichments":{"type":["multicat","refBibs","teeft","unitex"]},"doi":["10.1093/mq/VII.1.39"],"_id":"53DB17A2B85E8184DCB11E966C9248FF3E6A4842"}