{"corpusName":"oup","keywords":{"teeft":["nineteenth century","choral symphony","centenary","momentary attraction","child building","father slew","small thing","great artist","civilised country","careful scrutiny","accurate text","critical study","highest tribute","executive artist","orchestral conductor","chamber music player","solo pianist","great interpreter","rival reading","clear elucidation","other composer","beethoven aright","george diary","creative artibt","great memory","string quartet party","same need","complete series","pianoforte sonata","piano recital","literary criticism","special honour","good fortune","little pride","substantial share","englishman such","george grove","american such","essential concomitant","large body","beethoven criticism","many facet","greater clearness","enthusiastic friend","tenth symphony","cesar franck","tyle cyclique","third period","bernard shaw","original phrase","eloab late bbbthovbh","similar claim need","composer great","uncomfortable suggestion","mighty furnace","outstanding importance","musical mind","passionate protestation","great revolutionary","symphonic style","esthetic criticism","chronological period","classic standpoint","pore instrumental marie","latter day","possible course","other centenary","innumerable different form","symphonic poem","eolo type","line prefigured","minor scale","serious attention","short passage","late quartet","modo lidico","legitimate excuse","other system","whole broad pattern","sonata form","momentary disturbance","simultaneous tonic","more perspicuous","ninth symphony","posthumous quartet","eighteenth century","tonal principle","harmonic decoration","harmonic detail","comparative simplicity","larger music","dead letter","last century","musical structure","classical design","tone poem","richard strauss","tamely reminiscent","nineteenth century tonal standard","tonal standard","radical seeker","plain song","folk song","reasonable conclusion","conservative group","last day","mature school","modem music","extravagant compliment","edward elgar","same thing","first choral symphony","french assertion","equal potency","choral sjmphony","long list","previous work","similar musical idiom","whole significance","parallel standard","musical prophecy","sufficient sign","pjsaenfc time","peculiar influence","first quarter","similar period","amazing thing","artistic history","sixteenth century","alessandro scarlatti","italian opera","hothouse product","best part","entire century","richest growth","great examplar","technical method","modern composer","musical composition","personal responsibility","mere childishness","absolute truth","early master","ready acceptance","conventional expedient","royal banquet","more surface noise","exalted standard","great product","past century","unflinching sincerity","choral"]},"author":[{"name":"H. C. COLLES"}],"articleId":["VIII.2.104"],"arkIstex":"ark:/67375/HXZ-VZ1CPBBR-8","language":["eng"],"originalGenre":["research-article"],"qualityIndicators":{"score":3.662,"pdfWordCount":2279,"pdfCharCount":11906,"pdfVersion":1.5,"pdfPageCount":5,"pdfPageSize":"477 x 700 pts","pdfWordsPerPage":456,"pdfText":true,"refBibsNative":false,"abstractWordCount":0,"abstractCharCount":0,"keywordCount":0},"title":"A CENTURY OF BEETHOVEN","genre":["research-article"],"host":{"title":"Music and Letters","language":["unknown"],"issn":["0027-4224"],"eissn":["1477-4631"],"publisherId":["musicj"],"volume":"VIII","issue":"2","pages":{"first":"104","last":"108"},"genre":["journal"],"subject":[{"value":"Articles"}]},"namedEntities":{"unitex":{"date":["in the eighteenth century","throughout the nineteenth century","1920","the nineteenth century","nineteenth century","1827","1927","the sixteenth century"],"geogName":[],"orgName":[],"orgName_funder":[],"orgName_provider":[],"persName":["Richard Strauss","G. Bernard","A. W. Thayer","Edward Elgar","Cesar Franck","E. Krehbiel","Bernard Shaw","Gustav Hoist"],"placeName":["Palestrina"],"ref_url":[],"ref_bibl":[],"bibl":[]}},"ark":["ark:/67375/HXZ-VZ1CPBBR-8"],"categories":{"wos":[],"scienceMetrix":["1 - arts & humanities","2 - visual & performing arts","3 - music"],"scopus":["1 - Social Sciences","2 - Arts and Humanities","3 - Music"]},"publicationDate":"1927","copyrightDate":"1927","enrichments":{"type":["multicat","refBibs","teeft","unitex"]},"doi":["10.1093/ml/VIII.2.104"],"_id":"15D9D327D453EF51A5E5BAD4BC45AC6BA105F1B6"}