{"corpusName":"oup","keywords":{"teeft":["beethoven forum","middle period","spitzer","adorno","beethoven monument","such moment","kramer","tonal unity","bureau musical","tobias widmaier","glenn stanley","piano sonata","beethovenian subject","late work","other hand","missa solemnis","early romantic","coherence","disunity","beethoven"]},"author":[{"name":"DANIEL K. L. CHUA"}],"articleId":["80.2.290"],"arkIstex":"ark:/67375/HXZ-PZS06RDG-K","language":["eng"],"originalGenre":["book-review"],"qualityIndicators":{"score":2.328,"pdfWordCount":2278,"pdfCharCount":13273,"pdfVersion":1.2,"pdfPageCount":3,"pdfPageSize":"458 x 704 pts","pdfWordsPerPage":759,"pdfText":true,"refBibsNative":false,"abstractWordCount":0,"abstractCharCount":0,"keywordCount":0},"title":"REVIEWS OF BOOKS","genre":["book-reviews"],"host":{"title":"Music and Letters","language":["unknown"],"issn":["0027-4224"],"eissn":["1477-4631"],"publisherId":["musicj"],"volume":"80","issue":"2","pages":{"first":"290","last":"292"},"genre":["journal"],"subject":[{"value":"REVIEWS OF BOOKS"}]},"namedEntities":{"unitex":{"date":["before the twentieth century","1788","1992","1836","the nineteenth century","1780s","1999","in the nineteenth century","1790s","1787","1846","1765"],"geogName":[],"orgName":[],"orgName_funder":[],"orgName_provider":[],"persName":["Christian Ulrich","Kofi Agawu","Stephen Hinton","Tobias Widmaier","James Webster","Kramer","August Halm","Michael Tusa","Marston","Leopold Mozart","Nicholas Marston","Birgit Lodes","Lee Rothfarb","Forum","Hans Lenneberg","Christopher Reynolds","Glenn Stanley"],"placeName":["Berlin","Paris","Germany","London","Europe"],"ref_url":[],"ref_bibl":["Hi (1982)"],"bibl":[]}},"ark":["ark:/67375/HXZ-PZS06RDG-K"],"categories":{"wos":[],"scienceMetrix":["1 - arts & humanities","2 - visual & performing arts","3 - music"],"scopus":["1 - Social Sciences","2 - Arts and Humanities","3 - Music"]},"publicationDate":"1999","copyrightDate":"1999","enrichments":{"type":["multicat","refBibs","teeft","unitex"]},"doi":["10.1093/ml/80.2.290"],"_id":"D3E813FD76D3BAAEFD4E2AA167E9048655D382A6"}