{"corpusName":"cambridge","author":[{"name":"Norman Del Mar"}],"articleId":["02814"],"arkIstex":"ark:/67375/6GQ-ZF0WH3VT-4","language":["eng"],"originalGenre":["research-article"],"abstract":"It is now fifteen years since Richard Strauss, a legendary figure of 85 years of age, died a tired old man, though inconsequentially enough in the full flush of his third and last surge of fame and inspiration. In the course of a long life of virtually uninterrupted prestige and happiness he had enjoyed the rare experience of seeing the works of his earliest maturity become as much part of the standard orchestral repertoire as the symphonies of Beethoven and Brahms. Yet it is perhaps a little sad to think how shocked the adventurous young composer of the Burleske of 1885, and of the deliberately provocative Aus Italien two years later, would have been had anyone suggested to him that he would one day be content to usurp Brahms's reactionary position as the Last of the Classics.","qualityIndicators":{"score":5.767,"pdfWordCount":2123,"pdfCharCount":11229,"pdfVersion":1.4,"pdfPageCount":4,"pdfPageSize":"488.88 x 722.88 pts","refBibsNative":false,"abstractWordCount":137,"abstractCharCount":788,"keywordCount":0},"title":"Some Centenary Reflections","pii":["S004029820002814X"],"genre":["research-article"],"host":{"title":"Tempo","language":["unknown"],"issn":["0040-2982"],"eissn":["1478-2286"],"publisherId":["TEM"],"issue":"69","pages":{"first":"2","last":"5","total":"4"},"genre":["journal"]},"ark":["ark:/67375/6GQ-ZF0WH3VT-4"],"categories":{"inist":["1 - sciences humaines et sociales","2 - linguistique"]},"publicationDate":"1964","copyrightDate":"1964","enrichments":{"type":["nb","refBibs"]},"doi":["10.1017/S004029820002814X"],"_id":"05E74FA3B5C974EBE604280D939563D8F4404E8C"}