{"corpusName":"oup","keywords":{"teeft":["karajan","scherzo","wind instrument","musical quarterly","berlin philharmonic","sforzando","recording engineer","slow movement","american seating plan","first movement","deutsche grammophon","tempo","woodwind","sound engineer","good taste","tempo change","accidental noise","eighth symphony","modern orchestra","second movement","classical symphony","first violin","other hand","wind choir","minuet","orchestral"]},"author":[{"name":"P.H.L."}],"articleId":["L.1.77"],"arkIstex":"ark:/67375/HXZ-DQDC1173-Q","language":["eng"],"originalGenre":["editorial"],"qualityIndicators":{"score":5.05,"pdfWordCount":5475,"pdfCharCount":30306,"pdfVersion":1.3,"pdfPageCount":14,"pdfPageSize":"432 x 668 pts","pdfWordsPerPage":391,"pdfText":true,"refBibsNative":false,"abstractWordCount":0,"abstractCharCount":0,"keywordCount":0},"title":"EDITORIAL","genre":["editorial"],"host":{"title":"The Musical Quarterly","language":["unknown"],"issn":["0027-4631"],"eissn":["1741-8399"],"publisherId":["musqtl"],"volume":"L","issue":"1","pages":{"first":"77","last":"90"},"genre":["journal"],"subject":[{"value":"EDITORIAL"}]},"namedEntities":{"unitex":{"date":["1964","the 18th century","18th century","1895","the 20th century","the 19th century","19th century"],"geogName":[],"orgName":[],"orgName_funder":[],"orgName_provider":[],"persName":["Mendelssohn","George Szell","European","Hilde Rossl","Walter Berry","La Mer","Punch","Even Beethoven","Leopold Stokowski","Henry Wood","Judy","Klemperer","Felix Weingartner","Herbert von Karajan","Otto Klemperer","Waldemar Kmentt","von Karajan","Weingartner","H. H. Stuckenschmidt","Bruno Walter","Szell","George Grove","Heinrich Christoph","Mil Trompeten","Even Brahms","Stuckenschmidt"],"placeName":["Majdan","Europe","America","Vienna","Amsterdam","York","Cleveland"],"ref_url":[],"ref_bibl":[],"bibl":[]}},"ark":["ark:/67375/HXZ-DQDC1173-Q"],"categories":{"wos":[],"scienceMetrix":["1 - arts & humanities","2 - visual & performing arts","3 - music"],"scopus":["1 - Social Sciences","2 - Arts and Humanities","3 - Music"]},"publicationDate":"1964","copyrightDate":"1964","enrichments":{"type":["multicat","refBibs","teeft","unitex"]},"doi":["10.1093/mq/L.1.77"],"_id":"D1EEB3DC24C3565F8D41D402B9A115B84F5386F1"}