{"corpusName":"sage","keywords":{"teeft":["full band","extra parts","full scores","european music","condensed score","full score","leeds music corp","music comments","historical anthology","modern music","beethoven andante","further reference","date today","high praise","music autographer alfonso pasquale","best days","copperengraving styles","music printing","english translations","individual items","enjoyable reading","charles seeger","roland roycraft","proper approach","gifted child","author challenges","timeworn methods","private piano teacher","psychological bases","natural ability","greatest potentiality","general knowledge","alarming percentage","young music students fall","several case histories","individual personality","musical limitations","extrovert groups","piano materials","mark hindsley","mills music","program notes","victory celebration","meaty themes","folk music","confident declarations sonorously","excellent example","modern american music","david mattern","musical moments","lester brockton","mayhew lake","piano score","interesting material","intermediate grade","training purposes","wide range","band music","felix greissle","michigan band series","staff books","renaissance music","recent publications","score cond","willi apel","vienna parade","historical notes","particular interest","medium difficulty","accurate release","good trumpets","storey triumph","harvard university press","score score","good overture","easy grade","young band","frank coulter","john philip sousa","david bennett","concert band score","other parts","brass choirs","daniel martino wayfaring stranger","ernest lubin","david gornston","concert band","interesting arrangement","quaint american folksong","frank coulter indian dawn","familiar melody","instrumentated moods","explanatory notes","daily life","storey armenian dances","aram khachaturian","american band","ralph satz","inew york","music library","fine program number","tricky rhythms","high woodwinds","good class","rhythmical content","audience appeal","better numbers","caribbean sketch","pedro sanjuan","music division","american union","cuban music","school band","fine concert number","frank coulter piano beethoven","piano solo","easy arrangements","large works","piano solos","smaller numbers","young pupils","other numbers","sight reading assignments","radio audiences"]},"articleId":["10.1177_002743214703300319"],"arkIstex":"ark:/67375/M70-RQNCLRH8-F","language":["eng"],"originalGenre":["review-article"],"qualityIndicators":{"score":3.102,"pdfWordCount":1090,"pdfCharCount":6522,"pdfVersion":1.4,"pdfPageCount":1,"pdfPageSize":"648 x 864 pts","refBibsNative":false,"abstractWordCount":1,"abstractCharCount":0,"keywordCount":0},"title":"Band Music","genre":["review-article"],"host":{"title":"Music Educators Journal","language":["unknown"],"issn":["0027-4321"],"eissn":["1945-0087"],"publisherId":["MEJ"],"volume":"33","issue":"3","pages":{"first":"40","last":"40"},"genre":["journal"]},"namedEntities":{"unitex":{"date":["1947","In the 19th century","1816","1944"],"geogName":[],"orgName":["Leeds Music Corp","Schirmer, Inc","Vocco and Conn, Inc","Rubank, Inc","Sam Fox Publishing Co","Pan American Union","Summy Co.","Sam Fox Publishing Co.","India, China, Japan","Rubank, Inc.","University of Michigan Band Series","Mills Music, Inc"],"orgName_funder":[],"orgName_provider":[],"persName":["Roy Harris","Andrew G. Loney","J. Olivadoti","David Gornston","David Bennett","Harold L. Walters","Felix Greissle","Archibald T. Davison","J. S. Zamecnik","Alfonso Pasquale","John Philip","Pedro Sanjuan","Mark Hindsley","Leopold W. Rovenger","Aram Khachaturian","Division","Historical","Ernest Lubin","Explanatory","Charles Seeger","Roland Roycraft","Ludwig van Beethoven","Lester Brockton","Willi Apel","David Mattern","Frank Coulter","Sidney J. Lawrence","Ralph Satz"],"placeName":["Mass.","United States","Moscow","American","Vienna","Indonesia","Chicago","York"],"ref_url":[],"ref_bibl":[],"bibl":[]}},"ark":["ark:/67375/M70-RQNCLRH8-F"],"publicationDate":"1947","copyrightDate":"1947","enrichments":{"type":["refBibs","teeft","unitex"]},"doi":["10.1177/002743214703300319"],"_id":"E123AFB39BA5C47B64B5C27A848905C07398D69A"}