{"corpusName":"sage","keywords":{"teeft":["music examples","denis","taplinger publishing company","denis matthews","denis arnold","vocal development","bibliography","money order","theodore harrison","complete catalog","song titles","american folksong","young children","roger nichols","various components","prices range","piano accomp","gerald moore","university press","basic skills","santa barbara","organic imagery","hyatt king","john horton","philip barford","philip radcliffe","hugh ottaway","beethoven string quartets","hugh macdonald"]},"articleId":["10.2307_3395651"],"arkIstex":"ark:/67375/M70-TLQFN1XQ-S","language":["eng"],"originalGenre":["other"],"qualityIndicators":{"score":4.623,"pdfWordCount":2611,"pdfCharCount":19646,"pdfVersion":1.5,"pdfPageCount":6,"pdfPageSize":"594 x 861 pts","refBibsNative":false,"abstractWordCount":1,"abstractCharCount":0,"keywordCount":0},"title":"Book browsing","genre":["other"],"host":{"title":"Music Educators Journal","language":["unknown"],"issn":["0027-4321"],"eissn":["1945-0087"],"publisherId":["MEJ"],"volume":"65","issue":"6","pages":{"first":"23","last":"29"},"genre":["journal"]},"namedEntities":{"unitex":{"date":["1979","1840s","the twentieth century","1700","from the fifteenth century","1815","1970s","1950"],"geogName":[],"orgName":["Aspen Institute for Humanistic Studies, and the National Institute of Education","Co-Director State National Bank Plaza Suite","Fairleigh Dickinson University","BBC","CEMREL, Inc.","Mele Lake Publishing Co","FREE INC.","THECOMPOSERPEN CO.","Oxford University","British Broadcasting Corporation","Multivox Corporation","Pillsbury Foundation","American Vocal Maestro","Brigham Young University","Pillsbury Foundation School, Santa Barbara, California"],"orgName_funder":[],"orgName_provider":[],"persName":["Roger Nichols","Donald Pond","Frank Dawes","Dexter Fee","Stanley S. Madeja","James Gibb","Will Come","Mary Louise","L.van Camp","John M. Kennedy","Stanley Sadie","David Cox","Brent Wilson","James Joyce","Maurice Hinson","B. Lutton","Philip Radcliffe","J. E. Brown","Eugene Ysaye","Patrick Piggott","Basil Lam","P.O. Box","Warren Craig","Arnold Whittall","Julian Hochberg","Marjorie Wilson","Joseph Conrad","Charles Rosen","J.S.Bach","Laurence Davies","Jeanne Bamberger","Gilbert Reaney","Martin Engel","Howard E. Gruber","Ronald Kauffmann","Hugh Ottaway","J. A. Westrup","Eric Sams","Susan Bradshaw","Dietrich Fischer-Dieskau","Williams Symphonies","Giovanni Gabrieli","William D. Leyerle","Director","John McCabe","David R. Olson","L. van Camp","Anthony Payne","Joan Chissell","Robert Layton","Denis Matthews","Rosemary Hughes","Harry S. Broudy","F.Handel","Jerome Roche","Elisabeth Schwarzkopf","John Louis","C. A. Lutton","Paul Doe","Charles Osborne","John Ogdon","Denis Arnold","Michael KenConcertos","Irwin W. Ehret","J.S. Bach","E. M. Forster","Howard Ferguson","Eva BaduraSkoda","Robert Simpson","Nancy L. Stein","Philip Barford","D. H. Lawrence","Barbara Wharram","Hugh Macdonald","William Primrose","Anita Silvers","David Brown","Ivor Keys","Vista St","Although","Roger Fiske","W. Ehret","Norman Kay","John Warrack","A. Williams","Charles Scribner","You Wish","My Prince","Sidney J. Lawrence","Education Program","Theodore Harrison","Indiana UniversityPress","John Horton"],"placeName":["D.C.","San Diego","Side","YorkCity","Santa Barbara","Washington","Canada","Zip City","New York City","Burbank","Seattle","St. Racine","Radio City","Toronto","America","CA","York","HI","WI","Cleveland","Palestrina"],"ref_url":[],"ref_bibl":["Moorhead and Pond, 1944","Scarecrow Press, Inc., 1978","University of Texas Press, 1978","University Press of America, 1978","Moorhead and Pond, 1942","CEMREL, Inc., 1978","Amberson Enterprises, Inc., 1978","Moorhead and Pond, 1941","Moorhead, Sandvik, Wight, 1951"],"bibl":[]}},"ark":["ark:/67375/M70-TLQFN1XQ-S"],"publicationDate":"1979","copyrightDate":"1979","enrichments":{"type":["refBibs","teeft","unitex"]},"doi":["10.2307/3395651"],"_id":"2694EA06C17D83355926CE9FFF5A9C95EA9423E5"}