{"corpusName":"oup","keywords":{"teeft":["gramophone","welte","musio","animatic","lamond","waldstein","ampico","waldstein sonata","welte catalogue","leonora overture","other piano sonata","standard tracker","gramophone company","beethoven work","miscellaneous piece","penny rondo","bauer","rondo","sonata"]},"author":[{"name":"SYDNEY GREW"}],"articleId":["VIII.2.290"],"arkIstex":"ark:/67375/HXZ-MR0VS6J5-M","language":["eng"],"originalGenre":["research-article"],"qualityIndicators":{"score":3.14,"pdfWordCount":1757,"pdfCharCount":9502,"pdfVersion":1.5,"pdfPageCount":5,"pdfPageSize":"494 x 711 pts","pdfWordsPerPage":351,"pdfText":true,"refBibsNative":false,"abstractWordCount":0,"abstractCharCount":0,"keywordCount":0},"title":"BEETHOVEN'S MUSIC IN PLAYER-PIANO MUSIC-ROLL AND GRAMOPHONE RECORD","genre":["research-article"],"host":{"title":"Music and Letters","language":["unknown"],"issn":["0027-4224"],"eissn":["1477-4631"],"publisherId":["musicj"],"volume":"VIII","issue":"2","pages":{"first":"290","last":"294"},"genre":["journal"],"subject":[{"value":"Articles"}]},"namedEntities":{"unitex":{"date":["1807","the twentieth century","1890","1910","1927"],"geogName":[],"orgName":["GBXMWB BBBBIDOB A Co.","Ampico, Ltd."],"orgName_funder":[],"orgName_provider":[],"persName":["Xaver Scharwenka","Graf","Arthur Friedheim","Conrad Ansorge","Georges Kiek","Frederick Lamond","Max Pauer","Arthur Bodanzky","Ernest ScheUing","Milton Buskind","Dohnanyi","William Backhaus","Fanny Bloomfield","Willy Eickemeyer","Paula Uts","Max von Pauer","Beethoven","Xaver Soharwenkn","Marguerite Volavy","Teresa Carreflo","Weingartner","Alfred Grunfeld","Albert Stoessel","Maria Carreras","Clarence Adler","Helene Wfldbrunn","Arthur LoeBser","Josef Hofmann"],"placeName":["Columbia","Athens"],"ref_url":[],"ref_bibl":[],"bibl":[]}},"ark":["ark:/67375/HXZ-MR0VS6J5-M"],"categories":{"wos":[],"scienceMetrix":["1 - arts & humanities","2 - visual & performing arts","3 - music"],"scopus":["1 - Social Sciences","2 - Arts and Humanities","3 - Music"]},"publicationDate":"1927","copyrightDate":"1927","enrichments":{"type":["multicat","refBibs","teeft","unitex"]},"doi":["10.1093/ml/VIII.2.290"],"_id":"93A3924D819ECDF9F5F6F9CEF815F24960146FF6"}