{"corpusName":"wiley","keywords":{"teeft":["popular music","pedagogy","popular music pedagogy","oehler","hanley","roll hall","learner","susan oehler","popular music studies","music education","rock hall","jason hanley","pedagogical","historical context","special issue","roll music","education department","broad range","arts education","social studies","popular music styles","public schools","arts education partnership","performance practice","third space","school district","popular music study","national association","historical resources","journalistic texts","legislation hits field trips","lifelong learners","professional development workshops","formal training","various disciplines","fine arts","music educators","language arts","popular music courses","social context","other colleagues","carter family","sunny side","rock hall educators","regular basis","arts educators","international association","east ohio","karen article","andy article","institutional settings","music educators journal","video"]},"author":[{"name":"Susan Oehler","affiliations":["Facing History and Ourselves, Cleveland Regional Office"]},{"name":"Jason Hanley","affiliations":["Rock and Roll Hall of Fame and Museum"]}],"articleId":["JPMS1167"],"arkIstex":"ark:/67375/WNG-HV4W6B56-X","language":["eng"],"originalGenre":["introduction"],"qualityIndicators":{"refBibsNative":false,"abstractWordCount":1,"abstractCharCount":0,"keywordCount":0,"score":7.012,"pdfWordCount":6306,"pdfCharCount":38140,"pdfVersion":1.4,"pdfPageCount":18,"pdfPageSize":"504 x 720 pts","pdfWordsPerPage":350,"pdfText":true},"title":"Perspectives of Popular Music Pedagogy in Practice: An Introduction","genre":["other"],"host":{"title":"Journal of Popular Music Studies","language":["unknown"],"doi":["10.1111/(ISSN)1533-1598"],"issn":["1524-2226"],"eissn":["1533-1598"],"publisherId":["JPMS"],"volume":"21","issue":"1","pages":{"first":"2","last":"19","total":"18"},"genre":["journal"]},"namedEntities":{"unitex":{"date":["2009","2000","1950s","2005","1990s","2006","2007","1970s","2008","1967","2004","1956"],"geogName":[],"orgName":["American Music Master Series","American Historical","Teaching American History","Northeastern University","American Historical Association","See Kaiser Family Foundation","US Department","IASPM-US Conference","Ohio and National Academic Content Standards","American History","Case Western Reserve University","Ford Foundation","Pedagogy Committee Member Dan Cavachi, Kevin J","IASPM-US, SEM","IASPM-US and IASPM","University of Iowa","Cleveland Foundation","Education Department of the Rock and Roll","National Association for Music Education","National Public Radio","American Music Master","An American Journey","MENC"],"orgName_funder":[],"orgName_provider":[],"persName":["Barbara A. Mathews","Elizabeth Babcock","Jeff Todd","Jim Henke","Duke Ellington","Andy Krikun","James Henke","Fernando Jones","Marilyn McArthur","Xavier Rodriguez","Carlos Xavier","Sonia Vasan","My Heart","Popular Music","Jason Hanley","Milton Campbell","Jim Morrison","David Brackett","Melanie Nakovachny","Rock Hall","Emmett G. Price","Education","Daniel Cavicchi","Emmett","Susan Oehler","J. H. Dettmar","Carter Family","Theo Cateforis","Sunny Side","J. S. Bach","Timothy A. Taylor","G. Price","Queen Latifah","Karen Snell","Ludwig van Beethoven","Association","Portia K. Maultsby","Tommy Boy","Berger","Lauren M. Stevenson","Monie Love","Campbell","You Back","Tennessee State","Antonio Carlos","Kevin","Herbert A. Deutsch","H. Dettmar","Staff"],"placeName":["IL","TN.","United States","Washington","Nashville","Canada","DC","Boston","Chicago","MA","Cleveland"],"ref_url":["http://www.kff.org/entmedia/"],"ref_bibl":["Deasy and Stevenson 2005","National Association for Music Education, 2004","April 1991","Hanley and Oehler, 2006","Grier 1991: 35","Bayles 2004: 71"],"bibl":[]}},"ark":["ark:/67375/WNG-HV4W6B56-X"],"categories":{"wos":[],"scienceMetrix":[],"scopus":["1 - Social Sciences","2 - Arts and Humanities","3 - Music"]},"publicationDate":"2009","copyrightDate":"2009","enrichments":{"type":["multicat","refBibs","teeft","unitex"]},"doi":["10.1111/j.1533-1598.2009.01167.x"],"_id":"E1479A52871B0B7A037CA0253134F045FD342F27"}