{"corpusName":"oup","keywords":{"teeft":["sterbas","moral sense","moral idealism","kant","starry heaven","exalted symbol","grandiose narcissism","categorical imperative","actual word","psychological conflict","fundamental sentence","moral choice","inmost thought","theoretical reason","divine order","brother karl","other thing","ideal sense","junge beethoven","beethoven"]},"author":[{"name":"ROBERT L. JACOBS"}],"articleId":["42.3.242"],"arkIstex":"ark:/67375/HXZ-XPRV36VX-8","language":["eng"],"originalGenre":["research-article"],"qualityIndicators":{"score":4.094,"pdfWordCount":4044,"pdfCharCount":21824,"pdfVersion":1.3,"pdfPageCount":10,"pdfPageSize":"413 x 680 pts","pdfWordsPerPage":404,"pdfText":true,"refBibsNative":false,"abstractWordCount":0,"abstractCharCount":0,"keywordCount":0},"title":"BEETHOVEN AND KANT","genre":["research-article"],"host":{"title":"Music and Letters","language":["unknown"],"issn":["0027-4224"],"eissn":["1477-4631"],"publisherId":["musicj"],"volume":"42","issue":"3","pages":{"first":"242","last":"251"},"genre":["journal"],"subject":[{"value":"Articles"}]},"namedEntities":{"unitex":{"date":["1790","the nineteenth century","1961","1786","1787"],"geogName":[],"orgName":[],"orgName_funder":[],"orgName_provider":[],"persName":["von Schaden","In","C. H. Waddington","Bettina Brentano"],"placeName":["Bonn","Vienna","Egypt","Heiligenstadt"],"ref_url":[],"ref_bibl":[],"bibl":[]}},"ark":["ark:/67375/HXZ-XPRV36VX-8"],"categories":{"wos":[],"scienceMetrix":["1 - arts & humanities","2 - visual & performing arts","3 - music"],"scopus":["1 - Social Sciences","2 - Arts and Humanities","3 - Music"]},"publicationDate":"1961","copyrightDate":"1961","enrichments":{"type":["multicat","refBibs","teeft","unitex"]},"doi":["10.1093/ml/42.3.242"],"_id":"270F9071AC04E56C1AA7BB4788C568C4A3FA6B9A"}