{"corpusName":"oup","keywords":{"teeft":["trovatore","aria","manrico","leonora","warhorse","lindenberger","azucena","cabaletta","herbert lindenberger","librettist","garc","ibid","montale","cammarano","rigoletto","verdi","trovador","traviata","budden","gutierrez","trans","duet","italian opera","roger parker","quella pira","chicago press","middle period","entrance aria","oxford university press","david lawton","impresario","critical edition","wolfgang osthoff","roberta montemorra marvin","philip gossett","opera house","studi verdiani","libretto","unsung voice","more authority","male chorus","nothing unheroic","francis toye","oliver sack","julian budden","simon boccanegra","paris version","highbrow lowbrow","anvil chorus","marx brother","high society","second scene","long duet","final moment","musical narrative","greatest singer","great trilogy","librettist cammarano","obstinate blue","isaiah berlin","real life","routine performance","leontyne price","impassioned plea","dolora zajick","verdi mezzo","prima donna","franco corelli","final scene","antonio garc","verdi opera","fabrizio della seta","pierluigi petrobelli","sieghart dohring","original score","performance practice","martin chusid","middle age","marcello conati","cambridge university press","princeton university press"]},"author":[{"name":"Herbert Lindenberger","affiliations":["E-mail: lindenberger@stanford.edu"]}],"articleId":["kbp024"],"arkIstex":"ark:/67375/HXZ-0GCJSF2C-F","language":["eng"],"originalGenre":["research-article"],"qualityIndicators":{"score":6.383,"pdfWordCount":11015,"pdfCharCount":62331,"pdfVersion":1.5,"pdfPageCount":27,"pdfPageSize":"504 x 720 pts","pdfWordsPerPage":408,"pdfText":true,"refBibsNative":false,"abstractWordCount":0,"abstractCharCount":0,"keywordCount":0},"title":"Anatomy of a Warhorse: Il trovatore from A to Z","genre":["research-article"],"host":{"title":"The Opera Quarterly","language":["unknown"],"issn":["0736-0053"],"eissn":["1476-2870"],"publisherId":["operaq"],"volume":"25","issue":"1-2","pages":{"first":"97","last":"123"},"genre":["journal"]},"namedEntities":{"unitex":{"date":["1963","2000","1869","1840s","1941","during the twentieth century","1986","1975","1920s","1859","1960s","1850s","1866","1976","1884","1930s","2009-11-03","1851","in the Nineteenth Century","nineteenth century","1830s","19th Century","1846","2004","1956"],"geogName":[],"orgName":["Italy of Verdi","Princeton University","Stanford University","Cornell University","Avalon Foundation Professor of Humanities Emeritus","English National Opera Guide No","American Taxicab Company","Italy and France","Tonal Organization of Il"],"orgName_funder":[],"orgName_provider":[],"persName":["Richard Bonynge","Alison Latham","Robert Hillman","Mazzucato","Sigrid Wiesmann","Livia Serpieri","G. Ricordi","Francis Toye","Carolyn Abbate","Carlo Matteo","La Terra","Susan Stewart-Steinberg","David J. Levin","Linda Hutcheon","El Trovador","Herald Tribune","Oliver Sacks","Jane F. Fulcher","Enrico Tamberlick","Jeongwon Joe","Herbert Lindenberger","Adorno","Daniel J. Levitin","Simon Bocanegra","Marco Marica","Mary Jane","Rose Theresa","Jonathan Keates","Gilda Roberts","David Levin","Joseph Kerman","Irma Brandeis","Paul Robinson","Wolfgang Osthoff","Victor Hugo","David Young","Richard Wagner","Eugenio Montale","B. Adams","Antonio Garc","Luchino Visconti","Michael Hutcheon","Lawrence W. Levine","Ugo Piovano","Maria Callas","Simon Boccanegra","Roberta Montemorra","Lonardi","Dana Gioia","Unless","Judith Green","Gianfranco Contini","Sieghart Dohring","Marx Brothers","Gabriele Baldini","Carlo Baucarde","Rosanna Bettarini","Marcello Conati","Luciano Pavarotti","Groucho","Alan Ackerman","Fiorenza Cossotto","Jonathan Galassi","Giovanni Tebaldini","Victoria Johnson","Paul Moor","Parker","Charles Wright","Bernard Williams","Gilles de Van","Verdi","Martin Chusid","Michael P. Steinberg","La Juive","Deborah Crisp","Giuseppe Verdi","Alberto Mazzucato","Martin Puchner","Claypool","To","Isaiah Berlin","Roger Parker","Don Carlos","Julian Budden","Will Crutchfield","Thomas Ertman","Riccardo Muti","Franz Mahler","Emanuele Bardare","Bernard Shaw","Franz Werfel","Elena Obratzova","Joan Sutherland","Richard Stokes","Jean-Louis Picoche","Margaret Dumont","James Hepokoski","Salvatore Licitra","Emanuele Senici","Or Beethoven","Philip Gossett","Hudson Review","Lucia di Lammermoor","Giovanni Martinelli","Vinod Menon","Dan H. Laurence","Josepha Hofer","David Rosen"],"placeName":["Stanford","Venice","Germany","United States","Munich","Austria","La Spezia","Seattle","Europe","Milan","Los Angeles","America","Vienna","San Francisco","Rome","CA","York","Hollywood","Florence","France","Weimar","Cambridge","Italy","Spain"],"ref_url":[],"ref_bibl":["Florence: Olschki, 2003","Chicago: University of Chicago Press, 2006","Chicago: University of Chicago Press, 1998","New York: Knopf, 1931","Parma: Instituto Nazionale di Studi Verdiani, 2001","Bologna: Il Mulino, 2003","New York: Harper & Row, 1985","London: Hogarth Press, 1991","Chicago: University of Chicago Press, 1992","London: John Calder, 1983","New York: Oxford University Press, 1978","New York: Orion, 1970","Chicago: University of Chicago Press, 1997","Berkeley: University of California Press, 2006","New York: Routledge, 2002","Verdi 2001","London: Palgrave Macmillan, 2006","Cambridge: Cambridge University Press, 1980","Milan: Rugginente, 2001","Madrid: Alhambra, 1979","February 1984","Oxford: Oxford University Press, 2001","New York: Knopf, 1956","Oxford: Oxford University Press, 1993","Bremen: Carl Schunemann Verlag, 1986","Cambridge: Harvard University Press, 1988","Chicago: University of Chicago Press, 2007","New York: Knopf, 2007","Turin: Giulio Einaudi, 1980","Cambridge: Cambridge University Press, 2007"],"bibl":[]}},"ark":["ark:/67375/HXZ-0GCJSF2C-F"],"categories":{"wos":[],"scienceMetrix":[],"scopus":["1 - Social Sciences","2 - Arts and Humanities","3 - Music"]},"publicationDate":"2009","copyrightDate":"2009","enrichments":{"type":["multicat","refBibs","teeft","unitex"]},"doi":["10.1093/oq/kbp024"],"_id":"91ADBB539535253B823CD5A3CE40EC513DE933D6"}