{"corpusName":"sage","keywords":{"teeft":["serious music","wnyc","soap operas","comic strip","radio stations","american radio","imaginary characters","soap opera","true state","single broadcast","standards success","symphony orchestra","wednesday evenings","thursday night","symphony orchestra programs","saturday afternoons","boston symphony broadcasts","tuesday evenings","respectful silence","other words","precise moment","york area","municipal building","thin tape","radio supplies","hillbilly music","american people","many people","particular program","miracle beethoven","musical broadcast","hooper rating","york city","mental level","short facts","same effect","imaginary character","ideal world","same fervor","imiaginary character","documentary movie","recent world","visible reaction","golf player","human lives","music educators fournal","many broadcasts","little room","imaginary baby","genuine proposals","intellectual level","american radio audience","mere continuted existence","radio advertising","quick transition","much interest","mozart symphony","beethoven violin concerto","inexpensive product","mass sales","expensive symphony orchestra","symphonic program","inexpensive soap opera","tremendous mass audience","receptive people","same question","mere fact","competitive world","first duty","much profit","biggest value","entire field","band instruments","musical programs","smaller ones","station wnyc","tremendous masses","noncommercial station","entire country","late date","wednesday nights","distributors rarg dinner","beautiful moore","designs colors","appropriate fabrics","comwrite today plete booklet","dakin street","fire candlelight services","candle pipe","plastic flame","color disc","colored lights","largest colleges","sample strayline products","pedlerin tune","whole section","many bandmasters","pedler abill","company indiana elkhart","fine woodwinds","orchestral participation","young string players","music educators journal","eilectronome statndard","writtn guarantee","perfect musicrooms equipment","floor plans","more reason","rapid disappearance","better things","radio programs","slightest hint","foremost conductors","unhackneyed music","magnificent series","nationwide broadcasting","many letters","radio program","intellectual listener","actual situation","level broadcasts","small minority","terrific minority","quality programs","better programs","david randolph","staff member","radio station ivync","lewisohn stadium intermission","executive board","connecticut music educators association","music educators journa"]},"articleId":["10.2307_3387586"],"arkIstex":"ark:/67375/M70-NSJZR7N4-0","language":["eng"],"originalGenre":["other"],"qualityIndicators":{"score":4.164,"pdfWordCount":2152,"pdfCharCount":12016,"pdfVersion":1.6,"pdfPageCount":3,"pdfPageSize":"612 x 879 pts","refBibsNative":false,"abstractWordCount":1,"abstractCharCount":0,"keywordCount":0},"title":"The Round Table","genre":["other"],"host":{"title":"Music Educators Journal","language":["unknown"],"issn":["0027-4321"],"eissn":["1945-0087"],"publisherId":["MEJ"],"volume":"38","issue":"2","pages":{"first":"48","last":"50"},"genre":["journal"]},"namedEntities":{"unitex":{"date":["1951"],"geogName":[],"orgName":["Executive Board of Connecticut Music Educators Association","Strayline Products Co."],"orgName_funder":[],"orgName_provider":[],"persName":["S.Wabash","N. Y. MnREUu","Randolph","E. Jackson","N. Y. Ferry"],"placeName":["Chicago","York"],"ref_url":[],"ref_bibl":[],"bibl":[]}},"ark":["ark:/67375/M70-NSJZR7N4-0"],"publicationDate":"1951","copyrightDate":"1951","enrichments":{"type":["refBibs","teeft","unitex"]},"doi":["10.2307/3387586"],"_id":"5201B9C49A370FD622F01A810C2311B3D9ECF6D4"}