{"corpusName":"oup","keywords":{"teeft":["programme","hackneyed","beethoven concerto","british isle","henry wood","musical critic","hackneyed music","other country","second class","piano concerto","other composer","concert chopin","curious question","many people","sentimental popular music","tchaikovsky symphony","puccini opera","same accusation","vocal epic","beautiful outpouring","homely sentiment sonny","real leader","beethoven appeal","more fastidious","emotional meaning","music more","musical comedy","last week","different meaning","different people","river sonny","great music","business instinct","good example","german paper","bome musical importance","first performance","german city","anything stale","frequent repetition","russian programme","continental city","musical person","great many unmusical one","earnest young english admirer","musical centre","local committee","russian work","other part","young woman","ring right","whole tetralogy","little experience","promenade concert","professional musician","important lancashire town","london hackneyed music","repetition frequent","classical repertory","minor symphony","native town","tchaikovsky vogue","musical criticism","sixth symphony","more respectful word","similar figure","fifth symphony","unfortunate musical critic","time thousand","more people","same condition","mozart symphony","same parlous state","young people","hearing much music","constant btream","music lover","worti hackneyed","anything operatic","great masterpiece","english city","annual allowance","generous diet","musical digestion","general rule","people tire","last year","unprecedented success","opera jonny spielt","best possible expression","extreme instance","longest life","definite characteristic","local condition","great deal","musical public","homely metaphor","toujours perdrix","little further","rate more","external characteristic","other word","other country exotic","flavoured music","certain amount","russian music","british ear","incisive rhythm","latin race","short time","national music","german operagoer","immortal french","italian opera","german opera","greatest work","familiar composition","safest criterion","first class","richard strauss","tenth class","same test","whole matter","word hackneyed","constant appeal","remainder biscuit","worst class","orchestral concert","tchaikovsky"]},"author":[{"name":"A. KALISCH"}],"articleId":["X.1.299"],"arkIstex":"ark:/67375/HXZ-XSJL0218-5","language":["eng"],"originalGenre":["research-article"],"qualityIndicators":{"score":3.367,"pdfWordCount":1984,"pdfCharCount":9865,"pdfVersion":1.5,"pdfPageCount":5,"pdfPageSize":"470 x 698 pts","pdfWordsPerPage":397,"pdfText":true,"refBibsNative":false,"abstractWordCount":0,"abstractCharCount":0,"keywordCount":0},"title":"HACKNEYED MUSIC","genre":["research-article"],"host":{"title":"Music and Letters","language":["unknown"],"issn":["0027-4224"],"eissn":["1477-4631"],"publisherId":["musicj"],"volume":"X","issue":"3","pages":{"first":"299","last":"303"},"genre":["journal"],"subject":[{"value":"Articles"}]},"namedEntities":{"unitex":{"date":["1929"],"geogName":["Ole Man River"],"orgName":[],"orgName_funder":[],"orgName_provider":[],"persName":["Richard Strauss","Sonny Boy","Henry Wood"],"placeName":["Lancashire","Germany","London","England"],"ref_url":[],"ref_bibl":[],"bibl":[]}},"ark":["ark:/67375/HXZ-XSJL0218-5"],"categories":{"wos":[],"scienceMetrix":["1 - arts & humanities","2 - visual & performing arts","3 - music"],"scopus":["1 - Social Sciences","2 - Arts and Humanities","3 - Music"]},"publicationDate":"1929","copyrightDate":"1929","enrichments":{"type":["multicat","refBibs","teeft","unitex"]},"doi":["10.1093/ml/X.3.299"],"_id":"75A06185608436501609480EB1D8B31DE20F5DD7"}