{"corpusName":"cambridge","author":[{"name":"Stephen Pruslin"}],"articleId":["02883"],"arkIstex":"ark:/67375/6GQ-HBMKNX84-J","language":["eng"],"originalGenre":["research-article"],"abstract":"If one were seeking a metaphor for Ave Mavis Stella from among one's familiar musical experience, all the signs would point to a late Beethoven quartet. Of course the analogy between a string quartet and a sextet of mixed timbre is not literal, while the comparison of a work not yet two years old with some of the most visionary pieces ever written could be misconstrued, even if one swore it was only for analytical purposes as one was dragged screaming away to serve a five-year term for pretentiousness. But fortunately real affinity among composers and between pieces of music is not a function of our historical neuroses, and there are encouraging signs that sensitive and aware listeners can hear that it is not. One such friend of mine, having just heard Ave Maris for the second time, remarked that the first hearing some months earlier had thrown him into a kind of ‘2001’ outer space, while at the second hearing he realized he was listening to an absolutely classical piece of chamber music. In fact, as we will see, his two statements are very far from antithetical. At any rate, there is every reason to hope that such a listener, given a finite number of further hearings, would himself make the jump from ‘an absolutely classical piece of chamber music’ to ‘a late Beethoven quartet’ without any difficulty.","qualityIndicators":{"score":7.191,"pdfWordCount":2443,"pdfCharCount":13863,"pdfVersion":1.4,"pdfPageCount":7,"pdfPageSize":"488.88 x 722.88 pts","refBibsNative":false,"abstractWordCount":229,"abstractCharCount":1323,"keywordCount":0},"title":"The Triangular Space: Peter Maxwell Davies's ‘Ave Maris Stella’","pii":["S0040298200028837"],"genre":["research-article"],"host":{"title":"Tempo","language":["unknown"],"issn":["0040-2982"],"eissn":["1478-2286"],"publisherId":["TEM"],"issue":"120","pages":{"first":"16","last":"22","total":"7"},"genre":["journal"]},"ark":["ark:/67375/6GQ-HBMKNX84-J"],"categories":{"wos":[],"scienceMetrix":[],"scopus":["1 - Social Sciences","2 - Arts and Humanities","3 - Music"],"inist":["1 - sciences humaines et sociales"]},"publicationDate":"1977","copyrightDate":"1977","enrichments":{"type":["multicat","nb","refBibs"]},"doi":["10.1017/S0040298200028837"],"_id":"B4BCA08647390251E49716995C3EA631BEEE4B69"}