{"corpusName":"oup","keywords":{"teeft":["kipnis","aria","alexander kipnis","conductor performance","william albright","tristan","boris godunov","russian folk song","simon boccanegra","pearl gemm","qualiton import","verdi requiem","nicola moscona","chorus bruno walter","chorus george szcll","high note","opera quarterly","february metropolitan opera historic broadcast series","eugene onegin","prince igor","russian aria","maiden fair","russian song","metropolitan opera guild","metropolitan opera archive","schubert song","simon boccancgra","liner note","vcspri siciliani","acoustical horn","alexander kipnis ariasfromfaust","john gurney metropolitan opera orchestra","alexander kipnis aria","king mark","carlo"]},"author":[{"name":"WILLIAM ALBRIGHT"}],"articleId":["8.2.102"],"arkIstex":"ark:/67375/HXZ-G489HGDF-1","language":["eng"],"originalGenre":["research-article"],"qualityIndicators":{"score":3.983,"pdfWordCount":3933,"pdfCharCount":23476,"pdfVersion":1.3,"pdfPageCount":13,"pdfPageSize":"622 x 800 pts","pdfWordsPerPage":303,"pdfText":true,"refBibsNative":false,"abstractWordCount":0,"abstractCharCount":0,"keywordCount":0},"title":"Kipnis on Disc","refBibs":[{"host":{"title":"The Grand Tradition (New vowel in the word^/Sci)","author":[{"name":"J,B Stcanc"}]}},{"host":{"title":"Sec my review of this performance in","publicationDate":"1974","author":[{"name":"Charles York"},{"name":" Scribncr 's Sons"}],"pages":{"first":"219","last":"3"}}},{"host":{"title":"It 1990), p. 161. is surprising that CrutchficlcFs awareness does +. Crutchficld, liner notes, The Best of not encompass one of the most famous of all Kipnis","author":[{"name":"Will Crutchficld"}]}},{"host":{"title":"Drake, of Schubert's \"Dcr Wanderer","publicationDate":"1974","author":[],"pages":{"first":"82"}}}],"genre":["research-article"],"host":{"title":"The Opera Quarterly","language":["unknown"],"issn":["0736-0053"],"eissn":["1476-2870"],"publisherId":["operaq"],"volume":"8","issue":"2","pages":{"first":"102","last":"114"},"genre":["journal"],"subject":[{"value":"Articles"}]},"namedEntities":{"unitex":{"date":["1946","1936","1930s","1943","1944","78s","1991","1945"],"geogName":[],"orgName":["Qualiton Imports, Ltd."],"orgName_funder":[],"orgName_provider":[],"persName":["Feodor Koenemann","George SzelL","Wolfgang Rose","Siegfried Wagner","John Garris","James A. Drake","John Steane","Jack Horner","Donna Anna","Feodor Chaliapin","George Szcll","King Philip","Bruna Castagna","Donna Elvira","Hans Sachs","Simon Boccancgra","Hugo Wolf","Ezio Pinza","Richard Wagner","Don Pizarro","Boris Godunop","Simon Boccanegra","Hans Hotter","Charles Kullman","Nicola Moscona","Janssen Hermann","Boris Godunov","Robert Sherman","Don Giovanni","Ilya Tamarin","Kenneth Furie","King Went","Bartolo","Don Ottavio","Eugene Oncgin","Igor","Jarmila","Nicolai Berezovsky","Wolf Society","Gremin","Melchior Isolde","King Henry","Mack Harrell","Eugene Onegin","King Mark","Ludwig van Beethoven","Bruno Walter","Don Carlo","J. B. Stcanc","Julius Huehn","Lev Knippcr","Emery Darcy","Rose Bampton","Carl Hartmann","Marita Fareil","V. WolPs","Darcy Shepherd","Lauritz Melchior","Alexander Kipnis","Will Crutchficld","My Homeland"],"placeName":["Columbia","Hagen","Halle","Windsor","Flagstad","Lcinsdorf","Lemsdorf","Bayreuth","Chicago","York","Stockholm","Osie"],"ref_url":[],"ref_bibl":["Spring 1990","New York; Charles Scribncr's Sons, 1974"],"bibl":[]}},"ark":["ark:/67375/HXZ-G489HGDF-1"],"categories":{"wos":[],"scienceMetrix":[],"scopus":["1 - Social Sciences","2 - Arts and Humanities","3 - Music"]},"publicationDate":"1991","copyrightDate":"1991","enrichments":{"type":["multicat","refBibs","teeft","unitex"]},"doi":["10.1093/oq/8.2.102"],"_id":"F6BAE0879F9AF4E119D8C262F66F50792B03BEC4"}