{"corpusName":"sage","keywords":{"teeft":["guido","atheneum","other spirituals","legless pianos","spare tale","richard ammon richard ammon","ashley bryant","pennsylvania state university","block prints","little light","full piano scores","chord notations","guitar accompaniment","creation ends","similar songs","gospel songs","artistic gifts","relegate spirituals","black history month","christian origins","states supreme court","ascd panel","sacred text","picture books","houghton mifflin","picture book","brief biography","guido author","illustrator susan","evocative collage","associate professor emeritus","first millennium","italian town","fearful consequences","musical notes","fellow monks","fellow monk","brother michael","musical notation","beethoven schwartz","many musicians","jonah winter","sparse information","separate facts","subject matter","great works","readers reasons","whimsical watercolors","barry blitt","difficult character","lovable composer","karen lefrak","delightful picture book","philharmonic orchestra","black mutt","percussion instruments","hearing thunder","marcin baraski","cosmopolitan magazine","musical instruments","lincoln center"]},"author":[{"name":"Richard Ammon","affiliations":["Pennsylvania State University,","E-mail: RXA7@psu.edu"]}],"articleId":["10.1177_10483713070200030106"],"arkIstex":"ark:/67375/M70-MBQH48MW-M","language":["eng"],"originalGenre":["research-article"],"qualityIndicators":{"score":2.789,"pdfWordCount":777,"pdfCharCount":4480,"pdfVersion":1.4,"pdfPageCount":2,"pdfPageSize":"612 x 792 pts (letter)","refBibsNative":false,"abstractWordCount":1,"abstractCharCount":0,"keywordCount":0},"title":"From the Bookshelf","genre":["research-article"],"host":{"title":"General Music Today","language":["unknown"],"issn":["1048-3713"],"eissn":["1931-3756"],"publisherId":["GMT"],"volume":"20","issue":"3","pages":{"first":"26","last":"27"},"genre":["journal"]},"namedEntities":{"unitex":{"date":["2007"],"geogName":[],"orgName":[],"orgName_funder":[],"orgName_provider":[],"persName":["Barry Blitt","Ludwig van Beethoven","Marcin Baraski"],"placeName":[],"ref_url":[],"ref_bibl":["Atheneum, 1982","Atheneum, 1991","Atheneum, 1974"],"bibl":[]}},"ark":["ark:/67375/M70-MBQH48MW-M"],"publicationDate":"2007","copyrightDate":"2007","enrichments":{"type":["refBibs","teeft","unitex"]},"doi":["10.1177/10483713070200030106"],"_id":"5E667B3719BCA3C9FF480AB96E85EFF5A09C6BD7"}