{"corpusName":"oup","keywords":{"teeft":["kreutzer","last movement","first movement","violin sonata","first note","anything beethoven","second theme","sonata","adagio"]},"author":[{"name":"JELLY D'ARANYI"}],"articleId":["VIII.2.191"],"arkIstex":"ark:/67375/HXZ-H07B3TBB-C","language":["eng"],"originalGenre":["research-article"],"qualityIndicators":{"score":4.122,"pdfWordCount":2739,"pdfCharCount":12919,"pdfVersion":1.5,"pdfPageCount":7,"pdfPageSize":"479 x 700 pts","pdfWordsPerPage":391,"pdfText":true,"refBibsNative":false,"abstractWordCount":0,"abstractCharCount":0,"keywordCount":0},"title":"THE VIOLIN SONATAS","genre":["research-article"],"host":{"title":"Music and Letters","language":["unknown"],"issn":["0027-4224"],"eissn":["1477-4631"],"publisherId":["musicj"],"volume":"VIII","issue":"2","pages":{"first":"191","last":"197"},"genre":["journal"],"subject":[{"value":"Articles"}]},"namedEntities":{"unitex":{"date":["1799","1823","1812","1927"],"geogName":[],"orgName":[],"orgName_funder":[],"orgName_provider":[],"persName":["Beethoven","Michael Angelo"],"placeName":["St. Francis","Assisi","St. Clara"],"ref_url":[],"ref_bibl":[],"bibl":[]}},"ark":["ark:/67375/HXZ-H07B3TBB-C"],"categories":{"wos":[],"scienceMetrix":["1 - arts & humanities","2 - visual & performing arts","3 - music"],"scopus":["1 - Social Sciences","2 - Arts and Humanities","3 - Music"]},"publicationDate":"1927","copyrightDate":"1927","enrichments":{"type":["multicat","refBibs","teeft","unitex"]},"doi":["10.1093/ml/VIII.2.191"],"_id":"32D8567967FCB91F188324EAAB294B290D65FD60"}