{"corpusName":"oup","keywords":{"teeft":["missa solemnis","missa","solemnis","nottebohm","leipzig","trombone","incarnatus","tremolo","sanctus","dona","agnus","musical quarterly","fugato","dorian","nobis","kirkendale","georg","benedictus","orchestral mass","first mass","dona nobis","iconographical","omnipotens","battaglia","gregorian","holy ghost","cappella","migne","topos","messe","conversation book","gloria","fanfare","flute","sixteenth century","gregorian melody","long note","last judgment","credo motif","second mass","elevation music","out peace","eighteenth century","pastoral mass","michael haydn","slow movement","string quartet opus","beethoven","solo violin","erit finis","military fanfare","little doubt","similar effect","zweite beethoveniana","first episode","leopold hofmann","iconographical tradition","sacred music","orchestral","opus","elevation","haydn","hora decima","solo voice","fourth mass","domine deus","orchestral introduction","ninth symphony","dorian melody","earliest sketch","early nineteenth century","alexander wheelock thayer","dorian mode","wiener messenkomposition","fanfare melody","lydian mode","credo cycle","dexteram patris","composer such","flute trill","beethoven ltben","traditional role","warren kirkendale","monotone declamation","archduke rudolph","vitam venturi saeculi","first reviewer","title page","topfer altar","tower music","emperor henry","unum deum","organ music","caeremoniale episcoporum","sweet sound","pericope book","private prayer","third mass","kirchenmusikalisches jahrbuch","such piece","nomine domini","missa concertata","pater omnipotens","miserere nobis","ursula kirkendale","rhetorical figure","twelfth century","slow tempo","nineteenth century","battle symphony","ferdinand ries","bitte gott","much more","credo","ludwig","trumpet"]},"author":[{"name":"WARREN KIRKENDALE"}],"articleId":["LVI.4.665"],"arkIstex":"ark:/67375/HXZ-JQ6H58Q9-1","language":["eng"],"originalGenre":["research-article"],"qualityIndicators":{"score":5.05,"pdfWordCount":13207,"pdfCharCount":75453,"pdfVersion":1.3,"pdfPageCount":37,"pdfPageSize":"437 x 676 pts","pdfWordsPerPage":357,"pdfText":true,"refBibsNative":false,"abstractWordCount":0,"abstractCharCount":0,"keywordCount":0},"title":"NEW ROADS TO OLD IDEAS IN BEETHOVEN'S MISSA SOLEMNIS","refBibs":[{"title":"Othmar Wessely's valuable contribution Btethoven-Studien. Festgabe dtr Osterreichischen AkademU der Wissenschajttn turn 200","author":[{"name":"M Cf"}],"publicationDate":"1970","host":{"title":"Zur Geschichte des Equals","publicationDate":"1970","author":[],"pages":{"first":"341","last":"60"}}},{"title":"XXII (1969), 72f. The function of Beethoven's movement was easily recognized by Seyfried in bis review of 1828Arutatt des wahrend der Consecration vorgeschriebenen Orgelspiels, hat unser Componut eigens ein Praludium","author":[{"name":"M,W Kirkendale"},{"name":" Fuge"},{"name":" Fugato"}],"host":{"title":"The Uses of the Sonata da Chiesa","author":[],"pages":{"first":"86","last":"227"}}},{"title":"Die Elevation in der Messe Ludwig Eisenhofer, Handbuch dtr katholischen Liturgik (Freiburg, 1933), II, 163. lw E. g., the flute in Leopold Mozart's Mass in C Fox, 1963) and in Albrechtsberger's Missa in C pro coronatione Francisci II Buda* piragenda (1792, Weissenback no. 97); the viola in Michael Haydn's Missa solemnis in G (Klafsky no. I, 38","author":[{"name":"Le Cf"},{"name":" Brun"}],"publicationDate":"1929","host":{"title":"VI); and the violin and cello in Salieri'f Mass in D (see Nutzlader","publicationDate":"1929","author":[],"pages":{"first":"480","last":"400"}}},{"author":[],"host":{"title":"\"*E. g., the \"Orgelmessen\" of J. Haydn (1766 and ca. 1775), Mozart K. 259 (1776), M. Haydn (1805, Klafsky no. I, 24), and Albrechtsberger (1796 and 1801","author":[]}},{"title":"Battaglia\" music had an uninterrupted existence until far into the nineteenth century, and Beethoven himself contributed his \"Battle Symphony\" for Wellington's victory, a work frequently underestimated when considered apart from its genre. And as early as 1809, when the French 1U AnonymousWin der Tonsetzer mit dieier Phrase eigentlich beabsichtigt habe, moge schwer zu entziffern seynWaJ ubrigens die wunderliche Trompeten-Fanfarre , das eingemengte Recitativ, der fugirte, den Ideenfluss nur storende Instrumental-Satz","author":[{"name":"Alexander Wheelock Thayer"}],"host":{"title":"AUgtmtim Musikalischt ZiUung","author":[],"volume":"440","pages":{"first":"142","last":"149"}}},{"host":{"author":[{"name":"Pl Migne"},{"name":" Lv"}],"pages":{"first":"21","last":"156"}}},{"title":"Friede und Krieg in altlurchlicher Liturgie","author":[{"name":"Anton Cf"},{"name":" Baumstark"}],"publicationDate":"1915","host":{"title":"Hoch@BULLETland .Xllin","publicationDate":"1915","author":[],"pages":{"first":"257","last":"70"}}},{"host":{"title":"Libir dtam missarum, a collection published by Jacques Moderne","author":[],"pages":{"first":"1532","last":"1540"}}},{"host":{"title":"Anerio's immensely popular Missa d* la battaglia, Lappi's Missa sopra~ la battaglia, Banchieri's Missa victoria, Straus's Masses ad modum tubarum and cum tympanis ac 5 tubis camptstribus","author":[]}},{"title":"Die Behandlung des Credo ist in der That ungewohnlich und hochst originell; sowohl die Grundtonart, B dur, alj das Zeitmaau wird oft, vielleicht etwai gar zu oft gewechselt, und da> Ohr ist beynahe kaum vermogend, den raschen Wechjel aufzufassenDer oftmalige, doch wohl gar zu haufige, unmotivierte Wechjel des Zeitmaastes, der Ton-und Tactarten, gibt ein zerstucktes Bild . . . und erzeugt gewisiermasen jenes beengende Gefiihl, so aus Mangel an Einheit, aus der gleichsam bios rhapiodiichen Behandlungi-Weise ni entipringen pflegt","author":[],"publicationDate":"1825","host":{"title":"1W Anonymous, AUtgmemt Musikalische Zeitung, XXVI (1824)","publicationDate":"1825","author":[],"pages":{"first":"44","last":"86"}}},{"host":{"title":"Eilatui\" from \"pilo\": \"pilato — pilo berauben , plundem, mit Wurfspieis venehen pilatus\"; manuscript in D-Bds. quoted by Thayer","author":[],"pages":{"first":"124","last":"1819"}}},{"title":"He pursued a similar intention in other late works, especially in the Grout Fugt; cfThe 'Great Fugue Ada musUologua","author":[{"name":"W Kirkendale"}],"publicationDate":"1963","host":{"title":"Op","publicationDate":"1963","author":[],"volume":"133","pages":{"first":"14","last":"24"}}},{"host":{"title":"I wish to thank Theophil Antonicek for kindly searching for Kanne's manuscript for me in the major Viennese libraries, including the remains of the Zensur- archiv","author":[]}},{"title":"393-95, 401-5. His remark on the \"adoramus\" accords with Beethoven: a composer \"wird einen desto schoneren Contrast zu bilden im Stande seyn, wenn er die Stelle 'adoramus te' mit dem Schauder heiliger Andacht ausdriicktWir meinen, man soil den Sinn des aus Worten bestehenden ganzen Satzes zu einer Richtschnur nehmen, & darnach seine Musik componieren","author":[{"name":"* » Augemsint Musikalische Zeitung"},{"name":"I Vienna"}],"publicationDate":"1818","host":{"title":"His subsequent words on the setting of the Mass recall the attitude of Galilei and Doni","publicationDate":"1818","author":[]}},{"host":{"title":"769-71, 787-90, 801-3, 811-13, 821-23, 833-37. The sentence \"Ja selbst der von einer Krankheit Genesende fangt an zu singen, sobald er sich wieder seiner Kraft bewusit wird\" (p. 836), may have influenced Beethoven's formulations","author":[{"name":" Convtrsationsblatt"},{"name":"Iii Zeitschrift Fur Wisstnschaftliche Unterhaltung"},{"name":" Vienna"}]}}],"genre":["research-article"],"host":{"title":"The Musical Quarterly","language":["unknown"],"issn":["0027-4631"],"eissn":["1741-8399"],"publisherId":["musqtl"],"volume":"LVI","issue":"4","pages":{"first":"665","last":"701"},"genre":["journal"],"subject":[{"value":"Articles"}]},"namedEntities":{"unitex":{"date":["Since the sixteenth century","1818","1820","eighteenth century","1970","since the second century","in the fifteenth century","1825","1628","1630","1819","before the nineteenth century","in the eleventh and twelfth centuries","1808","the nineteenth century","seventeenth century","1774","nineteenth centuries","1809","in the fifth and sixth centuries","nineteenth century","sixteenth centuries","during the eighteenth century","1816","throughout the eighteenth century","1812","in the ninth and tenth centuries","1828","1736","the eighteenth century","1806","the sixteenth century","1794","since the sixteenth century","the twelfth century"],"geogName":[],"orgName":["Jedes Instrument","Italy, Austria","Germany and Austria","Germany, the Netherlands, and United Provinces","American Muskological Society","Skizzenbuchem"],"orgName_funder":[],"orgName_provider":[],"persName":["Karl Kfinstle","Von Scarlatti","Ludwig Eisenhofer","Ferdinand Schmidt","Rudolf Niitzlader","Maria Brand","Stephan Bonta","Walter Seraulcy","Christoph Straus","Peter Winter","Anton Schindler","Johannes Wolf","Joseph Schmidt-Gorg","Otto Schilling","Louis Koch","M. Haydn","Natali Domini","Antonio Burroni","J. P. Migne","Heinrich Bibtr","Guido M. Dreves","Giovanni Battista","Camillo Schoenbaum","Karla Langedijk","Fred Blum","S. Stephans","Pierre Le Brun","Viennese","Karl Bernard","Leopold Hofmann","Karl Gustav","Czerny","Johann Caspar","Artaria","Karl Ditterj","Andreas Weissenback","Dona Beethoven","Heinrich Laube","Ernest Jones","Wilhelm Weber","Paul Meyvaert","Michael Haydn","Theodor Frimmel","Johann Ernst","W. Kirkendale","Jacques Bossuet","C. G. Reutter","Gloria Beethoven","Hans Engel","Harry Goldschmidt","Karl Peters","Erich Schenk","Joseph Heer","C. Grossi","Ludwig van Beethovens","Wilhelm Hitzig","Theophil Antonicek","Leopold Mozart","Don Giovanni","Rudolph Hugo","La Guerre","Warren Kirkendale","Ursula Kirkendale","Wolf Dietrich","Rudolf Gl","Gustav Nottebohm","Wilhelm Friedrich","Heinrich Stute","Paul Nettl","Wilhelm Baumker","Wolfgang Braunfels","Ludwig Schiedrrmcir","Johannes Brahms","Franz Wegeler","Stadtpfeifer","Beethoven","Edmund Martene","Jacques Moderne","Reinhold Hammerstein","Von Herzen","J. S. Bach","Hermine Prohaszka","E. T. A. Hoffmann","Franz Xaver","Peter Browe","Karl Pfannhauser","Michel Brenet","S. Caroli","Anton Andr","Constant von Wurzbach","A. C. Kalischer","Anton Baumstark","Hermann Spies","Liber Usualis","G. Anerio","Ludwig van Beethoven","Martin Gerbert","Otto Weinreich","Franz Biber","Alexander Wheelock","Journal","Ludwig van Bttthovm","Sun King","Karl Pinterics","Adriano Banchieri","Friedrich August","Ferdinand Ries","Primo Console","Guido Adler","Guillaume Durand","J. Haydn","Johanna Franul","Walter Wiora","Joannes Collaert","Romana Vetus","Joseph Preindl","Rolf Dammann","Ernst Tittel","JI Nottebohm","Anton L. Mayer","Orazio Benevoli","L. von Pethoven","Wilhelm Ehmann","August Friedrich","Georg Kiniky","Add","Plut","Jean Martini","Rudolf Gerber","Vienna"],"placeName":["Leipzig","Linz","Dusseldorf","Paris","Foggia","Germany","St. Caecilia","Halle","Munich","Antwerp","Bonn","St. Jerome","Austria","Altenburg","St Helen","Constantinople","St. Francisci","Latina","Bologna","Europe","Dittersdorf","Jerusalem","Vienna","Rome","France","Augsburg","Lille","Mainz","St. Stephansdom","Salzburg","Lyon","Palestrina"],"ref_url":[],"ref_bibl":["Kassel, 1936","Leipzig, 1607","Bern, 1962","Cologne, 1967","Leipzig, 1931","Leipzig, 1908","Vienna, 1903","Venice, 1491","Vienna, 1821","Parii, 1716","Vienna, 1970","Ka»sel, 1950","Berlin, 1950","Florence, 1763","Stuttgart, 1953","London, 1912","Prato, 1845","Halle and Berlin, 1935","Vienna, 1918","Bonn, 1948","New York: Fox, 1963","Leipzig, 1824","Vienna, 1923","Florence, 1581","Berlin and Bonn, 1937","March and April, 1823","Tutting, 1966","Berlin, 1931","Berlin and Leipzig, 19061908","Paris, 1808","New York, 1956","Wurzbuxg, 1941","Leipzig, 1801","Darmstadt, 1923","Leipzig, 1905","Vienna, 18071808","Vienna, 1863","Kaisel and Graz, 1959","Leipzig, 1851","Leipzig, 1955","Vienna, 1905","February-March, 1818","Berlin, 1865","Berlin, 1930","Berlin, 1913","Vienna, 1961","Deitmber 1966 (Kassel, 1967)","Vienna, 1927","Freiburg, 1933","American Musicological Society, December, 1969","Bonn, 1952","Coblenz, 1845","Munster, 1860","Roermond, 1947","Vienna, 1828","Augsburg, 1929","Leipzig, 1926","Quakenbriick, 1929","June-July, 1823"],"bibl":[]}},"ark":["ark:/67375/HXZ-JQ6H58Q9-1"],"categories":{"wos":[],"scienceMetrix":["1 - arts & humanities","2 - visual & performing arts","3 - music"],"scopus":["1 - Social Sciences","2 - Arts and Humanities","3 - Music"]},"publicationDate":"1970","copyrightDate":"1970","enrichments":{"type":["multicat","refBibs","teeft","unitex"]},"doi":["10.1093/mq/LVI.4.665"],"_id":"BBC1BE29991AEB812E4F952548E3D51FC53E4043"}