{"corpusName":"sage","keywords":{"teeft":["music education","music educators","high school","other words","rehearsal technique","beethoven symphony","antiphonal choirs","spiritual experience","important aspect","professional orchestra","mendelssohn overture","national education association","vocational training","next season","young people"]},"author":[{"name":"Stanley Chapple","affiliations":["Director of Music University of Washington, Seattle"]}],"articleId":["10.2307_3389023"],"arkIstex":"ark:/67375/M70-Z7LJSLGM-4","language":["eng"],"originalGenre":["research-article"],"qualityIndicators":{"score":5.36,"pdfWordCount":3348,"pdfCharCount":18239,"pdfVersion":1.6,"pdfPageCount":4,"pdfPageSize":"612 x 864 pts","refBibsNative":false,"abstractWordCount":1,"abstractCharCount":0,"keywordCount":0},"title":"The Art of Teaching","genre":["research-article"],"host":{"title":"Music Educators Journal","language":["unknown"],"issn":["0027-4321"],"eissn":["1945-0087"],"publisherId":["MEJ"],"volume":"45","issue":"1","pages":{"first":"23","last":"26"},"genre":["journal"]},"namedEntities":{"unitex":{"date":["1957","1958"],"geogName":[],"orgName":["National Education Association of the United States","American Association of School Administrators","National Education Association","Music Educators National Conference"],"orgName_funder":[],"orgName_provider":[],"persName":["E. Engleman","Chapple","Executive","C. C. Trillingham","V. Ginger","Howard Swan","Swan","Stanley Chapple","Sebastian Bach","Ginger"],"placeName":["Sacramento","Los Angeles","America","Atlantic City","Boise"],"ref_url":[],"ref_bibl":[],"bibl":[]}},"ark":["ark:/67375/M70-Z7LJSLGM-4"],"publicationDate":"1958","copyrightDate":"1958","enrichments":{"type":["refBibs","teeft","unitex"]},"doi":["10.2307/3389023"],"_id":"43355841219F02E00DA31BD1C04A9C85F1405AD4"}