{"corpusName":"oup","author":[{"name":"HUGH MACDONALD"}],"articleId":["L.1.25"],"arkIstex":"ark:/67375/HXZ-SQ282G7X-9","language":["eng"],"originalGenre":["research-article"],"qualityIndicators":{"score":3.016,"pdfWordCount":2966,"pdfCharCount":16029,"pdfVersion":1.3,"pdfPageCount":12,"pdfPageSize":"400 x 689 pts","pdfWordsPerPage":247,"pdfText":true,"refBibsNative":false,"abstractWordCount":0,"abstractCharCount":0,"keywordCount":0},"title":"TWO PECULIARITIES OF BERLIOZ'S NOTATION","genre":["research-article"],"host":{"title":"Music and Letters","language":["unknown"],"issn":["0027-4224"],"eissn":["1477-4631"],"publisherId":["musicj"],"volume":"L","issue":"1","pages":{"first":"25","last":"36"},"genre":["journal"],"subject":[{"value":"Articles"}]},"namedEntities":{"unitex":{"date":["eighteenth century","1969","The nineteenth century","1852"],"geogName":[],"orgName":[],"orgName_funder":[],"orgName_provider":[],"persName":["Queen Mab","Hector Berlioz","Berlioz","F. Weingartner","Elizabeth Norman","The","Beethoven","Hermann Keller"],"placeName":[],"ref_url":[],"ref_bibl":["Leipzig, 1900","London, 1965"],"bibl":[]}},"ark":["ark:/67375/HXZ-SQ282G7X-9"],"categories":{"wos":[],"scienceMetrix":["1 - arts & humanities","2 - visual & performing arts","3 - music"],"scopus":["1 - Social Sciences","2 - Arts and Humanities","3 - Music"]},"publicationDate":"1969","copyrightDate":"1969","enrichments":{"type":["multicat","refBibs","unitex"]},"doi":["10.1093/ml/L.1.25"],"_id":"B8899629B67811ED65392E7D6CD3DB91F553DD9F"}