{"corpusName":"oup","keywords":{"teeft":["autograph score","fifth symphony","missa solemnis","kyrie sketch","full score","autograph piano part","piano part","sketchbook","several author","acultural phenomenon","usual level","readable prose flower","family home","highnam court","emotive description","dark conifer","many fine","sunken path","personal inhibition","visit upton","pony trap","gloucestershire countryside","such oddity","minor significance","cambridge university press","excellent index","certain amount","actual layout","page tabulating warlock trait","minuscule print","generous provision","extensive music example","consequent omission","first page","first chapter","larger firm","english song","major indispensable work","concert promoter","record company","rich seam","british musical genius","michael hurd beethoven essay","elliot forbes","lewis lockwood phyllis benjamin","harvard university press","beethoven jahrbuch","beethoven study","several similar volume","recent year","monumental life","lesser extent","profound observation","norton critical score","elliot musical interest","biographical matter","individual work","biographical essay","james study","mutual distrust","impressive piece","other scholar","reliable report such","ferdinand ries","more uneasy","several early writer","martin contribution","decadent state","more likely","such people","other theatrical composer","young beethoven","authority such","alan contribution","first part","volume concern thayer","maynard solomon","fascinating account","henry difficulty","english version","beethoven enterprise","michael ochs","numerous contribution","fifth sympony","sudden unanswerable irrelevance whilst","english song sensibility","entire scherzo","third movement","bibliographical minutia such","watermark quadrant","source more","impressive amount","viennese style","great deal","background work","many reader","ultimate conclusion","final version","fassung letzter hand","preliminary step","daunting task","conversationbook entry","apotheosising song","early copy","first edition","pocket sketch","hunting father","provisional answer","such question","other project","considerable value","winter account","general lack","such insight","main sketchbook move","early idea","late one","compositional activity","undergraduate silliness","normal compositional procedure","complexity beethoven","many shorter sketch","substitute one","further sketch","real support","previous year","sketch transcription","several place","soprano clef","editorial bass clef","correct clef","much less","geoffrey study","second piano concerto","several source","early stage","much sense","immortal hour","actual fact","same reason","need substitute","separate sheet","bar show","substitute music","first violin","observation result","unhelpful comment","measure beethoven","right hand","such phenomenon","violin sonata","richard kramer","christopher reynolds","internal chronology","hypothesis more convincing","useful point","edward cone","fragmentary cadenza","first piano","complete cadenza","analytical point","violin concerto","merrill knapp","external circumstance","superficial description","best contribution","barry cooper","werner braun","neues handbuch","ernst biicken"]},"author":[{"name":"BARRY COOPER"}],"articleId":["67.1.60"],"arkIstex":"ark:/67375/HXZ-WVL4MJRC-1","language":["eng"],"originalGenre":["book-review"],"qualityIndicators":{"score":2.133,"pdfWordCount":2083,"pdfCharCount":11719,"pdfVersion":1.2,"pdfPageCount":3,"pdfPageSize":"457 x 705 pts","pdfWordsPerPage":694,"pdfText":true,"refBibsNative":false,"abstractWordCount":0,"abstractCharCount":0,"keywordCount":0},"title":"REVIEWS OF BOOKS","genre":["book-reviews"],"host":{"title":"Music and Letters","language":["unknown"],"issn":["0027-4224"],"eissn":["1477-4631"],"publisherId":["musicj"],"volume":"67","issue":"1","pages":{"first":"60","last":"62"},"genre":["journal"],"subject":[{"value":"REVIEWS OF BOOKS"}]},"namedEntities":{"unitex":{"date":["1795","1986","1822","1800","1816"],"geogName":[],"orgName":["Harvard University"],"orgName_funder":[],"orgName_provider":[],"persName":["Werner Braun","Edward Cone","Geoffrey Block","James Webster","Henry Krehbiel","Elliot Forbes","COOPER Die","Martin Staehelin","Richard Kramer","Michael Ochs","Beethoven","Ernst Biicken","Robert Winter","Ferdinand Ries","Christopher Reynolds","Oscar G. Sonneck","Alan Tyson","Lewis Lockwood"],"placeName":["Mass.","Stanford","Vienna","Gloucestershire","Wiesbaden","Cambridge"],"ref_url":[],"ref_bibl":[],"bibl":[]}},"ark":["ark:/67375/HXZ-WVL4MJRC-1"],"categories":{"wos":[],"scienceMetrix":["1 - arts & humanities","2 - visual & performing arts","3 - music"],"scopus":["1 - Social Sciences","2 - Arts and Humanities","3 - Music"]},"publicationDate":"1986","copyrightDate":"1986","enrichments":{"type":["multicat","refBibs","teeft","unitex"]},"doi":["10.1093/ml/67.1.60"],"_id":"7F3F2901ED726F43E6F8D78CB1965F314279DFBF"}