{"corpusName":"sage","keywords":{"teeft":["requiem","lieb","major movement","deutsches requiem","johannes brahms","fourth movement","voice part","high school choirs","choral","young singers","german requiem","high school choir","second movement","third movement","vocal demands","high school","school choir","standard works","lieb lich","dich figure","long phrases","solo line","final form"]},"author":[{"name":"Charles W. Heffernan","affiliations":["Professor of music at the University of Massachusetts in Amherst."]}],"articleId":["10.2307_3400816"],"arkIstex":"ark:/67375/M70-H6XVT6JS-R","language":["eng"],"originalGenre":["research-article"],"qualityIndicators":{"score":4.73,"pdfWordCount":2718,"pdfCharCount":16318,"pdfVersion":1.6,"pdfPageCount":6,"pdfPageSize":"576 x 879 pts","refBibsNative":false,"abstractWordCount":1,"abstractCharCount":0,"keywordCount":0},"title":"Standard Works for Chorus: Ein deutsches Requiem: “How Lovely is Thy Dwelling Place”","genre":["research-article"],"host":{"title":"Music Educators Journal","language":["unknown"],"issn":["0027-4321"],"eissn":["1945-0087"],"publisherId":["MEJ"],"volume":"70","issue":"4","pages":{"first":"27","last":"31"},"genre":["journal"]},"namedEntities":{"unitex":{"date":["1883","1982","1960s","1930s","1983"],"geogName":[],"orgName":["Indiana University","Germany and Austria"],"orgName_funder":[],"orgName_provider":[],"persName":["Co","Gustav Holst","Movement","Amadeus Mozart","Von Johannes","Carl Reinecke","C. F. Manney","Johannes Brahms","German Requiem","Charles Gounod","Franz Joseph","Ludwig van Beethoven","E. Wayne","Figure","Theodore Thomas","W. W. Norton"],"placeName":["Leipzig","Berlin","Germany","St. Matthew","Austria","Cincinnati","Vienna","York"],"ref_url":[],"ref_bibl":["Birchardand Co., 1910"],"bibl":[]}},"ark":["ark:/67375/M70-H6XVT6JS-R"],"publicationDate":"1983","copyrightDate":"1983","enrichments":{"type":["refBibs","teeft","unitex"]},"doi":["10.2307/3400816"],"_id":"0B62D1BF3F0684BDCF97A524678A8BB619B2274F"}